DateTime,Bar,Close,VWAP,EmaF,EmaS,RSI,ATR,ADX,RawBull,RawBear,Bull,Bear,Tape,htfBias,trapScore,Pos,Qty,AvgEntry,HiddenSL,HiddenTP,TrailPx,TrailTier,ManualOff,ConsecLoss,ConsecWin,DailyPnL,Mode,AutoStrat,Toggles,Signal,MinConf,DistVwapAtr,VoidBars,OpenType,ProfitPts,PeakPts,Bid,Ask,SpreadTk,TapeBuyVol,TapeSellVol,EmaStack,AdxSlope,DistPocPts,DistVahPts,DistValPts,DistPdHiPts,DistPdLoPts,BrickColor,BrickStreak,Regime,Action,Detail
2026-05-01 00:03:30,3022,27631.75,27414.12,27644.73,27639.37,48.43,19.58,15.6,10.7,8.0,10.7,8.0,0.00,1,0.0,0,0,0.00,0.00,0.00,0.00,,0.0,0,2,5200.00,PROFIT_HALT,,AGGR+CHP+ADP+RUN-EXT+PW+DLK+SLC+TPE+NWS+,WAIT,55.0,11.12,0,-1,0.00,0.00,0.00,0.00,0,0,0,0,-2.9,66.25,66.00,398.00,9.00,537.75,R,3,UNKNOWN,HEARTBEAT,tradesToday=2 openDca=0
2026-05-01 00:03:30,3022,27631.75,27637.08,27644.73,27639.37,48.43,19.58,15.6,10.0,0.0,10.0,0.0,0.00,0,0.0,0,0,0.00,0.00,0.00,0.00,,0.0,0,0,0.00,AUTO,,AGGR+CHP+ADP+RUN-EXT+PW+DLK+SLC+TPE+NWS+,WAIT,55.0,0.27,0,0,0.00,0.00,0.00,0.00,0,0,0,0,-2.9,0.00,0.00,0.00,-42.75,468.50,R,3,UNKNOWN,SIGNAL,
2026-05-01 00:03:30,3022,27631.75,27637.08,27644.73,27639.37,48.43,19.58,15.6,10.0,0.0,10.0,0.0,0.00,0,0.0,0,0,0.00,0.00,0.00,0.00,,0.0,0,0,0.00,AUTO,,AGGR+CHP+ADP+RUN-EXT+PW+DLK+SLC+TPE+NWS+,WAIT,55.0,0.27,0,0,0.00,0.00,0.00,0.00,0,0,0,0,-2.9,0.00,0.00,0.00,-42.75,468.50,R,3,UNKNOWN,BLOCK_AUTO,reason=outsideHours
2026-05-01 00:03:30,3023,27627.75,27637.08,27641.34,27638.32,46.84,19.32,15.7,10.0,0.0,10.0,0.0,0.00,0,0.0,0,0,0.00,0.00,0.00,0.00,,0.0,0,0,0.00,AUTO,,AGGR+CHP+ADP+RUN-EXT+PW+DLK+SLC+TPE+NWS+,WAIT,55.0,0.48,0,0,0.00,0.00,0.00,0.00,0,0,0,0,-3.3,0.00,0.00,0.00,-46.75,464.50,R,4,UNKNOWN,BRICK_CLOSE,src=primary color=R streak=4 o=27647.75 c=27631.75 hi=27647.75 lo=27631.75
2026-05-01 00:03:30,3023,27627.75,27637.08,27641.34,27638.32,46.84,19.32,15.7,10.0,0.0,10.0,0.0,0.00,0,0.0,0,0,0.00,0.00,0.00,0.00,,0.0,0,0,0.00,AUTO,,AGGR+CHP+ADP+RUN-EXT+PW+DLK+SLC+TPE+NWS+,WAIT,55.0,0.48,0,0,0.00,0.00,0.00,0.00,0,0,0,0,-3.3,0.00,0.00,0.00,-46.75,464.50,R,4,CHOP,REGIME_CHANGE,from=UNKNOWN to=CHOP adx=15.7 slope=-3.33 atr/avg=0.97 eStack=0 distVwapAtr=-0.48 nr=Rx4 flips4=0
2026-05-01 00:03:30,3023,27627.75,27636.85,27641.34,27638.32,46.84,19.32,15.7,10.0,0.0,10.0,0.0,0.00,0,0.0,0,0,0.00,0.00,0.00,0.00,,0.0,0,0,0.00,AUTO,,AGGR+CHP+ADP+RUN-EXT+PW+DLK+SLC+TPE+NWS+,WAIT,55.0,0.47,0,0,0.00,0.00,0.00,0.00,0,0,0,0,-3.3,0.00,0.00,0.00,-46.75,464.50,R,4,CHOP,SIGNAL,
2026-05-01 00:03:30,3023,27627.75,27636.85,27641.34,27638.32,46.84,19.32,15.7,10.0,0.0,10.0,0.0,0.00,0,0.0,0,0,0.00,0.00,0.00,0.00,,0.0,0,0,0.00,AUTO,,AGGR+CHP+ADP+RUN-EXT+PW+DLK+SLC+TPE+NWS+,WAIT,55.0,0.47,0,0,0.00,0.00,0.00,0.00,0,0,0,0,-3.3,0.00,0.00,0.00,-46.75,464.50,R,4,CHOP,BLOCK_AUTO,reason=outsideHours
2026-05-01 00:03:33,3024,27623.75,27636.85,27637.82,27636.99,45.24,19.09,16.0,10.0,0.0,10.0,0.0,0.00,0,0.0,0,0,0.00,0.00,0.00,0.00,,0.0,0,0,0.00,AUTO,,AGGR+CHP+ADP+RUN-EXT+PW+DLK+SLC+TPE+NWS+,WAIT,55.0,0.69,0,0,0.00,0.00,0.00,0.00,0,0,0,0,-2.0,0.00,0.00,0.00,-50.75,460.50,R,5,CHOP,BRICK_CLOSE,src=primary color=R streak=5 o=27643.75 c=27627.75 hi=27643.75 lo=27627.75
2026-05-01 00:03:33,3024,27623.75,27636.85,27637.82,27636.99,45.24,19.09,16.0,10.0,0.0,10.0,0.0,0.00,0,0.0,0,0,0.00,0.00,0.00,0.00,,0.0,0,0,0.00,AUTO,,AGGR+CHP+ADP+RUN-EXT+PW+DLK+SLC+TPE+NWS+,WAIT,55.0,0.69,0,0,0.00,0.00,0.00,0.00,0,0,0,0,-2.0,0.00,0.00,0.00,-50.75,460.50,R,5,UNKNOWN,REGIME_CHANGE,from=CHOP to=UNKNOWN adx=16.0 slope=-1.97 atr/avg=0.96 eStack=0 distVwapAtr=-0.69 nr=Rx5 flips4=0
2026-05-01 00:03:33,3024,27623.75,27635.76,27637.82,27636.99,45.24,19.09,16.0,10.0,6.5,10.0,6.5,0.00,0,0.0,0,0,0.00,0.00,0.00,0.00,,0.0,0,0,0.00,AUTO,,AGGR+CHP+ADP+RUN-EXT+PW+DLK+SLC+TPE+NWS+,WAIT,55.0,0.63,0,0,0.00,0.00,0.00,0.00,0,0,0,0,-2.0,0.00,0.00,0.00,-50.75,460.50,R,5,UNKNOWN,SIGNAL,
2026-05-01 00:03:33,3024,27623.75,27635.76,27637.82,27636.99,45.24,19.09,16.0,10.0,6.5,10.0,6.5,0.00,0,0.0,0,0,0.00,0.00,0.00,0.00,,0.0,0,0,0.00,AUTO,,AGGR+CHP+ADP+RUN-EXT+PW+DLK+SLC+TPE+NWS+,WAIT,55.0,0.63,0,0,0.00,0.00,0.00,0.00,0,0,0,0,-2.0,0.00,0.00,0.00,-50.75,460.50,R,5,UNKNOWN,BLOCK_AUTO,reason=outsideHours
2026-05-01 01:01:40,3025,27619.75,27635.76,27634.20,27635.43,43.64,18.88,16.7,10.0,6.5,10.0,6.5,0.00,0,0.0,0,0,0.00,0.00,0.00,0.00,,0.0,0,0,0.00,AUTO,,AGGR+CHP+ADP+RUN-EXT+PW+DLK+SLC+TPE+NWS+,WAIT,55.0,0.85,0,0,0.00,0.00,0.00,0.00,0,0,0,-1,0.0,0.00,0.00,0.00,-54.75,456.50,R,6,UNKNOWN,BRICK_CLOSE,src=primary color=R streak=6 o=27639.75 c=27623.75 hi=27639.75 lo=27623.75
2026-05-01 01:01:40,3025,27619.75,27635.76,27634.20,27635.43,43.64,18.88,16.7,10.0,6.5,10.0,6.5,0.00,0,0.0,0,0,0.00,0.00,0.00,0.00,,0.0,0,0,0.00,AUTO,,AGGR+CHP+ADP+RUN-EXT+PW+DLK+SLC+TPE+NWS+,WAIT,55.0,0.85,0,0,0.00,0.00,0.00,0.00,0,0,0,-1,0.0,0.00,0.00,0.00,-54.75,456.50,R,6,UNKNOWN,HEARTBEAT,tradesToday=0 openDca=0
2026-05-01 01:01:40,3025,27619.75,27627.71,27634.20,27635.43,43.64,18.88,16.7,0.0,85.1,0.0,85.1,0.00,-1,0.0,0,0,0.00,0.00,0.00,0.00,,0.0,0,0,0.00,AUTO,,AGGR+CHP+ADP+RUN-EXT+PW+DLK+SLC+TPE+NWS+,WAIT,55.0,0.42,0,0,0.00,0.00,0.00,0.00,0,0,0,-1,0.0,0.00,0.00,0.00,-54.75,456.50,R,6,UNKNOWN,SIGNAL,
2026-05-01 01:01:40,3025,27619.75,27627.71,27634.20,27635.43,43.64,18.88,16.7,0.0,85.1,0.0,85.1,0.00,-1,0.0,0,0,0.00,0.00,0.00,0.00,,0.0,0,0,0.00,AUTO,,AGGR+CHP+ADP+RUN-EXT+PW+DLK+SLC+TPE+NWS+,STRONG_SELL,55.0,0.42,0,0,0.00,0.00,0.00,0.00,0,0,0,-1,0.0,0.00,0.00,0.00,-54.75,456.50,R,6,UNKNOWN,BLOCK_AUTO,reason=outsideHours
2026-05-01 01:58:43,3026,27615.75,27627.71,27630.51,27633.64,42.03,19.32,16.7,0.0,85.1,0.0,85.1,0.00,-1,0.0,0,0,0.00,0.00,0.00,0.00,,0.0,0,0,0.00,AUTO,,AGGR+CHP+ADP+RUN-EXT+PW+DLK+SLC+TPE+NWS+,STRONG_SELL,55.0,0.62,0,0,0.00,0.00,0.00,0.00,0,0,0,-1,0.7,0.00,0.00,0.00,-58.75,452.50,R,7,UNKNOWN,BRICK_CLOSE,src=primary color=R streak=7 o=27635.75 c=27619.75 hi=27636.00 lo=27619.75
2026-05-01 01:58:43,3026,27615.75,27627.71,27630.51,27633.64,42.03,19.32,16.7,0.0,85.1,0.0,85.1,0.00,-1,0.0,0,0,0.00,0.00,0.00,0.00,,0.0,0,0,0.00,AUTO,,AGGR+CHP+ADP+RUN-EXT+PW+DLK+SLC+TPE+NWS+,STRONG_SELL,55.0,0.62,0,0,0.00,0.00,0.00,0.00,0,0,0,-1,0.7,0.00,0.00,0.00,-58.75,452.50,R,7,UNKNOWN,HEARTBEAT,tradesToday=0 openDca=0
2026-05-01 01:58:43,3026,27615.75,27626.16,27630.51,27633.64,42.03,19.32,16.7,0.0,120.0,0.0,120.0,0.00,-1,0.0,0,0,0.00,0.00,0.00,0.00,,0.0,0,0,0.00,AUTO,,AGGR+CHP+ADP+RUN-EXT+PW+DLK+SLC+TPE+NWS+,STRONG_SELL,55.0,0.54,0,0,0.00,0.00,0.00,0.00,0,0,0,-1,0.7,0.00,0.00,0.00,-58.75,452.50,R,7,UNKNOWN,SIGNAL,
2026-05-01 01:58:43,3026,27615.75,27626.16,27630.51,27633.64,42.03,19.32,16.7,0.0,120.0,0.0,120.0,0.00,-1,0.0,0,0,0.00,0.00,0.00,0.00,,0.0,0,0,0.00,AUTO,,AGGR+CHP+ADP+RUN-EXT+PW+DLK+SLC+TPE+NWS+,STRONG_SELL,55.0,0.54,0,0,0.00,0.00,0.00,0.00,0,0,0,-1,0.7,0.00,0.00,0.00,-58.75,452.50,R,7,UNKNOWN,BLOCK_AUTO,reason=outsideHours
2026-05-01 02:21:24,3027,27611.75,27626.16,27626.76,27631.65,40.43,19.14,17.1,0.0,120.0,0.0,120.0,0.00,-1,0.0,0,0,0.00,0.00,0.00,0.00,,0.0,0,0,0.00,AUTO,,AGGR+CHP+ADP+RUN-EXT+PW+DLK+SLC+TPE+NWS+,STRONG_SELL,55.0,0.75,0,0,0.00,0.00,0.00,0.00,0,0,0,-1,1.4,0.00,0.00,0.00,-62.75,448.50,R,8,UNKNOWN,BRICK_CLOSE,src=primary color=R streak=8 o=27631.75 c=27615.75 hi=27640.75 lo=27615.75
2026-05-01 02:21:24,3027,27611.75,27626.16,27626.76,27631.65,40.43,19.14,17.1,0.0,120.0,0.0,120.0,0.00,-1,0.0,0,0,0.00,0.00,0.00,0.00,,0.0,0,0,0.00,AUTO,,AGGR+CHP+ADP+RUN-EXT+PW+DLK+SLC+TPE+NWS+,STRONG_SELL,55.0,0.75,0,0,0.00,0.00,0.00,0.00,0,0,0,-1,1.4,0.00,0.00,0.00,-62.75,448.50,R,8,UNKNOWN,HEARTBEAT,tradesToday=0 openDca=0
2026-05-01 02:21:24,3027,27611.75,27624.54,27626.76,27631.65,40.43,19.14,17.1,0.0,113.6,0.0,113.6,0.00,-1,0.0,0,0,0.00,0.00,0.00,0.00,,0.0,0,0,0.00,AUTO,,AGGR+CHP+ADP+RUN-EXT+PW+DLK+SLC+TPE+NWS+,STRONG_SELL,55.0,0.67,0,0,0.00,0.00,0.00,0.00,0,0,0,-1,1.4,0.00,0.00,0.00,-62.75,448.50,R,8,UNKNOWN,SIGNAL,
2026-05-01 02:21:24,3027,27611.75,27624.54,27626.76,27631.65,40.43,19.14,17.1,0.0,113.6,0.0,113.6,0.00,-1,0.0,0,0,0.00,0.00,0.00,0.00,,0.0,0,0,0.00,AUTO,,AGGR+CHP+ADP+RUN-EXT+PW+DLK+SLC+TPE+NWS+,STRONG_SELL,55.0,0.67,0,0,0.00,0.00,0.00,0.00,0,0,0,-1,1.4,0.00,0.00,0.00,-62.75,448.50,R,8,UNKNOWN,BLOCK_AUTO,reason=outsideHours
2026-05-01 02:21:24,3027,27611.75,27624.54,27626.76,27631.65,40.43,19.14,17.1,0.0,113.6,0.0,113.6,0.00,-1,0.0,0,0,0.00,0.00,0.00,0.00,,0.0,0,0,0.00,AUTO,,AGGR+CHP+ADP+RUN-EXT+PW+DLK+SLC+TPE+NWS+,STRONG_SELL,55.0,0.67,0,0,0.00,0.00,0.00,0.00,0,0,0,-1,1.4,0.00,0.00,0.00,-62.75,448.50,R,8,UNKNOWN,WOULD_TRADE,blockedBy=outsideHours dir=SHORT regime=UNKNOWN streak=8 bullConf=0 bearConf=114
2026-05-01 02:30:23,3028,27607.75,27624.54,27622.96,27629.47,38.84,18.91,17.7,0.0,113.6,0.0,113.6,0.00,-1,0.0,0,0,0.00,0.00,0.00,0.00,,0.0,0,0,0.00,AUTO,,AGGR+CHP+ADP+RUN-EXT+PW+DLK+SLC+TPE+NWS+,STRONG_SELL,55.0,0.89,0,0,0.00,0.00,0.00,0.00,0,0,0,-1,2.1,0.00,0.00,0.00,-66.75,444.50,R,9,UNKNOWN,BRICK_CLOSE,src=primary color=R streak=9 o=27627.75 c=27611.75 hi=27628.50 lo=27611.75
2026-05-01 02:30:23,3028,27607.75,27623.57,27622.96,27629.47,38.84,18.91,17.7,0.0,120.0,0.0,120.0,0.00,-1,0.0,0,0,0.00,0.00,0.00,0.00,,0.0,0,0,0.00,AUTO,,AGGR+CHP+ADP+RUN-EXT+PW+DLK+SLC+TPE+NWS+,STRONG_SELL,55.0,0.84,0,0,0.00,0.00,0.00,0.00,0,0,0,-1,2.1,0.00,0.00,0.00,-66.75,444.50,R,9,UNKNOWN,SIGNAL,
2026-05-01 02:30:23,3028,27607.75,27623.57,27622.96,27629.47,38.84,18.91,17.7,0.0,120.0,0.0,120.0,0.00,-1,0.0,0,0,0.00,0.00,0.00,0.00,,0.0,0,0,0.00,AUTO,,AGGR+CHP+ADP+RUN-EXT+PW+DLK+SLC+TPE+NWS+,STRONG_SELL,55.0,0.84,0,0,0.00,0.00,0.00,0.00,0,0,0,-1,2.1,0.00,0.00,0.00,-66.75,444.50,R,9,UNKNOWN,BLOCK_AUTO,reason=outsideHours
2026-05-01 02:30:23,3028,27607.75,27623.57,27622.96,27629.47,38.84,18.91,17.7,0.0,120.0,0.0,120.0,0.00,-1,0.0,0,0,0.00,0.00,0.00,0.00,,0.0,0,0,0.00,AUTO,,AGGR+CHP+ADP+RUN-EXT+PW+DLK+SLC+TPE+NWS+,STRONG_SELL,55.0,0.84,0,0,0.00,0.00,0.00,0.00,0,0,0,-1,2.1,0.00,0.00,0.00,-66.75,444.50,R,9,UNKNOWN,WOULD_TRADE,blockedBy=outsideHours dir=SHORT regime=UNKNOWN streak=9 bullConf=0 bearConf=120
2026-05-01 02:37:11,3029,27603.75,27623.57,27619.12,27627.14,37.26,18.70,18.7,0.0,120.0,0.0,120.0,0.00,-1,0.0,0,0,0.00,0.00,0.00,0.00,,0.0,0,0,0.00,AUTO,,AGGR+CHP+ADP+RUN-EXT+PW+DLK+SLC+TPE+NWS+,STRONG_SELL,55.0,1.06,0,0,0.00,0.00,0.00,0.00,0,0,0,-1,2.6,0.00,0.00,0.00,-70.75,440.50,R,10,UNKNOWN,BRICK_CLOSE,src=primary color=R streak=10 o=27623.75 c=27607.75 hi=27623.75 lo=27607.75
2026-05-01 02:37:11,3029,27603.75,27623.57,27619.12,27627.14,37.26,18.70,18.7,0.0,120.0,0.0,120.0,0.00,-1,0.0,0,0,0.00,0.00,0.00,0.00,,0.0,0,0,0.00,AUTO,,AGGR+CHP+ADP+RUN-EXT+PW+DLK+SLC+TPE+NWS+,STRONG_SELL,55.0,1.06,0,0,0.00,0.00,0.00,0.00,0,0,0,-1,2.6,0.00,0.00,0.00,-70.75,440.50,R,10,UNKNOWN,HEARTBEAT,tradesToday=0 openDca=0
2026-05-01 02:37:11,3029,27603.75,27622.66,27619.12,27627.14,37.26,18.70,18.7,0.0,110.0,0.0,110.0,0.00,-1,0.0,0,0,0.00,0.00,0.00,0.00,,0.0,0,0,0.00,AUTO,,AGGR+CHP+ADP+RUN-EXT+PW+DLK+SLC+TPE+NWS+,STRONG_SELL,55.0,1.01,0,0,0.00,0.00,0.00,0.00,0,0,0,-1,2.6,0.00,0.00,0.00,-70.75,440.50,R,10,UNKNOWN,SIGNAL,
2026-05-01 02:37:11,3029,27603.75,27622.66,27619.12,27627.14,37.26,18.70,18.7,0.0,110.0,0.0,110.0,0.00,-1,0.0,0,0,0.00,0.00,0.00,0.00,,0.0,0,0,0.00,AUTO,,AGGR+CHP+ADP+RUN-EXT+PW+DLK+SLC+TPE+NWS+,SELL,55.0,1.01,0,0,0.00,0.00,0.00,0.00,0,0,0,-1,2.6,0.00,0.00,0.00,-70.75,440.50,R,10,UNKNOWN,BLOCK_AUTO,reason=outsideHours
2026-05-01 02:37:11,3029,27603.75,27622.66,27619.12,27627.14,37.26,18.70,18.7,0.0,110.0,0.0,110.0,0.00,-1,0.0,0,0,0.00,0.00,0.00,0.00,,0.0,0,0,0.00,AUTO,,AGGR+CHP+ADP+RUN-EXT+PW+DLK+SLC+TPE+NWS+,SELL,55.0,1.01,0,0,0.00,0.00,0.00,0.00,0,0,0,-1,2.6,0.00,0.00,0.00,-70.75,440.50,R,10,UNKNOWN,WOULD_TRADE,blockedBy=outsideHours dir=SHORT regime=UNKNOWN streak=10 bullConf=0 bearConf=110
2026-05-01 02:39:07,3030,27599.75,27622.66,27615.24,27624.65,35.69,18.51,19.8,0.0,110.0,0.0,110.0,0.00,-1,0.0,0,0,0.00,0.00,0.00,0.00,,0.0,0,0,0.00,AUTO,,AGGR+CHP+ADP+RUN-EXT+PW+DLK+SLC+TPE+NWS+,SELL,55.0,1.24,0,0,0.00,0.00,0.00,0.00,0,0,0,-1,3.1,0.00,0.00,0.00,-74.75,436.50,R,11,UNKNOWN,BRICK_CLOSE,src=primary color=R streak=11 o=27619.75 c=27603.75 hi=27619.75 lo=27603.75
2026-05-01 02:39:07,3030,27599.75,27622.23,27615.24,27624.65,35.69,18.51,19.8,0.0,110.0,0.0,110.0,0.00,-1,0.0,0,0,0.00,0.00,0.00,0.00,,0.0,0,0,0.00,AUTO,,AGGR+CHP+ADP+RUN-EXT+PW+DLK+SLC+TPE+NWS+,SELL,55.0,1.21,0,0,0.00,0.00,0.00,0.00,0,0,0,-1,3.1,0.00,0.00,0.00,-74.75,436.50,R,11,UNKNOWN,SIGNAL,
2026-05-01 02:39:07,3030,27599.75,27622.23,27615.24,27624.65,35.69,18.51,19.8,0.0,110.0,0.0,110.0,0.00,-1,0.0,0,0,0.00,0.00,0.00,0.00,,0.0,0,0,0.00,AUTO,,AGGR+CHP+ADP+RUN-EXT+PW+DLK+SLC+TPE+NWS+,SELL,55.0,1.21,0,0,0.00,0.00,0.00,0.00,0,0,0,-1,3.1,0.00,0.00,0.00,-74.75,436.50,R,11,UNKNOWN,BLOCK_AUTO,reason=outsideHours
2026-05-01 02:39:07,3030,27599.75,27622.23,27615.24,27624.65,35.69,18.51,19.8,0.0,110.0,0.0,110.0,0.00,-1,0.0,0,0,0.00,0.00,0.00,0.00,,0.0,0,0,0.00,AUTO,,AGGR+CHP+ADP+RUN-EXT+PW+DLK+SLC+TPE+NWS+,SELL,55.0,1.21,0,0,0.00,0.00,0.00,0.00,0,0,0,-1,3.1,0.00,0.00,0.00,-74.75,436.50,R,11,UNKNOWN,WOULD_TRADE,blockedBy=outsideHours dir=SHORT regime=UNKNOWN streak=11 bullConf=0 bearConf=110
2026-05-01 02:45:57,3031,27595.75,27622.23,27611.34,27622.02,34.15,18.33,21.2,0.0,110.0,0.0,110.0,0.00,-1,0.0,0,0,0.00,0.00,0.00,0.00,,0.0,0,0,0.00,AUTO,,AGGR+CHP+ADP+RUN-EXT+PW+DLK+SLC+TPE+NWS+,SELL,55.0,1.44,0,0,0.00,0.00,0.00,0.00,0,0,0,-1,4.5,0.00,0.00,0.00,-78.75,432.50,R,12,UNKNOWN,BRICK_CLOSE,src=primary color=R streak=12 o=27615.75 c=27599.75 hi=27615.75 lo=27599.75
2026-05-01 02:45:57,3031,27595.75,27620.87,27611.34,27622.02,34.15,18.33,21.2,0.0,87.0,0.0,87.0,0.00,-1,0.0,0,0,0.00,0.00,0.00,0.00,,0.0,0,0,0.00,AUTO,,AGGR+CHP+ADP+RUN-EXT+PW+DLK+SLC+TPE+NWS+,SELL,55.0,1.37,0,0,0.00,0.00,0.00,0.00,0,0,0,-1,4.5,0.00,0.00,0.00,-78.75,432.50,R,12,UNKNOWN,SIGNAL,
2026-05-01 02:45:57,3031,27595.75,27620.87,27611.34,27622.02,34.15,18.33,21.2,0.0,87.0,0.0,87.0,0.00,-1,0.0,0,0,0.00,0.00,0.00,0.00,,0.0,0,0,0.00,AUTO,,AGGR+CHP+ADP+RUN-EXT+PW+DLK+SLC+TPE+NWS+,SELL,55.0,1.37,0,0,0.00,0.00,0.00,0.00,0,0,0,-1,4.5,0.00,0.00,0.00,-78.75,432.50,R,12,UNKNOWN,BLOCK_AUTO,reason=outsideHours
2026-05-01 02:45:57,3031,27595.75,27620.87,27611.34,27622.02,34.15,18.33,21.2,0.0,87.0,0.0,87.0,0.00,-1,0.0,0,0,0.00,0.00,0.00,0.00,,0.0,0,0,0.00,AUTO,,AGGR+CHP+ADP+RUN-EXT+PW+DLK+SLC+TPE+NWS+,SELL,55.0,1.37,0,0,0.00,0.00,0.00,0.00,0,0,0,-1,4.5,0.00,0.00,0.00,-78.75,432.50,R,12,UNKNOWN,WOULD_TRADE,blockedBy=outsideHours dir=SHORT regime=UNKNOWN streak=12 bullConf=0 bearConf=87
2026-05-01 02:56:50,3032,27591.75,27620.87,27607.43,27619.27,32.63,18.17,22.8,0.0,87.0,0.0,87.0,0.00,-1,0.0,0,0,0.00,0.00,0.00,0.00,,0.0,0,0,0.00,AUTO,,AGGR+CHP+ADP+RUN-EXT+PW+DLK+SLC+TPE+NWS+,SELL,55.0,1.60,0,0,0.00,0.00,0.00,0.00,0,0,0,-1,5.7,0.00,0.00,0.00,-82.75,428.50,R,13,UNKNOWN,BRICK_CLOSE,src=primary color=R streak=13 o=27611.75 c=27595.75 hi=27611.75 lo=27595.75
2026-05-01 02:56:50,3032,27591.75,27620.87,27607.43,27619.27,32.63,18.17,22.8,0.0,87.0,0.0,87.0,0.00,-1,0.0,0,0,0.00,0.00,0.00,0.00,,0.0,0,0,0.00,AUTO,,AGGR+CHP+ADP+RUN-EXT+PW+DLK+SLC+TPE+NWS+,SELL,55.0,1.60,0,0,0.00,0.00,0.00,0.00,0,0,0,-1,5.7,0.00,0.00,0.00,-82.75,428.50,R,13,UNKNOWN,HEARTBEAT,tradesToday=0 openDca=0
2026-05-01 02:56:50,3032,27591.75,27620.87,27607.43,27619.27,32.63,18.17,22.8,0.0,87.0,0.0,87.0,0.00,-1,0.0,0,0,0.00,0.00,0.00,0.00,,0.0,0,0,0.00,AUTO,,AGGR+CHP+ADP+RUN-EXT+PW+DLK+SLC+TPE+NWS+,SELL,55.0,1.60,0,0,0.00,0.00,0.00,0.00,0,0,0,-1,5.7,0.00,0.00,0.00,-82.75,428.50,R,13,TREND_DN,REGIME_CHANGE,from=UNKNOWN to=TREND_DN adx=22.8 slope=5.68 atr/avg=0.93 eStack=-1 distVwapAtr=-1.60 nr=Rx13 flips4=0
2026-05-01 02:56:50,3032,27591.75,27619.01,27607.43,27619.27,32.63,18.17,22.8,0.0,120.0,0.0,120.0,0.00,-1,0.0,0,0,0.00,0.00,0.00,0.00,,0.0,0,0,0.00,AUTO,,AGGR+CHP+ADP+RUN-EXT+PW+DLK+SLC+TPE+NWS+,SELL,55.0,1.50,0,0,0.00,0.00,0.00,0.00,0,0,0,-1,5.7,0.00,0.00,0.00,-82.75,428.50,R,13,TREND_DN,SIGNAL,
2026-05-01 02:56:50,3032,27591.75,27619.01,27607.43,27619.27,32.63,18.17,22.8,0.0,120.0,0.0,120.0,0.00,-1,0.0,0,0,0.00,0.00,0.00,0.00,,0.0,0,0,0.00,AUTO,,AGGR+CHP+ADP+RUN-EXT+PW+DLK+SLC+TPE+NWS+,SELL,55.0,1.50,0,0,0.00,0.00,0.00,0.00,0,0,0,-1,5.7,0.00,0.00,0.00,-82.75,428.50,R,13,TREND_DN,PRE_RTH_BYPASS,regime=TREND_DN streak=13 color=R
2026-05-01 02:56:50,3032,27591.75,27619.01,27607.43,27619.27,32.63,18.17,22.8,0.0,120.0,0.0,120.0,0.00,-1,0.0,0,0,0.00,0.00,0.00,0.00,,0.0,0,0,0.00,AUTO,,AGGR+CHP+ADP+RUN-EXT+PW+DLK+SLC+TPE+NWS+,SELL,55.0,1.50,0,0,0.00,0.00,0.00,0.00,0,0,0,-1,5.7,0.00,0.00,0.00,-82.75,428.50,R,13,TREND_DN,TREND_CHASE_FIRE,dir=-1 adx=22.8 streak=13 bear=120.0
2026-05-01 03:10:56,3033,27619.75,27619.01,27609.89,27619.31,49.56,18.89,22.5,0.0,120.0,0.0,120.0,0.00,-1,0.0,0,0,0.00,0.00,0.00,0.00,,0.0,0,0,0.00,AUTO,,AGGR+CHP+ADP+RUN-EXT+PW+DLK+SLC+TPE+NWS+,SELL,55.0,0.04,0,0,0.00,0.00,0.00,0.00,0,0,0,0,4.7,0.00,0.00,0.00,-54.75,456.50,R,14,TREND_DN,BRICK_CLOSE,src=primary color=R streak=14 o=27607.75 c=27591.75 hi=27607.75 lo=27591.75
2026-05-01 03:10:56,3033,27619.75,27619.01,27609.89,27619.31,49.56,18.89,22.5,0.0,120.0,0.0,120.0,0.00,-1,0.0,0,0,0.00,0.00,0.00,0.00,,0.0,0,0,0.00,AUTO,,AGGR+CHP+ADP+RUN-EXT+PW+DLK+SLC+TPE+NWS+,SELL,55.0,0.04,0,0,0.00,0.00,0.00,0.00,0,0,0,0,4.7,0.00,0.00,0.00,-54.75,456.50,R,14,TREND_DN,HEARTBEAT,tradesToday=0 openDca=0
2026-05-01 03:10:56,3033,27619.75,27619.01,27609.89,27619.31,49.56,18.89,22.5,0.0,120.0,0.0,120.0,0.00,-1,0.0,0,0,0.00,0.00,0.00,0.00,,0.0,0,0,0.00,AUTO,,AGGR+CHP+ADP+RUN-EXT+PW+DLK+SLC+TPE+NWS+,SELL,55.0,0.04,0,0,0.00,0.00,0.00,0.00,0,0,0,0,4.7,0.00,0.00,0.00,-54.75,456.50,R,14,UNKNOWN,REGIME_CHANGE,from=TREND_DN to=UNKNOWN adx=22.5 slope=4.74 atr/avg=0.97 eStack=0 distVwapAtr=0.04 nr=Rx14 flips4=1
2026-05-01 03:10:56,3033,27619.75,27617.80,27609.89,27619.31,49.56,18.89,22.5,0.0,29.7,0.0,29.7,0.00,-1,0.0,0,0,0.00,0.00,0.00,0.00,,0.0,0,0,0.00,AUTO,,AGGR+CHP+ADP+RUN-EXT+PW+DLK+SLC+TPE+NWS+,SELL,55.0,0.10,0,0,0.00,0.00,0.00,0.00,0,0,0,0,4.7,0.00,0.00,0.00,-54.75,456.50,R,14,UNKNOWN,SIGNAL,
2026-05-01 03:10:56,3033,27619.75,27617.80,27609.89,27619.31,49.56,18.89,22.5,0.0,29.7,0.0,29.7,0.00,-1,0.0,0,0,0.00,0.00,0.00,0.00,,0.0,0,0,0.00,AUTO,,AGGR+CHP+ADP+RUN-EXT+PW+DLK+SLC+TPE+NWS+,WAIT,55.0,0.10,0,0,0.00,0.00,0.00,0.00,0,0,0,0,4.7,0.00,0.00,0.00,-54.75,456.50,R,14,UNKNOWN,BLOCK_AUTO,reason=outsideHours
2026-05-01 03:10:56,3033,27619.75,27617.80,27609.89,27619.31,49.56,18.89,22.5,0.0,29.7,0.0,29.7,0.00,-1,0.0,0,0,0.00,0.00,0.00,0.00,,0.0,0,0,0.00,AUTO,,AGGR+CHP+ADP+RUN-EXT+PW+DLK+SLC+TPE+NWS+,WAIT,55.0,0.10,0,0,0.00,0.00,0.00,0.00,0,0,0,0,4.7,0.00,0.00,0.00,-54.75,456.50,R,14,UNKNOWN,WOULD_TRADE,blockedBy=outsideHours dir=SHORT regime=UNKNOWN streak=14 bullConf=0 bearConf=30
2026-05-01 03:17:56,3034,27623.75,27617.80,27612.66,27619.71,51.43,18.68,21.7,0.0,29.7,0.0,29.7,0.00,-1,0.0,0,0,0.00,0.00,0.00,0.00,,0.0,0,0,0.00,AUTO,,AGGR+CHP+ADP+RUN-EXT+PW+DLK+SLC+TPE+NWS+,WAIT,55.0,0.32,0,0,0.00,0.00,0.00,0.00,0,0,0,0,3.1,0.00,0.00,0.00,-50.75,460.50,G,1,UNKNOWN,BRICK_CLOSE,src=primary color=G streak=1 o=27603.75 c=27619.75 hi=27619.75 lo=27591.50
2026-05-01 03:17:56,3034,27623.75,27617.80,27612.66,27619.71,51.43,18.68,21.7,0.0,29.7,0.0,29.7,0.00,-1,0.0,0,0,0.00,0.00,0.00,0.00,,0.0,0,0,0.00,AUTO,,AGGR+CHP+ADP+RUN-EXT+PW+DLK+SLC+TPE+NWS+,WAIT,55.0,0.32,0,0,0.00,0.00,0.00,0.00,0,0,0,0,3.1,0.00,0.00,0.00,-50.75,460.50,G,1,UNKNOWN,RUN_END,color=R len=14 pts=40.0 maxFav=68.0 durSec=12899 startPx=27659.75 endPx=27619.75
2026-05-01 03:17:56,3034,27623.75,27617.80,27612.66,27619.71,51.43,18.68,21.7,0.0,29.7,0.0,29.7,0.00,-1,0.0,0,0,0.00,0.00,0.00,0.00,,0.0,0,0,0.00,AUTO,,AGGR+CHP+ADP+RUN-EXT+PW+DLK+SLC+TPE+NWS+,WAIT,55.0,0.32,0,0,0.00,0.00,0.00,0.00,0,0,0,0,3.1,0.00,0.00,0.00,-50.75,460.50,G,1,CHOP,REGIME_CHANGE,from=UNKNOWN to=CHOP adx=21.7 slope=3.07 atr/avg=0.97 eStack=0 distVwapAtr=0.32 nr=Gx1 flips4=1
2026-05-01 03:17:56,3034,27623.75,27617.83,27612.66,27619.71,51.43,18.68,21.7,0.0,17.6,0.0,17.6,0.00,-1,0.0,0,0,0.00,0.00,0.00,0.00,,0.0,0,0,0.00,AUTO,,AGGR+CHP+ADP+RUN-EXT+PW+DLK+SLC+TPE+NWS+,WAIT,55.0,0.32,0,0,0.00,0.00,0.00,0.00,0,0,0,0,3.1,0.00,0.00,0.00,-50.75,460.50,G,1,CHOP,SIGNAL,
2026-05-01 03:17:56,3034,27623.75,27617.83,27612.66,27619.71,51.43,18.68,21.7,0.0,17.6,0.0,17.6,0.00,-1,0.0,0,0,0.00,0.00,0.00,0.00,,0.0,0,0,0.00,AUTO,,AGGR+CHP+ADP+RUN-EXT+PW+DLK+SLC+TPE+NWS+,WAIT,55.0,0.32,0,0,0.00,0.00,0.00,0.00,0,0,0,0,3.1,0.00,0.00,0.00,-50.75,460.50,G,1,CHOP,BLOCK_AUTO,reason=outsideHours
2026-05-01 03:32:12,3035,27595.75,27617.83,27609.28,27617.54,40.17,19.49,22.0,0.0,17.6,0.0,17.6,0.00,-1,0.0,0,0,0.00,0.00,0.00,0.00,,0.0,0,0,0.00,AUTO,,AGGR+CHP+ADP+RUN-EXT+PW+DLK+SLC+TPE+NWS+,WAIT,55.0,1.13,0,0,0.00,0.00,0.00,0.00,0,0,0,-1,2.2,0.00,0.00,0.00,-78.75,432.50,G,2,CHOP,BRICK_CLOSE,src=primary color=G streak=2 o=27607.75 c=27623.75 hi=27623.75 lo=27607.75
2026-05-01 03:32:12,3035,27595.75,27617.83,27609.28,27617.54,40.17,19.49,22.0,0.0,17.6,0.0,17.6,0.00,-1,0.0,0,0,0.00,0.00,0.00,0.00,,0.0,0,0,0.00,AUTO,,AGGR+CHP+ADP+RUN-EXT+PW+DLK+SLC+TPE+NWS+,WAIT,55.0,1.13,0,0,0.00,0.00,0.00,0.00,0,0,0,-1,2.2,0.00,0.00,0.00,-78.75,432.50,G,2,CHOP,HEARTBEAT,tradesToday=0 openDca=0
2026-05-01 03:32:12,3035,27595.75,27617.83,27609.28,27617.54,40.17,19.49,22.0,0.0,17.6,0.0,17.6,0.00,-1,0.0,0,0,0.00,0.00,0.00,0.00,,0.0,0,0,0.00,AUTO,,AGGR+CHP+ADP+RUN-EXT+PW+DLK+SLC+TPE+NWS+,WAIT,55.0,1.13,0,0,0.00,0.00,0.00,0.00,0,0,0,-1,2.2,0.00,0.00,0.00,-78.75,432.50,G,2,UNKNOWN,REGIME_CHANGE,from=CHOP to=UNKNOWN adx=22.0 slope=2.19 atr/avg=1.01 eStack=-1 distVwapAtr=-1.13 nr=Gx2 flips4=2
2026-05-01 03:32:12,3035,27595.75,27616.95,27609.28,27617.54,40.17,19.49,22.0,0.0,110.0,0.0,110.0,0.00,-1,0.0,0,0,0.00,0.00,0.00,0.00,,0.0,0,0,0.00,AUTO,,AGGR+CHP+ADP+RUN-EXT+PW+DLK+SLC+TPE+NWS+,WAIT,55.0,1.09,0,0,0.00,0.00,0.00,0.00,0,0,0,-1,2.2,0.00,0.00,0.00,-78.75,432.50,G,2,UNKNOWN,SIGNAL,
2026-05-01 03:32:12,3035,27595.75,27616.95,27609.28,27617.54,40.17,19.49,22.0,0.0,110.0,0.0,110.0,0.00,-1,0.0,0,0,0.00,0.00,0.00,0.00,,0.0,0,0,0.00,AUTO,,AGGR+CHP+ADP+RUN-EXT+PW+DLK+SLC+TPE+NWS+,SELL,55.0,1.09,0,0,0.00,0.00,0.00,0.00,0,0,0,-1,2.2,0.00,0.00,0.00,-78.75,432.50,G,2,UNKNOWN,BLOCK_AUTO,reason=outsideHours
2026-05-01 03:39:13,3036,27591.75,27616.95,27605.77,27615.19,38.86,19.24,22.6,0.0,110.0,0.0,110.0,0.00,-1,0.0,0,0,0.00,0.00,0.00,0.00,,0.0,0,0,0.00,AUTO,,AGGR+CHP+ADP+RUN-EXT+PW+DLK+SLC+TPE+NWS+,SELL,55.0,1.31,0,0,0.00,0.00,0.00,0.00,0,0,0,-1,1.4,0.00,0.00,0.00,-82.75,428.50,R,1,UNKNOWN,BRICK_CLOSE,src=primary color=R streak=1 o=27611.75 c=27595.75 hi=27625.75 lo=27595.75
2026-05-01 03:39:13,3036,27591.75,27616.95,27605.77,27615.19,38.86,19.24,22.6,0.0,110.0,0.0,110.0,0.00,-1,0.0,0,0,0.00,0.00,0.00,0.00,,0.0,0,0,0.00,AUTO,,AGGR+CHP+ADP+RUN-EXT+PW+DLK+SLC+TPE+NWS+,SELL,55.0,1.31,0,0,0.00,0.00,0.00,0.00,0,0,0,-1,1.4,0.00,0.00,0.00,-82.75,428.50,R,1,UNKNOWN,RUN_END,color=G len=2 pts=8.0 maxFav=20.0 durSec=1277 startPx=27603.75 endPx=27595.75
2026-05-01 03:39:13,3036,27591.75,27616.33,27605.77,27615.19,38.86,19.24,22.6,0.0,71.5,0.0,71.5,0.00,-1,0.0,0,0,0.00,0.00,0.00,0.00,,0.0,0,0,0.00,AUTO,,AGGR+CHP+ADP+RUN-EXT+PW+DLK+SLC+TPE+NWS+,SELL,55.0,1.28,0,0,0.00,0.00,0.00,0.00,0,0,0,-1,1.4,0.00,0.00,0.00,-82.75,428.50,R,1,UNKNOWN,SIGNAL,
2026-05-01 03:39:13,3036,27591.75,27616.33,27605.77,27615.19,38.86,19.24,22.6,0.0,71.5,0.0,71.5,0.00,-1,0.0,0,0,0.00,0.00,0.00,0.00,,0.0,0,0,0.00,AUTO,,AGGR+CHP+ADP+RUN-EXT+PW+DLK+SLC+TPE+NWS+,SELL,55.0,1.28,0,0,0.00,0.00,0.00,0.00,0,0,0,-1,1.4,0.00,0.00,0.00,-82.75,428.50,R,1,UNKNOWN,BLOCK_AUTO,reason=outsideHours
2026-05-01 03:39:35,3037,27587.75,27616.33,27602.17,27612.70,37.54,19.01,23.4,0.0,71.5,0.0,71.5,0.00,-1,0.0,0,0,0.00,0.00,0.00,0.00,,0.0,0,0,0.00,AUTO,,AGGR+CHP+ADP+RUN-EXT+PW+DLK+SLC+TPE+NWS+,SELL,55.0,1.50,0,0,0.00,0.00,0.00,0.00,0,0,0,-1,0.6,0.00,0.00,0.00,-86.75,424.50,R,2,UNKNOWN,BRICK_CLOSE,src=primary color=R streak=2 o=27607.75 c=27591.75 hi=27607.75 lo=27591.75
2026-05-01 03:39:35,3037,27587.75,27616.19,27602.17,27612.70,37.54,19.01,23.4,0.0,110.0,0.0,110.0,0.00,-1,0.0,0,0,0.00,0.00,0.00,0.00,,0.0,0,0,0.00,AUTO,,AGGR+CHP+ADP+RUN-EXT+PW+DLK+SLC+TPE+NWS+,SELL,55.0,1.50,0,0,0.00,0.00,0.00,0.00,0,0,0,-1,0.6,0.00,0.00,0.00,-86.75,424.50,R,2,UNKNOWN,SIGNAL,
2026-05-01 03:39:35,3037,27587.75,27616.19,27602.17,27612.70,37.54,19.01,23.4,0.0,110.0,0.0,110.0,0.00,-1,0.0,0,0,0.00,0.00,0.00,0.00,,0.0,0,0,0.00,AUTO,,AGGR+CHP+ADP+RUN-EXT+PW+DLK+SLC+TPE+NWS+,SELL,55.0,1.50,0,0,0.00,0.00,0.00,0.00,0,0,0,-1,0.6,0.00,0.00,0.00,-86.75,424.50,R,2,UNKNOWN,BLOCK_AUTO,reason=outsideHours
2026-05-01 03:40:42,3038,27583.75,27616.19,27598.49,27610.07,36.21,18.79,24.3,0.0,110.0,0.0,110.0,0.00,-1,0.0,0,0,0.00,0.00,0.00,0.00,,0.0,0,0,0.00,AUTO,,AGGR+CHP+ADP+RUN-EXT+PW+DLK+SLC+TPE+NWS+,SELL,55.0,1.73,0,0,0.00,0.00,0.00,0.00,0,0,0,-1,1.9,0.00,0.00,0.00,-90.75,420.50,R,3,UNKNOWN,BRICK_CLOSE,src=primary color=R streak=3 o=27603.75 c=27587.75 hi=27603.75 lo=27587.75
2026-05-01 03:40:42,3038,27583.75,27616.19,27598.49,27610.07,36.21,18.79,24.3,0.0,110.0,0.0,110.0,0.00,-1,0.0,0,0,0.00,0.00,0.00,0.00,,0.0,0,0,0.00,AUTO,,AGGR+CHP+ADP+RUN-EXT+PW+DLK+SLC+TPE+NWS+,SELL,55.0,1.73,0,0,0.00,0.00,0.00,0.00,0,0,0,-1,1.9,0.00,0.00,0.00,-90.75,420.50,R,3,TREND_DN,REGIME_CHANGE,from=UNKNOWN to=TREND_DN adx=24.3 slope=1.86 atr/avg=0.98 eStack=-1 distVwapAtr=-1.73 nr=Rx3 flips4=1
2026-05-01 03:40:42,3038,27583.75,27615.79,27598.49,27610.07,36.21,18.79,24.3,0.0,77.0,0.0,77.0,0.00,-1,0.0,0,0,0.00,0.00,0.00,0.00,,0.0,0,0,0.00,AUTO,,AGGR+CHP+ADP+RUN-EXT+PW+DLK+SLC+TPE+NWS+,SELL,55.0,1.70,0,0,0.00,0.00,0.00,0.00,0,0,0,-1,1.9,0.00,0.00,0.00,-90.75,420.50,R,3,TREND_DN,SIGNAL,
2026-05-01 03:40:42,3038,27583.75,27615.79,27598.49,27610.07,36.21,18.79,24.3,0.0,77.0,0.0,77.0,0.00,-1,0.0,0,0,0.00,0.00,0.00,0.00,,0.0,0,0,0.00,AUTO,,AGGR+CHP+ADP+RUN-EXT+PW+DLK+SLC+TPE+NWS+,SELL,55.0,1.70,0,0,0.00,0.00,0.00,0.00,0,0,0,-1,1.9,0.00,0.00,0.00,-90.75,420.50,R,3,TREND_DN,BLOCK_AUTO,reason=outsideHours
2026-05-01 03:55:32,3039,27579.75,27615.79,27594.74,27607.31,34.89,19.27,24.5,0.0,77.0,0.0,77.0,0.00,-1,0.0,0,0,0.00,0.00,0.00,0.00,,0.0,0,0,0.00,AUTO,,AGGR+CHP+ADP+RUN-EXT+PW+DLK+SLC+TPE+NWS+,SELL,55.0,1.87,0,0,0.00,0.00,0.00,0.00,0,0,0,-1,2.8,0.00,0.00,0.00,-94.75,416.50,R,4,TREND_DN,BRICK_CLOSE,src=primary color=R streak=4 o=27599.75 c=27583.75 hi=27599.75 lo=27583.75
2026-05-01 03:55:32,3039,27579.75,27615.79,27594.74,27607.31,34.89,19.27,24.5,0.0,77.0,0.0,77.0,0.00,-1,0.0,0,0,0.00,0.00,0.00,0.00,,0.0,0,0,0.00,AUTO,,AGGR+CHP+ADP+RUN-EXT+PW+DLK+SLC+TPE+NWS+,SELL,55.0,1.87,0,0,0.00,0.00,0.00,0.00,0,0,0,-1,2.8,0.00,0.00,0.00,-94.75,416.50,R,4,TREND_DN,HEARTBEAT,tradesToday=0 openDca=0
2026-05-01 03:55:32,3039,27579.75,27612.35,27594.74,27607.31,34.89,19.27,24.5,0.0,87.0,0.0,87.0,0.00,-1,0.0,0,0,0.00,0.00,0.00,0.00,,0.0,0,0,0.00,AUTO,,AGGR+CHP+ADP+RUN-EXT+PW+DLK+SLC+TPE+NWS+,SELL,55.0,1.69,0,0,0.00,0.00,0.00,0.00,0,0,0,-1,2.8,0.00,0.00,0.00,-94.75,416.50,R,4,TREND_DN,SIGNAL,
2026-05-01 03:55:32,3039,27579.75,27612.35,27594.74,27607.31,34.89,19.27,24.5,0.0,87.0,0.0,87.0,0.00,-1,0.0,0,0,0.00,0.00,0.00,0.00,,0.0,0,0,0.00,AUTO,,AGGR+CHP+ADP+RUN-EXT+PW+DLK+SLC+TPE+NWS+,SELL,55.0,1.69,0,0,0.00,0.00,0.00,0.00,0,0,0,-1,2.8,0.00,0.00,0.00,-94.75,416.50,R,4,TREND_DN,BLOCK_AUTO,reason=outsideHours
2026-05-01 03:55:49,3040,27575.75,27612.35,27590.94,27604.44,33.57,19.04,25.0,0.0,87.0,0.0,87.0,0.00,-1,0.0,0,0,0.00,0.00,0.00,0.00,,0.0,0,0,0.00,AUTO,,AGGR+CHP+ADP+RUN-EXT+PW+DLK+SLC+TPE+NWS+,SELL,55.0,1.92,0,0,0.00,0.00,0.00,0.00,0,0,0,-1,2.9,0.00,0.00,0.00,-98.75,412.50,R,5,TREND_DN,BRICK_CLOSE,src=primary color=R streak=5 o=27595.75 c=27579.75 hi=27605.25 lo=27579.75
2026-05-01 03:55:49,3040,27575.75,27612.16,27590.94,27604.44,33.57,19.04,25.0,0.0,120.0,0.0,120.0,0.00,-1,0.0,0,0,0.00,0.00,0.00,0.00,,0.0,0,0,0.00,AUTO,,AGGR+CHP+ADP+RUN-EXT+PW+DLK+SLC+TPE+NWS+,SELL,55.0,1.91,0,0,0.00,0.00,0.00,0.00,0,0,0,-1,2.9,-49.50,-49.50,-25.25,-98.75,412.50,R,5,TREND_DN,SIGNAL,
2026-05-01 03:55:49,3040,27575.75,27612.16,27590.94,27604.44,33.57,19.04,25.0,0.0,120.0,0.0,120.0,0.00,-1,0.0,0,0,0.00,0.00,0.00,0.00,,0.0,0,0,0.00,AUTO,,AGGR+CHP+ADP+RUN-EXT+PW+DLK+SLC+TPE+NWS+,SELL,55.0,1.91,0,0,0.00,0.00,0.00,0.00,0,0,0,-1,2.9,-49.50,-49.50,-25.25,-98.75,412.50,R,5,TREND_DN,BLOCK_AUTO,reason=outsideHours
2026-05-01 04:32:50,3041,27571.75,27612.16,27587.10,27601.47,32.25,19.54,24.6,0.0,120.0,0.0,120.0,0.00,-1,0.0,0,0,0.00,0.00,0.00,0.00,,0.0,0,0,0.00,AUTO,,AGGR+CHP+ADP+RUN-EXT+PW+DLK+SLC+TPE+NWS+,SELL,55.0,2.07,0,0,0.00,0.00,0.00,0.00,0,0,0,-1,2.0,-53.50,-53.50,-29.25,-102.75,408.50,R,6,TREND_DN,BRICK_CLOSE,src=primary color=R streak=6 o=27591.75 c=27575.75 hi=27591.75 lo=27575.75
2026-05-01 04:32:50,3041,27571.75,27612.16,27587.10,27601.47,32.25,19.54,24.6,0.0,120.0,0.0,120.0,0.00,-1,0.0,0,0,0.00,0.00,0.00,0.00,,0.0,0,0,0.00,AUTO,,AGGR+CHP+ADP+RUN-EXT+PW+DLK+SLC+TPE+NWS+,SELL,55.0,2.07,0,0,0.00,0.00,0.00,0.00,0,0,0,-1,2.0,-53.50,-53.50,-29.25,-102.75,408.50,R,6,TREND_DN,HEARTBEAT,tradesToday=0 openDca=0
2026-05-01 04:32:50,3041,27571.75,27607.27,27587.10,27601.47,32.25,19.54,24.6,0.0,87.0,0.0,87.0,0.00,-1,0.0,0,0,0.00,0.00,0.00,0.00,,0.0,0,0,0.00,AUTO,,AGGR+CHP+ADP+RUN-EXT+PW+DLK+SLC+TPE+NWS+,SELL,55.0,1.82,0,0,0.00,0.00,0.00,0.00,0,0,0,-1,2.0,-53.50,-53.50,-29.25,-102.75,408.50,R,6,TREND_DN,SIGNAL,
2026-05-01 04:32:50,3041,27571.75,27607.27,27587.10,27601.47,32.25,19.54,24.6,0.0,87.0,0.0,87.0,0.00,-1,0.0,0,0,0.00,0.00,0.00,0.00,,0.0,0,0,0.00,AUTO,,AGGR+CHP+ADP+RUN-EXT+PW+DLK+SLC+TPE+NWS+,SELL,55.0,1.82,0,0,0.00,0.00,0.00,0.00,0,0,0,-1,2.0,-53.50,-53.50,-29.25,-102.75,408.50,R,6,TREND_DN,BLOCK_AUTO,reason=outsideHours
2026-05-01 04:39:26,3042,27567.75,27607.27,27583.23,27598.40,30.95,19.28,24.6,0.0,87.0,0.0,87.0,0.00,-1,0.0,0,0,0.00,0.00,0.00,0.00,,0.0,0,0,0.00,AUTO,,AGGR+CHP+ADP+RUN-EXT+PW+DLK+SLC+TPE+NWS+,SELL,55.0,2.05,0,0,0.00,0.00,0.00,0.00,0,0,0,-1,1.3,-57.50,-57.50,-33.25,-106.75,404.50,R,7,TREND_DN,BRICK_CLOSE,src=primary color=R streak=7 o=27587.75 c=27571.75 hi=27597.75 lo=27571.75
2026-05-01 04:39:26,3042,27567.75,27606.37,27583.23,27598.40,30.95,19.28,24.6,0.0,120.0,0.0,120.0,0.00,-1,0.0,0,0,0.00,0.00,0.00,0.00,,0.0,0,0,0.00,AUTO,,AGGR+CHP+ADP+RUN-EXT+PW+DLK+SLC+TPE+NWS+,SELL,55.0,2.00,0,0,0.00,0.00,0.00,0.00,0,0,0,-1,1.3,-57.50,-57.50,-33.25,-106.75,404.50,R,7,TREND_DN,SIGNAL,
2026-05-01 04:39:26,3042,27567.75,27606.37,27583.23,27598.40,30.95,19.28,24.6,0.0,120.0,0.0,120.0,0.00,-1,0.0,0,0,0.00,0.00,0.00,0.00,,0.0,0,0,0.00,AUTO,,AGGR+CHP+ADP+RUN-EXT+PW+DLK+SLC+TPE+NWS+,SELL,55.0,2.00,0,0,0.00,0.00,0.00,0.00,0,0,0,-1,1.3,-57.50,-57.50,-33.25,-106.75,404.50,R,7,TREND_DN,BLOCK_AUTO,reason=outsideHours
2026-05-01 04:43:18,3043,27563.75,27606.37,27579.34,27595.25,29.65,19.05,24.9,0.0,120.0,0.0,120.0,0.00,-1,0.0,0,0,0.00,0.00,0.00,0.00,,0.0,0,0,0.00,AUTO,,AGGR+CHP+ADP+RUN-EXT+PW+DLK+SLC+TPE+NWS+,SELL,55.0,2.24,0,0,0.00,0.00,0.00,0.00,0,0,0,-1,0.6,-61.50,-61.50,-37.25,-110.75,400.50,R,8,TREND_DN,BRICK_CLOSE,src=primary color=R streak=8 o=27583.75 c=27567.75 hi=27583.75 lo=27567.75
2026-05-01 04:43:18,3043,27563.75,27606.37,27579.34,27595.25,29.65,19.05,24.9,0.0,120.0,0.0,120.0,0.00,-1,0.0,0,0,0.00,0.00,0.00,0.00,,0.0,0,0,0.00,AUTO,,AGGR+CHP+ADP+RUN-EXT+PW+DLK+SLC+TPE+NWS+,SELL,55.0,2.24,0,0,0.00,0.00,0.00,0.00,0,0,0,-1,0.6,-61.50,-61.50,-37.25,-110.75,400.50,R,8,TREND_DN,HEARTBEAT,tradesToday=0 openDca=0
2026-05-01 04:43:18,3043,27563.75,27605.86,27579.34,27595.25,29.65,19.05,24.9,0.0,110.0,0.0,110.0,0.00,-1,0.0,0,0,0.00,0.00,0.00,0.00,,0.0,0,0,0.00,AUTO,,AGGR+CHP+ADP+RUN-EXT+PW+DLK+SLC+TPE+NWS+,SELL,55.0,2.21,0,0,0.00,0.00,0.00,0.00,0,0,0,-1,0.6,-61.50,-61.50,-37.25,-110.75,400.50,R,8,TREND_DN,SIGNAL,
2026-05-01 04:43:18,3043,27563.75,27605.86,27579.34,27595.25,29.65,19.05,24.9,0.0,110.0,0.0,110.0,0.00,-1,0.0,0,0,0.00,0.00,0.00,0.00,,0.0,0,0,0.00,AUTO,,AGGR+CHP+ADP+RUN-EXT+PW+DLK+SLC+TPE+NWS+,SELL,55.0,2.21,0,0,0.00,0.00,0.00,0.00,0,0,0,-1,0.6,-61.50,-61.50,-37.25,-110.75,400.50,R,8,TREND_DN,BLOCK_AUTO,reason=outsideHours
2026-05-01 04:43:18,3043,27563.75,27605.86,27579.34,27595.25,29.65,19.05,24.9,0.0,110.0,0.0,110.0,0.00,-1,0.0,0,0,0.00,0.00,0.00,0.00,,0.0,0,0,0.00,AUTO,,AGGR+CHP+ADP+RUN-EXT+PW+DLK+SLC+TPE+NWS+,SELL,55.0,2.21,0,0,0.00,0.00,0.00,0.00,0,0,0,-1,0.6,-61.50,-61.50,-37.25,-110.75,400.50,R,8,TREND_DN,WOULD_TRADE,blockedBy=outsideHours dir=SHORT regime=TREND_DN streak=8 bullConf=0 bearConf=110
2026-05-01 04:48:15,3044,27559.75,27605.86,27575.42,27592.03,28.37,18.83,25.5,0.0,110.0,0.0,110.0,0.00,-1,0.0,0,0,0.00,0.00,0.00,0.00,,0.0,0,0,0.00,AUTO,,AGGR+CHP+ADP+RUN-EXT+PW+DLK+SLC+TPE+NWS+,SELL,55.0,2.45,0,0,0.00,0.00,0.00,0.00,0,0,0,-1,1.0,-65.50,-65.50,-41.25,-114.75,396.50,R,9,TREND_DN,BRICK_CLOSE,src=primary color=R streak=9 o=27579.75 c=27563.75 hi=27579.75 lo=27563.75
2026-05-01 04:48:15,3044,27559.75,27605.19,27575.42,27592.03,28.37,18.83,25.5,0.0,77.0,0.0,77.0,0.00,-1,0.0,0,0,0.00,0.00,0.00,0.00,,0.0,0,0,0.00,AUTO,,AGGR+CHP+ADP+RUN-EXT+PW+DLK+SLC+TPE+NWS+,SELL,55.0,2.41,0,0,0.00,0.00,0.00,0.00,0,0,0,-1,1.0,-65.50,-65.50,-41.25,-114.75,396.50,R,9,TREND_DN,SIGNAL,
2026-05-01 04:48:15,3044,27559.75,27605.19,27575.42,27592.03,28.37,18.83,25.5,0.0,77.0,0.0,77.0,0.00,-1,0.0,0,0,0.00,0.00,0.00,0.00,,0.0,0,0,0.00,AUTO,,AGGR+CHP+ADP+RUN-EXT+PW+DLK+SLC+TPE+NWS+,SELL,55.0,2.41,0,0,0.00,0.00,0.00,0.00,0,0,0,-1,1.0,-65.50,-65.50,-41.25,-114.75,396.50,R,9,TREND_DN,BLOCK_AUTO,reason=outsideHours
2026-05-01 04:48:15,3044,27559.75,27605.19,27575.42,27592.03,28.37,18.83,25.5,0.0,77.0,0.0,77.0,0.00,-1,0.0,0,0,0.00,0.00,0.00,0.00,,0.0,0,0,0.00,AUTO,,AGGR+CHP+ADP+RUN-EXT+PW+DLK+SLC+TPE+NWS+,SELL,55.0,2.41,0,0,0.00,0.00,0.00,0.00,0,0,0,-1,1.0,-65.50,-65.50,-41.25,-114.75,396.50,R,9,TREND_DN,WOULD_TRADE,blockedBy=outsideHours dir=SHORT regime=TREND_DN streak=9 bullConf=0 bearConf=77
2026-05-01 04:48:53,3045,27555.75,27605.19,27571.48,27588.73,27.12,18.63,26.3,0.0,77.0,0.0,77.0,0.00,-1,0.0,0,0,0.00,0.00,0.00,0.00,,0.0,0,0,0.00,AUTO,,AGGR+CHP+ADP+RUN-EXT+PW+DLK+SLC+TPE+NWS+,SELL,55.0,2.65,0,0,0.00,0.00,0.00,0.00,0,0,0,-1,1.3,-69.50,-69.50,-45.25,-118.75,392.50,R,10,TREND_DN,BRICK_CLOSE,src=primary color=R streak=10 o=27575.75 c=27559.75 hi=27575.75 lo=27559.75
2026-05-01 04:48:53,3045,27555.75,27604.92,27571.48,27588.73,27.12,18.63,26.3,0.0,77.0,0.0,77.0,0.00,-1,0.0,0,0,0.00,0.00,0.00,0.00,,0.0,0,0,0.00,AUTO,,AGGR+CHP+ADP+RUN-EXT+PW+DLK+SLC+TPE+NWS+,SELL,55.0,2.64,0,0,0.00,0.00,0.00,0.00,0,0,0,-1,1.3,-69.50,-69.50,-45.25,-118.75,392.50,R,10,TREND_DN,SIGNAL,
2026-05-01 04:48:53,3045,27555.75,27604.92,27571.48,27588.73,27.12,18.63,26.3,0.0,77.0,0.0,77.0,0.00,-1,0.0,0,0,0.00,0.00,0.00,0.00,,0.0,0,0,0.00,AUTO,,AGGR+CHP+ADP+RUN-EXT+PW+DLK+SLC+TPE+NWS+,SELL,55.0,2.64,0,0,0.00,0.00,0.00,0.00,0,0,0,-1,1.3,-69.50,-69.50,-45.25,-118.75,392.50,R,10,TREND_DN,BLOCK_AUTO,reason=outsideHours
2026-05-01 04:48:53,3045,27555.75,27604.92,27571.48,27588.73,27.12,18.63,26.3,0.0,77.0,0.0,77.0,0.00,-1,0.0,0,0,0.00,0.00,0.00,0.00,,0.0,0,0,0.00,AUTO,,AGGR+CHP+ADP+RUN-EXT+PW+DLK+SLC+TPE+NWS+,SELL,55.0,2.64,0,0,0.00,0.00,0.00,0.00,0,0,0,-1,1.3,-69.50,-69.50,-45.25,-118.75,392.50,R,10,TREND_DN,WOULD_TRADE,blockedBy=outsideHours dir=SHORT regime=TREND_DN streak=10 bullConf=0 bearConf=77
2026-05-01 05:03:54,3046,27551.75,27604.92,27567.54,27585.37,25.88,18.55,27.3,0.0,77.0,0.0,77.0,0.00,-1,0.0,0,0,0.00,0.00,0.00,0.00,,0.0,0,0,0.00,AUTO,,AGGR+CHP+ADP+RUN-EXT+PW+DLK+SLC+TPE+NWS+,SELL,55.0,2.87,0,0,0.00,0.00,0.00,0.00,0,0,0,-1,2.7,-73.50,-73.50,-49.25,-122.75,388.50,R,11,TREND_DN,BRICK_CLOSE,src=primary color=R streak=11 o=27571.75 c=27555.75 hi=27571.75 lo=27555.75
2026-05-01 05:03:54,3046,27551.75,27604.92,27567.54,27585.37,25.88,18.55,27.3,0.0,77.0,0.0,77.0,0.00,-1,0.0,0,0,0.00,0.00,0.00,0.00,,0.0,0,0,0.00,AUTO,,AGGR+CHP+ADP+RUN-EXT+PW+DLK+SLC+TPE+NWS+,SELL,55.0,2.87,0,0,0.00,0.00,0.00,0.00,0,0,0,-1,2.7,-73.50,-73.50,-49.25,-122.75,388.50,R,11,TREND_DN,HEARTBEAT,tradesToday=0 openDca=0
2026-05-01 05:03:54,3046,27551.75,27602.86,27567.54,27585.37,25.88,18.55,27.3,0.0,87.0,0.0,87.0,0.00,-1,0.0,0,0,0.00,0.00,0.00,0.00,,0.0,0,0,0.00,AUTO,,AGGR+CHP+ADP+RUN-EXT+PW+DLK+SLC+TPE+NWS+,SELL,55.0,2.76,0,0,0.00,0.00,0.00,0.00,0,0,0,-1,2.7,-73.50,-73.50,-49.25,-122.75,388.50,R,11,TREND_DN,SIGNAL,
2026-05-01 05:03:54,3046,27551.75,27602.86,27567.54,27585.37,25.88,18.55,27.3,0.0,87.0,0.0,87.0,0.00,-1,0.0,0,0,0.00,0.00,0.00,0.00,,0.0,0,0,0.00,AUTO,,AGGR+CHP+ADP+RUN-EXT+PW+DLK+SLC+TPE+NWS+,SELL,55.0,2.76,0,0,0.00,0.00,0.00,0.00,0,0,0,-1,2.7,-73.50,-73.50,-49.25,-122.75,388.50,R,11,TREND_DN,BLOCK_AUTO,reason=outsideHours
2026-05-01 05:03:54,3046,27551.75,27602.86,27567.54,27585.37,25.88,18.55,27.3,0.0,87.0,0.0,87.0,0.00,-1,0.0,0,0,0.00,0.00,0.00,0.00,,0.0,0,0,0.00,AUTO,,AGGR+CHP+ADP+RUN-EXT+PW+DLK+SLC+TPE+NWS+,SELL,55.0,2.76,0,0,0.00,0.00,0.00,0.00,0,0,0,-1,2.7,-73.50,-73.50,-49.25,-122.75,388.50,R,11,TREND_DN,WOULD_TRADE,blockedBy=outsideHours dir=SHORT regime=TREND_DN streak=11 bullConf=0 bearConf=87
2026-05-01 05:03:58,3047,27547.75,27602.86,27563.58,27581.95,24.67,18.37,28.5,0.0,87.0,0.0,87.0,0.00,-1,0.0,0,0,0.00,0.00,0.00,0.00,,0.0,0,0,0.00,AUTO,,AGGR+CHP+ADP+RUN-EXT+PW+DLK+SLC+TPE+NWS+,SELL,55.0,3.00,0,0,0.00,0.00,0.00,0.00,0,0,0,-1,3.9,-77.50,-77.50,-53.25,-126.75,384.50,R,12,TREND_DN,BRICK_CLOSE,src=primary color=R streak=12 o=27567.75 c=27551.75 hi=27569.25 lo=27551.75
2026-05-01 05:03:58,3047,27547.75,27602.62,27563.58,27581.95,24.67,18.37,28.5,0.0,110.0,0.0,110.0,0.00,-1,0.0,0,0,0.00,0.00,0.00,0.00,,0.0,0,0,0.00,AUTO,,AGGR+CHP+ADP+RUN-EXT+PW+DLK+SLC+TPE+NWS+,SELL,55.0,2.99,0,0,0.00,0.00,0.00,0.00,0,0,0,-1,3.9,-77.50,-77.50,-53.25,-126.75,384.50,R,12,TREND_DN,SIGNAL,
2026-05-01 05:03:58,3047,27547.75,27602.62,27563.58,27581.95,24.67,18.37,28.5,0.0,110.0,0.0,110.0,0.00,-1,0.0,0,0,0.00,0.00,0.00,0.00,,0.0,0,0,0.00,AUTO,,AGGR+CHP+ADP+RUN-EXT+PW+DLK+SLC+TPE+NWS+,SELL,55.0,2.99,0,0,0.00,0.00,0.00,0.00,0,0,0,-1,3.9,-77.50,-77.50,-53.25,-126.75,384.50,R,12,TREND_DN,PRE_RTH_BYPASS,regime=TREND_DN streak=12 color=R
2026-05-01 05:03:58,3047,27547.75,27602.62,27563.58,27581.95,24.67,18.37,28.5,0.0,110.0,0.0,110.0,0.00,-1,0.0,0,0,0.00,0.00,0.00,0.00,,0.0,0,0,0.00,AUTO,,AGGR+CHP+ADP+RUN-EXT+PW+DLK+SLC+TPE+NWS+,SELL,55.0,2.99,0,0,0.00,0.00,0.00,0.00,0,0,0,-1,3.9,-77.50,-77.50,-53.25,-126.75,384.50,R,12,TREND_DN,TREND_CHASE_FIRE,dir=-1 adx=28.5 streak=12 bear=110.0
2026-05-01 05:54:01,3048,27575.75,27602.62,27566.01,27581.38,44.31,19.21,28.0,0.0,110.0,0.0,110.0,0.00,-1,0.0,0,0,0.00,0.00,0.00,0.00,,0.0,0,0,0.00,AUTO,,AGGR+CHP+ADP+RUN-EXT+PW+DLK+SLC+TPE+NWS+,SELL,55.0,1.40,0,0,0.00,0.00,0.00,0.00,0,0,0,0,3.0,-49.50,-49.50,-25.25,-98.75,412.50,R,13,TREND_DN,BRICK_CLOSE,src=primary color=R streak=13 o=27563.75 c=27547.75 hi=27563.75 lo=27547.75
2026-05-01 05:54:01,3048,27575.75,27602.62,27566.01,27581.38,44.31,19.21,28.0,0.0,110.0,0.0,110.0,0.00,-1,0.0,0,0,0.00,0.00,0.00,0.00,,0.0,0,0,0.00,AUTO,,AGGR+CHP+ADP+RUN-EXT+PW+DLK+SLC+TPE+NWS+,SELL,55.0,1.40,0,0,0.00,0.00,0.00,0.00,0,0,0,0,3.0,-49.50,-49.50,-25.25,-98.75,412.50,R,13,TREND_DN,HEARTBEAT,tradesToday=0 openDca=0
2026-05-01 05:54:01,3048,27575.75,27602.62,27566.01,27581.38,44.31,19.21,28.0,0.0,110.0,0.0,110.0,0.00,-1,0.0,0,0,0.00,0.00,0.00,0.00,,0.0,0,0,0.00,AUTO,,AGGR+CHP+ADP+RUN-EXT+PW+DLK+SLC+TPE+NWS+,SELL,55.0,1.40,0,0,0.00,0.00,0.00,0.00,0,0,0,0,3.0,-49.50,-49.50,-25.25,-98.75,412.50,R,13,UNKNOWN,REGIME_CHANGE,from=TREND_DN to=UNKNOWN adx=28.0 slope=3.05 atr/avg=1.02 eStack=0 distVwapAtr=-1.40 nr=Rx13 flips4=1
2026-05-01 05:54:01,3048,27575.75,27598.41,27566.01,27581.38,44.31,19.21,28.0,0.0,23.7,0.0,23.7,0.00,-1,0.0,0,0,0.00,0.00,0.00,0.00,,0.0,0,0,0.00,AUTO,,AGGR+CHP+ADP+RUN-EXT+PW+DLK+SLC+TPE+NWS+,SELL,55.0,1.18,0,0,0.00,0.00,0.00,0.00,0,0,0,0,3.0,-49.50,-49.50,-25.25,-98.75,412.50,R,13,UNKNOWN,SIGNAL,
2026-05-01 05:54:01,3048,27575.75,27598.41,27566.01,27581.38,44.31,19.21,28.0,0.0,23.7,0.0,23.7,0.00,-1,0.0,0,0,0.00,0.00,0.00,0.00,,0.0,0,0,0.00,AUTO,,AGGR+CHP+ADP+RUN-EXT+PW+DLK+SLC+TPE+NWS+,WAIT,55.0,1.18,0,0,0.00,0.00,0.00,0.00,0,0,0,0,3.0,-49.50,-49.50,-25.25,-98.75,412.50,R,13,UNKNOWN,BLOCK_AUTO,reason=outsideHours
2026-05-01 05:54:01,3048,27575.75,27598.41,27566.01,27581.38,44.31,19.21,28.0,0.0,23.7,0.0,23.7,0.00,-1,0.0,0,0,0.00,0.00,0.00,0.00,,0.0,0,0,0.00,AUTO,,AGGR+CHP+ADP+RUN-EXT+PW+DLK+SLC+TPE+NWS+,WAIT,55.0,1.18,0,0,0.00,0.00,0.00,0.00,0,0,0,0,3.0,-49.50,-49.50,-25.25,-98.75,412.50,R,13,UNKNOWN,WOULD_TRADE,blockedBy=outsideHours dir=SHORT regime=UNKNOWN streak=13 bullConf=0 bearConf=24
2026-05-01 06:17:39,3049,27579.75,27598.41,27568.76,27581.23,46.46,19.40,27.0,0.0,23.7,0.0,23.7,0.00,-1,0.0,0,0,0.00,0.00,0.00,0.00,,0.0,0,0,0.00,AUTO,,AGGR+CHP+ADP+RUN-EXT+PW+DLK+SLC+TPE+NWS+,WAIT,55.0,0.96,0,0,0.00,0.00,0.00,0.00,0,0,0,0,1.5,-45.50,-45.50,-21.25,-94.75,416.50,G,1,UNKNOWN,BRICK_CLOSE,src=primary color=G streak=1 o=27559.75 c=27575.75 hi=27575.75 lo=27545.50
2026-05-01 06:17:39,3049,27579.75,27598.41,27568.76,27581.23,46.46,19.40,27.0,0.0,23.7,0.0,23.7,0.00,-1,0.0,0,0,0.00,0.00,0.00,0.00,,0.0,0,0,0.00,AUTO,,AGGR+CHP+ADP+RUN-EXT+PW+DLK+SLC+TPE+NWS+,WAIT,55.0,0.96,0,0,0.00,0.00,0.00,0.00,0,0,0,0,1.5,-45.50,-45.50,-21.25,-94.75,416.50,G,1,UNKNOWN,RUN_END,color=R len=13 pts=36.0 maxFav=64.0 durSec=9505 startPx=27611.75 endPx=27575.75
2026-05-01 06:17:39,3049,27579.75,27598.41,27568.76,27581.23,46.46,19.40,27.0,0.0,23.7,0.0,23.7,0.00,-1,0.0,0,0,0.00,0.00,0.00,0.00,,0.0,0,0,0.00,AUTO,,AGGR+CHP+ADP+RUN-EXT+PW+DLK+SLC+TPE+NWS+,WAIT,55.0,0.96,0,0,0.00,0.00,0.00,0.00,0,0,0,0,1.5,-45.50,-45.50,-21.25,-94.75,416.50,G,1,UNKNOWN,HEARTBEAT,tradesToday=0 openDca=0
2026-05-01 06:17:39,3049,27579.75,27597.15,27568.76,27581.23,46.46,19.40,27.0,0.0,28.6,0.0,28.6,0.00,-1,0.0,0,0,0.00,0.00,0.00,0.00,,0.0,0,0,0.00,AUTO,,AGGR+CHP+ADP+RUN-EXT+PW+DLK+SLC+TPE+NWS+,WAIT,55.0,0.90,0,0,0.00,0.00,0.00,0.00,0,0,0,0,1.5,-45.50,-45.50,-21.25,-94.75,416.50,G,1,UNKNOWN,SIGNAL,
2026-05-01 06:17:39,3049,27579.75,27597.15,27568.76,27581.23,46.46,19.40,27.0,0.0,28.6,0.0,28.6,0.00,-1,0.0,0,0,0.00,0.00,0.00,0.00,,0.0,0,0,0.00,AUTO,,AGGR+CHP+ADP+RUN-EXT+PW+DLK+SLC+TPE+NWS+,WAIT,55.0,0.90,0,0,0.00,0.00,0.00,0.00,0,0,0,0,1.5,-45.50,-45.50,-21.25,-94.75,416.50,G,1,UNKNOWN,BLOCK_AUTO,reason=outsideHours
2026-05-01 06:39:13,3050,27551.75,27597.15,27565.36,27578.55,35.99,20.08,26.6,0.0,28.6,0.0,28.6,0.00,-1,0.0,0,0,0.00,0.00,0.00,0.00,,0.0,0,0,0.00,AUTO,,AGGR+CHP+ADP+RUN-EXT+PW+DLK+SLC+TPE+NWS+,WAIT,55.0,2.26,0,0,0.00,0.00,0.00,0.00,0,0,0,-1,0.3,-73.50,-73.50,-49.25,-122.75,388.50,G,2,UNKNOWN,BRICK_CLOSE,src=primary color=G streak=2 o=27563.75 c=27579.75 hi=27579.75 lo=27558.00
2026-05-01 06:39:13,3050,27551.75,27597.15,27565.36,27578.55,35.99,20.08,26.6,0.0,28.6,0.0,28.6,0.00,-1,0.0,0,0,0.00,0.00,0.00,0.00,,0.0,0,0,0.00,AUTO,,AGGR+CHP+ADP+RUN-EXT+PW+DLK+SLC+TPE+NWS+,WAIT,55.0,2.26,0,0,0.00,0.00,0.00,0.00,0,0,0,-1,0.3,-73.50,-73.50,-49.25,-122.75,388.50,G,2,UNKNOWN,HEARTBEAT,tradesToday=0 openDca=0
2026-05-01 06:39:13,3050,27551.75,27595.35,27565.36,27578.55,35.99,20.08,26.6,0.0,81.5,0.0,81.5,0.00,-1,0.0,0,0,0.00,0.00,0.00,0.00,,0.0,0,0,0.00,AUTO,,AGGR+CHP+ADP+RUN-EXT+PW+DLK+SLC+TPE+NWS+,WAIT,55.0,2.17,0,0,0.00,0.00,0.00,0.00,0,0,0,-1,0.3,-73.50,-73.50,-49.25,-122.75,388.50,G,2,UNKNOWN,SIGNAL,
2026-05-01 06:39:13,3050,27551.75,27595.35,27565.36,27578.55,35.99,20.08,26.6,0.0,81.5,0.0,81.5,0.00,-1,0.0,0,0,0.00,0.00,0.00,0.00,,0.0,0,0,0.00,AUTO,,AGGR+CHP+ADP+RUN-EXT+PW+DLK+SLC+TPE+NWS+,SELL,55.0,2.17,0,0,0.00,0.00,0.00,0.00,0,0,0,-1,0.3,-73.50,-73.50,-49.25,-122.75,388.50,G,2,UNKNOWN,BLOCK_AUTO,reason=outsideHours
2026-05-01 06:39:16,3051,27547.75,27595.35,27561.84,27575.75,34.79,19.79,26.5,0.0,81.5,0.0,81.5,0.00,-1,0.0,0,0,0.00,0.00,0.00,0.00,,0.0,0,0,0.00,AUTO,,AGGR+CHP+ADP+RUN-EXT+PW+DLK+SLC+TPE+NWS+,SELL,55.0,2.41,0,0,0.00,0.00,0.00,0.00,0,0,0,-1,-0.8,-77.50,-77.50,-53.25,-126.75,384.50,R,1,UNKNOWN,BRICK_CLOSE,src=primary color=R streak=1 o=27567.75 c=27551.75 hi=27580.75 lo=27551.75
2026-05-01 06:39:16,3051,27547.75,27595.35,27561.84,27575.75,34.79,19.79,26.5,0.0,81.5,0.0,81.5,0.00,-1,0.0,0,0,0.00,0.00,0.00,0.00,,0.0,0,0,0.00,AUTO,,AGGR+CHP+ADP+RUN-EXT+PW+DLK+SLC+TPE+NWS+,SELL,55.0,2.41,0,0,0.00,0.00,0.00,0.00,0,0,0,-1,-0.8,-77.50,-77.50,-53.25,-126.75,384.50,R,1,UNKNOWN,RUN_END,color=G len=2 pts=8.0 maxFav=20.0 durSec=1298 startPx=27559.75 endPx=27551.75
2026-05-01 06:39:16,3051,27547.75,27595.16,27561.84,27575.75,34.79,19.79,26.5,0.0,71.5,0.0,71.5,0.00,-1,0.0,0,0,0.00,0.00,0.00,0.00,,0.0,0,0,0.00,AUTO,,AGGR+CHP+ADP+RUN-EXT+PW+DLK+SLC+TPE+NWS+,SELL,55.0,2.40,0,0,0.00,0.00,0.00,0.00,0,0,0,-1,-0.8,-77.50,-77.50,-53.25,-126.75,384.50,R,1,UNKNOWN,SIGNAL,
2026-05-01 06:39:16,3051,27547.75,27595.16,27561.84,27575.75,34.79,19.79,26.5,0.0,71.5,0.0,71.5,0.00,-1,0.0,0,0,0.00,0.00,0.00,0.00,,0.0,0,0,0.00,AUTO,,AGGR+CHP+ADP+RUN-EXT+PW+DLK+SLC+TPE+NWS+,SELL,55.0,2.40,0,0,0.00,0.00,0.00,0.00,0,0,0,-1,-0.8,-77.50,-77.50,-53.25,-126.75,384.50,R,1,UNKNOWN,BLOCK_AUTO,reason=outsideHours
2026-05-01 06:39:41,3052,27543.75,27595.16,27558.22,27572.84,33.58,19.52,26.8,0.0,71.5,0.0,71.5,0.00,-1,0.0,0,0,0.00,0.00,0.00,0.00,,0.0,0,0,0.00,AUTO,,AGGR+CHP+ADP+RUN-EXT+PW+DLK+SLC+TPE+NWS+,SELL,55.0,2.63,0,0,0.00,0.00,0.00,0.00,0,0,0,-1,-1.8,-81.50,-81.50,-57.25,-130.75,380.50,R,2,UNKNOWN,BRICK_CLOSE,src=primary color=R streak=2 o=27563.75 c=27547.75 hi=27563.75 lo=27547.75
2026-05-01 06:39:41,3052,27543.75,27594.94,27558.22,27572.84,33.58,19.52,26.8,0.0,53.9,0.0,53.9,0.00,-1,0.0,0,0,0.00,0.00,0.00,0.00,,0.0,0,0,0.00,AUTO,,AGGR+CHP+ADP+RUN-EXT+PW+DLK+SLC+TPE+NWS+,SELL,55.0,2.62,0,0,0.00,0.00,0.00,0.00,0,0,0,-1,-1.8,-81.50,-81.50,-57.25,-130.75,380.50,R,2,UNKNOWN,SIGNAL,
2026-05-01 06:39:41,3052,27543.75,27594.94,27558.22,27572.84,33.58,19.52,26.8,0.0,53.9,0.0,53.9,0.00,-1,0.0,0,0,0.00,0.00,0.00,0.00,,0.0,0,0,0.00,AUTO,,AGGR+CHP+ADP+RUN-EXT+PW+DLK+SLC+TPE+NWS+,WAIT,55.0,2.62,0,0,0.00,0.00,0.00,0.00,0,0,0,-1,-1.8,-81.50,-81.50,-57.25,-130.75,380.50,R,2,UNKNOWN,BLOCK_AUTO,reason=outsideHours
2026-05-01 06:40:01,3053,27539.75,27594.94,27554.53,27569.84,32.36,19.27,27.3,0.0,53.9,0.0,53.9,0.00,-1,0.0,0,0,0.00,0.00,0.00,0.00,,0.0,0,0,0.00,AUTO,,AGGR+CHP+ADP+RUN-EXT+PW+DLK+SLC+TPE+NWS+,WAIT,55.0,2.86,0,0,0.00,0.00,0.00,0.00,0,0,0,-1,-0.7,-85.50,-85.50,-61.25,-134.75,376.50,R,3,UNKNOWN,BRICK_CLOSE,src=primary color=R streak=3 o=27559.75 c=27543.75 hi=27559.75 lo=27543.75
2026-05-01 06:40:01,3053,27539.75,27594.73,27554.53,27569.84,32.36,19.27,27.3,0.0,77.0,0.0,77.0,0.00,-1,0.0,0,0,0.00,0.00,0.00,0.00,,0.0,0,0,0.00,AUTO,,AGGR+CHP+ADP+RUN-EXT+PW+DLK+SLC+TPE+NWS+,WAIT,55.0,2.85,0,0,0.00,0.00,0.00,0.00,0,0,0,-1,-0.7,-85.50,-85.50,-61.25,-134.75,376.50,R,3,UNKNOWN,SIGNAL,
2026-05-01 06:40:01,3053,27539.75,27594.73,27554.53,27569.84,32.36,19.27,27.3,0.0,77.0,0.0,77.0,0.00,-1,0.0,0,0,0.00,0.00,0.00,0.00,,0.0,0,0,0.00,AUTO,,AGGR+CHP+ADP+RUN-EXT+PW+DLK+SLC+TPE+NWS+,SELL,55.0,2.85,0,0,0.00,0.00,0.00,0.00,0,0,0,-1,-0.7,-85.50,-85.50,-61.25,-134.75,376.50,R,3,UNKNOWN,BLOCK_AUTO,reason=outsideHours
2026-05-01 06:56:47,3054,27567.75,27594.73,27557.17,27569.65,46.84,20.14,26.3,0.0,77.0,0.0,77.0,0.00,-1,0.0,0,0,0.00,0.00,0.00,0.00,,0.0,0,0,0.00,AUTO,,AGGR+CHP+ADP+RUN-EXT+PW+DLK+SLC+TPE+NWS+,SELL,55.0,1.34,0,0,0.00,0.00,0.00,0.00,0,0,0,0,-0.7,-57.50,-57.50,-33.25,-106.75,404.50,R,4,UNKNOWN,BRICK_CLOSE,src=primary color=R streak=4 o=27555.75 c=27539.75 hi=27555.75 lo=27539.75
2026-05-01 06:56:47,3054,27567.75,27594.73,27557.17,27569.65,46.84,20.14,26.3,0.0,77.0,0.0,77.0,0.00,-1,0.0,0,0,0.00,0.00,0.00,0.00,,0.0,0,0,0.00,AUTO,,AGGR+CHP+ADP+RUN-EXT+PW+DLK+SLC+TPE+NWS+,SELL,55.0,1.34,0,0,0.00,0.00,0.00,0.00,0,0,0,0,-0.7,-57.50,-57.50,-33.25,-106.75,404.50,R,4,UNKNOWN,HEARTBEAT,tradesToday=0 openDca=0
2026-05-01 06:56:47,3054,27567.75,27592.92,27557.17,27569.65,46.84,20.14,26.3,0.0,25.4,0.0,25.4,0.00,-1,0.0,0,0,0.00,0.00,0.00,0.00,,0.0,0,0,0.00,AUTO,,AGGR+CHP+ADP+RUN-EXT+PW+DLK+SLC+TPE+NWS+,SELL,55.0,1.25,0,0,0.00,0.00,0.00,0.00,0,0,0,0,-0.7,-57.50,-57.50,-33.25,-106.75,404.50,R,4,UNKNOWN,SIGNAL,
2026-05-01 06:56:47,3054,27567.75,27592.92,27557.17,27569.65,46.84,20.14,26.3,0.0,25.4,0.0,25.4,0.00,-1,0.0,0,0,0.00,0.00,0.00,0.00,,0.0,0,0,0.00,AUTO,,AGGR+CHP+ADP+RUN-EXT+PW+DLK+SLC+TPE+NWS+,WAIT,55.0,1.25,0,0,0.00,0.00,0.00,0.00,0,0,0,0,-0.7,-57.50,-57.50,-33.25,-106.75,404.50,R,4,UNKNOWN,BLOCK_AUTO,reason=outsideHours
2026-05-01 07:00:00,3055,27571.75,27592.92,27560.09,27569.84,48.54,19.85,24.9,0.0,25.4,0.0,25.4,0.00,-1,0.0,0,0,0.00,0.00,0.00,0.00,,0.0,0,0,0.00,AUTO,,AGGR+CHP+ADP+RUN-EXT+PW+DLK+SLC+TPE+NWS+,WAIT,55.0,1.07,0,0,0.00,0.00,0.00,0.00,0,0,0,0,-1.7,-53.50,-53.50,-29.25,-102.75,408.50,G,1,UNKNOWN,BRICK_CLOSE,src=primary color=G streak=1 o=27551.75 c=27567.75 hi=27567.75 lo=27536.25
2026-05-01 07:00:00,3055,27571.75,27592.92,27560.09,27569.84,48.54,19.85,24.9,0.0,25.4,0.0,25.4,0.00,-1,0.0,0,0,0.00,0.00,0.00,0.00,,0.0,0,0,0.00,AUTO,,AGGR+CHP+ADP+RUN-EXT+PW+DLK+SLC+TPE+NWS+,WAIT,55.0,1.07,0,0,0.00,0.00,0.00,0.00,0,0,0,0,-1.7,-53.50,-53.50,-29.25,-102.75,408.50,G,1,UNKNOWN,RUN_END,color=R len=4 pts=0.0 maxFav=28.0 durSec=1243 startPx=27567.75 endPx=27567.75
2026-05-01 07:00:00,3055,27571.75,27592.63,27560.09,27569.84,48.54,19.85,24.9,0.0,18.0,0.0,18.0,0.00,-1,0.0,0,0,0.00,0.00,0.00,0.00,,0.0,0,0,0.00,AUTO,,AGGR+CHP+ADP+RUN-EXT+PW+DLK+SLC+TPE+NWS+,WAIT,55.0,1.05,0,0,0.00,0.00,0.00,0.00,0,0,0,0,-1.7,-53.50,-53.50,-29.25,-102.75,408.50,G,1,UNKNOWN,SIGNAL,
2026-05-01 07:00:00,3055,27571.75,27592.63,27560.09,27569.84,48.54,19.85,24.9,0.0,18.0,0.0,18.0,0.00,-1,0.0,0,0,0.00,0.00,0.00,0.00,,0.0,0,0,0.00,AUTO,,AGGR+CHP+ADP+RUN-EXT+PW+DLK+SLC+TPE+NWS+,WAIT,55.0,1.05,0,0,0.00,0.00,0.00,0.00,0,0,0,0,-1.7,-53.50,-53.50,-29.25,-102.75,408.50,G,1,UNKNOWN,BLOCK_AUTO,reason=outsideHours
2026-05-01 07:10:14,3056,27543.75,27592.63,27556.82,27567.47,39.13,20.66,24.6,0.0,18.0,0.0,18.0,0.00,-1,0.0,0,0,0.00,0.00,0.00,0.00,,0.0,0,0,0.00,AUTO,,AGGR+CHP+ADP+RUN-EXT+PW+DLK+SLC+TPE+NWS+,WAIT,55.0,2.37,0,0,0.00,0.00,0.00,0.00,0,0,0,-1,-1.9,-81.50,-81.50,-57.25,-130.75,380.50,G,2,UNKNOWN,BRICK_CLOSE,src=primary color=G streak=2 o=27555.75 c=27571.75 hi=27571.75 lo=27555.75
2026-05-01 07:10:14,3056,27543.75,27592.63,27556.82,27567.47,39.13,20.66,24.6,0.0,18.0,0.0,18.0,0.00,-1,0.0,0,0,0.00,0.00,0.00,0.00,,0.0,0,0,0.00,AUTO,,AGGR+CHP+ADP+RUN-EXT+PW+DLK+SLC+TPE+NWS+,WAIT,55.0,2.37,0,0,0.00,0.00,0.00,0.00,0,0,0,-1,-1.9,-81.50,-81.50,-57.25,-130.75,380.50,G,2,UNKNOWN,HEARTBEAT,tradesToday=0 openDca=0
2026-05-01 07:10:14,3056,27543.75,27591.30,27556.82,27567.47,39.13,20.66,24.6,0.0,60.1,0.0,60.1,0.00,-1,0.0,0,0,0.00,0.00,0.00,0.00,,0.0,0,0,0.00,AUTO,,AGGR+CHP+ADP+RUN-EXT+PW+DLK+SLC+TPE+NWS+,WAIT,55.0,2.30,0,0,0.00,0.00,0.00,0.00,0,0,0,-1,-1.9,-81.50,-81.50,-57.25,-130.75,380.50,G,2,UNKNOWN,SIGNAL,
2026-05-01 07:10:14,3056,27543.75,27591.30,27556.82,27567.47,39.13,20.66,24.6,0.0,60.1,0.0,60.1,0.00,-1,0.0,0,0,0.00,0.00,0.00,0.00,,0.0,0,0,0.00,AUTO,,AGGR+CHP+ADP+RUN-EXT+PW+DLK+SLC+TPE+NWS+,SELL,55.0,2.30,0,0,0.00,0.00,0.00,0.00,0,0,0,-1,-1.9,-81.50,-81.50,-57.25,-130.75,380.50,G,2,UNKNOWN,BLOCK_AUTO,reason=outsideHours
2026-05-01 07:32:50,3057,27539.75,27591.30,27553.41,27564.95,38.00,20.95,24.6,0.0,60.1,0.0,60.1,0.00,-1,0.0,0,0,0.00,0.00,0.00,0.00,,0.0,0,0,0.00,AUTO,,AGGR+CHP+ADP+RUN-EXT+PW+DLK+SLC+TPE+NWS+,SELL,55.0,2.46,0,0,0.00,0.00,0.00,0.00,0,0,0,-1,-2.2,-85.50,-85.50,-61.25,-134.75,376.50,R,1,UNKNOWN,BRICK_CLOSE,src=primary color=R streak=1 o=27559.75 c=27543.75 hi=27575.00 lo=27543.75
2026-05-01 07:32:50,3057,27539.75,27591.30,27553.41,27564.95,38.00,20.95,24.6,0.0,60.1,0.0,60.1,0.00,-1,0.0,0,0,0.00,0.00,0.00,0.00,,0.0,0,0,0.00,AUTO,,AGGR+CHP+ADP+RUN-EXT+PW+DLK+SLC+TPE+NWS+,SELL,55.0,2.46,0,0,0.00,0.00,0.00,0.00,0,0,0,-1,-2.2,-85.50,-85.50,-61.25,-134.75,376.50,R,1,UNKNOWN,RUN_END,color=G len=2 pts=8.0 maxFav=20.0 durSec=1970 startPx=27551.75 endPx=27543.75
2026-05-01 07:32:50,3057,27539.75,27591.30,27553.41,27564.95,38.00,20.95,24.6,0.0,60.1,0.0,60.1,0.00,-1,0.0,0,0,0.00,0.00,0.00,0.00,,0.0,0,0,0.00,AUTO,,AGGR+CHP+ADP+RUN-EXT+PW+DLK+SLC+TPE+NWS+,SELL,55.0,2.46,0,0,0.00,0.00,0.00,0.00,0,0,0,-1,-2.2,-85.50,-85.50,-61.25,-134.75,376.50,R,1,UNKNOWN,HEARTBEAT,tradesToday=0 openDca=0
2026-05-01 07:32:50,3057,27539.75,27588.49,27553.41,27564.95,38.00,20.95,24.6,0.0,81.5,0.0,81.5,0.00,-1,0.0,0,0,0.00,0.00,0.00,0.00,,0.0,0,0,0.00,AUTO,,AGGR+CHP+ADP+RUN-EXT+PW+DLK+SLC+TPE+NWS+,SELL,55.0,2.33,0,0,0.00,0.00,0.00,0.00,0,0,0,-1,-2.2,-85.50,-85.50,-61.25,-134.75,376.50,R,1,UNKNOWN,SIGNAL,
2026-05-01 07:32:50,3057,27539.75,27588.49,27553.41,27564.95,38.00,20.95,24.6,0.0,81.5,0.0,81.5,0.00,-1,0.0,0,0,0.00,0.00,0.00,0.00,,0.0,0,0,0.00,AUTO,,AGGR+CHP+ADP+RUN-EXT+PW+DLK+SLC+TPE+NWS+,SELL,55.0,2.33,0,0,0.00,0.00,0.00,0.00,0,0,0,-1,-2.2,-85.50,-85.50,-61.25,-134.75,376.50,R,1,UNKNOWN,BLOCK_AUTO,reason=outsideHours
2026-05-01 08:00:21,3058,27567.75,27588.49,27556.27,27565.20,49.11,21.63,24.2,0.0,81.5,0.0,81.5,0.00,-1,0.0,0,0,0.00,0.00,0.00,0.00,,0.0,0,0,0.00,AUTO,,AGGR+CHP+ADP+RUN-EXT+PW+DLK+SLC+TPE+NWS+,SELL,55.0,0.96,0,0,0.00,0.00,0.00,0.00,0,0,0,0,-3.0,-57.50,-57.50,-33.25,-106.75,404.50,R,2,UNKNOWN,BRICK_CLOSE,src=primary color=R streak=2 o=27555.75 c=27539.75 hi=27564.50 lo=27539.75
2026-05-01 08:00:21,3058,27567.75,27588.49,27556.27,27565.20,49.11,21.63,24.2,0.0,81.5,0.0,81.5,0.00,-1,0.0,0,0,0.00,0.00,0.00,0.00,,0.0,0,0,0.00,AUTO,,AGGR+CHP+ADP+RUN-EXT+PW+DLK+SLC+TPE+NWS+,SELL,55.0,0.96,0,0,0.00,0.00,0.00,0.00,0,0,0,0,-3.0,-57.50,-57.50,-33.25,-106.75,404.50,R,2,UNKNOWN,HEARTBEAT,tradesToday=0 openDca=0
2026-05-01 08:00:21,3058,27567.75,27585.92,27556.27,27565.20,49.11,21.63,24.2,0.0,25.8,0.0,25.8,0.00,-1,0.0,0,0,0.00,0.00,0.00,0.00,,0.0,0,0,0.00,AUTO,,AGGR+CHP+ADP+RUN-EXT+PW+DLK+SLC+TPE+NWS+,SELL,55.0,0.84,0,0,0.00,0.00,0.00,0.00,0,0,0,0,-3.0,-57.50,-57.50,-33.25,-106.75,404.50,R,2,UNKNOWN,SIGNAL,
2026-05-01 08:00:21,3058,27567.75,27585.92,27556.27,27565.20,49.11,21.63,24.2,0.0,25.8,0.0,25.8,0.00,-1,0.0,0,0,0.00,0.00,0.00,0.00,,0.0,0,0,0.00,AUTO,,AGGR+CHP+ADP+RUN-EXT+PW+DLK+SLC+TPE+NWS+,WAIT,55.0,0.84,0,0,0.00,0.00,0.00,0.00,0,0,0,0,-3.0,-57.50,-57.50,-33.25,-106.75,404.50,R,2,UNKNOWN,BLOCK_AUTO,reason=outsideHours
2026-05-01 08:00:54,3059,27571.75,27585.92,27559.37,27565.80,50.47,21.23,23.4,0.0,25.8,0.0,25.8,0.00,-1,0.0,0,0,0.00,0.00,0.00,0.00,,0.0,0,0,0.00,AUTO,,AGGR+CHP+ADP+RUN-EXT+PW+DLK+SLC+TPE+NWS+,WAIT,55.0,0.67,0,0,0.00,0.00,0.00,0.00,0,0,0,0,-2.8,-53.50,-53.50,-29.25,-102.75,408.50,G,1,UNKNOWN,BRICK_CLOSE,src=primary color=G streak=1 o=27551.75 c=27567.75 hi=27567.75 lo=27537.25
2026-05-01 08:00:54,3059,27571.75,27585.92,27559.37,27565.80,50.47,21.23,23.4,0.0,25.8,0.0,25.8,0.00,-1,0.0,0,0,0.00,0.00,0.00,0.00,,0.0,0,0,0.00,AUTO,,AGGR+CHP+ADP+RUN-EXT+PW+DLK+SLC+TPE+NWS+,WAIT,55.0,0.67,0,0,0.00,0.00,0.00,0.00,0,0,0,0,-2.8,-53.50,-53.50,-29.25,-102.75,408.50,G,1,UNKNOWN,RUN_END,color=R len=2 pts=8.0 maxFav=20.0 durSec=1685 startPx=27559.75 endPx=27567.75
2026-05-01 08:00:54,3059,27571.75,27585.85,27559.37,27565.80,50.47,21.23,23.4,0.0,25.3,0.0,25.3,0.00,-1,0.0,0,0,0.00,0.00,0.00,0.00,,0.0,0,0,0.00,AUTO,,AGGR+CHP+ADP+RUN-EXT+PW+DLK+SLC+TPE+NWS+,WAIT,55.0,0.66,0,0,0.00,0.00,0.00,0.00,0,0,0,0,-2.8,-53.50,-53.50,-29.25,-102.75,408.50,G,1,UNKNOWN,SIGNAL,
2026-05-01 08:00:54,3059,27571.75,27585.85,27559.37,27565.80,50.47,21.23,23.4,0.0,25.3,0.0,25.3,0.00,-1,0.0,0,0,0.00,0.00,0.00,0.00,,0.0,0,0,0.00,AUTO,,AGGR+CHP+ADP+RUN-EXT+PW+DLK+SLC+TPE+NWS+,WAIT,55.0,0.66,0,0,0.00,0.00,0.00,0.00,0,0,0,0,-2.8,-53.50,-53.50,-29.25,-102.75,408.50,G,1,UNKNOWN,BLOCK_AUTO,reason=outsideHours
2026-05-01 08:12:25,3060,27575.75,27585.85,27562.65,27566.70,51.86,21.77,23.4,0.0,25.3,0.0,25.3,0.00,-1,0.0,0,0,0.00,0.00,0.00,0.00,,0.0,0,0,0.00,AUTO,,AGGR+CHP+ADP+RUN-EXT+PW+DLK+SLC+TPE+NWS+,WAIT,55.0,0.46,0,0,0.00,0.00,0.00,0.00,0,0,0,0,-1.5,-49.50,-49.50,-25.25,-98.75,412.50,G,2,UNKNOWN,BRICK_CLOSE,src=primary color=G streak=2 o=27555.75 c=27571.75 hi=27571.75 lo=27555.75
2026-05-01 08:12:25,3060,27575.75,27585.85,27562.65,27566.70,51.86,21.77,23.4,0.0,25.3,0.0,25.3,0.00,-1,0.0,0,0,0.00,0.00,0.00,0.00,,0.0,0,0,0.00,AUTO,,AGGR+CHP+ADP+RUN-EXT+PW+DLK+SLC+TPE+NWS+,WAIT,55.0,0.46,0,0,0.00,0.00,0.00,0.00,0,0,0,0,-1.5,-49.50,-49.50,-25.25,-98.75,412.50,G,2,UNKNOWN,HEARTBEAT,tradesToday=0 openDca=0
2026-05-01 08:12:25,3060,27575.75,27584.48,27562.65,27566.70,51.86,21.77,23.4,0.0,25.4,0.0,25.4,0.00,-1,0.0,0,0,0.00,0.00,0.00,0.00,,0.0,0,0,0.00,AUTO,,AGGR+CHP+ADP+RUN-EXT+PW+DLK+SLC+TPE+NWS+,WAIT,55.0,0.40,0,0,0.00,0.00,0.00,0.00,0,0,0,0,-1.5,18.25,-30.00,30.75,-98.75,412.50,G,2,UNKNOWN,SIGNAL,
2026-05-01 08:12:25,3060,27575.75,27584.48,27562.65,27566.70,51.86,21.77,23.4,0.0,25.4,0.0,25.4,0.00,-1,0.0,0,0,0.00,0.00,0.00,0.00,,0.0,0,0,0.00,AUTO,,AGGR+CHP+ADP+RUN-EXT+PW+DLK+SLC+TPE+NWS+,WAIT,55.0,0.40,0,0,0.00,0.00,0.00,0.00,0,0,0,0,-1.5,18.25,-30.00,30.75,-98.75,412.50,G,2,UNKNOWN,BLOCK_AUTO,reason=outsideHours
2026-05-01 08:12:25,3061,27579.75,27584.48,27566.07,27567.89,53.27,21.36,22.9,0.0,25.4,0.0,25.4,0.00,-1,0.0,0,0,0.00,0.00,0.00,0.00,,0.0,0,0,0.00,AUTO,,AGGR+CHP+ADP+RUN-EXT+PW+DLK+SLC+TPE+NWS+,WAIT,55.0,0.22,0,0,0.00,0.00,0.00,0.00,0,0,0,0,-1.7,22.25,-26.00,34.75,-94.75,416.50,G,3,UNKNOWN,BRICK_CLOSE,src=primary color=G streak=3 o=27559.75 c=27575.75 hi=27575.75 lo=27547.00
2026-05-01 08:12:25,3061,27579.75,27584.47,27566.07,27567.89,53.27,21.36,22.9,0.0,15.5,0.0,15.5,0.00,-1,0.0,0,0,0.00,0.00,0.00,0.00,,0.0,0,0,0.00,AUTO,,AGGR+CHP+ADP+RUN-EXT+PW+DLK+SLC+TPE+NWS+,WAIT,55.0,0.22,0,0,0.00,0.00,0.00,0.00,0,0,0,0,-1.7,22.25,-26.00,34.75,-94.75,416.50,G,3,UNKNOWN,SIGNAL,
2026-05-01 08:12:25,3061,27579.75,27584.47,27566.07,27567.89,53.27,21.36,22.9,0.0,15.5,0.0,15.5,0.00,-1,0.0,0,0,0.00,0.00,0.00,0.00,,0.0,0,0,0.00,AUTO,,AGGR+CHP+ADP+RUN-EXT+PW+DLK+SLC+TPE+NWS+,WAIT,55.0,0.22,0,0,0.00,0.00,0.00,0.00,0,0,0,0,-1.7,22.25,-26.00,34.75,-94.75,416.50,G,3,UNKNOWN,BLOCK_AUTO,reason=outsideHours
2026-05-01 08:12:26,3062,27583.75,27584.47,27569.60,27569.33,54.71,20.97,22.0,0.0,15.5,0.0,15.5,0.00,-1,0.0,0,0,0.00,0.00,0.00,0.00,,0.0,0,0,0.00,AUTO,,AGGR+CHP+ADP+RUN-EXT+PW+DLK+SLC+TPE+NWS+,WAIT,55.0,0.03,0,0,0.00,0.00,0.00,0.00,0,0,0,1,-2.6,26.25,-22.00,38.75,-90.75,420.50,G,4,UNKNOWN,BRICK_CLOSE,src=primary color=G streak=4 o=27563.75 c=27579.75 hi=27579.75 lo=27563.75
2026-05-01 08:12:26,3062,27583.75,27584.47,27569.60,27569.33,54.71,20.97,22.0,0.0,15.5,0.0,15.5,0.00,-1,0.0,0,0,0.00,0.00,0.00,0.00,,0.0,0,0,0.00,AUTO,,AGGR+CHP+ADP+RUN-EXT+PW+DLK+SLC+TPE+NWS+,WAIT,55.0,0.03,0,0,0.00,0.00,0.00,0.00,0,0,0,1,-2.6,26.25,-22.00,38.75,-90.75,420.50,G,4,CHOP,REGIME_CHANGE,from=UNKNOWN to=CHOP adx=22.0 slope=-2.61 atr/avg=1.05 eStack=1 distVwapAtr=-0.03 nr=Gx4 flips4=0
2026-05-01 08:12:26,3062,27583.75,27584.43,27569.60,27569.33,54.71,20.97,22.0,47.5,0.0,47.5,0.0,0.00,0,0.0,0,0,0.00,0.00,0.00,0.00,,0.0,0,0,0.00,AUTO,,AGGR+CHP+ADP+RUN-EXT+PW+DLK+SLC+TPE+NWS+,WAIT,55.0,0.03,0,0,0.00,0.00,0.00,0.00,0,0,0,1,-2.6,26.25,-22.00,38.75,-90.75,420.50,G,4,CHOP,SIGNAL,
2026-05-01 08:12:26,3062,27583.75,27584.43,27569.60,27569.33,54.71,20.97,22.0,47.5,0.0,47.5,0.0,0.00,0,0.0,0,0,0.00,0.00,0.00,0.00,,0.0,0,0,0.00,AUTO,,AGGR+CHP+ADP+RUN-EXT+PW+DLK+SLC+TPE+NWS+,WAIT,55.0,0.03,0,0,0.00,0.00,0.00,0.00,0,0,0,1,-2.6,26.25,-22.00,38.75,-90.75,420.50,G,4,CHOP,BLOCK_AUTO,reason=outsideHours
2026-05-01 08:12:26,3063,27587.75,27584.43,27573.23,27571.00,56.15,20.62,20.7,47.5,0.0,47.5,0.0,0.00,0,0.0,0,0,0.00,0.00,0.00,0.00,,0.0,0,0,0.00,AUTO,,AGGR+CHP+ADP+RUN-EXT+PW+DLK+SLC+TPE+NWS+,WAIT,55.0,0.16,0,0,0.00,0.00,0.00,0.00,0,0,0,1,-3.5,30.25,-18.00,42.75,-86.75,424.50,G,5,CHOP,BRICK_CLOSE,src=primary color=G streak=5 o=27567.75 c=27583.75 hi=27583.75 lo=27567.75
2026-05-01 08:12:26,3063,27587.75,27584.43,27573.23,27571.00,56.15,20.62,20.7,85.0,0.0,85.0,0.0,0.00,0,0.0,0,0,0.00,0.00,0.00,0.00,,0.0,0,0,0.00,AUTO,,AGGR+CHP+ADP+RUN-EXT+PW+DLK+SLC+TPE+NWS+,WAIT,55.0,0.16,0,0,0.00,0.00,0.00,0.00,0,0,0,1,-3.5,30.25,-18.00,42.75,-86.75,424.50,G,5,CHOP,SIGNAL,
2026-05-01 08:12:26,3063,27587.75,27584.43,27573.23,27571.00,56.15,20.62,20.7,85.0,0.0,85.0,0.0,0.00,0,0.0,0,0,0.00,0.00,0.00,0.00,,0.0,0,0,0.00,AUTO,,AGGR+CHP+ADP+RUN-EXT+PW+DLK+SLC+TPE+NWS+,STRONG_BUY,55.0,0.16,0,0,0.00,0.00,0.00,0.00,0,0,0,1,-3.5,30.25,-18.00,42.75,-86.75,424.50,G,5,CHOP,BLOCK_AUTO,reason=outsideHours
2026-05-01 08:13:55,3064,27591.75,27584.43,27576.94,27572.89,57.61,20.97,20.1,85.0,0.0,85.0,0.0,0.00,0,0.0,0,0,0.00,0.00,0.00,0.00,,0.0,0,0,0.00,AUTO,,AGGR+CHP+ADP+RUN-EXT+PW+DLK+SLC+TPE+NWS+,STRONG_BUY,55.0,0.35,0,0,0.00,0.00,0.00,0.00,0,0,0,1,-3.4,34.25,-14.00,46.75,-82.75,428.50,G,6,CHOP,BRICK_CLOSE,src=primary color=G streak=6 o=27571.75 c=27587.75 hi=27587.75 lo=27571.75
2026-05-01 08:13:55,3064,27591.75,27584.40,27576.94,27572.89,57.61,20.97,20.1,65.0,0.0,65.0,0.0,0.00,0,0.0,0,0,0.00,0.00,0.00,0.00,,0.0,0,0,0.00,AUTO,,AGGR+CHP+ADP+RUN-EXT+PW+DLK+SLC+TPE+NWS+,STRONG_BUY,55.0,0.35,0,0,0.00,0.00,0.00,0.00,0,0,0,1,-3.4,34.25,-14.00,46.75,-82.75,428.50,G,6,CHOP,SIGNAL,
2026-05-01 08:13:55,3064,27591.75,27584.40,27576.94,27572.89,57.61,20.97,20.1,65.0,0.0,65.0,0.0,0.00,0,0.0,0,0,0.00,0.00,0.00,0.00,,0.0,0,0,0.00,AUTO,,AGGR+CHP+ADP+RUN-EXT+PW+DLK+SLC+TPE+NWS+,BUY,55.0,0.35,0,0,0.00,0.00,0.00,0.00,0,0,0,1,-3.4,34.25,-14.00,46.75,-82.75,428.50,G,6,CHOP,BLOCK_AUTO,reason=outsideHours
2026-05-01 08:14:04,3065,27595.75,27584.40,27580.70,27574.97,59.08,20.61,19.0,65.0,0.0,65.0,0.0,0.00,0,0.0,0,0,0.00,0.00,0.00,0.00,,0.0,0,0,0.00,AUTO,,AGGR+CHP+ADP+RUN-EXT+PW+DLK+SLC+TPE+NWS+,BUY,55.0,0.55,0,0,0.00,0.00,0.00,0.00,0,0,0,1,-4.4,38.25,-10.00,50.75,-78.75,432.50,G,7,CHOP,BRICK_CLOSE,src=primary color=G streak=7 o=27575.75 c=27591.75 hi=27591.75 lo=27566.25
2026-05-01 08:14:04,3065,27595.75,27584.40,27580.70,27574.97,59.08,20.61,19.0,65.0,0.0,65.0,0.0,0.00,0,0.0,0,0,0.00,0.00,0.00,0.00,,0.0,0,0,0.00,AUTO,,AGGR+CHP+ADP+RUN-EXT+PW+DLK+SLC+TPE+NWS+,BUY,55.0,0.55,0,0,0.00,0.00,0.00,0.00,0,0,0,1,-4.4,38.25,-10.00,50.75,-78.75,432.50,G,7,UNKNOWN,REGIME_CHANGE,from=CHOP to=UNKNOWN adx=19.0 slope=-4.36 atr/avg=1.02 eStack=1 distVwapAtr=0.55 nr=Gx7 flips4=0
2026-05-01 08:14:04,3065,27595.75,27584.43,27580.70,27574.97,59.08,20.61,19.0,80.0,0.0,80.0,0.0,0.00,0,0.0,0,0,0.00,0.00,0.00,0.00,,0.0,0,0,0.00,AUTO,,AGGR+CHP+ADP+RUN-EXT+PW+DLK+SLC+TPE+NWS+,BUY,55.0,0.55,0,0,0.00,0.00,0.00,0.00,0,0,0,1,-4.4,38.25,-10.00,50.75,-78.75,432.50,G,7,UNKNOWN,SIGNAL,
2026-05-01 08:14:04,3065,27595.75,27584.43,27580.70,27574.97,59.08,20.61,19.0,80.0,0.0,80.0,0.0,0.00,0,0.0,0,0,0.00,0.00,0.00,0.00,,0.0,0,0,0.00,AUTO,,AGGR+CHP+ADP+RUN-EXT+PW+DLK+SLC+TPE+NWS+,STRONG_BUY,55.0,0.55,0,0,0.00,0.00,0.00,0.00,0,0,0,1,-4.4,38.25,-10.00,50.75,-78.75,432.50,G,7,UNKNOWN,BLOCK_AUTO,reason=outsideHours
2026-05-01 08:14:07,3066,27599.75,27584.43,27584.51,27577.22,60.54,20.28,17.7,80.0,0.0,80.0,0.0,0.00,0,0.0,0,0,0.00,0.00,0.00,0.00,,0.0,0,0,0.00,AUTO,,AGGR+CHP+ADP+RUN-EXT+PW+DLK+SLC+TPE+NWS+,STRONG_BUY,55.0,0.76,0,0,0.00,0.00,0.00,0.00,0,0,0,1,-5.2,42.25,-6.00,54.75,-74.75,436.50,G,8,UNKNOWN,BRICK_CLOSE,src=primary color=G streak=8 o=27579.75 c=27595.75 hi=27595.75 lo=27579.75
2026-05-01 08:14:07,3066,27599.75,27584.45,27584.51,27577.22,60.54,20.28,17.7,50.0,0.0,50.0,0.0,0.00,0,0.0,0,0,0.00,0.00,0.00,0.00,,0.0,0,0,0.00,AUTO,,AGGR+CHP+ADP+RUN-EXT+PW+DLK+SLC+TPE+NWS+,STRONG_BUY,55.0,0.75,0,0,0.00,0.00,0.00,0.00,0,0,0,1,-5.2,42.25,-6.00,54.75,-74.75,436.50,G,8,UNKNOWN,SIGNAL,
2026-05-01 08:14:07,3066,27599.75,27584.45,27584.51,27577.22,60.54,20.28,17.7,50.0,0.0,50.0,0.0,0.00,0,0.0,0,0,0.00,0.00,0.00,0.00,,0.0,0,0,0.00,AUTO,,AGGR+CHP+ADP+RUN-EXT+PW+DLK+SLC+TPE+NWS+,WAIT,55.0,0.75,0,0,0.00,0.00,0.00,0.00,0,0,0,1,-5.2,42.25,-6.00,54.75,-74.75,436.50,G,8,UNKNOWN,BLOCK_AUTO,reason=outsideHours
2026-05-01 08:14:07,3066,27599.75,27584.45,27584.51,27577.22,60.54,20.28,17.7,50.0,0.0,50.0,0.0,0.00,0,0.0,0,0,0.00,0.00,0.00,0.00,,0.0,0,0,0.00,AUTO,,AGGR+CHP+ADP+RUN-EXT+PW+DLK+SLC+TPE+NWS+,WAIT,55.0,0.75,0,0,0.00,0.00,0.00,0.00,0,0,0,1,-5.2,42.25,-6.00,54.75,-74.75,436.50,G,8,UNKNOWN,WOULD_TRADE,blockedBy=outsideHours dir=LONG regime=UNKNOWN streak=8 bullConf=50 bearConf=0
2026-05-01 08:14:08,3067,27603.75,27584.45,27588.36,27579.63,62.01,19.98,16.9,50.0,0.0,50.0,0.0,0.00,0,0.0,0,0,0.00,0.00,0.00,0.00,,0.0,0,0,0.00,AUTO,,AGGR+CHP+ADP+RUN-EXT+PW+DLK+SLC+TPE+NWS+,WAIT,55.0,0.97,0,0,0.00,0.00,0.00,0.00,0,0,0,1,-5.1,46.25,-2.00,58.75,-70.75,440.50,G,9,UNKNOWN,BRICK_CLOSE,src=primary color=G streak=9 o=27583.75 c=27599.75 hi=27599.75 lo=27583.75
2026-05-01 08:14:08,3067,27603.75,27584.47,27588.36,27579.63,62.01,19.98,16.9,50.0,0.0,50.0,0.0,0.00,0,0.0,0,0,0.00,0.00,0.00,0.00,,0.0,0,0,0.00,AUTO,,AGGR+CHP+ADP+RUN-EXT+PW+DLK+SLC+TPE+NWS+,WAIT,55.0,0.97,0,0,0.00,0.00,0.00,0.00,0,0,0,1,-5.1,46.25,-2.00,58.75,-70.75,440.50,G,9,UNKNOWN,SIGNAL,
2026-05-01 08:14:08,3067,27603.75,27584.47,27588.36,27579.63,62.01,19.98,16.9,50.0,0.0,50.0,0.0,0.00,0,0.0,0,0,0.00,0.00,0.00,0.00,,0.0,0,0,0.00,AUTO,,AGGR+CHP+ADP+RUN-EXT+PW+DLK+SLC+TPE+NWS+,WAIT,55.0,0.97,0,0,0.00,0.00,0.00,0.00,0,0,0,1,-5.1,46.25,-2.00,58.75,-70.75,440.50,G,9,UNKNOWN,BLOCK_AUTO,reason=outsideHours
2026-05-01 08:14:08,3067,27603.75,27584.47,27588.36,27579.63,62.01,19.98,16.9,50.0,0.0,50.0,0.0,0.00,0,0.0,0,0,0.00,0.00,0.00,0.00,,0.0,0,0,0.00,AUTO,,AGGR+CHP+ADP+RUN-EXT+PW+DLK+SLC+TPE+NWS+,WAIT,55.0,0.97,0,0,0.00,0.00,0.00,0.00,0,0,0,1,-5.1,46.25,-2.00,58.75,-70.75,440.50,G,9,UNKNOWN,WOULD_TRADE,blockedBy=outsideHours dir=LONG regime=UNKNOWN streak=9 bullConf=50 bearConf=0
2026-05-01 08:14:19,3068,27607.75,27584.47,27592.24,27582.19,63.48,19.69,16.5,50.0,0.0,50.0,0.0,0.00,0,0.0,0,0,0.00,0.00,0.00,0.00,,0.0,0,0,0.00,AUTO,,AGGR+CHP+ADP+RUN-EXT+PW+DLK+SLC+TPE+NWS+,WAIT,55.0,1.18,0,0,0.00,0.00,0.00,0.00,0,0,0,1,-4.3,50.25,2.00,62.75,-66.75,444.50,G,10,UNKNOWN,BRICK_CLOSE,src=primary color=G streak=10 o=27587.75 c=27603.75 hi=27603.75 lo=27587.75
2026-05-01 08:14:19,3068,27607.75,27584.56,27592.24,27582.19,63.48,19.69,16.5,50.0,0.0,50.0,0.0,0.00,0,0.0,0,0,0.00,0.00,0.00,0.00,,0.0,0,0,0.00,AUTO,,AGGR+CHP+ADP+RUN-EXT+PW+DLK+SLC+TPE+NWS+,WAIT,55.0,1.18,0,0,0.00,0.00,0.00,0.00,0,0,0,1,-4.3,50.25,2.00,62.75,-66.75,444.50,G,10,UNKNOWN,SIGNAL,
2026-05-01 08:14:19,3068,27607.75,27584.56,27592.24,27582.19,63.48,19.69,16.5,50.0,0.0,50.0,0.0,0.00,0,0.0,0,0,0.00,0.00,0.00,0.00,,0.0,0,0,0.00,AUTO,,AGGR+CHP+ADP+RUN-EXT+PW+DLK+SLC+TPE+NWS+,WAIT,55.0,1.18,0,0,0.00,0.00,0.00,0.00,0,0,0,1,-4.3,50.25,2.00,62.75,-66.75,444.50,G,10,UNKNOWN,BLOCK_AUTO,reason=outsideHours
2026-05-01 08:14:19,3068,27607.75,27584.56,27592.24,27582.19,63.48,19.69,16.5,50.0,0.0,50.0,0.0,0.00,0,0.0,0,0,0.00,0.00,0.00,0.00,,0.0,0,0,0.00,AUTO,,AGGR+CHP+ADP+RUN-EXT+PW+DLK+SLC+TPE+NWS+,WAIT,55.0,1.18,0,0,0.00,0.00,0.00,0.00,0,0,0,1,-4.3,50.25,2.00,62.75,-66.75,444.50,G,10,UNKNOWN,WOULD_TRADE,blockedBy=outsideHours dir=LONG regime=UNKNOWN streak=10 bullConf=50 bearConf=0
2026-05-01 08:14:25,3069,27611.75,27584.56,27596.14,27584.88,64.93,19.43,16.5,50.0,0.0,50.0,0.0,0.00,0,0.0,0,0,0.00,0.00,0.00,0.00,,0.0,0,0,0.00,AUTO,,AGGR+CHP+ADP+RUN-EXT+PW+DLK+SLC+TPE+NWS+,WAIT,55.0,1.40,0,0,0.00,0.00,0.00,0.00,0,0,0,1,-3.6,54.25,6.00,66.75,-62.75,448.50,G,11,UNKNOWN,BRICK_CLOSE,src=primary color=G streak=11 o=27591.75 c=27607.75 hi=27607.75 lo=27591.75
2026-05-01 08:14:25,3069,27611.75,27584.61,27596.14,27584.88,64.93,19.43,16.5,50.0,0.0,50.0,0.0,0.00,0,0.0,0,0,0.00,0.00,0.00,0.00,,0.0,0,0,0.00,AUTO,,AGGR+CHP+ADP+RUN-EXT+PW+DLK+SLC+TPE+NWS+,WAIT,55.0,1.40,0,0,0.00,0.00,0.00,0.00,0,0,0,1,-3.6,54.25,6.00,66.75,-62.75,448.50,G,11,UNKNOWN,SIGNAL,
2026-05-01 08:14:25,3069,27611.75,27584.61,27596.14,27584.88,64.93,19.43,16.5,50.0,0.0,50.0,0.0,0.00,0,0.0,0,0,0.00,0.00,0.00,0.00,,0.0,0,0,0.00,AUTO,,AGGR+CHP+ADP+RUN-EXT+PW+DLK+SLC+TPE+NWS+,WAIT,55.0,1.40,0,0,0.00,0.00,0.00,0.00,0,0,0,1,-3.6,54.25,6.00,66.75,-62.75,448.50,G,11,UNKNOWN,BLOCK_AUTO,reason=outsideHours
2026-05-01 08:14:25,3069,27611.75,27584.61,27596.14,27584.88,64.93,19.43,16.5,50.0,0.0,50.0,0.0,0.00,0,0.0,0,0,0.00,0.00,0.00,0.00,,0.0,0,0,0.00,AUTO,,AGGR+CHP+ADP+RUN-EXT+PW+DLK+SLC+TPE+NWS+,WAIT,55.0,1.40,0,0,0.00,0.00,0.00,0.00,0,0,0,1,-3.6,54.25,6.00,66.75,-62.75,448.50,G,11,UNKNOWN,WOULD_TRADE,blockedBy=outsideHours dir=LONG regime=UNKNOWN streak=11 bullConf=50 bearConf=0
2026-05-01 08:14:26,3070,27615.75,27584.61,27600.06,27587.68,66.38,19.18,16.8,50.0,0.0,50.0,0.0,0.00,0,0.0,0,0,0.00,0.00,0.00,0.00,,0.0,0,0,0.00,AUTO,,AGGR+CHP+ADP+RUN-EXT+PW+DLK+SLC+TPE+NWS+,WAIT,55.0,1.62,0,0,0.00,0.00,0.00,0.00,0,0,0,1,-2.2,58.25,10.00,70.75,-58.75,452.50,G,12,UNKNOWN,BRICK_CLOSE,src=primary color=G streak=12 o=27595.75 c=27611.75 hi=27611.75 lo=27595.75
2026-05-01 08:14:26,3070,27615.75,27584.65,27600.06,27587.68,66.38,19.18,16.8,50.0,0.0,50.0,0.0,0.00,0,0.0,0,0,0.00,0.00,0.00,0.00,,0.0,0,0,0.00,AUTO,,AGGR+CHP+ADP+RUN-EXT+PW+DLK+SLC+TPE+NWS+,WAIT,55.0,1.62,0,0,0.00,0.00,0.00,0.00,0,0,0,1,-2.2,58.25,10.00,70.75,-58.75,452.50,G,12,UNKNOWN,SIGNAL,
2026-05-01 08:14:26,3070,27615.75,27584.65,27600.06,27587.68,66.38,19.18,16.8,50.0,0.0,50.0,0.0,0.00,0,0.0,0,0,0.00,0.00,0.00,0.00,,0.0,0,0,0.00,AUTO,,AGGR+CHP+ADP+RUN-EXT+PW+DLK+SLC+TPE+NWS+,WAIT,55.0,1.62,0,0,0.00,0.00,0.00,0.00,0,0,0,1,-2.2,58.25,10.00,70.75,-58.75,452.50,G,12,UNKNOWN,BLOCK_AUTO,reason=outsideHours
2026-05-01 08:14:26,3070,27615.75,27584.65,27600.06,27587.68,66.38,19.18,16.8,50.0,0.0,50.0,0.0,0.00,0,0.0,0,0,0.00,0.00,0.00,0.00,,0.0,0,0,0.00,AUTO,,AGGR+CHP+ADP+RUN-EXT+PW+DLK+SLC+TPE+NWS+,WAIT,55.0,1.62,0,0,0.00,0.00,0.00,0.00,0,0,0,1,-2.2,58.25,10.00,70.75,-58.75,452.50,G,12,UNKNOWN,WOULD_TRADE,blockedBy=outsideHours dir=LONG regime=UNKNOWN streak=12 bullConf=50 bearConf=0
2026-05-01 08:14:36,3071,27619.75,27584.65,27604.00,27590.60,67.80,18.96,17.5,50.0,0.0,50.0,0.0,0.00,0,0.0,0,0,0.00,0.00,0.00,0.00,,0.0,0,0,0.00,AUTO,,AGGR+CHP+ADP+RUN-EXT+PW+DLK+SLC+TPE+NWS+,WAIT,55.0,1.85,0,0,0.00,0.00,0.00,0.00,0,0,0,1,-0.2,62.25,14.00,74.75,-54.75,456.50,G,13,UNKNOWN,BRICK_CLOSE,src=primary color=G streak=13 o=27599.75 c=27615.75 hi=27615.75 lo=27599.75
2026-05-01 08:14:36,3071,27619.75,27584.82,27604.00,27590.60,67.80,18.96,17.5,50.0,0.0,50.0,0.0,0.00,0,0.0,0,0,0.00,0.00,0.00,0.00,,0.0,0,0,0.00,AUTO,,AGGR+CHP+ADP+RUN-EXT+PW+DLK+SLC+TPE+NWS+,WAIT,55.0,1.84,0,0,0.00,0.00,0.00,0.00,0,0,0,1,-0.2,62.25,14.00,74.75,-54.75,456.50,G,13,UNKNOWN,SIGNAL,
2026-05-01 08:14:36,3071,27619.75,27584.82,27604.00,27590.60,67.80,18.96,17.5,50.0,0.0,50.0,0.0,0.00,0,0.0,0,0,0.00,0.00,0.00,0.00,,0.0,0,0,0.00,AUTO,,AGGR+CHP+ADP+RUN-EXT+PW+DLK+SLC+TPE+NWS+,WAIT,55.0,1.84,0,0,0.00,0.00,0.00,0.00,0,0,0,1,-0.2,62.25,14.00,74.75,-54.75,456.50,G,13,UNKNOWN,BLOCK_AUTO,reason=outsideHours
2026-05-01 08:14:36,3071,27619.75,27584.82,27604.00,27590.60,67.80,18.96,17.5,50.0,0.0,50.0,0.0,0.00,0,0.0,0,0,0.00,0.00,0.00,0.00,,0.0,0,0,0.00,AUTO,,AGGR+CHP+ADP+RUN-EXT+PW+DLK+SLC+TPE+NWS+,WAIT,55.0,1.84,0,0,0.00,0.00,0.00,0.00,0,0,0,1,-0.2,62.25,14.00,74.75,-54.75,456.50,G,13,UNKNOWN,WOULD_TRADE,blockedBy=outsideHours dir=LONG regime=UNKNOWN streak=13 bullConf=50 bearConf=0
2026-05-01 08:17:00,3072,27591.75,27584.82,27601.55,27590.70,51.37,19.82,16.6,50.0,0.0,50.0,0.0,0.00,0,0.0,0,0,0.00,0.00,0.00,0.00,,0.0,0,0,0.00,AUTO,,AGGR+CHP+ADP+RUN-EXT+PW+DLK+SLC+TPE+NWS+,WAIT,55.0,0.35,0,0,0.00,0.00,0.00,0.00,0,0,0,0,-0.2,34.25,-14.00,46.75,-82.75,428.50,G,14,UNKNOWN,BRICK_CLOSE,src=primary color=G streak=14 o=27603.75 c=27619.75 hi=27619.75 lo=27603.75
2026-05-01 08:17:00,3072,27591.75,27584.82,27601.55,27590.70,51.37,19.82,16.6,50.0,0.0,50.0,0.0,0.00,0,0.0,0,0,0.00,0.00,0.00,0.00,,0.0,0,0,0.00,AUTO,,AGGR+CHP+ADP+RUN-EXT+PW+DLK+SLC+TPE+NWS+,WAIT,55.0,0.35,0,0,0.00,0.00,0.00,0.00,0,0,0,0,-0.2,34.25,-14.00,46.75,-82.75,428.50,G,14,CHOP,REGIME_CHANGE,from=UNKNOWN to=CHOP adx=16.6 slope=-0.22 atr/avg=0.97 eStack=0 distVwapAtr=0.35 nr=Gx14 flips4=1
2026-05-01 08:17:00,3072,27591.75,27585.32,27601.55,27590.70,51.37,19.82,16.6,10.0,0.0,10.0,0.0,0.00,0,0.0,0,0,0.00,0.00,0.00,0.00,,0.0,0,0,0.00,AUTO,,AGGR+CHP+ADP+RUN-EXT+PW+DLK+SLC+TPE+NWS+,WAIT,55.0,0.32,0,0,0.00,0.00,0.00,0.00,0,0,0,0,-0.2,34.25,-14.00,46.75,-82.75,428.50,G,14,CHOP,SIGNAL,
2026-05-01 08:17:00,3072,27591.75,27585.32,27601.55,27590.70,51.37,19.82,16.6,10.0,0.0,10.0,0.0,0.00,0,0.0,0,0,0.00,0.00,0.00,0.00,,0.0,0,0,0.00,AUTO,,AGGR+CHP+ADP+RUN-EXT+PW+DLK+SLC+TPE+NWS+,WAIT,55.0,0.32,0,0,0.00,0.00,0.00,0.00,0,0,0,0,-0.2,34.25,-14.00,46.75,-82.75,428.50,G,14,CHOP,BLOCK_AUTO,reason=outsideHours
2026-05-01 08:24:00,3073,27619.75,27585.32,27605.19,27593.34,61.44,20.58,15.6,10.0,0.0,10.0,0.0,0.00,0,0.0,0,0,0.00,0.00,0.00,0.00,,0.0,0,0,0.00,AUTO,,AGGR+CHP+ADP+RUN-EXT+PW+DLK+SLC+TPE+NWS+,WAIT,55.0,1.67,0,0,0.00,0.00,0.00,0.00,0,0,0,1,-0.9,62.25,14.00,74.75,-54.75,456.50,R,1,CHOP,BRICK_CLOSE,src=primary color=R streak=1 o=27607.75 c=27591.75 hi=27622.75 lo=27591.75
2026-05-01 08:24:00,3073,27619.75,27585.32,27605.19,27593.34,61.44,20.58,15.6,10.0,0.0,10.0,0.0,0.00,0,0.0,0,0,0.00,0.00,0.00,0.00,,0.0,0,0,0.00,AUTO,,AGGR+CHP+ADP+RUN-EXT+PW+DLK+SLC+TPE+NWS+,WAIT,55.0,1.67,0,0,0.00,0.00,0.00,0.00,0,0,0,1,-0.9,62.25,14.00,74.75,-54.75,456.50,R,1,CHOP,RUN_END,color=G len=14 pts=40.0 maxFav=68.0 durSec=1386 startPx=27551.75 endPx=27591.75
2026-05-01 08:24:00,3073,27619.75,27585.32,27605.19,27593.34,61.44,20.58,15.6,10.0,0.0,10.0,0.0,0.00,0,0.0,0,0,0.00,0.00,0.00,0.00,,0.0,0,0,0.00,AUTO,,AGGR+CHP+ADP+RUN-EXT+PW+DLK+SLC+TPE+NWS+,WAIT,55.0,1.67,0,0,0.00,0.00,0.00,0.00,0,0,0,1,-0.9,62.25,14.00,74.75,-54.75,456.50,R,1,CHOP,HEARTBEAT,tradesToday=0 openDca=0
2026-05-01 08:24:00,3073,27619.75,27586.47,27605.19,27593.34,61.44,20.58,15.6,29.5,0.0,29.5,0.0,0.00,0,0.0,0,0,0.00,0.00,0.00,0.00,,0.0,0,0,0.00,AUTO,,AGGR+CHP+ADP+RUN-EXT+PW+DLK+SLC+TPE+NWS+,WAIT,55.0,1.62,0,0,0.00,0.00,0.00,0.00,0,0,0,1,-0.9,62.25,14.00,74.75,-54.75,456.50,R,1,CHOP,SIGNAL,
2026-05-01 08:24:00,3073,27619.75,27586.47,27605.19,27593.34,61.44,20.58,15.6,29.5,0.0,29.5,0.0,0.00,0,0.0,0,0,0.00,0.00,0.00,0.00,,0.0,0,0,0.00,AUTO,,AGGR+CHP+ADP+RUN-EXT+PW+DLK+SLC+TPE+NWS+,WAIT,55.0,1.62,0,0,0.00,0.00,0.00,0.00,0,0,0,1,-0.9,62.25,14.00,74.75,-54.75,456.50,R,1,CHOP,BLOCK_AUTO,reason=outsideHours
2026-05-01 08:24:25,3074,27623.75,27586.47,27608.90,27596.11,62.63,20.25,15.0,29.5,0.0,29.5,0.0,0.00,0,0.0,0,0,0.00,0.00,0.00,0.00,,0.0,0,0,0.00,AUTO,,AGGR+CHP+ADP+RUN-EXT+PW+DLK+SLC+TPE+NWS+,WAIT,55.0,1.84,0,0,0.00,0.00,0.00,0.00,0,0,0,1,-1.4,66.25,18.00,78.75,-50.75,460.50,G,1,CHOP,BRICK_CLOSE,src=primary color=G streak=1 o=27603.75 c=27619.75 hi=27619.75 lo=27589.25
2026-05-01 08:24:25,3074,27623.75,27586.47,27608.90,27596.11,62.63,20.25,15.0,29.5,0.0,29.5,0.0,0.00,0,0.0,0,0,0.00,0.00,0.00,0.00,,0.0,0,0,0.00,AUTO,,AGGR+CHP+ADP+RUN-EXT+PW+DLK+SLC+TPE+NWS+,WAIT,55.0,1.84,0,0,0.00,0.00,0.00,0.00,0,0,0,1,-1.4,66.25,18.00,78.75,-50.75,460.50,G,1,CHOP,RUN_END,color=R len=1 pts=12.0 maxFav=0.0 durSec=25 startPx=27607.75 endPx=27619.75
2026-05-01 08:24:25,3074,27623.75,27586.64,27608.90,27596.11,62.63,20.25,15.0,52.3,0.0,52.3,0.0,0.00,0,0.0,0,0,0.00,0.00,0.00,0.00,,0.0,0,0,0.00,AUTO,,AGGR+CHP+ADP+RUN-EXT+PW+DLK+SLC+TPE+NWS+,WAIT,55.0,1.83,0,0,0.00,0.00,0.00,0.00,0,0,0,1,-1.4,66.25,18.00,78.75,-50.75,460.50,G,1,CHOP,SIGNAL,
2026-05-01 08:24:25,3074,27623.75,27586.64,27608.90,27596.11,62.63,20.25,15.0,52.3,0.0,52.3,0.0,0.00,0,0.0,0,0,0.00,0.00,0.00,0.00,,0.0,0,0,0.00,AUTO,,AGGR+CHP+ADP+RUN-EXT+PW+DLK+SLC+TPE+NWS+,WAIT,55.0,1.83,0,0,0.00,0.00,0.00,0.00,0,0,0,1,-1.4,66.25,18.00,78.75,-50.75,460.50,G,1,CHOP,BLOCK_AUTO,reason=outsideHours
2026-05-01 08:39:38,3075,27595.75,27586.64,27606.27,27596.08,50.81,20.95,14.6,52.3,0.0,52.3,0.0,0.00,0,0.0,0,0,0.00,0.00,0.00,0.00,,0.0,0,0,0.00,AUTO,,AGGR+CHP+ADP+RUN-EXT+PW+DLK+SLC+TPE+NWS+,WAIT,55.0,0.43,0,0,0.00,0.00,0.00,0.00,0,0,0,0,-2.2,38.25,-10.00,50.75,-78.75,432.50,G,2,CHOP,BRICK_CLOSE,src=primary color=G streak=2 o=27607.75 c=27623.75 hi=27623.75 lo=27607.75
2026-05-01 08:39:38,3075,27595.75,27586.64,27606.27,27596.08,50.81,20.95,14.6,52.3,0.0,52.3,0.0,0.00,0,0.0,0,0,0.00,0.00,0.00,0.00,,0.0,0,0,0.00,AUTO,,AGGR+CHP+ADP+RUN-EXT+PW+DLK+SLC+TPE+NWS+,WAIT,55.0,0.43,0,0,0.00,0.00,0.00,0.00,0,0,0,0,-2.2,38.25,-10.00,50.75,-78.75,432.50,G,2,CHOP,HEARTBEAT,tradesToday=0 openDca=0
2026-05-01 08:39:38,3075,27595.75,27588.12,27606.27,27596.08,50.81,20.95,14.6,15.9,0.0,15.9,0.0,0.00,0,0.0,0,0,0.00,0.00,0.00,0.00,,0.0,0,0,0.00,AUTO,,AGGR+CHP+ADP+RUN-EXT+PW+DLK+SLC+TPE+NWS+,WAIT,55.0,0.36,0,0,0.00,0.00,0.00,0.00,0,0,0,0,-2.2,38.25,-10.00,50.75,-78.75,432.50,G,2,CHOP,SIGNAL,
2026-05-01 08:39:38,3075,27595.75,27588.12,27606.27,27596.08,50.81,20.95,14.6,15.9,0.0,15.9,0.0,0.00,0,0.0,0,0,0.00,0.00,0.00,0.00,,0.0,0,0,0.00,AUTO,,AGGR+CHP+ADP+RUN-EXT+PW+DLK+SLC+TPE+NWS+,WAIT,55.0,0.36,0,0,0.00,0.00,0.00,0.00,0,0,0,0,-2.2,38.25,-10.00,50.75,-78.75,432.50,G,2,CHOP,BLOCK_AUTO,reason=outsideHours
2026-05-01 08:41:03,3076,27591.75,27588.12,27603.37,27595.68,49.37,20.60,14.5,15.9,0.0,15.9,0.0,0.00,0,0.0,0,0,0.00,0.00,0.00,0.00,,0.0,0,0,0.00,AUTO,,AGGR+CHP+ADP+RUN-EXT+PW+DLK+SLC+TPE+NWS+,WAIT,55.0,0.18,0,0,0.00,0.00,0.00,0.00,0,0,0,0,-2.9,34.25,-14.00,46.75,-82.75,428.50,R,1,CHOP,BRICK_CLOSE,src=primary color=R streak=1 o=27611.75 c=27595.75 hi=27625.75 lo=27595.75
2026-05-01 08:41:03,3076,27591.75,27588.12,27603.37,27595.68,49.37,20.60,14.5,15.9,0.0,15.9,0.0,0.00,0,0.0,0,0,0.00,0.00,0.00,0.00,,0.0,0,0,0.00,AUTO,,AGGR+CHP+ADP+RUN-EXT+PW+DLK+SLC+TPE+NWS+,WAIT,55.0,0.18,0,0,0.00,0.00,0.00,0.00,0,0,0,0,-2.9,34.25,-14.00,46.75,-82.75,428.50,R,1,CHOP,RUN_END,color=G len=2 pts=8.0 maxFav=20.0 durSec=998 startPx=27603.75 endPx=27595.75
2026-05-01 08:41:03,3076,27591.75,27588.19,27603.37,27595.68,49.37,20.60,14.5,10.6,0.0,10.6,0.0,0.00,0,0.0,0,0,0.00,0.00,0.00,0.00,,0.0,0,0,0.00,AUTO,,AGGR+CHP+ADP+RUN-EXT+PW+DLK+SLC+TPE+NWS+,WAIT,55.0,0.17,0,0,0.00,0.00,0.00,0.00,0,0,0,0,-2.9,34.25,-14.00,46.75,-82.75,428.50,R,1,CHOP,SIGNAL,
2026-05-01 08:41:03,3076,27591.75,27588.19,27603.37,27595.68,49.37,20.60,14.5,10.6,0.0,10.6,0.0,0.00,0,0.0,0,0,0.00,0.00,0.00,0.00,,0.0,0,0,0.00,AUTO,,AGGR+CHP+ADP+RUN-EXT+PW+DLK+SLC+TPE+NWS+,WAIT,55.0,0.17,0,0,0.00,0.00,0.00,0.00,0,0,0,0,-2.9,34.25,-14.00,46.75,-82.75,428.50,R,1,CHOP,BLOCK_AUTO,reason=outsideHours
2026-05-01 08:41:08,3077,27587.75,27588.19,27600.24,27594.96,47.92,20.27,14.8,10.6,0.0,10.6,0.0,0.00,0,0.0,0,0,0.00,0.00,0.00,0.00,,0.0,0,0,0.00,AUTO,,AGGR+CHP+ADP+RUN-EXT+PW+DLK+SLC+TPE+NWS+,WAIT,55.0,0.02,0,0,0.00,0.00,0.00,0.00,0,0,0,0,-1.8,30.25,-18.00,42.75,-86.75,424.50,R,2,CHOP,BRICK_CLOSE,src=primary color=R streak=2 o=27607.75 c=27591.75 hi=27607.75 lo=27591.75
2026-05-01 08:41:08,3077,27587.75,27588.20,27600.24,27594.96,47.92,20.27,14.8,0.0,15.0,0.0,15.0,0.00,0,0.0,0,0,0.00,0.00,0.00,0.00,,0.0,0,0,0.00,AUTO,,AGGR+CHP+ADP+RUN-EXT+PW+DLK+SLC+TPE+NWS+,WAIT,55.0,0.02,0,0,0.00,0.00,0.00,0.00,0,0,0,0,-1.8,30.25,-18.00,42.75,-86.75,424.50,R,2,CHOP,SIGNAL,
2026-05-01 08:41:08,3077,27587.75,27588.20,27600.24,27594.96,47.92,20.27,14.8,0.0,15.0,0.0,15.0,0.00,0,0.0,0,0,0.00,0.00,0.00,0.00,,0.0,0,0,0.00,AUTO,,AGGR+CHP+ADP+RUN-EXT+PW+DLK+SLC+TPE+NWS+,WAIT,55.0,0.02,0,0,0.00,0.00,0.00,0.00,0,0,0,0,-1.8,30.25,-18.00,42.75,-86.75,424.50,R,2,CHOP,BLOCK_AUTO,reason=outsideHours
2026-05-01 08:41:29,3078,27583.75,27588.20,27596.94,27593.94,46.44,19.96,15.4,0.0,15.0,0.0,15.0,0.00,0,0.0,0,0,0.00,0.00,0.00,0.00,,0.0,0,0,0.00,AUTO,,AGGR+CHP+ADP+RUN-EXT+PW+DLK+SLC+TPE+NWS+,WAIT,55.0,0.22,0,0,0.00,0.00,0.00,0.00,0,0,0,0,-0.2,26.25,-22.00,38.75,-90.75,420.50,R,3,CHOP,BRICK_CLOSE,src=primary color=R streak=3 o=27603.75 c=27587.75 hi=27603.75 lo=27587.75
2026-05-01 08:41:29,3078,27583.75,27588.20,27596.94,27593.94,46.44,19.96,15.4,25.0,0.0,25.0,0.0,0.00,0,0.0,0,0,0.00,0.00,0.00,0.00,,0.0,0,0,0.00,AUTO,,AGGR+CHP+ADP+RUN-EXT+PW+DLK+SLC+TPE+NWS+,WAIT,55.0,0.22,0,0,0.00,0.00,0.00,0.00,0,0,0,0,-0.2,26.25,-22.00,38.75,-90.75,420.50,R,3,CHOP,SIGNAL,
2026-05-01 08:41:29,3078,27583.75,27588.20,27596.94,27593.94,46.44,19.96,15.4,25.0,0.0,25.0,0.0,0.00,0,0.0,0,0,0.00,0.00,0.00,0.00,,0.0,0,0,0.00,AUTO,,AGGR+CHP+ADP+RUN-EXT+PW+DLK+SLC+TPE+NWS+,WAIT,55.0,0.22,0,0,0.00,0.00,0.00,0.00,0,0,0,0,-0.2,26.25,-22.00,38.75,-90.75,420.50,R,3,CHOP,BLOCK_AUTO,reason=outsideHours
2026-05-01 08:41:29,3079,27579.75,27588.20,27593.51,27592.65,44.95,19.68,16.2,25.0,0.0,25.0,0.0,0.00,0,0.0,0,0,0.00,0.00,0.00,0.00,,0.0,0,0,0.00,AUTO,,AGGR+CHP+ADP+RUN-EXT+PW+DLK+SLC+TPE+NWS+,WAIT,55.0,0.43,0,0,0.00,0.00,0.00,0.00,0,0,0,0,1.2,22.25,-26.00,34.75,-94.75,416.50,R,4,CHOP,BRICK_CLOSE,src=primary color=R streak=4 o=27599.75 c=27583.75 hi=27599.75 lo=27583.75
2026-05-01 08:41:29,3079,27579.75,27588.20,27593.51,27592.65,44.95,19.68,16.2,25.0,0.0,25.0,0.0,0.00,0,0.0,0,0,0.00,0.00,0.00,0.00,,0.0,0,0,0.00,AUTO,,AGGR+CHP+ADP+RUN-EXT+PW+DLK+SLC+TPE+NWS+,WAIT,55.0,0.43,0,0,0.00,0.00,0.00,0.00,0,0,0,0,1.2,22.25,-26.00,34.75,-94.75,416.50,R,4,CHOP,SIGNAL,
2026-05-01 08:41:29,3079,27579.75,27588.20,27593.51,27592.65,44.95,19.68,16.2,25.0,0.0,25.0,0.0,0.00,0,0.0,0,0,0.00,0.00,0.00,0.00,,0.0,0,0,0.00,AUTO,,AGGR+CHP+ADP+RUN-EXT+PW+DLK+SLC+TPE+NWS+,WAIT,55.0,0.43,0,0,0.00,0.00,0.00,0.00,0,0,0,0,1.2,22.25,-26.00,34.75,-94.75,416.50,R,4,CHOP,BLOCK_AUTO,reason=outsideHours
2026-05-01 08:41:46,3080,27575.75,27588.20,27589.95,27591.12,43.45,19.42,17.3,25.0,0.0,25.0,0.0,0.00,0,0.0,0,0,0.00,0.00,0.00,0.00,,0.0,0,0,0.00,AUTO,,AGGR+CHP+ADP+RUN-EXT+PW+DLK+SLC+TPE+NWS+,WAIT,55.0,0.64,0,0,0.00,0.00,0.00,0.00,0,0,0,-1,2.7,18.25,-30.00,30.75,-98.75,412.50,R,5,CHOP,BRICK_CLOSE,src=primary color=R streak=5 o=27595.75 c=27579.75 hi=27595.75 lo=27579.75
2026-05-01 08:41:46,3080,27575.75,27588.20,27589.95,27591.12,43.45,19.42,17.3,25.0,0.0,25.0,0.0,0.00,0,0.0,0,0,0.00,0.00,0.00,0.00,,0.0,0,0,0.00,AUTO,,AGGR+CHP+ADP+RUN-EXT+PW+DLK+SLC+TPE+NWS+,WAIT,55.0,0.64,0,0,0.00,0.00,0.00,0.00,0,0,0,-1,2.7,18.25,-30.00,30.75,-98.75,412.50,R,5,UNKNOWN,REGIME_CHANGE,from=CHOP to=UNKNOWN adx=17.3 slope=2.71 atr/avg=0.96 eStack=-1 distVwapAtr=-0.64 nr=Rx5 flips4=0
2026-05-01 08:41:46,3080,27575.75,27588.13,27589.95,27591.12,43.45,19.42,17.3,0.0,75.1,0.0,75.1,0.00,-1,0.0,0,0,0.00,0.00,0.00,0.00,,0.0,0,0,0.00,AUTO,,AGGR+CHP+ADP+RUN-EXT+PW+DLK+SLC+TPE+NWS+,WAIT,55.0,0.64,0,0,0.00,0.00,0.00,0.00,0,0,0,-1,2.7,-30.00,-61.25,9.50,-98.75,412.50,R,5,UNKNOWN,SIGNAL,
2026-05-01 08:41:46,3080,27575.75,27588.13,27589.95,27591.12,43.45,19.42,17.3,0.0,75.1,0.0,75.1,0.00,-1,0.0,0,0,0.00,0.00,0.00,0.00,,0.0,0,0,0.00,AUTO,,AGGR+CHP+ADP+RUN-EXT+PW+DLK+SLC+TPE+NWS+,STRONG_SELL,55.0,0.64,0,0,0.00,0.00,0.00,0.00,0,0,0,-1,2.7,-30.00,-61.25,9.50,-98.75,412.50,R,5,UNKNOWN,BLOCK_AUTO,reason=outsideHours
2026-05-01 08:42:30,3081,27571.75,27588.13,27586.31,27589.35,41.94,19.17,18.6,0.0,75.1,0.0,75.1,0.00,-1,0.0,0,0,0.00,0.00,0.00,0.00,,0.0,0,0,0.00,AUTO,,AGGR+CHP+ADP+RUN-EXT+PW+DLK+SLC+TPE+NWS+,STRONG_SELL,55.0,0.85,0,0,0.00,0.00,0.00,0.00,0,0,0,-1,4.0,-34.00,-65.25,5.50,-102.75,408.50,R,6,UNKNOWN,BRICK_CLOSE,src=primary color=R streak=6 o=27591.75 c=27575.75 hi=27591.75 lo=27575.75
2026-05-01 08:42:30,3081,27571.75,27588.06,27586.31,27589.35,41.94,19.17,18.6,0.0,106.5,0.0,106.5,0.00,-1,0.0,0,0,0.00,0.00,0.00,0.00,,0.0,0,0,0.00,AUTO,,AGGR+CHP+ADP+RUN-EXT+PW+DLK+SLC+TPE+NWS+,STRONG_SELL,55.0,0.85,0,0,0.00,0.00,0.00,0.00,0,0,0,-1,4.0,-34.00,-65.25,5.50,-102.75,408.50,R,6,UNKNOWN,SIGNAL,
2026-05-01 08:42:30,3081,27571.75,27588.06,27586.31,27589.35,41.94,19.17,18.6,0.0,106.5,0.0,106.5,0.00,-1,0.0,0,0,0.00,0.00,0.00,0.00,,0.0,0,0,0.00,AUTO,,AGGR+CHP+ADP+RUN-EXT+PW+DLK+SLC+TPE+NWS+,STRONG_SELL,55.0,0.85,0,0,0.00,0.00,0.00,0.00,0,0,0,-1,4.0,-34.00,-65.25,5.50,-102.75,408.50,R,6,UNKNOWN,BLOCK_AUTO,reason=outsideHours
2026-05-01 08:46:47,3082,27567.75,27588.06,27582.60,27587.39,40.43,18.95,20.0,0.0,106.5,0.0,106.5,0.00,-1,0.0,0,0,0.00,0.00,0.00,0.00,,0.0,0,0,0.00,AUTO,,AGGR+CHP+ADP+RUN-EXT+PW+DLK+SLC+TPE+NWS+,STRONG_SELL,55.0,1.07,0,0,0.00,0.00,0.00,0.00,0,0,0,-1,5.2,-38.00,-69.25,1.50,-106.75,404.50,R,7,UNKNOWN,BRICK_CLOSE,src=primary color=R streak=7 o=27587.75 c=27571.75 hi=27587.75 lo=27571.75
2026-05-01 08:46:47,3082,27567.75,27587.77,27582.60,27587.39,40.43,18.95,20.0,0.0,86.5,0.0,86.5,0.00,-1,0.0,0,0,0.00,0.00,0.00,0.00,,0.0,0,0,0.00,AUTO,,AGGR+CHP+ADP+RUN-EXT+PW+DLK+SLC+TPE+NWS+,STRONG_SELL,55.0,1.06,0,0,0.00,0.00,0.00,0.00,0,0,0,-1,5.2,-38.00,-69.25,1.50,-106.75,404.50,R,7,UNKNOWN,SIGNAL,
2026-05-01 08:46:47,3082,27567.75,27587.77,27582.60,27587.39,40.43,18.95,20.0,0.0,86.5,0.0,86.5,0.00,-1,0.0,0,0,0.00,0.00,0.00,0.00,,0.0,0,0,0.00,AUTO,,AGGR+CHP+ADP+RUN-EXT+PW+DLK+SLC+TPE+NWS+,STRONG_SELL,55.0,1.06,0,0,0.00,0.00,0.00,0.00,0,0,0,-1,5.2,-38.00,-69.25,1.50,-106.75,404.50,R,7,UNKNOWN,BLOCK_AUTO,reason=outsideHours
2026-05-01 09:05:43,3083,27595.75,27587.77,27585.23,27588.15,53.16,19.74,19.8,0.0,86.5,0.0,86.5,0.00,-1,0.0,0,0,0.00,0.00,0.00,0.00,,0.0,0,0,0.00,AUTO,,AGGR+CHP+ADP+RUN-EXT+PW+DLK+SLC+TPE+NWS+,STRONG_SELL,55.0,0.40,0,0,0.00,0.00,0.00,0.00,0,0,0,0,4.4,-10.00,-41.25,29.50,-78.75,432.50,R,8,UNKNOWN,BRICK_CLOSE,src=primary color=R streak=8 o=27583.75 c=27567.75 hi=27583.75 lo=27567.75
2026-05-01 09:05:43,3083,27595.75,27587.77,27585.23,27588.15,53.16,19.74,19.8,0.0,86.5,0.0,86.5,0.00,-1,0.0,0,0,0.00,0.00,0.00,0.00,,0.0,0,0,0.00,AUTO,,AGGR+CHP+ADP+RUN-EXT+PW+DLK+SLC+TPE+NWS+,STRONG_SELL,55.0,0.40,0,0,0.00,0.00,0.00,0.00,0,0,0,0,4.4,-10.00,-41.25,29.50,-78.75,432.50,R,8,UNKNOWN,HEARTBEAT,tradesToday=0 openDca=0
2026-05-01 09:05:43,3083,27595.75,27587.77,27585.23,27588.15,53.16,19.74,19.8,0.0,86.5,0.0,86.5,0.00,-1,0.0,0,0,0.00,0.00,0.00,0.00,,0.0,0,0,0.00,AUTO,,AGGR+CHP+ADP+RUN-EXT+PW+DLK+SLC+TPE+NWS+,STRONG_SELL,55.0,0.40,0,0,0.00,0.00,0.00,0.00,0,0,0,0,4.4,-10.00,-41.25,29.50,-78.75,432.50,R,8,CHOP,REGIME_CHANGE,from=UNKNOWN to=CHOP adx=19.8 slope=4.43 atr/avg=0.99 eStack=0 distVwapAtr=0.40 nr=Rx8 flips4=1
2026-05-01 09:05:43,3083,27595.75,27587.66,27585.23,27588.15,53.16,19.74,19.8,0.0,35.6,0.0,35.6,0.00,-1,0.0,0,0,0.00,0.00,0.00,0.00,,0.0,0,0,0.00,AUTO,,AGGR+CHP+ADP+RUN-EXT+PW+DLK+SLC+TPE+NWS+,STRONG_SELL,55.0,0.41,0,0,0.00,0.00,0.00,0.00,0,0,0,0,4.4,-10.00,-41.25,29.50,-78.75,432.50,R,8,CHOP,SIGNAL,
2026-05-01 09:05:43,3083,27595.75,27587.66,27585.23,27588.15,53.16,19.74,19.8,0.0,35.6,0.0,35.6,0.00,-1,0.0,0,0,0.00,0.00,0.00,0.00,,0.0,0,0,0.00,AUTO,,AGGR+CHP+ADP+RUN-EXT+PW+DLK+SLC+TPE+NWS+,WAIT,55.0,0.41,0,0,0.00,0.00,0.00,0.00,0,0,0,0,4.4,-10.00,-41.25,29.50,-78.75,432.50,R,8,CHOP,BLOCK_AUTO,reason=outsideHours
2026-05-01 09:06:27,3084,27599.75,27587.66,27588.13,27589.21,54.65,19.47,19.2,0.0,35.6,0.0,35.6,0.00,-1,0.0,0,0,0.00,0.00,0.00,0.00,,0.0,0,0,0.00,AUTO,,AGGR+CHP+ADP+RUN-EXT+PW+DLK+SLC+TPE+NWS+,WAIT,55.0,0.62,0,0,0.00,0.00,0.00,0.00,0,0,0,0,2.9,-6.00,-37.25,33.50,-74.75,436.50,G,1,CHOP,BRICK_CLOSE,src=primary color=G streak=1 o=27579.75 c=27595.75 hi=27595.75 lo=27565.75
2026-05-01 09:06:27,3084,27599.75,27587.66,27588.13,27589.21,54.65,19.47,19.2,0.0,35.6,0.0,35.6,0.00,-1,0.0,0,0,0.00,0.00,0.00,0.00,,0.0,0,0,0.00,AUTO,,AGGR+CHP+ADP+RUN-EXT+PW+DLK+SLC+TPE+NWS+,WAIT,55.0,0.62,0,0,0.00,0.00,0.00,0.00,0,0,0,0,2.9,-6.00,-37.25,33.50,-74.75,436.50,G,1,CHOP,RUN_END,color=R len=8 pts=16.0 maxFav=44.0 durSec=1524 startPx=27611.75 endPx=27595.75
2026-05-01 09:06:27,3084,27599.75,27587.66,27588.13,27589.21,54.65,19.47,19.2,0.0,35.6,0.0,35.6,0.00,-1,0.0,0,0,0.00,0.00,0.00,0.00,,0.0,0,0,0.00,AUTO,,AGGR+CHP+ADP+RUN-EXT+PW+DLK+SLC+TPE+NWS+,WAIT,55.0,0.62,0,0,0.00,0.00,0.00,0.00,0,0,0,0,2.9,-6.00,-37.25,33.50,-74.75,436.50,G,1,UNKNOWN,REGIME_CHANGE,from=CHOP to=UNKNOWN adx=19.2 slope=2.94 atr/avg=0.98 eStack=0 distVwapAtr=0.62 nr=Gx1 flips4=1
2026-05-01 09:06:27,3084,27599.75,27587.69,27588.13,27589.21,54.65,19.47,19.2,0.0,20.5,0.0,20.5,0.00,-1,0.0,0,0,0.00,0.00,0.00,0.00,,0.0,0,0,0.00,AUTO,,AGGR+CHP+ADP+RUN-EXT+PW+DLK+SLC+TPE+NWS+,WAIT,55.0,0.62,0,0,0.00,0.00,0.00,0.00,0,0,0,0,2.9,-6.00,-37.25,33.50,-74.75,436.50,G,1,UNKNOWN,SIGNAL,
2026-05-01 09:06:27,3084,27599.75,27587.69,27588.13,27589.21,54.65,19.47,19.2,0.0,20.5,0.0,20.5,0.00,-1,0.0,0,0,0.00,0.00,0.00,0.00,,0.0,0,0,0.00,AUTO,,AGGR+CHP+ADP+RUN-EXT+PW+DLK+SLC+TPE+NWS+,WAIT,55.0,0.62,0,0,0.00,0.00,0.00,0.00,0,0,0,0,2.9,-6.00,-37.25,33.50,-74.75,436.50,G,1,UNKNOWN,BLOCK_AUTO,reason=outsideHours
2026-05-01 09:07:20,3085,27603.75,27587.69,27591.26,27590.53,56.15,19.22,18.1,0.0,20.5,0.0,20.5,0.00,-1,0.0,0,0,0.00,0.00,0.00,0.00,,0.0,0,0,0.00,AUTO,,AGGR+CHP+ADP+RUN-EXT+PW+DLK+SLC+TPE+NWS+,WAIT,55.0,0.84,0,0,0.00,0.00,0.00,0.00,0,0,0,1,0.8,-2.00,-33.25,37.50,-70.75,440.50,G,2,UNKNOWN,BRICK_CLOSE,src=primary color=G streak=2 o=27583.75 c=27599.75 hi=27599.75 lo=27583.75
2026-05-01 09:07:20,3085,27603.75,27587.72,27591.26,27590.53,56.15,19.22,18.1,57.5,0.0,57.5,0.0,0.00,0,0.0,0,0,0.00,0.00,0.00,0.00,,0.0,0,0,0.00,AUTO,,AGGR+CHP+ADP+RUN-EXT+PW+DLK+SLC+TPE+NWS+,WAIT,55.0,0.83,0,0,0.00,0.00,0.00,0.00,0,0,0,1,0.8,-2.00,-33.25,37.50,-70.75,440.50,G,2,UNKNOWN,SIGNAL,
2026-05-01 09:07:20,3085,27603.75,27587.72,27591.26,27590.53,56.15,19.22,18.1,57.5,0.0,57.5,0.0,0.00,0,0.0,0,0,0.00,0.00,0.00,0.00,,0.0,0,0,0.00,AUTO,,AGGR+CHP+ADP+RUN-EXT+PW+DLK+SLC+TPE+NWS+,BUY,55.0,0.83,0,0,0.00,0.00,0.00,0.00,0,0,0,1,0.8,-2.00,-33.25,37.50,-70.75,440.50,G,2,UNKNOWN,BLOCK_AUTO,reason=outsideHours
2026-05-01 09:07:41,3086,27607.75,27587.72,27594.56,27592.09,57.66,18.99,16.9,57.5,0.0,57.5,0.0,0.00,0,0.0,0,0,0.00,0.00,0.00,0.00,,0.0,0,0,0.00,AUTO,,AGGR+CHP+ADP+RUN-EXT+PW+DLK+SLC+TPE+NWS+,BUY,55.0,1.05,0,0,0.00,0.00,0.00,0.00,0,0,0,1,-1.7,2.00,-29.25,41.50,-66.75,444.50,G,3,UNKNOWN,BRICK_CLOSE,src=primary color=G streak=3 o=27587.75 c=27603.75 hi=27603.75 lo=27587.75
2026-05-01 09:07:41,3086,27607.75,27587.76,27594.56,27592.09,57.66,18.99,16.9,67.5,0.0,67.5,0.0,0.00,0,0.0,0,0,0.00,0.00,0.00,0.00,,0.0,0,0,0.00,AUTO,,AGGR+CHP+ADP+RUN-EXT+PW+DLK+SLC+TPE+NWS+,BUY,55.0,1.05,0,0,0.00,0.00,0.00,0.00,0,0,0,1,-1.7,2.00,-29.25,41.50,-66.75,444.50,G,3,UNKNOWN,SIGNAL,
2026-05-01 09:07:41,3086,27607.75,27587.76,27594.56,27592.09,57.66,18.99,16.9,67.5,0.0,67.5,0.0,0.00,0,0.0,0,0,0.00,0.00,0.00,0.00,,0.0,0,0,0.00,AUTO,,AGGR+CHP+ADP+RUN-EXT+PW+DLK+SLC+TPE+NWS+,BUY,55.0,1.05,0,0,0.00,0.00,0.00,0.00,0,0,0,1,-1.7,2.00,-29.25,41.50,-66.75,444.50,G,3,UNKNOWN,BLOCK_AUTO,reason=outsideHours
2026-05-01 09:08:40,3087,27611.75,27587.76,27597.99,27593.88,59.18,18.78,16.2,67.5,0.0,67.5,0.0,0.00,0,0.0,0,0,0.00,0.00,0.00,0.00,,0.0,0,0,0.00,AUTO,,AGGR+CHP+ADP+RUN-EXT+PW+DLK+SLC+TPE+NWS+,BUY,55.0,1.28,0,0,0.00,0.00,0.00,0.00,0,0,0,1,-3.8,6.00,-25.25,45.50,-62.75,448.50,G,4,UNKNOWN,BRICK_CLOSE,src=primary color=G streak=4 o=27591.75 c=27607.75 hi=27607.75 lo=27591.75
2026-05-01 09:08:40,3087,27611.75,27587.88,27597.99,27593.88,59.18,18.78,16.2,47.5,0.0,47.5,0.0,0.00,0,0.0,0,0,0.00,0.00,0.00,0.00,,0.0,0,0,0.00,AUTO,,AGGR+CHP+ADP+RUN-EXT+PW+DLK+SLC+TPE+NWS+,BUY,55.0,1.27,0,0,0.00,0.00,0.00,0.00,0,0,0,1,-3.8,6.00,-25.25,45.50,-62.75,448.50,G,4,UNKNOWN,SIGNAL,
2026-05-01 09:08:40,3087,27611.75,27587.88,27597.99,27593.88,59.18,18.78,16.2,47.5,0.0,47.5,0.0,0.00,0,0.0,0,0,0.00,0.00,0.00,0.00,,0.0,0,0,0.00,AUTO,,AGGR+CHP+ADP+RUN-EXT+PW+DLK+SLC+TPE+NWS+,WAIT,55.0,1.27,0,0,0.00,0.00,0.00,0.00,0,0,0,1,-3.8,6.00,-25.25,45.50,-62.75,448.50,G,4,UNKNOWN,BLOCK_AUTO,reason=outsideHours
2026-05-01 09:20:32,3088,27615.75,27587.88,27601.55,27595.87,60.69,18.94,15.9,47.5,0.0,47.5,0.0,0.00,0,0.0,0,0,0.00,0.00,0.00,0.00,,0.0,0,0,0.00,AUTO,,AGGR+CHP+ADP+RUN-EXT+PW+DLK+SLC+TPE+NWS+,WAIT,55.0,1.47,0,0,0.00,0.00,0.00,0.00,0,0,0,1,-3.9,10.00,-21.25,49.50,-58.75,452.50,G,5,UNKNOWN,BRICK_CLOSE,src=primary color=G streak=5 o=27595.75 c=27611.75 hi=27611.75 lo=27595.75
2026-05-01 09:20:32,3088,27615.75,27587.88,27601.55,27595.87,60.69,18.94,15.9,47.5,0.0,47.5,0.0,0.00,0,0.0,0,0,0.00,0.00,0.00,0.00,,0.0,0,0,0.00,AUTO,,AGGR+CHP+ADP+RUN-EXT+PW+DLK+SLC+TPE+NWS+,WAIT,55.0,1.47,0,0,0.00,0.00,0.00,0.00,0,0,0,1,-3.9,10.00,-21.25,49.50,-58.75,452.50,G,5,UNKNOWN,HEARTBEAT,tradesToday=0 openDca=0
2026-05-01 09:20:32,3088,27615.75,27589.06,27601.55,27595.87,60.69,18.94,15.9,54.6,0.0,54.6,0.0,0.00,0,0.0,0,0,0.00,0.00,0.00,0.00,,0.0,0,0,0.00,AUTO,,AGGR+CHP+ADP+RUN-EXT+PW+DLK+SLC+TPE+NWS+,WAIT,55.0,1.41,0,0,0.00,0.00,0.00,0.00,0,0,0,1,-3.9,10.00,-21.25,49.50,-58.75,452.50,G,5,UNKNOWN,SIGNAL,
2026-05-01 09:20:32,3088,27615.75,27589.06,27601.55,27595.87,60.69,18.94,15.9,54.6,0.0,54.6,0.0,0.00,0,0.0,0,0,0.00,0.00,0.00,0.00,,0.0,0,0,0.00,AUTO,,AGGR+CHP+ADP+RUN-EXT+PW+DLK+SLC+TPE+NWS+,WAIT,55.0,1.41,0,0,0.00,0.00,0.00,0.00,0,0,0,1,-3.9,10.00,-21.25,49.50,-58.75,452.50,G,5,UNKNOWN,BLOCK_AUTO,reason=outsideHours
2026-05-01 09:21:06,3089,27619.75,27589.06,27605.19,27598.04,62.20,18.73,16.0,54.6,0.0,54.6,0.0,0.00,0,0.0,0,0,0.00,0.00,0.00,0.00,,0.0,0,0,0.00,AUTO,,AGGR+CHP+ADP+RUN-EXT+PW+DLK+SLC+TPE+NWS+,WAIT,55.0,1.64,0,0,0.00,0.00,0.00,0.00,0,0,0,1,-3.2,14.00,-17.25,53.50,-54.75,456.50,G,6,UNKNOWN,BRICK_CLOSE,src=primary color=G streak=6 o=27599.75 c=27615.75 hi=27615.75 lo=27594.75
2026-05-01 09:21:06,3089,27619.75,27589.20,27605.19,27598.04,62.20,18.73,16.0,48.6,0.0,48.6,0.0,0.00,0,0.0,0,0,0.00,0.00,0.00,0.00,,0.0,0,0,0.00,AUTO,,AGGR+CHP+ADP+RUN-EXT+PW+DLK+SLC+TPE+NWS+,WAIT,55.0,1.63,0,0,0.00,0.00,0.00,0.00,0,0,0,1,-3.2,14.00,-17.25,53.50,-54.75,456.50,G,6,UNKNOWN,SIGNAL,
2026-05-01 09:21:06,3089,27619.75,27589.20,27605.19,27598.04,62.20,18.73,16.0,48.6,0.0,48.6,0.0,0.00,0,0.0,0,0,0.00,0.00,0.00,0.00,,0.0,0,0,0.00,AUTO,,AGGR+CHP+ADP+RUN-EXT+PW+DLK+SLC+TPE+NWS+,WAIT,55.0,1.63,0,0,0.00,0.00,0.00,0.00,0,0,0,1,-3.2,14.00,-17.25,53.50,-54.75,456.50,G,6,UNKNOWN,BLOCK_AUTO,reason=outsideHours
2026-05-01 09:23:13,3090,27623.75,27589.20,27608.90,27600.38,63.70,18.53,16.4,48.6,0.0,48.6,0.0,0.00,0,0.0,0,0,0.00,0.00,0.00,0.00,,0.0,0,0,0.00,AUTO,,AGGR+CHP+ADP+RUN-EXT+PW+DLK+SLC+TPE+NWS+,WAIT,55.0,1.86,0,0,0.00,0.00,0.00,0.00,0,0,0,1,-1.7,18.00,-13.25,57.50,-50.75,460.50,G,7,UNKNOWN,BRICK_CLOSE,src=primary color=G streak=7 o=27603.75 c=27619.75 hi=27619.75 lo=27603.75
2026-05-01 09:23:13,3090,27623.75,27589.51,27608.90,27600.38,63.70,18.53,16.4,32.5,0.0,32.5,0.0,0.00,0,0.0,0,0,0.00,0.00,0.00,0.00,,0.0,0,0,0.00,AUTO,,AGGR+CHP+ADP+RUN-EXT+PW+DLK+SLC+TPE+NWS+,WAIT,55.0,1.85,0,0,0.00,0.00,0.00,0.00,0,0,0,1,-1.7,18.00,-13.25,57.50,-50.75,460.50,G,7,UNKNOWN,SIGNAL,
2026-05-01 09:23:13,3090,27623.75,27589.51,27608.90,27600.38,63.70,18.53,16.4,32.5,0.0,32.5,0.0,0.00,0,0.0,0,0,0.00,0.00,0.00,0.00,,0.0,0,0,0.00,AUTO,,AGGR+CHP+ADP+RUN-EXT+PW+DLK+SLC+TPE+NWS+,WAIT,55.0,1.85,0,0,0.00,0.00,0.00,0.00,0,0,0,1,-1.7,18.00,-13.25,57.50,-50.75,460.50,G,7,UNKNOWN,BLOCK_AUTO,reason=outsideHours
2026-05-01 09:23:20,3091,27627.75,27589.51,27612.67,27602.87,65.19,18.35,17.2,32.5,0.0,32.5,0.0,0.00,0,0.0,0,0,0.00,0.00,0.00,0.00,,0.0,0,0,0.00,AUTO,,AGGR+CHP+ADP+RUN-EXT+PW+DLK+SLC+TPE+NWS+,WAIT,55.0,2.08,0,0,0.00,0.00,0.00,0.00,0,0,0,1,0.2,22.00,-9.25,61.50,-46.75,464.50,G,8,UNKNOWN,BRICK_CLOSE,src=primary color=G streak=8 o=27607.75 c=27623.75 hi=27623.75 lo=27607.75
2026-05-01 09:23:20,3091,27627.75,27589.62,27612.67,27602.87,65.19,18.35,17.2,45.5,0.0,45.5,0.0,0.00,0,0.0,0,0,0.00,0.00,0.00,0.00,,0.0,0,0,0.00,AUTO,,AGGR+CHP+ADP+RUN-EXT+PW+DLK+SLC+TPE+NWS+,WAIT,55.0,2.08,0,0,0.00,0.00,0.00,0.00,0,0,0,1,0.2,22.00,-9.25,61.50,-46.75,464.50,G,8,UNKNOWN,SIGNAL,
2026-05-01 09:23:20,3091,27627.75,27589.62,27612.67,27602.87,65.19,18.35,17.2,45.5,0.0,45.5,0.0,0.00,0,0.0,0,0,0.00,0.00,0.00,0.00,,0.0,0,0,0.00,AUTO,,AGGR+CHP+ADP+RUN-EXT+PW+DLK+SLC+TPE+NWS+,WAIT,55.0,2.08,0,0,0.00,0.00,0.00,0.00,0,0,0,1,0.2,22.00,-9.25,61.50,-46.75,464.50,G,8,UNKNOWN,BLOCK_AUTO,reason=outsideHours
2026-05-01 09:23:20,3091,27627.75,27589.62,27612.67,27602.87,65.19,18.35,17.2,45.5,0.0,45.5,0.0,0.00,0,0.0,0,0,0.00,0.00,0.00,0.00,,0.0,0,0,0.00,AUTO,,AGGR+CHP+ADP+RUN-EXT+PW+DLK+SLC+TPE+NWS+,WAIT,55.0,2.08,0,0,0.00,0.00,0.00,0.00,0,0,0,1,0.2,22.00,-9.25,61.50,-46.75,464.50,G,8,UNKNOWN,WOULD_TRADE,blockedBy=outsideHours dir=LONG regime=UNKNOWN streak=8 bullConf=46 bearConf=0
2026-05-01 09:28:27,3092,27631.75,27589.62,27616.49,27605.49,66.67,18.77,17.3,45.5,0.0,45.5,0.0,0.00,0,0.0,0,0,0.00,0.00,0.00,0.00,,0.0,0,0,0.00,AUTO,,AGGR+CHP+ADP+RUN-EXT+PW+DLK+SLC+TPE+NWS+,WAIT,55.0,2.24,0,0,0.00,0.00,0.00,0.00,0,0,0,1,1.1,26.00,-5.25,65.50,-42.75,468.50,G,9,UNKNOWN,BRICK_CLOSE,src=primary color=G streak=9 o=27611.75 c=27627.75 hi=27627.75 lo=27611.75
2026-05-01 09:28:27,3092,27631.75,27591.10,27616.49,27605.49,66.67,18.77,17.3,55.5,0.0,55.5,0.0,0.00,0,0.0,0,0,0.00,0.00,0.00,0.00,,0.0,0,0,0.00,AUTO,,AGGR+CHP+ADP+RUN-EXT+PW+DLK+SLC+TPE+NWS+,WAIT,55.0,2.17,0,0,0.00,0.00,0.00,0.00,0,0,0,1,1.1,26.00,-5.25,65.50,-42.75,468.50,G,9,UNKNOWN,SIGNAL,
2026-05-01 09:28:27,3092,27631.75,27591.10,27616.49,27605.49,66.67,18.77,17.3,55.5,0.0,55.5,0.0,0.00,0,0.0,0,0,0.00,0.00,0.00,0.00,,0.0,0,0,0.00,AUTO,,AGGR+CHP+ADP+RUN-EXT+PW+DLK+SLC+TPE+NWS+,BUY,55.0,2.17,0,0,0.00,0.00,0.00,0.00,0,0,0,1,1.1,26.00,-5.25,65.50,-42.75,468.50,G,9,UNKNOWN,BLOCK_AUTO,reason=outsideHours
2026-05-01 09:28:27,3092,27631.75,27591.10,27616.49,27605.49,66.67,18.77,17.3,55.5,0.0,55.5,0.0,0.00,0,0.0,0,0,0.00,0.00,0.00,0.00,,0.0,0,0,0.00,AUTO,,AGGR+CHP+ADP+RUN-EXT+PW+DLK+SLC+TPE+NWS+,BUY,55.0,2.17,0,0,0.00,0.00,0.00,0.00,0,0,0,1,1.1,26.00,-5.25,65.50,-42.75,468.50,G,9,UNKNOWN,WOULD_TRADE,blockedBy=outsideHours dir=LONG regime=UNKNOWN streak=9 bullConf=56 bearConf=0
2026-05-01 09:29:44,3093,27635.75,27591.10,27620.34,27608.24,68.12,18.59,17.7,55.5,0.0,55.5,0.0,0.00,0,0.0,0,0,0.00,0.00,0.00,0.00,,0.0,0,0,0.00,AUTO,,AGGR+CHP+ADP+RUN-EXT+PW+DLK+SLC+TPE+NWS+,BUY,55.0,2.40,0,0,0.00,0.00,0.00,0.00,0,0,0,1,1.8,30.00,-1.25,69.50,-38.75,472.50,G,10,UNKNOWN,BRICK_CLOSE,src=primary color=G streak=10 o=27615.75 c=27631.75 hi=27631.75 lo=27607.50
2026-05-01 09:29:44,3093,27635.75,27591.86,27620.34,27608.24,68.12,18.59,17.7,74.8,0.0,74.8,0.0,0.00,0,0.0,0,0,0.00,0.00,0.00,0.00,,0.0,0,0,0.00,AUTO,,AGGR+CHP+ADP+RUN-EXT+PW+DLK+SLC+TPE+NWS+,BUY,55.0,2.36,0,0,0.00,0.00,0.00,0.00,0,0,0,1,1.8,30.00,-1.25,69.50,-38.75,472.50,G,10,UNKNOWN,SIGNAL,
2026-05-01 09:29:44,3093,27635.75,27591.86,27620.34,27608.24,68.12,18.59,17.7,74.8,0.0,74.8,0.0,0.00,0,0.0,0,0,0.00,0.00,0.00,0.00,,0.0,0,0,0.00,AUTO,,AGGR+CHP+ADP+RUN-EXT+PW+DLK+SLC+TPE+NWS+,BUY,55.0,2.36,0,0,0.00,0.00,0.00,0.00,0,0,0,1,1.8,30.00,-1.25,69.50,-38.75,472.50,G,10,UNKNOWN,BLOCK_AUTO,reason=outsideHours
2026-05-01 09:29:44,3093,27635.75,27591.86,27620.34,27608.24,68.12,18.59,17.7,74.8,0.0,74.8,0.0,0.00,0,0.0,0,0,0.00,0.00,0.00,0.00,,0.0,0,0,0.00,AUTO,,AGGR+CHP+ADP+RUN-EXT+PW+DLK+SLC+TPE+NWS+,BUY,55.0,2.36,0,0,0.00,0.00,0.00,0.00,0,0,0,1,1.8,30.00,-1.25,69.50,-38.75,472.50,G,10,UNKNOWN,WOULD_TRADE,blockedBy=outsideHours dir=LONG regime=UNKNOWN streak=10 bullConf=75 bearConf=0
2026-05-01 09:30:00,3094,27639.75,27591.86,27624.22,27611.11,69.55,18.41,18.5,74.8,0.0,74.8,0.0,0.00,0,0.0,0,0,0.00,0.00,0.00,0.00,,0.0,0,0,0.00,AUTO,,AGGR+CHP+ADP+RUN-EXT+PW+DLK+SLC+TPE+NWS+,BUY,55.0,2.60,0,0,0.00,0.00,0.00,0.00,0,0,0,1,2.5,34.00,2.75,73.50,-34.75,476.50,G,11,UNKNOWN,BRICK_CLOSE,src=primary color=G streak=11 o=27619.75 c=27635.75 hi=27635.75 lo=27619.50
2026-05-01 09:30:00,3094,27639.75,27592.33,27624.22,27611.11,69.55,18.41,18.5,0.0,0.0,0.0,0.0,0.00,0,0.0,0,0,0.00,0.00,0.00,0.00,,0.0,0,0,0.00,AUTO,,AGGR+CHP+ADP+RUN-EXT+PW+DLK+SLC+TPE+NWS+,BUY,55.0,2.58,0,0,0.00,0.00,0.00,0.00,0,0,0,1,2.5,34.00,2.75,73.50,-34.75,476.50,G,11,UNKNOWN,SIGNAL,
2026-05-01 09:30:00,3095,27643.75,27592.33,27628.13,27614.07,70.95,18.23,19.5,0.0,0.0,0.0,0.0,0.00,0,0.0,0,0,0.00,0.00,0.00,0.00,,0.0,0,0,0.00,AUTO,,AGGR+CHP+ADP+RUN-EXT+PW+DLK+SLC+TPE+NWS+,WAIT,55.0,2.82,0,0,0.00,0.00,0.00,0.00,0,0,0,1,3.1,38.00,6.75,77.50,-30.75,480.50,G,12,UNKNOWN,BRICK_CLOSE,src=primary color=G streak=12 o=27623.75 c=27639.75 hi=27639.75 lo=27623.75
2026-05-01 09:30:00,3095,27643.75,27592.43,27628.13,27614.07,70.95,18.23,19.5,0.0,0.0,0.0,0.0,0.00,1,0.0,0,0,0.00,0.00,0.00,0.00,,0.0,0,0,0.00,AUTO,,AGGR+CHP+ADP+RUN-EXT+PW+DLK+SLC+TPE+NWS+,WAIT,55.0,2.81,0,0,0.00,0.00,0.00,0.00,0,0,0,1,3.1,38.00,6.75,77.50,-30.75,480.50,G,12,UNKNOWN,SIGNAL,
2026-05-01 09:30:38,3096,27647.75,27592.43,27632.05,27617.14,72.32,19.08,19.1,0.0,0.0,0.0,0.0,0.00,1,0.0,0,0,0.00,0.00,0.00,0.00,,0.0,0,0,0.00,AUTO,,AGGR+CHP+ADP+RUN-EXT+PW+DLK+SLC+TPE+NWS+,WAIT,55.0,2.90,0,0,0.00,0.00,0.00,0.00,0,0,0,1,1.9,42.00,10.75,81.50,-26.75,484.50,G,13,UNKNOWN,BRICK_CLOSE,src=primary color=G streak=13 o=27627.75 c=27643.75 hi=27643.75 lo=27627.75
2026-05-01 09:30:38,3096,27647.75,27592.43,27632.05,27617.14,72.32,19.08,19.1,0.0,0.0,0.0,0.0,0.00,1,0.0,0,0,0.00,0.00,0.00,0.00,,0.0,0,0,0.00,AUTO,,AGGR+CHP+ADP+RUN-EXT+PW+DLK+SLC+TPE+NWS+,WAIT,55.0,2.90,0,0,0.00,0.00,0.00,0.00,0,0,0,1,1.9,42.00,10.75,81.50,-26.75,484.50,G,13,UNKNOWN,HEARTBEAT,tradesToday=0 openDca=0
2026-05-01 09:30:38,3096,27647.75,27595.30,27632.05,27617.14,72.32,19.08,19.1,10.0,0.0,10.0,0.0,0.00,1,0.0,0,0,0.00,0.00,0.00,0.00,,0.0,0,0,0.00,AUTO,,AGGR+CHP+ADP+RUN-EXT+PW+DLK+SLC+TPE+NWS+,WAIT,55.0,2.75,0,0,0.00,0.00,0.00,0.00,0,0,0,1,1.9,42.00,10.75,81.50,-26.75,484.50,G,13,UNKNOWN,SIGNAL,
2026-05-01 09:30:43,3097,27651.75,27595.30,27635.99,27620.28,73.66,18.86,19.1,10.0,0.0,10.0,0.0,0.00,1,0.0,0,0,0.00,0.00,0.00,0.00,,0.0,0,0,0.00,AUTO,,AGGR+CHP+ADP+RUN-EXT+PW+DLK+SLC+TPE+NWS+,WAIT,55.0,2.99,0,0,0.00,0.00,0.00,0.00,0,0,0,1,1.8,46.00,14.75,85.50,-22.75,488.50,G,14,UNKNOWN,BRICK_CLOSE,src=primary color=G streak=14 o=27631.75 c=27647.75 hi=27647.75 lo=27617.75
2026-05-01 09:30:43,3097,27651.75,27595.71,27635.99,27620.28,73.66,18.86,19.1,0.0,0.0,0.0,0.0,0.00,1,0.0,0,0,0.00,0.00,0.00,0.00,,0.0,0,0,0.00,AUTO,,AGGR+CHP+ADP+RUN-EXT+PW+DLK+SLC+TPE+NWS+,WAIT,55.0,2.97,0,0,0.00,0.00,0.00,0.00,0,0,0,1,1.8,46.00,14.75,85.50,-22.75,488.50,G,14,UNKNOWN,SIGNAL,
2026-05-01 09:30:44,3098,27655.75,27595.71,27639.94,27623.51,74.97,18.65,19.4,0.0,0.0,0.0,0.0,0.00,1,0.0,0,0,0.00,0.00,0.00,0.00,,0.0,0,0,0.00,AUTO,,AGGR+CHP+ADP+RUN-EXT+PW+DLK+SLC+TPE+NWS+,WAIT,55.0,3.22,0,0,0.00,0.00,0.00,0.00,0,0,0,1,1.7,50.00,18.75,89.50,-18.75,492.50,G,15,UNKNOWN,BRICK_CLOSE,src=primary color=G streak=15 o=27635.75 c=27651.75 hi=27651.75 lo=27635.75
2026-05-01 09:30:44,3098,27655.75,27595.92,27639.94,27623.51,74.97,18.65,19.4,0.0,0.0,0.0,0.0,0.00,1,0.0,0,0,0.00,0.00,0.00,0.00,,0.0,0,0,0.00,AUTO,,AGGR+CHP+ADP+RUN-EXT+PW+DLK+SLC+TPE+NWS+,WAIT,55.0,3.21,0,0,0.00,0.00,0.00,0.00,0,0,0,1,1.7,50.00,18.75,89.50,-18.75,492.50,G,15,UNKNOWN,SIGNAL,
2026-05-01 09:30:45,3099,27659.75,27595.92,27643.90,27626.80,76.24,18.46,20.0,0.0,0.0,0.0,0.0,0.00,1,0.0,0,0,0.00,0.00,0.00,0.00,,0.0,0,0,0.00,AUTO,,AGGR+CHP+ADP+RUN-EXT+PW+DLK+SLC+TPE+NWS+,WAIT,55.0,3.46,0,0,0.00,0.00,0.00,0.00,0,0,0,1,1.5,54.00,22.75,93.50,-14.75,496.50,G,16,UNKNOWN,BRICK_CLOSE,src=primary color=G streak=16 o=27639.75 c=27655.75 hi=27655.75 lo=27639.75
2026-05-01 09:30:45,3099,27659.75,27596.11,27643.90,27626.80,76.24,18.46,20.0,0.0,0.0,0.0,0.0,0.00,1,0.0,0,0,0.00,0.00,0.00,0.00,,0.0,0,0,0.00,AUTO,,AGGR+CHP+ADP+RUN-EXT+PW+DLK+SLC+TPE+NWS+,WAIT,55.0,3.45,0,0,0.00,0.00,0.00,0.00,0,0,0,1,1.5,54.00,22.75,93.50,-14.75,496.50,G,16,UNKNOWN,SIGNAL,
2026-05-01 09:30:48,3100,27663.75,27596.11,27647.87,27630.16,77.47,18.29,20.9,0.0,0.0,0.0,0.0,0.00,1,0.0,0,0,0.00,0.00,0.00,0.00,,0.0,0,0,0.00,AUTO,,AGGR+CHP+ADP+RUN-EXT+PW+DLK+SLC+TPE+NWS+,WAIT,55.0,3.70,0,0,0.00,0.00,0.00,0.00,0,0,0,1,1.4,58.00,26.75,97.50,-10.75,500.50,G,17,UNKNOWN,BRICK_CLOSE,src=primary color=G streak=17 o=27643.75 c=27659.75 hi=27659.75 lo=27643.75
2026-05-01 09:30:48,3100,27663.75,27596.31,27647.87,27630.16,77.47,18.29,20.9,0.0,0.0,0.0,0.0,0.00,1,0.0,0,0,0.00,0.00,0.00,0.00,,0.0,0,0,0.00,AUTO,,AGGR+CHP+ADP+RUN-EXT+PW+DLK+SLC+TPE+NWS+,WAIT,55.0,3.69,0,0,0.00,0.00,0.00,0.00,0,0,0,1,1.4,58.00,5.25,83.25,-10.75,500.50,G,17,UNKNOWN,SIGNAL,
2026-05-01 09:31:00,3101,27667.75,27596.31,27651.85,27633.58,78.66,18.36,22.0,0.0,0.0,0.0,0.0,0.00,1,0.0,0,0,0.00,0.00,0.00,0.00,,0.0,0,0,0.00,AUTO,,AGGR+CHP+ADP+RUN-EXT+PW+DLK+SLC+TPE+NWS+,WAIT,55.0,3.89,0,0,0.00,0.00,0.00,0.00,0,0,0,1,2.9,62.00,9.25,87.25,-6.75,504.50,G,18,UNKNOWN,BRICK_CLOSE,src=primary color=G streak=18 o=27647.75 c=27663.75 hi=27663.75 lo=27647.75
2026-05-01 09:31:00,3101,27667.75,27596.31,27651.85,27633.58,78.66,18.36,22.0,0.0,0.0,0.0,0.0,0.00,1,0.0,0,0,0.00,0.00,0.00,0.00,,0.0,0,0,0.00,AUTO,,AGGR+CHP+ADP+RUN-EXT+PW+DLK+SLC+TPE+NWS+,WAIT,55.0,3.89,0,0,0.00,0.00,0.00,0.00,0,0,0,1,2.9,62.00,9.25,87.25,-6.75,504.50,G,18,TREND_UP,REGIME_CHANGE,from=UNKNOWN to=TREND_UP adx=22.0 slope=2.92 atr/avg=0.98 eStack=1 distVwapAtr=3.89 nr=Gx18 flips4=0
2026-05-01 09:31:00,3101,27667.75,27597.01,27651.85,27633.58,78.66,18.36,22.0,0.0,0.0,0.0,0.0,0.00,1,0.0,0,0,0.00,0.00,0.00,0.00,,0.0,0,0,0.00,AUTO,,AGGR+CHP+ADP+RUN-EXT+PW+DLK+SLC+TPE+NWS+,WAIT,55.0,3.85,0,0,0.00,0.00,0.00,0.00,0,0,0,1,2.9,62.00,9.25,87.25,-6.75,504.50,G,18,TREND_UP,SIGNAL,
2026-05-01 09:31:07,3102,27671.75,27597.01,27655.83,27637.05,79.81,18.19,23.3,0.0,0.0,0.0,0.0,0.00,1,0.0,0,0,0.00,0.00,0.00,0.00,,0.0,0,0,0.00,AUTO,,AGGR+CHP+ADP+RUN-EXT+PW+DLK+SLC+TPE+NWS+,WAIT,55.0,4.11,0,0,0.00,0.00,0.00,0.00,0,0,0,1,4.3,66.00,13.25,91.25,-2.75,508.50,G,19,TREND_UP,BRICK_CLOSE,src=primary color=G streak=19 o=27651.75 c=27667.75 hi=27667.75 lo=27648.50
2026-05-01 09:31:07,3102,27671.75,27597.88,27655.83,27637.05,79.81,18.19,23.3,0.0,0.0,0.0,0.0,0.00,1,0.0,0,0,0.00,0.00,0.00,0.00,,0.0,0,0,0.00,AUTO,,AGGR+CHP+ADP+RUN-EXT+PW+DLK+SLC+TPE+NWS+,WAIT,55.0,4.06,0,0,0.00,0.00,0.00,0.00,0,0,0,1,4.3,66.00,13.25,91.25,-2.75,508.50,G,19,TREND_UP,SIGNAL,
2026-05-01 09:31:08,3103,27675.75,27597.88,27659.81,27640.57,80.91,18.03,24.8,0.0,0.0,0.0,0.0,0.00,1,0.0,0,0,0.00,0.00,0.00,0.00,,0.0,0,0,0.00,AUTO,,AGGR+CHP+ADP+RUN-EXT+PW+DLK+SLC+TPE+NWS+,WAIT,55.0,4.32,0,0,0.00,0.00,0.00,0.00,0,0,0,1,5.4,70.00,17.25,95.25,1.25,512.50,G,20,TREND_UP,BRICK_CLOSE,src=primary color=G streak=20 o=27655.75 c=27671.75 hi=27671.75 lo=27655.75
2026-05-01 09:31:08,3103,27675.75,27598.13,27659.81,27640.57,80.91,18.03,24.8,0.0,0.0,0.0,0.0,0.00,1,0.0,0,0,0.00,0.00,0.00,0.00,,0.0,0,0,0.00,AUTO,,AGGR+CHP+ADP+RUN-EXT+PW+DLK+SLC+TPE+NWS+,WAIT,55.0,4.30,0,0,0.00,0.00,0.00,0.00,0,0,0,1,5.4,70.00,17.25,95.25,1.25,512.50,G,20,TREND_UP,SIGNAL,
2026-05-01 09:31:11,3104,27679.75,27598.13,27663.80,27644.13,81.97,17.89,26.4,0.0,0.0,0.0,0.0,0.00,1,0.0,0,0,0.00,0.00,0.00,0.00,,0.0,0,0,0.00,AUTO,,AGGR+CHP+ADP+RUN-EXT+PW+DLK+SLC+TPE+NWS+,WAIT,55.0,4.56,0,0,0.00,0.00,0.00,0.00,0,0,0,1,6.4,74.00,21.25,99.25,5.25,516.50,G,21,TREND_UP,BRICK_CLOSE,src=primary color=G streak=21 o=27659.75 c=27675.75 hi=27675.75 lo=27659.75
2026-05-01 09:31:11,3104,27679.75,27598.42,27663.80,27644.13,81.97,17.89,26.4,0.0,0.0,0.0,0.0,0.00,1,0.0,0,0,0.00,0.00,0.00,0.00,,0.0,0,0,0.00,AUTO,,AGGR+CHP+ADP+RUN-EXT+PW+DLK+SLC+TPE+NWS+,WAIT,55.0,4.55,0,0,0.00,0.00,0.00,0.00,0,0,0,1,6.4,74.00,21.25,99.25,5.25,516.50,G,21,TREND_UP,SIGNAL,
2026-05-01 09:31:12,3105,27683.75,27598.42,27667.79,27647.73,82.99,17.75,28.2,0.0,0.0,0.0,0.0,0.00,1,0.0,0,0,0.00,0.00,0.00,0.00,,0.0,0,0,0.00,AUTO,,AGGR+CHP+ADP+RUN-EXT+PW+DLK+SLC+TPE+NWS+,WAIT,55.0,4.81,0,0,0.00,0.00,0.00,0.00,0,0,0,1,7.3,78.00,25.25,103.25,9.25,520.50,G,22,TREND_UP,BRICK_CLOSE,src=primary color=G streak=22 o=27663.75 c=27679.75 hi=27679.75 lo=27663.75
2026-05-01 09:31:12,3105,27683.75,27598.53,27667.79,27647.73,82.99,17.75,28.2,0.0,0.0,0.0,0.0,0.00,1,0.0,0,0,0.00,0.00,0.00,0.00,,0.0,0,0,0.00,AUTO,,AGGR+CHP+ADP+RUN-EXT+PW+DLK+SLC+TPE+NWS+,WAIT,55.0,4.80,0,0,0.00,0.00,0.00,0.00,0,0,0,1,7.3,78.00,25.25,103.25,9.25,520.50,G,22,TREND_UP,SIGNAL,
2026-05-01 09:31:13,3106,27687.75,27598.53,27671.78,27651.37,83.97,17.63,30.0,0.0,0.0,0.0,0.0,0.00,1,0.0,0,0,0.00,0.00,0.00,0.00,,0.0,0,0,0.00,AUTO,,AGGR+CHP+ADP+RUN-EXT+PW+DLK+SLC+TPE+NWS+,WAIT,55.0,5.06,0,0,0.00,0.00,0.00,0.00,0,0,0,1,8.0,82.00,29.25,107.25,13.25,524.50,G,23,TREND_UP,BRICK_CLOSE,src=primary color=G streak=23 o=27667.75 c=27683.75 hi=27683.75 lo=27667.75
2026-05-01 09:31:13,3106,27687.75,27598.68,27671.78,27651.37,83.97,17.63,30.0,0.0,0.0,0.0,0.0,0.00,1,0.0,0,0,0.00,0.00,0.00,0.00,,0.0,0,0,0.00,AUTO,,AGGR+CHP+ADP+RUN-EXT+PW+DLK+SLC+TPE+NWS+,WAIT,55.0,5.05,0,0,0.00,0.00,0.00,0.00,0,0,0,1,8.0,82.00,29.25,107.25,13.25,524.50,G,23,TREND_UP,SIGNAL,
2026-05-01 09:31:14,3107,27691.75,27598.68,27675.78,27655.04,84.90,17.51,32.0,0.0,0.0,0.0,0.0,0.00,1,0.0,0,0,0.00,0.00,0.00,0.00,,0.0,0,0,0.00,AUTO,,AGGR+CHP+ADP+RUN-EXT+PW+DLK+SLC+TPE+NWS+,WAIT,55.0,5.32,0,0,0.00,0.00,0.00,0.00,0,0,0,1,8.7,86.00,33.25,111.25,17.25,528.50,G,24,TREND_UP,BRICK_CLOSE,src=primary color=G streak=24 o=27671.75 c=27687.75 hi=27687.75 lo=27671.75
2026-05-01 09:31:14,3107,27691.75,27598.85,27675.78,27655.04,84.90,17.51,32.0,0.0,0.0,0.0,0.0,0.00,1,0.0,0,0,0.00,0.00,0.00,0.00,,0.0,0,0,0.00,AUTO,,AGGR+CHP+ADP+RUN-EXT+PW+DLK+SLC+TPE+NWS+,WAIT,55.0,5.31,0,0,0.00,0.00,0.00,0.00,0,0,0,1,8.7,86.00,33.25,111.25,17.25,528.50,G,24,TREND_UP,SIGNAL,
2026-05-01 09:31:15,3108,27695.75,27598.85,27679.77,27658.74,85.80,17.40,34.0,0.0,0.0,0.0,0.0,0.00,1,0.0,0,0,0.00,0.00,0.00,0.00,,0.0,0,0,0.00,AUTO,,AGGR+CHP+ADP+RUN-EXT+PW+DLK+SLC+TPE+NWS+,WAIT,55.0,5.57,0,0,0.00,0.00,0.00,0.00,0,0,0,1,9.2,90.00,37.25,115.25,21.25,532.50,G,25,TREND_UP,BRICK_CLOSE,src=primary color=G streak=25 o=27675.75 c=27691.75 hi=27691.75 lo=27675.75
2026-05-01 09:31:15,3108,27695.75,27599.14,27679.77,27658.74,85.80,17.40,34.0,0.0,0.0,0.0,0.0,0.00,1,0.0,0,0,0.00,0.00,0.00,0.00,,0.0,0,0,0.00,AUTO,,AGGR+CHP+ADP+RUN-EXT+PW+DLK+SLC+TPE+NWS+,WAIT,55.0,5.55,0,0,0.00,0.00,0.00,0.00,0,0,0,1,9.2,90.00,37.25,115.25,21.25,532.50,G,25,TREND_UP,SIGNAL,
2026-05-01 09:31:56,3109,27699.75,27599.14,27683.77,27662.47,86.64,18.39,33.9,0.0,0.0,0.0,0.0,0.00,1,0.0,0,0,0.00,0.00,0.00,0.00,,0.0,0,0,0.00,AUTO,,AGGR+CHP+ADP+RUN-EXT+PW+DLK+SLC+TPE+NWS+,WAIT,55.0,5.47,0,0,0.00,0.00,0.00,0.00,0,0,0,1,7.5,94.00,41.25,119.25,25.25,536.50,G,26,TREND_UP,BRICK_CLOSE,src=primary color=G streak=26 o=27679.75 c=27695.75 hi=27695.75 lo=27679.75
2026-05-01 09:31:56,3109,27699.75,27602.81,27683.77,27662.47,86.64,18.39,33.9,10.0,0.0,10.0,0.0,0.00,1,0.0,0,0,0.00,0.00,0.00,0.00,,0.0,0,0,0.00,AUTO,,AGGR+CHP+ADP+RUN-EXT+PW+DLK+SLC+TPE+NWS+,WAIT,55.0,5.27,0,0,0.00,0.00,0.00,0.00,0,0,0,1,7.5,94.00,41.25,119.25,25.25,536.50,G,26,TREND_UP,SIGNAL,
2026-05-01 09:32:12,3110,27703.75,27602.81,27687.76,27666.22,87.45,18.26,34.2,10.0,0.0,10.0,0.0,0.00,1,0.0,0,0,0.00,0.00,0.00,0.00,,0.0,0,0,0.00,AUTO,,AGGR+CHP+ADP+RUN-EXT+PW+DLK+SLC+TPE+NWS+,WAIT,55.0,5.53,0,0,0.00,0.00,0.00,0.00,0,0,0,1,6.0,98.00,45.25,123.25,29.25,540.50,G,27,TREND_UP,BRICK_CLOSE,src=primary color=G streak=27 o=27683.75 c=27699.75 hi=27699.75 lo=27668.50
2026-05-01 09:32:12,3110,27703.75,27604.22,27687.76,27666.22,87.45,18.26,34.2,10.0,0.0,10.0,0.0,0.00,1,0.0,0,0,0.00,0.00,0.00,0.00,,0.0,0,0,0.00,AUTO,,AGGR+CHP+ADP+RUN-EXT+PW+DLK+SLC+TPE+NWS+,WAIT,55.0,5.45,0,0,0.00,0.00,0.00,0.00,0,0,0,1,6.0,98.00,45.25,123.25,29.25,540.50,G,27,TREND_UP,SIGNAL,
2026-05-01 09:32:15,3111,27707.75,27604.22,27691.76,27670.00,88.22,18.09,34.7,10.0,0.0,10.0,0.0,0.00,1,0.0,0,0,0.00,0.00,0.00,0.00,,0.0,0,0,0.00,AUTO,,AGGR+CHP+ADP+RUN-EXT+PW+DLK+SLC+TPE+NWS+,WAIT,55.0,5.72,0,0,0.00,0.00,0.00,0.00,0,0,0,1,4.7,102.00,49.25,127.25,33.25,544.50,G,28,TREND_UP,BRICK_CLOSE,src=primary color=G streak=28 o=27687.75 c=27703.75 hi=27703.75 lo=27687.25
2026-05-01 09:32:15,3111,27707.75,27604.49,27691.76,27670.00,88.22,18.09,34.7,0.0,0.0,0.0,0.0,0.00,1,0.0,0,0,0.00,0.00,0.00,0.00,,0.0,0,0,0.00,AUTO,,AGGR+CHP+ADP+RUN-EXT+PW+DLK+SLC+TPE+NWS+,WAIT,55.0,5.71,0,0,0.00,0.00,0.00,0.00,0,0,0,1,4.7,102.00,49.25,127.25,33.25,544.50,G,28,TREND_UP,SIGNAL,
2026-05-01 09:33:09,3112,27711.75,27604.49,27695.76,27673.79,88.95,18.64,34.3,0.0,0.0,0.0,0.0,0.00,1,0.0,0,0,0.00,0.00,0.00,0.00,,0.0,0,0,0.00,AUTO,,AGGR+CHP+ADP+RUN-EXT+PW+DLK+SLC+TPE+NWS+,WAIT,55.0,5.75,0,0,0.00,0.00,0.00,0.00,0,0,0,1,2.3,106.00,53.25,131.25,37.25,548.50,G,29,TREND_UP,BRICK_CLOSE,src=primary color=G streak=29 o=27691.75 c=27707.75 hi=27707.75 lo=27691.75
2026-05-01 09:33:09,3112,27711.75,27607.96,27695.76,27673.79,88.95,18.64,34.3,10.0,0.0,10.0,0.0,0.00,1,0.0,0,0,0.00,0.00,0.00,0.00,,0.0,0,0,0.00,AUTO,,AGGR+CHP+ADP+RUN-EXT+PW+DLK+SLC+TPE+NWS+,WAIT,55.0,5.57,0,0,0.00,0.00,0.00,0.00,0,0,0,1,2.3,106.00,53.25,131.25,37.25,548.50,G,29,TREND_UP,SIGNAL,
2026-05-01 09:33:15,3113,27715.75,27607.96,27699.76,27677.61,89.64,18.45,34.3,10.0,0.0,10.0,0.0,0.00,1,0.0,0,0,0.00,0.00,0.00,0.00,,0.0,0,0,0.00,AUTO,,AGGR+CHP+ADP+RUN-EXT+PW+DLK+SLC+TPE+NWS+,WAIT,55.0,5.84,0,0,0.00,0.00,0.00,0.00,0,0,0,1,0.3,110.00,57.25,135.25,41.25,552.50,G,30,TREND_UP,BRICK_CLOSE,src=primary color=G streak=30 o=27695.75 c=27711.75 hi=27711.75 lo=27686.00
2026-05-01 09:33:15,3113,27715.75,27608.33,27699.76,27677.61,89.64,18.45,34.3,0.0,0.0,0.0,0.0,0.00,1,0.0,0,0,0.00,0.00,0.00,0.00,,0.0,0,0,0.00,AUTO,,AGGR+CHP+ADP+RUN-EXT+PW+DLK+SLC+TPE+NWS+,WAIT,55.0,5.82,0,0,0.00,0.00,0.00,0.00,0,0,0,1,0.3,110.00,57.25,135.25,41.25,552.50,G,30,TREND_UP,SIGNAL,
2026-05-01 09:33:17,3114,27719.75,27608.33,27703.76,27681.44,90.29,18.28,34.5,0.0,0.0,0.0,0.0,0.00,1,0.0,0,0,0.00,0.00,0.00,0.00,,0.0,0,0,0.00,AUTO,,AGGR+CHP+ADP+RUN-EXT+PW+DLK+SLC+TPE+NWS+,WAIT,55.0,6.10,0,0,0.00,0.00,0.00,0.00,0,0,0,1,0.6,114.00,61.25,139.25,45.25,556.50,G,31,TREND_UP,BRICK_CLOSE,src=primary color=G streak=31 o=27699.75 c=27715.75 hi=27715.75 lo=27699.75
2026-05-01 09:33:17,3114,27719.75,27608.53,27703.76,27681.44,90.29,18.28,34.5,0.0,0.0,0.0,0.0,0.00,1,0.0,0,0,0.00,0.00,0.00,0.00,,0.0,0,0,0.00,AUTO,,AGGR+CHP+ADP+RUN-EXT+PW+DLK+SLC+TPE+NWS+,WAIT,55.0,6.09,0,0,0.00,0.00,0.00,0.00,0,0,0,1,0.6,114.00,61.25,139.25,45.25,556.50,G,31,TREND_UP,SIGNAL,
2026-05-01 09:33:20,3115,27723.75,27608.53,27707.75,27685.28,90.91,18.12,35.0,0.0,0.0,0.0,0.0,0.00,1,0.0,0,0,0.00,0.00,0.00,0.00,,0.0,0,0,0.00,AUTO,,AGGR+CHP+ADP+RUN-EXT+PW+DLK+SLC+TPE+NWS+,WAIT,55.0,6.36,0,0,0.00,0.00,0.00,0.00,0,0,0,1,0.8,118.00,65.25,143.25,49.25,560.50,G,32,TREND_UP,BRICK_CLOSE,src=primary color=G streak=32 o=27703.75 c=27719.75 hi=27719.75 lo=27703.75
2026-05-01 09:33:20,3115,27723.75,27608.88,27707.75,27685.28,90.91,18.12,35.0,0.0,0.0,0.0,0.0,0.00,1,0.0,0,0,0.00,0.00,0.00,0.00,,0.0,0,0,0.00,AUTO,,AGGR+CHP+ADP+RUN-EXT+PW+DLK+SLC+TPE+NWS+,WAIT,55.0,6.34,0,0,0.00,0.00,0.00,0.00,0,0,0,1,0.8,118.00,65.25,143.25,49.25,560.50,G,32,TREND_UP,SIGNAL,
2026-05-01 09:33:25,3116,27727.75,27608.88,27711.75,27689.15,91.49,17.96,35.7,0.0,0.0,0.0,0.0,0.00,1,0.0,0,0,0.00,0.00,0.00,0.00,,0.0,0,0,0.00,AUTO,,AGGR+CHP+ADP+RUN-EXT+PW+DLK+SLC+TPE+NWS+,WAIT,55.0,6.62,0,0,0.00,0.00,0.00,0.00,0,0,0,1,1.0,122.00,69.25,147.25,53.25,564.50,G,33,TREND_UP,BRICK_CLOSE,src=primary color=G streak=33 o=27707.75 c=27723.75 hi=27723.75 lo=27707.75
2026-05-01 09:33:25,3116,27727.75,27609.34,27711.75,27689.15,91.49,17.96,35.7,0.0,0.0,0.0,0.0,0.00,1,0.0,0,0,0.00,0.00,0.00,0.00,,0.0,0,0,0.00,AUTO,,AGGR+CHP+ADP+RUN-EXT+PW+DLK+SLC+TPE+NWS+,WAIT,55.0,6.59,0,0,0.00,0.00,0.00,0.00,0,0,0,1,1.0,122.00,69.25,147.25,53.25,564.50,G,33,TREND_UP,SIGNAL,
2026-05-01 09:34:03,3117,27731.75,27609.34,27715.75,27693.02,92.04,17.82,36.6,0.0,0.0,0.0,0.0,0.00,1,0.0,0,0,0.00,0.00,0.00,0.00,,0.0,0,0,0.00,AUTO,,AGGR+CHP+ADP+RUN-EXT+PW+DLK+SLC+TPE+NWS+,WAIT,55.0,6.87,0,0,0.00,0.00,0.00,0.00,0,0,0,1,2.3,126.00,73.25,151.25,57.25,568.50,G,34,TREND_UP,BRICK_CLOSE,src=primary color=G streak=34 o=27711.75 c=27727.75 hi=27727.75 lo=27711.75
2026-05-01 09:34:03,3117,27731.75,27612.13,27715.75,27693.02,92.04,17.82,36.6,10.0,0.0,10.0,0.0,0.00,1,0.0,0,0,0.00,0.00,0.00,0.00,,0.0,0,0,0.00,AUTO,,AGGR+CHP+ADP+RUN-EXT+PW+DLK+SLC+TPE+NWS+,WAIT,55.0,6.71,0,0,0.00,0.00,0.00,0.00,0,0,0,1,2.3,126.00,73.25,151.25,57.25,568.50,G,34,TREND_UP,SIGNAL,
2026-05-01 09:34:11,3118,27735.75,27612.13,27719.75,27696.90,92.55,17.69,37.7,10.0,0.0,10.0,0.0,0.00,1,0.0,0,0,0.00,0.00,0.00,0.00,,0.0,0,0,0.00,AUTO,,AGGR+CHP+ADP+RUN-EXT+PW+DLK+SLC+TPE+NWS+,WAIT,55.0,6.99,0,0,0.00,0.00,0.00,0.00,0,0,0,1,3.4,130.00,77.25,155.25,61.25,572.50,G,35,TREND_UP,BRICK_CLOSE,src=primary color=G streak=35 o=27715.75 c=27731.75 hi=27731.75 lo=27715.75
2026-05-01 09:34:11,3118,27735.75,27613.01,27719.75,27696.90,92.55,17.69,37.7,0.0,0.0,0.0,0.0,0.00,1,0.0,0,0,0.00,0.00,0.00,0.00,,0.0,0,0,0.00,AUTO,,AGGR+CHP+ADP+RUN-EXT+PW+DLK+SLC+TPE+NWS+,WAIT,55.0,6.94,0,0,0.00,0.00,0.00,0.00,0,0,0,1,3.4,130.00,77.25,155.25,61.25,572.50,G,35,TREND_UP,SIGNAL,
2026-05-01 09:34:11,3119,27739.75,27613.01,27723.75,27700.80,93.04,17.57,38.9,0.0,0.0,0.0,0.0,0.00,1,0.0,0,0,0.00,0.00,0.00,0.00,,0.0,0,0,0.00,AUTO,,AGGR+CHP+ADP+RUN-EXT+PW+DLK+SLC+TPE+NWS+,WAIT,55.0,7.21,0,0,0.00,0.00,0.00,0.00,0,0,0,1,4.4,134.00,81.25,159.25,65.25,576.50,G,36,TREND_UP,BRICK_CLOSE,src=primary color=G streak=36 o=27719.75 c=27735.75 hi=27735.75 lo=27719.75
2026-05-01 09:34:11,3119,27739.75,27613.28,27723.75,27700.80,93.04,17.57,38.9,0.0,0.0,0.0,0.0,0.00,1,0.0,0,0,0.00,0.00,0.00,0.00,,0.0,0,0,0.00,AUTO,,AGGR+CHP+ADP+RUN-EXT+PW+DLK+SLC+TPE+NWS+,WAIT,55.0,7.20,0,0,0.00,0.00,0.00,0.00,0,0,0,1,4.4,134.00,81.25,159.25,65.25,576.50,G,36,TREND_UP,SIGNAL,
2026-05-01 09:34:14,3120,27743.75,27613.28,27727.75,27704.70,93.50,17.46,40.2,0.0,0.0,0.0,0.0,0.00,1,0.0,0,0,0.00,0.00,0.00,0.00,,0.0,0,0,0.00,AUTO,,AGGR+CHP+ADP+RUN-EXT+PW+DLK+SLC+TPE+NWS+,WAIT,55.0,7.47,0,0,0.00,0.00,0.00,0.00,0,0,0,1,5.3,138.00,85.25,163.25,69.25,580.50,G,37,TREND_UP,BRICK_CLOSE,src=primary color=G streak=37 o=27723.75 c=27739.75 hi=27739.75 lo=27723.75
2026-05-01 09:34:14,3120,27743.75,27613.68,27727.75,27704.70,93.50,17.46,40.2,0.0,0.0,0.0,0.0,0.00,1,0.0,0,0,0.00,0.00,0.00,0.00,,0.0,0,0,0.00,AUTO,,AGGR+CHP+ADP+RUN-EXT+PW+DLK+SLC+TPE+NWS+,WAIT,55.0,7.45,0,0,0.00,0.00,0.00,0.00,0,0,0,1,5.3,138.00,13.25,160.50,69.25,580.50,G,37,TREND_UP,SIGNAL,
2026-05-01 09:34:15,3121,27747.75,27613.68,27731.75,27708.62,93.93,17.36,41.7,0.0,0.0,0.0,0.0,0.00,1,0.0,0,0,0.00,0.00,0.00,0.00,,0.0,0,0,0.00,AUTO,,AGGR+CHP+ADP+RUN-EXT+PW+DLK+SLC+TPE+NWS+,WAIT,55.0,7.72,0,0,0.00,0.00,0.00,0.00,0,0,0,1,6.0,142.00,17.25,164.50,73.25,584.50,G,38,TREND_UP,BRICK_CLOSE,src=primary color=G streak=38 o=27727.75 c=27743.75 hi=27743.75 lo=27727.75
2026-05-01 09:34:15,3121,27747.75,27613.83,27731.75,27708.62,93.93,17.36,41.7,0.0,0.0,0.0,0.0,0.00,1,0.0,0,0,0.00,0.00,0.00,0.00,,0.0,0,0,0.00,AUTO,,AGGR+CHP+ADP+RUN-EXT+PW+DLK+SLC+TPE+NWS+,WAIT,55.0,7.72,0,0,0.00,0.00,0.00,0.00,0,0,0,1,6.0,142.00,17.25,164.50,73.25,584.50,G,38,TREND_UP,SIGNAL,
2026-05-01 09:37:10,3122,27751.75,27613.83,27735.75,27712.54,94.33,18.12,41.6,0.0,0.0,0.0,0.0,0.00,1,0.0,0,0,0.00,0.00,0.00,0.00,,0.0,0,0,0.00,AUTO,,AGGR+CHP+ADP+RUN-EXT+PW+DLK+SLC+TPE+NWS+,WAIT,55.0,7.61,0,0,0.00,0.00,0.00,0.00,0,0,0,1,5.0,146.00,21.25,168.50,77.25,588.50,G,39,TREND_UP,BRICK_CLOSE,src=primary color=G streak=39 o=27731.75 c=27747.75 hi=27747.75 lo=27731.75
2026-05-01 09:37:10,3122,27751.75,27625.09,27735.75,27712.54,94.33,18.12,41.6,87.0,0.0,87.0,0.0,0.00,1,0.0,0,0,0.00,0.00,0.00,0.00,,0.0,0,0,0.00,AUTO,,AGGR+CHP+ADP+RUN-EXT+PW+DLK+SLC+TPE+NWS+,WAIT,55.0,6.99,0,0,0.00,0.00,0.00,0.00,0,0,0,1,5.0,146.00,21.25,168.50,77.25,588.50,G,39,TREND_UP,SIGNAL,
2026-05-01 09:37:10,3122,27751.75,27625.09,27735.75,27712.54,94.33,18.12,41.6,87.0,0.0,87.0,0.0,0.00,1,0.0,0,0,0.00,0.00,0.00,0.00,,0.0,0,0,0.00,AUTO,,AGGR+CHP+ADP+RUN-EXT+PW+DLK+SLC+TPE+NWS+,BUY,55.0,6.99,0,0,0.00,0.00,0.00,0.00,0,0,0,1,5.0,146.00,21.25,168.50,77.25,588.50,G,39,TREND_UP,TREND_CHASE_FIRE,dir=1 adx=41.6 streak=39 bull=87.0
2026-05-01 09:37:10,3122,27751.75,27625.09,27735.75,27712.54,94.33,18.12,41.6,87.0,0.0,87.0,0.0,0.00,1,0.0,1,0,0.00,0.00,0.00,0.00,,0.0,0,0,0.00,AUTO,Key Lvl Breakout,AGGR+CHP+ADP+RUN-EXT+PW+DLK+SLC+TPE+NWS+,BUY,55.0,6.99,0,0,0.00,0.00,0.00,0.00,0,0,0,1,5.0,146.00,21.25,168.50,77.25,588.50,G,39,TREND_UP,ENTRY_LONG,manual=F bull=87.0 bear=0.0 sig=1 htf=1 tape=0.00 emaXAgo=37 distVwap=126.7 atr=18.1 px=27751.75 sl=0.00 tp=0.00
2026-05-01 09:37:10,3122,27751.75,27625.09,27735.75,27712.54,94.33,18.12,41.6,87.0,0.0,87.0,0.0,0.00,1,0.0,1,1,27739.75,27721.75,28239.75,0.00,,0.0,0,0,0.00,AUTO,Key Lvl Breakout,AGGR+CHP+ADP+RUN-EXT+PW+DLK+SLC+TPE+NWS+,BUY,55.0,6.99,0,0,12.00,0.00,0.00,0.00,0,0,0,1,5.0,146.00,21.25,168.50,77.25,588.50,G,39,TREND_UP,CLAMP_SKIP,adx=41.6 thr=28.0
2026-05-01 09:37:10,3122,27751.75,27625.09,27735.75,27712.54,94.33,18.12,41.6,87.0,0.0,87.0,0.0,0.00,1,0.0,1,1,27739.75,27721.75,28239.75,0.00,,0.0,0,0,0.00,AUTO,Key Lvl Breakout,AGGR+CHP+ADP+RUN-EXT+PW+DLK+SLC+TPE+NWS+,BUY,55.0,6.99,0,0,12.00,0.00,0.00,0.00,0,0,0,1,5.0,146.00,21.25,168.50,77.25,588.50,G,39,TREND_UP,STOPS_ARMED,dir=1 entry=27739.75 sl=27721.75 tp=28239.75 slPt=18 tpPt=50 RUNNER
2026-05-01 09:39:06,3123,27755.75,27625.09,27739.75,27716.47,94.71,18.73,41.8,87.0,0.0,87.0,0.0,0.00,1,0.0,1,1,27739.75,27721.75,28239.75,0.00,,0.0,0,0,0.00,AUTO,Key Lvl Breakout,AGGR+CHP+ADP+RUN-EXT+PW+DLK+SLC+TPE+NWS+,BUY,55.0,6.97,0,0,16.00,0.00,0.00,0.00,0,0,0,1,4.1,150.00,25.25,172.50,81.25,592.50,G,40,TREND_UP,BRICK_CLOSE,src=primary color=G streak=40 o=27735.75 c=27751.75 hi=27751.75 lo=27723.75
2026-05-01 09:39:06,3123,27755.75,27625.09,27739.75,27716.47,94.71,18.73,41.8,87.0,0.0,87.0,0.0,0.00,1,0.0,1,1,27739.75,27737.75,28239.75,0.00,,0.0,0,0,0.00,AUTO,Key Lvl Breakout,AGGR+CHP+ADP+RUN-EXT+PW+DLK+SLC+TPE+NWS+,BUY,55.0,6.97,0,0,16.00,16.00,0.00,0.00,0,0,0,1,4.1,150.00,25.25,172.50,81.25,592.50,G,40,TREND_UP,PROFIT_SAFEGUARD,tier=1 T1_PROFIT_SAFE peak=16.0pt sl=27737.75 offset=-2.0pt entry=27739.75 runner=True
2026-05-01 09:39:06,3123,27755.75,27625.09,27739.75,27716.47,94.71,18.73,41.8,87.0,0.0,87.0,0.0,0.00,1,0.0,1,1,27739.75,27737.75,28239.75,0.00,,0.0,0,0,0.00,AUTO,Key Lvl Breakout,AGGR+CHP+ADP+RUN-EXT+PW+DLK+SLC+TPE+NWS+,BUY,55.0,6.97,0,0,16.00,16.00,0.00,0.00,0,0,0,1,4.1,150.00,25.25,172.50,81.25,592.50,G,40,TREND_UP,PEAKLOCK_T1,peak=16.0pt giveback=14.4pt floor=27741.25 entry=27739.75
2026-05-01 09:39:29,3124,27759.75,27630.52,27743.75,27720.40,95.06,18.54,42.3,87.0,0.0,87.0,0.0,0.00,1,0.0,1,1,27739.75,27737.75,28239.75,27751.75,BrickMode*DORMANT,0.0,0,0,0.00,AUTO,Key Lvl Breakout,AGGR+CHP+ADP+RUN-EXT+PW+DLK+SLC+TPE+NWS+,BUY,55.0,6.97,0,0,20.00,16.00,0.00,0.00,0,0,0,1,3.3,154.00,29.25,176.50,85.25,596.50,G,41,TREND_UP,BRICK_CLOSE,src=primary color=G streak=41 o=27739.75 c=27755.75 hi=27755.75 lo=27729.00
2026-05-01 09:39:29,3124,27759.75,27630.52,27743.75,27720.40,95.06,18.54,42.3,87.0,0.0,87.0,0.0,0.00,1,0.0,1,1,27739.75,27740.75,28239.75,27751.75,BrickMode*DORMANT,0.0,0,0,0.00,AUTO,Key Lvl Breakout,AGGR+CHP+ADP+RUN-EXT+PW+DLK+SLC+TPE+NWS+,BUY,55.0,6.97,0,0,20.00,20.00,0.00,0.00,0,0,0,1,3.3,154.00,29.25,176.50,85.25,596.50,G,41,TREND_UP,PROFIT_SAFEGUARD,tier=2 T2_PROFIT_SAFE peak=20.0pt sl=27740.75 offset=1.0pt entry=27739.75 runner=True
2026-05-01 09:39:32,3125,27763.75,27631.88,27747.75,27724.34,95.40,18.36,42.9,87.0,0.0,87.0,0.0,0.00,1,0.0,1,1,27739.75,27740.75,28239.75,27755.75,BrickMode*DORMANT,0.0,0,0,0.00,AUTO,Key Lvl Breakout,AGGR+CHP+ADP+RUN-EXT+PW+DLK+SLC+TPE+NWS+,BUY,55.0,7.18,0,0,24.00,20.00,0.00,0.00,0,0,0,1,2.7,158.00,33.25,180.50,89.25,600.50,G,42,TREND_UP,BRICK_CLOSE,src=primary color=G streak=42 o=27743.75 c=27759.75 hi=27759.75 lo=27743.75
2026-05-01 09:39:37,3126,27767.75,27632.13,27751.75,27728.29,95.71,18.19,43.7,87.0,0.0,87.0,0.0,0.00,1,0.0,1,1,27739.75,27740.75,28239.75,27759.75,BrickMode*DORMANT,0.0,0,0,0.00,AUTO,Key Lvl Breakout,AGGR+CHP+ADP+RUN-EXT+PW+DLK+SLC+TPE+NWS+,BUY,55.0,7.46,0,0,28.00,24.00,0.00,0.00,0,0,0,1,2.0,162.00,37.25,184.50,93.25,604.50,G,43,TREND_UP,BRICK_CLOSE,src=primary color=G streak=43 o=27747.75 c=27763.75 hi=27763.75 lo=27747.75
2026-05-01 09:39:37,3126,27767.75,27632.13,27751.75,27728.29,95.71,18.19,43.7,87.0,0.0,87.0,0.0,0.00,1,0.0,1,1,27739.75,27740.75,28239.75,27759.75,BrickMode*DORMANT,0.0,0,0,0.00,AUTO,Key Lvl Breakout,AGGR+CHP+ADP+RUN-EXT+PW+DLK+SLC+TPE+NWS+,BUY,55.0,7.46,0,0,28.00,28.00,0.00,0.00,0,0,0,1,2.0,162.00,37.25,184.50,93.25,604.50,G,43,TREND_UP,PEAKLOCK_T2,peak=28.0pt giveback=16.8pt floor=27751.00 entry=27739.75
2026-05-01 09:39:59,3127,27771.75,27632.45,27755.75,27732.24,96.00,18.03,44.7,87.0,0.0,87.0,0.0,0.00,1,0.0,1,1,27739.75,27740.75,28239.75,27763.75,BrickMode*DORMANT,0.0,0,0,0.00,AUTO,Key Lvl Breakout,AGGR+CHP+ADP+RUN-EXT+PW+DLK+SLC+TPE+NWS+,BUY,55.0,7.73,0,0,32.00,28.00,0.00,0.00,0,0,0,1,3.1,166.00,41.25,188.50,97.25,608.50,G,44,TREND_UP,BRICK_CLOSE,src=primary color=G streak=44 o=27751.75 c=27767.75 hi=27767.75 lo=27751.75
2026-05-01 09:39:59,3127,27771.75,27632.45,27755.75,27732.24,96.00,18.03,44.7,87.0,0.0,87.0,0.0,0.00,1,0.0,1,1,27739.75,27747.75,28239.75,27763.75,BrickMode*DORMANT,0.0,0,0,0.00,AUTO,Key Lvl Breakout,AGGR+CHP+ADP+RUN-EXT+PW+DLK+SLC+TPE+NWS+,BUY,55.0,7.73,0,0,32.00,32.00,0.00,0.00,0,0,0,1,3.1,166.00,41.25,188.50,97.25,608.50,G,44,TREND_UP,PROFIT_SAFEGUARD,tier=3 T3_PROFIT_SAFE peak=32.0pt sl=27747.75 offset=8.0pt entry=27739.75 runner=True
2026-05-01 09:40:07,3128,27775.75,27633.63,27759.75,27736.19,96.27,17.89,45.8,87.0,0.0,87.0,0.0,0.00,1,0.0,1,1,27739.75,27747.75,28239.75,27767.75,BrickMode*DORMANT,0.0,0,0,0.00,AUTO,Key Lvl Breakout,AGGR+CHP+ADP+RUN-EXT+PW+DLK+SLC+TPE+NWS+,BUY,55.0,7.95,0,0,36.00,32.00,0.00,0.00,0,0,0,1,3.9,170.00,45.25,192.50,101.25,612.50,G,45,TREND_UP,BRICK_CLOSE,src=primary color=G streak=45 o=27755.75 c=27771.75 hi=27771.75 lo=27755.75
2026-05-01 09:40:08,3129,27779.75,27634.63,27763.75,27740.15,96.53,17.75,47.0,87.0,0.0,87.0,0.0,0.00,1,0.0,1,1,27739.75,27747.75,28239.75,27771.75,BrickMode*DORMANT,0.0,0,0,0.00,AUTO,Key Lvl Breakout,AGGR+CHP+ADP+RUN-EXT+PW+DLK+SLC+TPE+NWS+,BUY,55.0,8.18,0,0,40.00,36.00,0.00,0.00,0,0,0,1,4.7,174.00,49.25,196.50,105.25,616.50,G,46,TREND_UP,BRICK_CLOSE,src=primary color=G streak=46 o=27759.75 c=27775.75 hi=27775.75 lo=27759.75
2026-05-01 09:40:08,3129,27779.75,27634.63,27763.75,27740.15,96.53,17.75,47.0,87.0,0.0,87.0,0.0,0.00,1,0.0,1,1,27739.75,27747.75,28239.75,27771.75,BrickMode*DORMANT,0.0,0,0,0.00,AUTO,Key Lvl Breakout,AGGR+CHP+ADP+RUN-EXT+PW+DLK+SLC+TPE+NWS+,BUY,55.0,8.18,0,0,40.00,40.00,0.00,0.00,0,0,0,1,4.7,174.00,49.25,196.50,105.25,616.50,G,46,TREND_UP,PEAKLOCK_T3,peak=40.0pt giveback=20.4pt floor=27759.25 entry=27739.75
2026-05-01 09:40:11,3130,27783.75,27634.89,27767.75,27744.12,96.77,17.63,48.2,87.0,0.0,87.0,0.0,0.00,1,0.0,1,1,27739.75,27747.75,28239.75,27775.75,BrickMode*DORMANT,0.0,0,0,0.00,AUTO,Key Lvl Breakout,AGGR+CHP+ADP+RUN-EXT+PW+DLK+SLC+TPE+NWS+,BUY,55.0,8.45,0,0,44.00,40.00,0.00,0.00,0,0,0,1,5.4,178.00,53.25,200.50,109.25,620.50,G,47,TREND_UP,BRICK_CLOSE,src=primary color=G streak=47 o=27763.75 c=27779.75 hi=27779.75 lo=27763.75
2026-05-01 09:40:14,3131,27787.75,27635.40,27771.75,27748.08,96.99,17.51,49.6,87.0,0.0,87.0,0.0,0.00,1,0.0,1,1,27739.75,27747.75,28239.75,27779.75,BrickMode*DORMANT,0.0,0,0,0.00,AUTO,Key Lvl Breakout,AGGR+CHP+ADP+RUN-EXT+PW+DLK+SLC+TPE+NWS+,BUY,55.0,8.70,0,0,48.00,44.00,0.00,0.00,0,0,0,1,5.9,182.00,57.25,204.50,113.25,624.50,G,48,TREND_UP,BRICK_CLOSE,src=primary color=G streak=48 o=27767.75 c=27783.75 hi=27783.75 lo=27767.75
2026-05-01 09:40:56,3132,27791.75,27635.91,27775.75,27752.05,97.20,17.56,51.0,87.0,0.0,87.0,0.0,0.00,1,0.0,1,1,27739.75,27747.75,28239.75,27783.75,BrickMode*DORMANT,0.0,0,0,0.00,AUTO,Key Lvl Breakout,AGGR+CHP+ADP+RUN-EXT+PW+DLK+SLC+TPE+NWS+,BUY,55.0,8.87,0,0,52.00,48.00,0.00,0.00,0,0,0,1,6.4,186.00,61.25,208.50,117.25,628.50,G,49,TREND_UP,BRICK_CLOSE,src=primary color=G streak=49 o=27771.75 c=27787.75 hi=27787.75 lo=27771.75
2026-05-01 09:40:56,3132,27791.75,27635.91,27775.75,27752.05,97.20,17.56,51.0,87.0,0.0,87.0,0.0,0.00,1,0.0,1,1,27739.75,27747.75,28239.75,27783.75,BrickMode*DORMANT,0.0,0,0,0.00,AUTO,Key Lvl Breakout,AGGR+CHP+ADP+RUN-EXT+PW+DLK+SLC+TPE+NWS+,BUY,55.0,8.87,0,0,52.00,48.00,0.00,0.00,0,0,0,1,6.4,186.00,61.25,208.50,117.25,628.50,G,49,TREND_UP,HEARTBEAT,tradesToday=1 openDca=1
2026-05-01 09:40:56,3132,27791.75,27635.91,27775.75,27752.05,97.20,17.56,51.0,87.0,0.0,87.0,0.0,0.00,1,0.0,1,1,27739.75,27754.75,28239.75,27783.75,BrickMode*DORMANT,0.0,0,0,0.00,AUTO,Key Lvl Breakout,AGGR+CHP+ADP+RUN-EXT+PW+DLK+SLC+TPE+NWS+,BUY,55.0,8.87,0,0,52.00,52.00,0.00,0.00,0,0,0,1,6.4,186.00,61.25,208.50,117.25,628.50,G,49,TREND_UP,PROFIT_SAFEGUARD,tier=4 T4_PROFIT_SAFE peak=52.0pt sl=27754.75 offset=15.0pt entry=27739.75 runner=True
2026-05-01 09:42:44,3133,27763.75,27638.62,27773.35,27753.12,63.94,18.54,50.6,87.0,0.0,87.0,0.0,0.00,1,0.0,1,1,27739.75,27754.75,28239.75,27787.75,BrickMode*DORMANT,0.0,0,0,0.00,AUTO,Key Lvl Breakout,AGGR+CHP+ADP+RUN-EXT+PW+DLK+SLC+TPE+NWS+,BUY,55.0,6.75,0,0,24.00,52.00,0.00,0.00,0,0,0,0,4.8,158.00,33.25,180.50,89.25,600.50,G,50,TREND_UP,BRICK_CLOSE,src=primary color=G streak=50 o=27775.75 c=27791.75 hi=27791.75 lo=27773.50
2026-05-01 09:42:44,3133,27763.75,27638.62,27773.35,27753.12,63.94,18.54,50.6,87.0,0.0,87.0,0.0,0.00,1,0.0,1,1,27739.75,27754.75,28239.75,27787.75,BrickMode*DORMANT,0.0,0,0,0.00,AUTO,Key Lvl Breakout,AGGR+CHP+ADP+RUN-EXT+PW+DLK+SLC+TPE+NWS+,BUY,55.0,6.75,0,0,24.00,52.00,0.00,0.00,0,0,0,0,4.8,158.00,33.25,180.50,89.25,600.50,G,50,UNKNOWN,REGIME_CHANGE,from=TREND_UP to=UNKNOWN adx=50.6 slope=4.79 atr/avg=1.03 eStack=0 distVwapAtr=6.75 nr=Gx50 flips4=1
2026-05-01 09:42:44,3133,27763.75,27638.62,27773.35,27753.12,63.94,18.54,50.6,87.0,0.0,87.0,0.0,0.00,1,0.0,1,1,27739.75,27754.75,28239.75,27787.75,BrickMode*DORMANT,0.0,0,0,0.00,AUTO,Key Lvl Breakout,AGGR+CHP+ADP+RUN-EXT+PW+DLK+SLC+TPE+NWS+,BUY,55.0,6.75,0,0,24.00,52.00,0.00,0.00,0,0,0,0,4.8,158.00,33.25,180.50,89.25,600.50,G,50,UNKNOWN,BRICK_TRAIL_HIT,reason=px_stop peak=52.0pt cur=24.0pt retrace=28.0pt effRetraceMin=11.3pt trail=27787.75 px=27763.75 adxSlope=4.79 streak=50 effPct=50
2026-05-01 09:42:44,3133,27763.75,27645.54,27773.35,27753.12,63.94,18.54,50.6,87.0,0.0,87.0,0.0,0.00,1,0.0,1,0,27739.75,27754.75,28239.75,27787.75,BrickMode*DORMANT,0.0,0,1,720.00,AUTO,Key Lvl Breakout,AGGR+CHP+ADP+RUN-EXT+PW+DLK+SLC+TPE+NWS+,BUY,55.0,6.38,0,0,24.00,52.00,0.00,0.00,0,0,0,0,4.8,158.00,33.25,180.50,89.25,600.50,G,50,UNKNOWN,CAP_REFUND,pnl=720.00 thr=25.00 tradesToday=0/20
2026-05-01 09:42:44,3133,27763.75,27645.54,27773.35,27753.12,63.94,18.54,50.6,87.0,0.0,87.0,0.0,0.00,1,0.0,1,0,27739.75,27754.75,28239.75,27787.75,BrickMode*DORMANT,0.0,0,1,720.00,AUTO,Key Lvl Breakout,AGGR+CHP+ADP+RUN-EXT+PW+DLK+SLC+TPE+NWS+,BUY,55.0,6.38,0,0,24.00,52.00,0.00,0.00,0,0,0,0,4.8,158.00,33.25,180.50,89.25,600.50,G,50,UNKNOWN,BRICK_REENTRY_ARMED,dir=1 reason=TRAIL_BrickTrail_PxStop exitPx=27763.75 windowSec=90 minStreak=3
2026-05-01 09:42:44,3133,27763.75,27645.54,27773.35,27753.12,63.94,18.54,50.6,87.0,0.0,87.0,0.0,0.00,1,0.0,1,0,27739.75,27754.75,28239.75,27787.75,BrickMode*DORMANT,0.0,0,1,720.00,AUTO,Key Lvl Breakout,AGGR+CHP+ADP+RUN-EXT+PW+DLK+SLC+TPE+NWS+,BUY,55.0,6.38,0,0,24.00,52.00,0.00,0.00,0,0,0,0,4.8,158.00,33.25,180.50,89.25,600.50,G,50,UNKNOWN,EXIT_WIN_TRAIL_BrickTrail_PxStop,pnl=720.00 consec=1
2026-05-01 09:42:44,3133,27763.75,27645.54,27773.35,27753.12,63.94,18.54,50.6,87.0,0.0,87.0,0.0,0.00,1,0.0,1,0,27739.75,27754.75,28239.75,27787.75,BrickMode*DORMANT,0.0,0,1,720.00,AUTO,Key Lvl Breakout,AGGR+CHP+ADP+RUN-EXT+PW+DLK+SLC+TPE+NWS+,BUY,55.0,6.38,0,0,24.00,52.00,0.00,0.00,0,0,0,0,4.8,158.00,33.25,180.50,89.25,600.50,G,50,UNKNOWN,TRAIL_TUNE_DAILY,n=44 avgRatio=0.47 action=widen tiers=[14;16;19;22;26]
2026-05-01 09:42:44,3133,27763.75,27645.54,27773.35,27753.12,63.94,18.54,50.6,87.0,0.0,87.0,0.0,0.00,1,0.0,1,0,27739.75,27754.75,28239.75,27787.75,BrickMode*DORMANT,0.0,0,1,720.00,AUTO,Key Lvl Breakout,AGGR+CHP+ADP+RUN-EXT+PW+DLK+SLC+TPE+NWS+,BUY,55.0,6.38,0,0,24.00,52.00,0.00,0.00,0,0,0,0,4.8,158.00,33.25,180.50,89.25,600.50,G,50,UNKNOWN,REGIME_PNL,regime=TREND_UP tradePnl=720.00 regTotal=720.00 thresh=-200
2026-05-01 09:45:40,3134,27759.75,27645.54,27770.63,27753.72,60.75,19.43,49.5,87.0,0.0,87.0,0.0,0.00,1,0.0,1,0,27739.75,27754.75,28239.75,27787.75,BrickMode*DORMANT,0.0,0,1,720.00,AUTO,Key Lvl Breakout,AGGR+CHP+ADP+RUN-EXT+PW+DLK+SLC+TPE+NWS+,BUY,55.0,5.88,0,0,20.00,52.00,0.00,0.00,0,0,0,0,2.5,154.00,29.25,176.50,85.25,596.50,R,1,UNKNOWN,BRICK_CLOSE,src=primary color=R streak=1 o=27779.75 c=27763.75 hi=27795.00 lo=27763.75
2026-05-01 09:45:40,3134,27759.75,27645.54,27770.63,27753.72,60.75,19.43,49.5,87.0,0.0,87.0,0.0,0.00,1,0.0,1,0,27739.75,27754.75,28239.75,27787.75,BrickMode*DORMANT,0.0,0,1,720.00,AUTO,Key Lvl Breakout,AGGR+CHP+ADP+RUN-EXT+PW+DLK+SLC+TPE+NWS+,BUY,55.0,5.88,0,0,20.00,52.00,0.00,0.00,0,0,0,0,2.5,154.00,29.25,176.50,85.25,596.50,R,1,UNKNOWN,BRICK_REENTRY_DISARM,why=window_expired
2026-05-01 09:45:40,3134,27759.75,27645.54,27770.63,27753.72,60.75,19.43,49.5,87.0,0.0,87.0,0.0,0.00,1,0.0,1,0,27739.75,27754.75,28239.75,27787.75,BrickMode*DORMANT,0.0,0,1,720.00,AUTO,Key Lvl Breakout,AGGR+CHP+ADP+RUN-EXT+PW+DLK+SLC+TPE+NWS+,BUY,55.0,5.88,0,0,20.00,52.00,0.00,0.00,0,0,0,0,2.5,154.00,29.25,176.50,85.25,596.50,R,1,UNKNOWN,RUN_END,color=G len=50 pts=184.0 maxFav=212.0 durSec=2353 startPx=27579.75 endPx=27763.75
2026-05-01 09:45:40,3134,27759.75,27645.54,27770.63,27753.72,60.75,19.43,49.5,87.0,0.0,87.0,0.0,0.00,1,0.0,1,0,27739.75,27754.75,28239.75,27787.75,BrickMode*DORMANT,0.0,0,1,720.00,AUTO,Key Lvl Breakout,AGGR+CHP+ADP+RUN-EXT+PW+DLK+SLC+TPE+NWS+,BUY,55.0,5.88,0,0,20.00,52.00,0.00,0.00,0,0,0,0,2.5,154.00,29.25,176.50,85.25,596.50,R,1,UNKNOWN,PULLBACK_ARM,dir=1 runLen=50 runPts=184.0 maxFav=212.0 extremePx=27763.75 windowSec=900
2026-05-01 09:45:40,3134,27759.75,27651.04,27770.63,27753.72,60.75,19.43,49.5,28.6,0.0,28.6,0.0,0.00,1,0.0,0,0,0.00,0.00,0.00,0.00,,0.0,0,1,720.00,AUTO,,AGGR+CHP+ADP+RUN-EXT+PW+DLK+SLC+TPE+NWS+,BUY,55.0,5.59,0,0,0.00,0.00,0.00,0.00,0,0,0,0,2.5,154.00,29.25,176.50,85.25,596.50,R,1,UNKNOWN,SIGNAL,
2026-05-01 09:45:40,3134,27759.75,27651.04,27770.63,27753.72,60.75,19.43,49.5,28.6,0.0,28.6,0.0,0.00,1,0.0,0,0,0.00,0.00,0.00,0.00,,0.0,0,1,720.00,AUTO,,AGGR+CHP+ADP+RUN-EXT+PW+DLK+SLC+TPE+NWS+,WAIT,55.0,5.59,0,0,0.00,0.00,0.00,0.00,0,0,0,0,2.5,154.00,29.25,176.50,85.25,596.50,R,1,UNKNOWN,BLOCK_AUTO,reason=tooSoon consecLoss=0 barsSinceExit=1 barsSinceLoss=-1
2026-05-01 09:47:38,3135,27755.75,27651.04,27767.65,27753.90,57.64,19.88,47.9,28.6,0.0,28.6,0.0,0.00,1,0.0,0,0,0.00,0.00,0.00,0.00,,0.0,0,1,720.00,AUTO,,AGGR+CHP+ADP+RUN-EXT+PW+DLK+SLC+TPE+NWS+,WAIT,55.0,5.27,0,0,0.00,0.00,0.00,0.00,0,0,0,0,-0.4,150.00,25.25,172.50,81.25,592.50,R,2,UNKNOWN,BRICK_CLOSE,src=primary color=R streak=2 o=27775.75 c=27759.75 hi=27790.75 lo=27759.75
2026-05-01 09:47:38,3135,27755.75,27654.86,27767.65,27753.90,57.64,19.88,47.9,24.6,0.0,24.6,0.0,0.00,1,0.0,0,0,0.00,0.00,0.00,0.00,,0.0,0,1,720.00,AUTO,,AGGR+CHP+ADP+RUN-EXT+PW+DLK+SLC+TPE+NWS+,WAIT,55.0,5.07,0,0,0.00,0.00,0.00,0.00,0,0,0,0,-0.4,150.00,25.25,172.50,81.25,592.50,R,2,UNKNOWN,SIGNAL,
2026-05-01 09:47:38,3135,27755.75,27654.86,27767.65,27753.90,57.64,19.88,47.9,24.6,0.0,24.6,0.0,0.00,1,0.0,0,0,0.00,0.00,0.00,0.00,,0.0,0,1,720.00,AUTO,,AGGR+CHP+ADP+RUN-EXT+PW+DLK+SLC+TPE+NWS+,WAIT,55.0,5.07,0,0,0.00,0.00,0.00,0.00,0,0,0,0,-0.4,150.00,25.25,172.50,81.25,592.50,R,2,UNKNOWN,BLOCK_AUTO,reason=tooSoon consecLoss=0 barsSinceExit=2 barsSinceLoss=-1
2026-05-01 09:48:39,3136,27783.75,27654.86,27770.87,27756.62,69.42,20.69,45.9,24.6,0.0,24.6,0.0,0.00,1,0.0,0,0,0.00,0.00,0.00,0.00,,0.0,0,1,720.00,AUTO,,AGGR+CHP+ADP+RUN-EXT+PW+DLK+SLC+TPE+NWS+,WAIT,55.0,6.23,0,0,0.00,0.00,0.00,0.00,0,0,0,1,-3.7,178.00,53.25,200.50,109.25,620.50,R,3,UNKNOWN,BRICK_CLOSE,src=primary color=R streak=3 o=27771.75 c=27755.75 hi=27781.50 lo=27755.75
2026-05-01 09:48:39,3136,27783.75,27657.29,27770.87,27756.62,69.42,20.69,45.9,117.5,0.0,117.5,0.0,0.00,1,0.0,0,0,0.00,0.00,0.00,0.00,,0.0,0,1,720.00,AUTO,,AGGR+CHP+ADP+RUN-EXT+PW+DLK+SLC+TPE+NWS+,WAIT,55.0,6.11,0,0,0.00,0.00,0.00,0.00,0,0,0,1,-3.7,178.00,53.25,200.50,109.25,620.50,R,3,UNKNOWN,SIGNAL,
2026-05-01 09:48:39,3136,27783.75,27657.29,27770.87,27756.62,69.42,20.69,45.9,117.5,0.0,117.5,0.0,0.00,1,0.0,0,0,0.00,0.00,0.00,0.00,,0.0,0,1,720.00,AUTO,,AGGR+CHP+ADP+RUN-EXT+PW+DLK+SLC+TPE+NWS+,BUY,55.0,6.11,0,0,0.00,0.00,0.00,0.00,0,0,0,1,-3.7,178.00,53.25,200.50,109.25,620.50,R,3,UNKNOWN,BLOCK_AUTO,reason=tooSoon consecLoss=0 barsSinceExit=3 barsSinceLoss=-1
2026-05-01 09:49:09,3137,27787.75,27657.29,27774.25,27759.45,70.68,20.36,44.5,117.5,0.0,117.5,0.0,0.00,1,0.0,0,0,0.00,0.00,0.00,0.00,,0.0,0,1,720.00,AUTO,,AGGR+CHP+ADP+RUN-EXT+PW+DLK+SLC+TPE+NWS+,BUY,55.0,6.41,0,0,0.00,0.00,0.00,0.00,0,0,0,1,-6.5,182.00,57.25,204.50,113.25,624.50,G,1,UNKNOWN,BRICK_CLOSE,src=primary color=G streak=1 o=27767.75 c=27783.75 hi=27783.75 lo=27752.50
2026-05-01 09:49:09,3137,27787.75,27657.29,27774.25,27759.45,70.68,20.36,44.5,117.5,0.0,117.5,0.0,0.00,1,0.0,0,0,0.00,0.00,0.00,0.00,,0.0,0,1,720.00,AUTO,,AGGR+CHP+ADP+RUN-EXT+PW+DLK+SLC+TPE+NWS+,BUY,55.0,6.41,0,0,0.00,0.00,0.00,0.00,0,0,0,1,-6.5,182.00,57.25,204.50,113.25,624.50,G,1,UNKNOWN,RUN_END,color=R len=3 pts=4.0 maxFav=24.0 durSec=208 startPx=27779.75 endPx=27783.75
2026-05-01 09:49:09,3137,27787.75,27658.44,27774.25,27759.45,70.68,20.36,44.5,103.5,0.0,103.5,0.0,0.00,1,0.0,0,0,0.00,0.00,0.00,0.00,,0.0,0,1,720.00,AUTO,,AGGR+CHP+ADP+RUN-EXT+PW+DLK+SLC+TPE+NWS+,BUY,55.0,6.35,0,0,0.00,0.00,0.00,0.00,0,0,0,1,-6.5,182.00,57.25,204.50,113.25,624.50,G,1,UNKNOWN,SIGNAL,
2026-05-01 09:49:09,3137,27787.75,27658.44,27774.25,27759.45,70.68,20.36,44.5,103.5,0.0,103.5,0.0,0.00,1,0.0,0,0,0.00,0.00,0.00,0.00,,0.0,0,1,720.00,AUTO,,AGGR+CHP+ADP+RUN-EXT+PW+DLK+SLC+TPE+NWS+,BUY,55.0,6.35,0,0,0.00,0.00,0.00,0.00,0,0,0,1,-6.5,182.00,57.25,204.50,113.25,624.50,G,1,UNKNOWN,POST_WIN_DIST_RELEASE,dir=1 moved=24.0pt thr=8.0 exit_px=27763.75 cur_px=27787.75
2026-05-01 09:49:09,3137,27787.75,27658.44,27774.25,27759.45,70.68,20.36,44.5,103.5,0.0,103.5,0.0,0.00,1,0.0,0,0,0.00,0.00,0.00,0.00,,0.0,0,1,720.00,AUTO,,AGGR+CHP+ADP+RUN-EXT+PW+DLK+SLC+TPE+NWS+,BUY,55.0,6.35,0,0,0.00,0.00,0.00,0.00,0,0,0,1,-6.5,182.00,57.25,204.50,113.25,624.50,G,1,UNKNOWN,BLOCK_EXTENSION,dir=1 dist=129.3 atr=20.4 ratio=6.35 max=5.00 loose=False
2026-05-01 09:50:05,3138,27791.75,27658.44,27777.75,27762.38,71.92,20.24,43.5,103.5,0.0,103.5,0.0,0.00,1,0.0,0,0,0.00,0.00,0.00,0.00,,0.0,0,1,720.00,AUTO,,AGGR+CHP+ADP+RUN-EXT+PW+DLK+SLC+TPE+NWS+,BUY,55.0,6.59,0,0,0.00,0.00,0.00,0.00,0,0,0,1,-7.1,186.00,61.25,208.50,117.25,628.50,G,2,UNKNOWN,BRICK_CLOSE,src=primary color=G streak=2 o=27771.75 c=27787.75 hi=27787.75 lo=27771.75
2026-05-01 09:50:05,3138,27791.75,27659.68,27777.75,27762.38,71.92,20.24,43.5,103.5,0.0,103.5,0.0,0.00,1,0.0,0,0,0.00,0.00,0.00,0.00,,0.0,0,1,720.00,AUTO,,AGGR+CHP+ADP+RUN-EXT+PW+DLK+SLC+TPE+NWS+,BUY,55.0,6.52,0,0,0.00,0.00,0.00,0.00,0,0,0,1,-7.1,186.00,61.25,208.50,117.25,628.50,G,2,UNKNOWN,SIGNAL,
2026-05-01 09:50:05,3138,27791.75,27659.68,27777.75,27762.38,71.92,20.24,43.5,103.5,0.0,103.5,0.0,0.00,1,0.0,0,0,0.00,0.00,0.00,0.00,,0.0,0,1,720.00,AUTO,,AGGR+CHP+ADP+RUN-EXT+PW+DLK+SLC+TPE+NWS+,BUY,55.0,6.52,0,0,0.00,0.00,0.00,0.00,0,0,0,1,-7.1,186.00,61.25,208.50,117.25,628.50,G,2,UNKNOWN,BLOCK_EXTENSION,dir=1 dist=132.1 atr=20.2 ratio=6.52 max=5.00 loose=False
2026-05-01 09:50:27,3139,27763.75,27659.68,27774.95,27762.51,54.53,20.91,41.3,103.5,0.0,103.5,0.0,0.00,1,0.0,0,0,0.00,0.00,0.00,0.00,,0.0,0,1,720.00,AUTO,,AGGR+CHP+ADP+RUN-EXT+PW+DLK+SLC+TPE+NWS+,BUY,55.0,4.98,0,0,0.00,0.00,0.00,0.00,0,0,0,0,-8.2,158.00,33.25,180.50,89.25,600.50,G,3,UNKNOWN,BRICK_CLOSE,src=primary color=G streak=3 o=27775.75 c=27791.75 hi=27791.75 lo=27773.00
2026-05-01 09:50:27,3139,27763.75,27660.69,27774.95,27762.51,54.53,20.91,41.3,22.0,0.0,22.0,0.0,0.00,1,0.0,0,0,0.00,0.00,0.00,0.00,,0.0,0,1,720.00,AUTO,,AGGR+CHP+ADP+RUN-EXT+PW+DLK+SLC+TPE+NWS+,BUY,55.0,4.93,0,0,0.00,0.00,0.00,0.00,0,0,0,0,-8.2,158.00,33.25,180.50,89.25,600.50,G,3,UNKNOWN,SIGNAL,
2026-05-01 09:50:40,3140,27791.75,27660.69,27778.31,27765.17,63.92,21.68,38.8,22.0,0.0,22.0,0.0,0.00,1,0.0,0,0,0.00,0.00,0.00,0.00,,0.0,0,1,720.00,AUTO,,AGGR+CHP+ADP+RUN-EXT+PW+DLK+SLC+TPE+NWS+,WAIT,55.0,6.05,0,0,0.00,0.00,0.00,0.00,0,0,0,1,-9.1,186.00,61.25,208.50,117.25,628.50,R,1,UNKNOWN,BRICK_CLOSE,src=primary color=R streak=1 o=27779.75 c=27763.75 hi=27793.25 lo=27763.75
2026-05-01 09:50:40,3140,27791.75,27660.69,27778.31,27765.17,63.92,21.68,38.8,22.0,0.0,22.0,0.0,0.00,1,0.0,0,0,0.00,0.00,0.00,0.00,,0.0,0,1,720.00,AUTO,,AGGR+CHP+ADP+RUN-EXT+PW+DLK+SLC+TPE+NWS+,WAIT,55.0,6.05,0,0,0.00,0.00,0.00,0.00,0,0,0,1,-9.1,186.00,61.25,208.50,117.25,628.50,R,1,UNKNOWN,RUN_END,color=G len=3 pts=4.0 maxFav=24.0 durSec=91 startPx=27767.75 endPx=27763.75
2026-05-01 09:50:40,3140,27791.75,27661.75,27778.31,27765.17,63.92,21.68,38.8,55.0,10.0,55.0,10.0,0.00,1,0.0,0,0,0.00,0.00,0.00,0.00,,0.0,0,1,720.00,AUTO,,AGGR+CHP+ADP+RUN-EXT+PW+DLK+SLC+TPE+NWS+,WAIT,55.0,6.00,0,0,0.00,0.00,0.00,0.00,0,0,0,1,-9.1,49.25,6.00,186.00,117.25,628.50,R,1,UNKNOWN,SIGNAL,
2026-05-01 09:50:40,3140,27791.75,27661.75,27778.31,27765.17,63.92,21.68,38.8,55.0,10.0,55.0,10.0,0.00,1,0.0,0,0,0.00,0.00,0.00,0.00,,0.0,0,1,720.00,AUTO,,AGGR+CHP+ADP+RUN-EXT+PW+DLK+SLC+TPE+NWS+,BUY,55.0,6.00,0,0,0.00,0.00,0.00,0.00,0,0,0,1,-9.1,49.25,6.00,186.00,117.25,628.50,R,1,UNKNOWN,BLOCK_AUTO,side=L reason=rsiDown bull=55.0 effMin=55.0 tc=False
2026-05-01 09:50:40,3141,27795.75,27661.75,27781.80,27767.95,65.03,21.27,36.8,55.0,10.0,55.0,10.0,0.00,1,0.0,0,0,0.00,0.00,0.00,0.00,,0.0,0,1,720.00,AUTO,,AGGR+CHP+ADP+RUN-EXT+PW+DLK+SLC+TPE+NWS+,BUY,55.0,6.30,0,0,0.00,0.00,0.00,0.00,0,0,0,1,-9.1,53.25,10.00,190.00,121.25,632.50,G,1,UNKNOWN,BRICK_CLOSE,src=primary color=G streak=1 o=27775.75 c=27791.75 hi=27791.75 lo=27760.00
2026-05-01 09:50:40,3141,27795.75,27661.75,27781.80,27767.95,65.03,21.27,36.8,55.0,10.0,55.0,10.0,0.00,1,0.0,0,0,0.00,0.00,0.00,0.00,,0.0,0,1,720.00,AUTO,,AGGR+CHP+ADP+RUN-EXT+PW+DLK+SLC+TPE+NWS+,BUY,55.0,6.30,0,0,0.00,0.00,0.00,0.00,0,0,0,1,-9.1,53.25,10.00,190.00,121.25,632.50,G,1,UNKNOWN,RUN_END,color=R len=1 pts=12.0 maxFav=0.0 durSec=0 startPx=27779.75 endPx=27791.75
2026-05-01 09:50:40,3141,27795.75,27661.89,27781.80,27767.95,65.03,21.27,36.8,93.5,10.0,93.5,10.0,0.00,1,0.0,0,0,0.00,0.00,0.00,0.00,,0.0,0,1,720.00,AUTO,,AGGR+CHP+ADP+RUN-EXT+PW+DLK+SLC+TPE+NWS+,BUY,55.0,6.29,0,0,0.00,0.00,0.00,0.00,0,0,0,1,-9.1,53.25,10.00,190.00,121.25,632.50,G,1,UNKNOWN,SIGNAL,
2026-05-01 09:50:40,3141,27795.75,27661.89,27781.80,27767.95,65.03,21.27,36.8,93.5,10.0,93.5,10.0,0.00,1,0.0,0,0,0.00,0.00,0.00,0.00,,0.0,0,1,720.00,AUTO,,AGGR+CHP+ADP+RUN-EXT+PW+DLK+SLC+TPE+NWS+,BUY,55.0,6.29,0,0,0.00,0.00,0.00,0.00,0,0,0,1,-9.1,53.25,10.00,190.00,121.25,632.50,G,1,UNKNOWN,BLOCK_EXTENSION,dir=1 dist=133.9 atr=21.3 ratio=6.29 max=5.00 loose=False
2026-05-01 09:50:44,3142,27799.75,27661.89,27785.39,27770.84,66.16,20.90,35.4,93.5,10.0,93.5,10.0,0.00,1,0.0,0,0,0.00,0.00,0.00,0.00,,0.0,0,1,720.00,AUTO,,AGGR+CHP+ADP+RUN-EXT+PW+DLK+SLC+TPE+NWS+,BUY,55.0,6.60,0,0,0.00,0.00,0.00,0.00,0,0,0,1,-9.0,57.25,14.00,194.00,125.25,636.50,G,2,UNKNOWN,BRICK_CLOSE,src=primary color=G streak=2 o=27779.75 c=27795.75 hi=27795.75 lo=27779.75
2026-05-01 09:50:44,3142,27799.75,27662.64,27785.39,27770.84,66.16,20.90,35.4,77.0,10.0,77.0,10.0,0.00,1,0.0,0,0,0.00,0.00,0.00,0.00,,0.0,0,1,720.00,AUTO,,AGGR+CHP+ADP+RUN-EXT+PW+DLK+SLC+TPE+NWS+,BUY,55.0,6.56,0,0,0.00,0.00,0.00,0.00,0,0,0,1,-9.0,57.25,14.00,194.00,125.25,636.50,G,2,UNKNOWN,SIGNAL,
2026-05-01 09:50:44,3142,27799.75,27662.64,27785.39,27770.84,66.16,20.90,35.4,77.0,10.0,77.0,10.0,0.00,1,0.0,0,0,0.00,0.00,0.00,0.00,,0.0,0,1,720.00,AUTO,,AGGR+CHP+ADP+RUN-EXT+PW+DLK+SLC+TPE+NWS+,BUY,55.0,6.56,0,0,0.00,0.00,0.00,0.00,0,0,0,1,-9.0,57.25,14.00,194.00,125.25,636.50,G,2,UNKNOWN,BLOCK_EXTENSION,dir=1 dist=137.1 atr=20.9 ratio=6.56 max=5.00 loose=False
2026-05-01 09:50:47,3143,27803.75,27662.64,27789.06,27773.83,67.29,20.55,34.5,77.0,10.0,77.0,10.0,0.00,1,0.0,0,0,0.00,0.00,0.00,0.00,,0.0,0,1,720.00,AUTO,,AGGR+CHP+ADP+RUN-EXT+PW+DLK+SLC+TPE+NWS+,BUY,55.0,6.87,0,0,0.00,0.00,0.00,0.00,0,0,0,1,-9.0,61.25,18.00,198.00,129.25,640.50,G,3,UNKNOWN,BRICK_CLOSE,src=primary color=G streak=3 o=27783.75 c=27799.75 hi=27799.75 lo=27783.75
2026-05-01 09:50:47,3143,27803.75,27663.08,27789.06,27773.83,67.29,20.55,34.5,77.0,0.0,77.0,0.0,0.00,1,0.0,0,0,0.00,0.00,0.00,0.00,,0.0,0,1,720.00,AUTO,,AGGR+CHP+ADP+RUN-EXT+PW+DLK+SLC+TPE+NWS+,BUY,55.0,6.85,0,0,0.00,0.00,0.00,0.00,0,0,0,1,-9.0,61.25,18.00,198.00,129.25,640.50,G,3,UNKNOWN,SIGNAL,
2026-05-01 09:50:47,3143,27803.75,27663.08,27789.06,27773.83,67.29,20.55,34.5,77.0,0.0,77.0,0.0,0.00,1,0.0,0,0,0.00,0.00,0.00,0.00,,0.0,0,1,720.00,AUTO,,AGGR+CHP+ADP+RUN-EXT+PW+DLK+SLC+TPE+NWS+,BUY,55.0,6.85,0,0,0.00,0.00,0.00,0.00,0,0,0,1,-9.0,61.25,18.00,198.00,129.25,640.50,G,3,UNKNOWN,EXT_LOOSEN,dir=1 ratio=6.85 base=5.00 eff=8.00 htfConsec=49 streak=3
2026-05-01 09:50:47,3143,27803.75,27663.08,27789.06,27773.83,67.29,20.55,34.5,77.0,0.0,77.0,0.0,0.00,1,0.0,1,0,0.00,0.00,0.00,0.00,,0.0,0,1,720.00,AUTO,Key Lvl Breakout,AGGR+CHP+ADP+RUN-EXT+PW+DLK+SLC+TPE+NWS+,BUY,55.0,6.85,0,0,0.00,0.00,0.00,0.00,0,0,0,1,-9.0,61.25,18.00,198.00,129.25,640.50,G,3,UNKNOWN,ENTRY_LONG,manual=F bull=77.0 bear=0.0 sig=1 htf=1 tape=0.00 emaXAgo=58 distVwap=140.7 atr=20.5 px=27803.75 sl=0.00 tp=0.00
2026-05-01 09:50:47,3143,27803.75,27663.08,27789.06,27773.83,67.29,20.55,34.5,77.0,0.0,77.0,0.0,0.00,1,0.0,1,1,27791.75,27773.75,28291.75,0.00,,0.0,0,1,720.00,AUTO,Key Lvl Breakout,AGGR+CHP+ADP+RUN-EXT+PW+DLK+SLC+TPE+NWS+,BUY,55.0,6.85,0,0,12.00,0.00,0.00,0.00,0,0,0,1,-9.0,61.25,18.00,198.00,129.25,640.50,G,3,UNKNOWN,CLAMP_SKIP,adx=34.5 thr=28.0
2026-05-01 09:50:47,3143,27803.75,27663.08,27789.06,27773.83,67.29,20.55,34.5,77.0,0.0,77.0,0.0,0.00,1,0.0,1,1,27791.75,27773.75,28291.75,0.00,,0.0,0,1,720.00,AUTO,Key Lvl Breakout,AGGR+CHP+ADP+RUN-EXT+PW+DLK+SLC+TPE+NWS+,BUY,55.0,6.85,0,0,12.00,0.00,0.00,0.00,0,0,0,1,-9.0,61.25,18.00,198.00,129.25,640.50,G,3,UNKNOWN,STOPS_ARMED,dir=1 entry=27791.75 sl=27773.75 tp=28291.75 slPt=18 tpPt=50 RUNNER
2026-05-01 09:50:47,3144,27807.75,27663.08,27792.80,27776.91,68.42,20.22,34.0,77.0,0.0,77.0,0.0,0.00,1,0.0,1,1,27791.75,27773.75,28291.75,0.00,,0.0,0,1,720.00,AUTO,Key Lvl Breakout,AGGR+CHP+ADP+RUN-EXT+PW+DLK+SLC+TPE+NWS+,BUY,55.0,7.15,0,0,16.00,0.00,0.00,0.00,0,0,0,1,-7.3,65.25,22.00,202.00,133.25,644.50,G,4,UNKNOWN,BRICK_CLOSE,src=primary color=G streak=4 o=27787.75 c=27803.75 hi=27803.75 lo=27787.75
2026-05-01 09:50:47,3144,27807.75,27663.08,27792.80,27776.91,68.42,20.22,34.0,77.0,0.0,77.0,0.0,0.00,1,0.0,1,1,27791.75,27789.75,28291.75,0.00,,0.0,0,1,720.00,AUTO,Key Lvl Breakout,AGGR+CHP+ADP+RUN-EXT+PW+DLK+SLC+TPE+NWS+,BUY,55.0,7.15,0,0,16.00,16.00,0.00,0.00,0,0,0,1,-7.3,65.25,22.00,202.00,133.25,644.50,G,4,UNKNOWN,PROFIT_SAFEGUARD,tier=1 T1_PROFIT_SAFE peak=16.0pt sl=27789.75 offset=-2.0pt entry=27791.75 runner=True
2026-05-01 09:50:47,3144,27807.75,27663.08,27792.80,27776.91,68.42,20.22,34.0,77.0,0.0,77.0,0.0,0.00,1,0.0,1,1,27791.75,27789.75,28291.75,0.00,,0.0,0,1,720.00,AUTO,Key Lvl Breakout,AGGR+CHP+ADP+RUN-EXT+PW+DLK+SLC+TPE+NWS+,BUY,55.0,7.15,0,0,16.00,16.00,0.00,0.00,0,0,0,1,-7.3,65.25,22.00,202.00,133.25,644.50,G,4,UNKNOWN,PEAKLOCK_T1,peak=16.0pt giveback=11.9pt floor=27795.75 entry=27791.75
2026-05-01 09:52:05,3145,27779.75,27663.22,27790.19,27777.17,54.22,20.97,32.0,77.0,0.0,77.0,0.0,0.00,1,0.0,1,1,27791.75,27789.75,28291.75,27803.75,BrickMode*DORMANT,0.0,0,1,720.00,AUTO,Key Lvl Breakout,AGGR+CHP+ADP+RUN-EXT+PW+DLK+SLC+TPE+NWS+,BUY,55.0,5.56,0,0,-12.00,16.00,0.00,0.00,0,0,0,0,-6.8,37.25,-6.00,174.00,105.25,616.50,G,5,UNKNOWN,BRICK_CLOSE,src=primary color=G streak=5 o=27791.75 c=27807.75 hi=27807.75 lo=27791.75
2026-05-01 09:52:05,3145,27779.75,27663.22,27790.19,27777.17,54.22,20.97,32.0,77.0,0.0,77.0,0.0,0.00,1,0.0,1,1,27791.75,27789.75,28291.75,27803.75,BrickMode*DORMANT,0.0,0,1,720.00,AUTO,Key Lvl Breakout,AGGR+CHP+ADP+RUN-EXT+PW+DLK+SLC+TPE+NWS+,BUY,55.0,5.56,0,0,-12.00,16.00,0.00,0.00,0,0,0,0,-6.8,37.25,-6.00,174.00,105.25,616.50,G,5,UNKNOWN,HEARTBEAT,tradesToday=1 openDca=1
2026-05-01 09:52:05,3145,27779.75,27663.22,27790.19,27777.17,54.22,20.97,32.0,77.0,0.0,77.0,0.0,0.00,1,0.0,1,1,27791.75,27789.75,28291.75,27803.75,BrickMode*DORMANT,0.0,0,1,720.00,AUTO,Key Lvl Breakout,AGGR+CHP+ADP+RUN-EXT+PW+DLK+SLC+TPE+NWS+,BUY,55.0,5.56,0,0,-12.00,16.00,0.00,0.00,0,0,0,0,-6.8,37.25,-6.00,174.00,105.25,616.50,G,5,UNKNOWN,BRICK_TRAIL_HIT,reason=px_stop peak=16.0pt cur=-12.0pt retrace=28.0pt effRetraceMin=16.0pt trail=27803.75 px=27779.75 adxSlope=-6.77 streak=5 effPct=50
2026-05-01 09:52:05,3145,27779.75,27666.60,27790.19,27777.17,54.22,20.97,32.0,77.0,0.0,77.0,0.0,0.00,1,38.2,1,0,27791.75,27789.75,28291.75,27803.75,BrickMode*DORMANT,0.0,0,2,720.00,AUTO,Key Lvl Breakout,AGGR+CHP+ADP+RUN-EXT+PW+DLK+SLC+TPE+NWS+,BUY,55.0,5.39,0,0,-12.00,16.00,0.00,0.00,0,0,0,0,-6.8,37.25,-6.00,174.00,105.25,616.50,G,5,UNKNOWN,BRICK_REENTRY_ARMED,dir=1 reason=TRAIL_BrickTrail_PxStop exitPx=27779.75 windowSec=90 minStreak=3
2026-05-01 09:52:05,3145,27779.75,27666.60,27790.19,27777.17,54.22,20.97,32.0,77.0,0.0,77.0,0.0,0.00,1,38.2,1,0,27791.75,27789.75,28291.75,27803.75,BrickMode*DORMANT,0.0,0,2,720.00,AUTO,Key Lvl Breakout,AGGR+CHP+ADP+RUN-EXT+PW+DLK+SLC+TPE+NWS+,BUY,55.0,5.39,0,0,-12.00,16.00,0.00,0.00,0,0,0,0,-6.8,37.25,-6.00,174.00,105.25,616.50,G,5,UNKNOWN,EXIT_WIN_TRAIL_BrickTrail_PxStop,pnl=0.00 consec=2
2026-05-01 09:52:05,3145,27779.75,27666.60,27790.19,27777.17,54.22,20.97,32.0,77.0,0.0,77.0,0.0,0.00,1,38.2,1,0,27791.75,27789.75,28291.75,27803.75,BrickMode*DORMANT,0.0,0,2,720.00,AUTO,Key Lvl Breakout,AGGR+CHP+ADP+RUN-EXT+PW+DLK+SLC+TPE+NWS+,BUY,55.0,5.39,0,0,-12.00,16.00,0.00,0.00,0,0,0,0,-6.8,37.25,-6.00,174.00,105.25,616.50,G,5,UNKNOWN,REGIME_PNL,regime=UNKNOWN tradePnl=0.00 regTotal=0.00 thresh=-200
2026-05-01 09:54:22,3146,27807.75,27666.60,27793.70,27779.95,62.58,21.62,29.9,77.0,0.0,77.0,0.0,0.00,1,38.2,1,0,27791.75,27789.75,28291.75,27803.75,BrickMode*DORMANT,0.0,0,2,720.00,AUTO,Key Lvl Breakout,AGGR+CHP+ADP+RUN-EXT+PW+DLK+SLC+TPE+NWS+,BUY,55.0,6.53,0,0,16.00,16.00,0.00,0.00,0,0,0,1,-6.9,65.25,22.00,202.00,133.25,644.50,R,1,UNKNOWN,BRICK_CLOSE,src=primary color=R streak=1 o=27795.75 c=27779.75 hi=27810.50 lo=27779.75
2026-05-01 09:54:22,3146,27807.75,27666.60,27793.70,27779.95,62.58,21.62,29.9,77.0,0.0,77.0,0.0,0.00,1,38.2,1,0,27791.75,27789.75,28291.75,27803.75,BrickMode*DORMANT,0.0,0,2,720.00,AUTO,Key Lvl Breakout,AGGR+CHP+ADP+RUN-EXT+PW+DLK+SLC+TPE+NWS+,BUY,55.0,6.53,0,0,16.00,16.00,0.00,0.00,0,0,0,1,-6.9,65.25,22.00,202.00,133.25,644.50,R,1,UNKNOWN,BRICK_REENTRY_DISARM,why=window_expired
2026-05-01 09:54:22,3146,27807.75,27666.60,27793.70,27779.95,62.58,21.62,29.9,77.0,0.0,77.0,0.0,0.00,1,38.2,1,0,27791.75,27789.75,28291.75,27803.75,BrickMode*DORMANT,0.0,0,2,720.00,AUTO,Key Lvl Breakout,AGGR+CHP+ADP+RUN-EXT+PW+DLK+SLC+TPE+NWS+,BUY,55.0,6.53,0,0,16.00,16.00,0.00,0.00,0,0,0,1,-6.9,65.25,22.00,202.00,133.25,644.50,R,1,UNKNOWN,RUN_END,color=G len=5 pts=4.0 maxFav=32.0 durSec=222 startPx=27775.75 endPx=27779.75
2026-05-01 09:54:22,3146,27807.75,27671.71,27793.70,27779.95,62.58,21.62,29.9,73.3,0.0,73.3,0.0,0.00,1,0.0,0,0,0.00,0.00,0.00,0.00,,0.0,0,2,720.00,AUTO,,AGGR+CHP+ADP+RUN-EXT+PW+DLK+SLC+TPE+NWS+,BUY,55.0,6.29,0,0,0.00,0.00,0.00,0.00,0,0,0,1,-6.9,65.25,22.00,202.00,133.25,644.50,R,1,UNKNOWN,SIGNAL,
2026-05-01 09:54:22,3146,27807.75,27671.71,27793.70,27779.95,62.58,21.62,29.9,73.3,0.0,73.3,0.0,0.00,1,0.0,0,0,0.00,0.00,0.00,0.00,,0.0,0,2,720.00,AUTO,,AGGR+CHP+ADP+RUN-EXT+PW+DLK+SLC+TPE+NWS+,BUY,55.0,6.29,0,0,0.00,0.00,0.00,0.00,0,0,0,1,-6.9,65.25,22.00,202.00,133.25,644.50,R,1,UNKNOWN,BLOCK_AUTO,reason=tooSoon consecLoss=0 barsSinceExit=1 barsSinceLoss=-1
2026-05-01 09:54:23,3147,27811.75,27671.71,27797.31,27782.84,63.61,21.22,28.4,73.3,0.0,73.3,0.0,0.00,1,0.0,0,0,0.00,0.00,0.00,0.00,,0.0,0,2,720.00,AUTO,,AGGR+CHP+ADP+RUN-EXT+PW+DLK+SLC+TPE+NWS+,BUY,55.0,6.60,0,0,0.00,0.00,0.00,0.00,0,0,0,1,-7.1,69.25,26.00,206.00,137.25,648.50,G,1,UNKNOWN,BRICK_CLOSE,src=primary color=G streak=1 o=27791.75 c=27807.75 hi=27807.75 lo=27777.75
2026-05-01 09:54:23,3147,27811.75,27671.71,27797.31,27782.84,63.61,21.22,28.4,73.3,0.0,73.3,0.0,0.00,1,0.0,0,0,0.00,0.00,0.00,0.00,,0.0,0,2,720.00,AUTO,,AGGR+CHP+ADP+RUN-EXT+PW+DLK+SLC+TPE+NWS+,BUY,55.0,6.60,0,0,0.00,0.00,0.00,0.00,0,0,0,1,-7.1,69.25,26.00,206.00,137.25,648.50,G,1,UNKNOWN,RUN_END,color=R len=1 pts=12.0 maxFav=0.0 durSec=1 startPx=27795.75 endPx=27807.75
2026-05-01 09:54:23,3147,27811.75,27671.94,27797.31,27782.84,63.61,21.22,28.4,107.5,0.0,107.5,0.0,0.00,1,0.0,0,0,0.00,0.00,0.00,0.00,,0.0,0,2,720.00,AUTO,,AGGR+CHP+ADP+RUN-EXT+PW+DLK+SLC+TPE+NWS+,BUY,55.0,6.59,0,0,0.00,0.00,0.00,0.00,0,0,0,1,-7.1,69.25,26.00,206.00,137.25,648.50,G,1,UNKNOWN,SIGNAL,
2026-05-01 09:54:23,3147,27811.75,27671.94,27797.31,27782.84,63.61,21.22,28.4,107.5,0.0,107.5,0.0,0.00,1,0.0,0,0,0.00,0.00,0.00,0.00,,0.0,0,2,720.00,AUTO,,AGGR+CHP+ADP+RUN-EXT+PW+DLK+SLC+TPE+NWS+,BUY,55.0,6.59,0,0,0.00,0.00,0.00,0.00,0,0,0,1,-7.1,69.25,26.00,206.00,137.25,648.50,G,1,UNKNOWN,BLOCK_AUTO,reason=tooSoon consecLoss=0 barsSinceExit=2 barsSinceLoss=-1
2026-05-01 09:55:17,3148,27815.75,27671.94,27801.00,27785.83,64.65,21.68,26.6,107.5,0.0,107.5,0.0,0.00,1,0.0,0,0,0.00,0.00,0.00,0.00,,0.0,0,2,720.00,AUTO,,AGGR+CHP+ADP+RUN-EXT+PW+DLK+SLC+TPE+NWS+,BUY,55.0,6.63,0,0,0.00,0.00,0.00,0.00,0,0,0,1,-7.9,73.25,30.00,210.00,141.25,652.50,G,2,UNKNOWN,BRICK_CLOSE,src=primary color=G streak=2 o=27795.75 c=27811.75 hi=27811.75 lo=27795.75
2026-05-01 09:55:17,3148,27815.75,27674.67,27801.00,27785.83,64.65,21.68,26.6,87.0,0.0,87.0,0.0,0.00,1,0.0,0,0,0.00,0.00,0.00,0.00,,0.0,0,2,720.00,AUTO,,AGGR+CHP+ADP+RUN-EXT+PW+DLK+SLC+TPE+NWS+,BUY,55.0,6.51,0,0,0.00,0.00,0.00,0.00,0,0,0,1,-7.9,73.25,30.00,210.00,141.25,652.50,G,2,UNKNOWN,SIGNAL,
2026-05-01 09:55:17,3148,27815.75,27674.67,27801.00,27785.83,64.65,21.68,26.6,87.0,0.0,87.0,0.0,0.00,1,0.0,0,0,0.00,0.00,0.00,0.00,,0.0,0,2,720.00,AUTO,,AGGR+CHP+ADP+RUN-EXT+PW+DLK+SLC+TPE+NWS+,BUY,55.0,6.51,0,0,0.00,0.00,0.00,0.00,0,0,0,1,-7.9,73.25,30.00,210.00,141.25,652.50,G,2,UNKNOWN,BLOCK_AUTO,reason=tooSoon consecLoss=0 barsSinceExit=3 barsSinceLoss=-1
2026-05-01 09:55:19,3149,27819.75,27674.67,27804.75,27788.92,65.70,21.28,24.9,87.0,0.0,87.0,0.0,0.00,1,0.0,0,0,0.00,0.00,0.00,0.00,,0.0,0,2,720.00,AUTO,,AGGR+CHP+ADP+RUN-EXT+PW+DLK+SLC+TPE+NWS+,BUY,55.0,6.82,0,0,0.00,0.00,0.00,0.00,0,0,0,1,-9.1,77.25,34.00,214.00,145.25,656.50,G,3,UNKNOWN,BRICK_CLOSE,src=primary color=G streak=3 o=27799.75 c=27815.75 hi=27815.75 lo=27788.00
2026-05-01 09:55:19,3149,27819.75,27675.17,27804.75,27788.92,65.70,21.28,24.9,110.0,0.0,110.0,0.0,0.00,1,0.0,0,0,0.00,0.00,0.00,0.00,,0.0,0,2,720.00,AUTO,,AGGR+CHP+ADP+RUN-EXT+PW+DLK+SLC+TPE+NWS+,BUY,55.0,6.79,0,0,0.00,0.00,0.00,0.00,0,0,0,1,-9.1,77.25,34.00,214.00,145.25,656.50,G,3,UNKNOWN,SIGNAL,
2026-05-01 09:55:19,3149,27819.75,27675.17,27804.75,27788.92,65.70,21.28,24.9,110.0,0.0,110.0,0.0,0.00,1,0.0,0,0,0.00,0.00,0.00,0.00,,0.0,0,2,720.00,AUTO,,AGGR+CHP+ADP+RUN-EXT+PW+DLK+SLC+TPE+NWS+,BUY,55.0,6.79,0,0,0.00,0.00,0.00,0.00,0,0,0,1,-9.1,77.25,34.00,214.00,145.25,656.50,G,3,UNKNOWN,POST_WIN_DIST_RELEASE,dir=1 moved=40.0pt thr=8.0 exit_px=27779.75 cur_px=27819.75
2026-05-01 09:55:19,3149,27819.75,27675.17,27804.75,27788.92,65.70,21.28,24.9,110.0,0.0,110.0,0.0,0.00,1,0.0,0,0,0.00,0.00,0.00,0.00,,0.0,0,2,720.00,AUTO,,AGGR+CHP+ADP+RUN-EXT+PW+DLK+SLC+TPE+NWS+,BUY,55.0,6.79,0,0,0.00,0.00,0.00,0.00,0,0,0,1,-9.1,77.25,34.00,214.00,145.25,656.50,G,3,UNKNOWN,EXT_LOOSEN,dir=1 ratio=6.79 base=5.00 eff=8.00 htfConsec=55 streak=3
2026-05-01 09:55:19,3149,27819.75,27675.17,27804.75,27788.92,65.70,21.28,24.9,110.0,0.0,110.0,0.0,0.00,1,0.0,1,0,0.00,0.00,0.00,0.00,,0.0,0,2,720.00,AUTO,Key Lvl Breakout,AGGR+CHP+ADP+RUN-EXT+PW+DLK+SLC+TPE+NWS+,BUY,55.0,6.79,0,0,0.00,0.00,0.00,0.00,0,0,0,1,-9.1,77.25,34.00,214.00,145.25,656.50,G,3,UNKNOWN,ENTRY_LONG,manual=F bull=110.0 bear=0.0 sig=1 htf=1 tape=0.00 emaXAgo=64 distVwap=144.6 atr=21.3 px=27819.75 sl=0.00 tp=0.00
2026-05-01 09:55:19,3149,27819.75,27675.17,27804.75,27788.92,65.70,21.28,24.9,110.0,0.0,110.0,0.0,0.00,1,0.0,1,1,27807.75,27789.75,28307.75,0.00,,0.0,0,2,720.00,AUTO,Key Lvl Breakout,AGGR+CHP+ADP+RUN-EXT+PW+DLK+SLC+TPE+NWS+,BUY,55.0,6.79,0,0,12.00,0.00,0.00,0.00,0,0,0,1,-9.1,77.25,34.00,214.00,145.25,656.50,G,3,UNKNOWN,STOPS_ARMED,dir=1 entry=27807.75 sl=27789.75 tp=28307.75 slPt=18 tpPt=50 RUNNER
2026-05-01 09:55:20,3150,27823.75,27675.17,27808.55,27792.08,66.77,20.90,23.7,110.0,0.0,110.0,0.0,0.00,1,0.0,1,1,27807.75,27789.75,28307.75,0.00,,0.0,0,2,720.00,AUTO,Key Lvl Breakout,AGGR+CHP+ADP+RUN-EXT+PW+DLK+SLC+TPE+NWS+,BUY,55.0,7.11,0,0,16.00,0.00,0.00,0.00,0,0,0,1,-8.3,81.25,38.00,218.00,149.25,660.50,G,4,UNKNOWN,BRICK_CLOSE,src=primary color=G streak=4 o=27803.75 c=27819.75 hi=27819.75 lo=27803.75
2026-05-01 09:55:20,3150,27823.75,27675.17,27808.55,27792.08,66.77,20.90,23.7,110.0,0.0,110.0,0.0,0.00,1,0.0,1,1,27807.75,27805.75,28307.75,0.00,,0.0,0,2,720.00,AUTO,Key Lvl Breakout,AGGR+CHP+ADP+RUN-EXT+PW+DLK+SLC+TPE+NWS+,BUY,55.0,7.11,0,0,16.00,16.00,0.00,0.00,0,0,0,1,-8.3,81.25,38.00,218.00,149.25,660.50,G,4,UNKNOWN,PROFIT_SAFEGUARD,tier=1 T1_PROFIT_SAFE peak=16.0pt sl=27805.75 offset=-2.0pt entry=27807.75 runner=True
2026-05-01 09:55:20,3150,27823.75,27675.17,27808.55,27792.08,66.77,20.90,23.7,110.0,0.0,110.0,0.0,0.00,1,0.0,1,1,27807.75,27805.75,28307.75,0.00,,0.0,0,2,720.00,AUTO,Key Lvl Breakout,AGGR+CHP+ADP+RUN-EXT+PW+DLK+SLC+TPE+NWS+,BUY,55.0,7.11,0,0,16.00,16.00,0.00,0.00,0,0,0,1,-8.3,81.25,38.00,218.00,149.25,660.50,G,4,UNKNOWN,PEAKLOCK_T1,peak=16.0pt giveback=11.9pt floor=27811.75 entry=27807.75
2026-05-01 09:55:24,3151,27827.75,27675.31,27812.39,27795.33,67.85,20.55,23.0,110.0,0.0,110.0,0.0,0.00,1,0.0,1,1,27807.75,27805.75,28307.75,27819.75,BrickMode*DORMANT,0.0,0,2,720.00,AUTO,Key Lvl Breakout,AGGR+CHP+ADP+RUN-EXT+PW+DLK+SLC+TPE+NWS+,BUY,55.0,7.42,0,0,20.00,16.00,0.00,0.00,0,0,0,1,-6.9,85.25,42.00,222.00,153.25,664.50,G,5,UNKNOWN,BRICK_CLOSE,src=primary color=G streak=5 o=27807.75 c=27823.75 hi=27823.75 lo=27807.75
2026-05-01 09:55:24,3151,27827.75,27675.31,27812.39,27795.33,67.85,20.55,23.0,110.0,0.0,110.0,0.0,0.00,1,0.0,1,1,27807.75,27808.75,28307.75,27819.75,BrickMode*DORMANT,0.0,0,2,720.00,AUTO,Key Lvl Breakout,AGGR+CHP+ADP+RUN-EXT+PW+DLK+SLC+TPE+NWS+,BUY,55.0,7.42,0,0,20.00,20.00,0.00,0.00,0,0,0,1,-6.9,85.25,42.00,222.00,153.25,664.50,G,5,UNKNOWN,PROFIT_SAFEGUARD,tier=2 T2_PROFIT_SAFE peak=20.0pt sl=27808.75 offset=1.0pt entry=27807.75 runner=True
2026-05-01 09:55:26,3152,27831.75,27675.89,27816.26,27798.64,68.94,20.23,22.7,110.0,0.0,110.0,0.0,0.00,1,0.0,1,1,27807.75,27808.75,28307.75,27823.75,BrickMode*DORMANT,0.0,0,2,720.00,AUTO,Key Lvl Breakout,AGGR+CHP+ADP+RUN-EXT+PW+DLK+SLC+TPE+NWS+,BUY,55.0,7.71,0,0,24.00,20.00,0.00,0.00,0,0,0,1,-5.7,89.25,46.00,226.00,157.25,668.50,G,6,UNKNOWN,BRICK_CLOSE,src=primary color=G streak=6 o=27811.75 c=27827.75 hi=27827.75 lo=27811.75
2026-05-01 09:55:26,3153,27835.75,27676.29,27820.16,27802.01,70.03,19.92,22.8,110.0,0.0,110.0,0.0,0.00,1,0.0,1,1,27807.75,27808.75,28307.75,27827.75,BrickMode*DORMANT,0.0,0,2,720.00,AUTO,Key Lvl Breakout,AGGR+CHP+ADP+RUN-EXT+PW+DLK+SLC+TPE+NWS+,BUY,55.0,8.00,0,0,28.00,24.00,0.00,0.00,0,0,0,1,-3.8,93.25,50.00,230.00,161.25,672.50,G,7,UNKNOWN,BRICK_CLOSE,src=primary color=G streak=7 o=27815.75 c=27831.75 hi=27831.75 lo=27815.75
2026-05-01 09:55:26,3153,27835.75,27676.29,27820.16,27802.01,70.03,19.92,22.8,110.0,0.0,110.0,0.0,0.00,1,0.0,1,1,27807.75,27808.75,28307.75,27827.75,BrickMode*DORMANT,0.0,0,2,720.00,AUTO,Key Lvl Breakout,AGGR+CHP+ADP+RUN-EXT+PW+DLK+SLC+TPE+NWS+,BUY,55.0,8.00,0,0,28.00,28.00,0.00,0.00,0,0,0,1,-3.8,93.25,50.00,230.00,161.25,672.50,G,7,UNKNOWN,PEAKLOCK_T2,peak=28.0pt giveback=13.6pt floor=27822.25 entry=27807.75
2026-05-01 09:55:28,3154,27839.75,27676.45,27824.08,27805.44,71.12,19.64,23.2,110.0,0.0,110.0,0.0,0.00,1,0.0,1,1,27807.75,27808.75,28307.75,27831.75,BrickMode*DORMANT,0.0,0,2,720.00,AUTO,Key Lvl Breakout,AGGR+CHP+ADP+RUN-EXT+PW+DLK+SLC+TPE+NWS+,BUY,55.0,8.31,0,0,32.00,28.00,0.00,0.00,0,0,0,1,-1.7,97.25,54.00,234.00,165.25,676.50,G,8,UNKNOWN,BRICK_CLOSE,src=primary color=G streak=8 o=27819.75 c=27835.75 hi=27835.75 lo=27819.75
2026-05-01 09:55:28,3154,27839.75,27676.45,27824.08,27805.44,71.12,19.64,23.2,110.0,0.0,110.0,0.0,0.00,1,0.0,1,1,27807.75,27815.75,28307.75,27831.75,BrickMode*DORMANT,0.0,0,2,720.00,AUTO,Key Lvl Breakout,AGGR+CHP+ADP+RUN-EXT+PW+DLK+SLC+TPE+NWS+,BUY,55.0,8.31,0,0,32.00,32.00,0.00,0.00,0,0,0,1,-1.7,97.25,54.00,234.00,165.25,676.50,G,8,UNKNOWN,PROFIT_SAFEGUARD,tier=3 T3_PROFIT_SAFE peak=32.0pt sl=27815.75 offset=8.0pt entry=27807.75 runner=True
2026-05-01 09:55:28,3154,27839.75,27676.45,27824.08,27805.44,71.12,19.64,23.2,110.0,0.0,110.0,0.0,0.00,1,0.0,1,1,27807.75,27815.75,28307.75,27835.75,BrickMode*DORMANT,0.0,0,2,720.00,AUTO,Key Lvl Breakout,AGGR+CHP+ADP+RUN-EXT+PW+DLK+SLC+TPE+NWS+,BUY,55.0,8.31,0,0,32.00,32.00,0.00,0.00,0,0,0,1,-1.7,97.25,54.00,234.00,165.25,676.50,G,8,UNKNOWN,RIDE_LOCK_PXSTOP,streak=8 slope=-1.70 base=7.50 prevMult_eff=5.25 rideMult=1.15 newEff=8.63 peak=32.0 cur=32.0
2026-05-01 09:55:29,3155,27843.75,27676.68,27828.01,27808.92,72.21,19.38,23.9,110.0,0.0,110.0,0.0,0.00,1,0.0,1,1,27807.75,27815.75,28307.75,27835.75,BrickMode*DORMANT,0.0,0,2,720.00,AUTO,Key Lvl Breakout,AGGR+CHP+ADP+RUN-EXT+PW+DLK+SLC+TPE+NWS+,BUY,55.0,8.62,0,0,36.00,32.00,0.00,0.00,0,0,0,1,0.2,101.25,58.00,238.00,169.25,680.50,G,9,UNKNOWN,BRICK_CLOSE,src=primary color=G streak=9 o=27823.75 c=27839.75 hi=27839.75 lo=27823.75
2026-05-01 09:55:29,3155,27843.75,27676.68,27828.01,27808.92,72.21,19.38,23.9,110.0,0.0,110.0,0.0,0.00,1,0.0,1,1,27807.75,27815.75,28307.75,27835.75,BrickMode*DORMANT,0.0,0,2,720.00,AUTO,Key Lvl Breakout,AGGR+CHP+ADP+RUN-EXT+PW+DLK+SLC+TPE+NWS+,BUY,55.0,8.62,0,0,36.00,32.00,0.00,0.00,0,0,0,1,0.2,101.25,58.00,238.00,169.25,680.50,G,9,TREND_UP,REGIME_CHANGE,from=UNKNOWN to=TREND_UP adx=23.9 slope=0.19 atr/avg=0.94 eStack=1 distVwapAtr=8.62 nr=Gx9 flips4=0
2026-05-01 09:55:29,3156,27847.75,27676.87,27831.96,27812.45,73.30,19.14,24.8,110.0,0.0,110.0,0.0,0.00,1,0.0,1,1,27807.75,27815.75,28307.75,27839.75,BrickMode*DORMANT,0.0,0,2,720.00,AUTO,Key Lvl Breakout,AGGR+CHP+ADP+RUN-EXT+PW+DLK+SLC+TPE+NWS+,BUY,55.0,8.93,0,0,40.00,36.00,0.00,0.00,0,0,0,1,1.9,105.25,62.00,242.00,173.25,684.50,G,10,TREND_UP,BRICK_CLOSE,src=primary color=G streak=10 o=27827.75 c=27843.75 hi=27843.75 lo=27827.75
2026-05-01 09:55:29,3156,27847.75,27676.87,27831.96,27812.45,73.30,19.14,24.8,110.0,0.0,110.0,0.0,0.00,1,0.0,1,1,27807.75,27815.75,28307.75,27839.75,BrickMode*DORMANT,0.0,0,2,720.00,AUTO,Key Lvl Breakout,AGGR+CHP+ADP+RUN-EXT+PW+DLK+SLC+TPE+NWS+,BUY,55.0,8.93,0,0,40.00,40.00,0.00,0.00,0,0,0,1,1.9,105.25,62.00,242.00,173.25,684.50,G,10,TREND_UP,PEAKLOCK_T3,peak=40.0pt giveback=22.8pt floor=27825.00 entry=27807.75
2026-05-01 09:55:29,3157,27851.75,27677.05,27835.92,27816.03,74.38,18.92,26.0,110.0,0.0,110.0,0.0,0.00,1,0.0,1,1,27807.75,27815.75,28307.75,27843.75,BrickMode*DORMANT,0.0,0,2,720.00,AUTO,Key Lvl Breakout,AGGR+CHP+ADP+RUN-EXT+PW+DLK+SLC+TPE+NWS+,BUY,55.0,9.23,0,0,44.00,40.00,0.00,0.00,0,0,0,1,3.3,109.25,66.00,246.00,177.25,688.50,G,11,TREND_UP,BRICK_CLOSE,src=primary color=G streak=11 o=27831.75 c=27847.75 hi=27847.75 lo=27831.75
2026-05-01 09:55:30,3158,27855.75,27677.14,27839.88,27819.64,75.45,18.71,27.3,110.0,0.0,110.0,0.0,0.00,1,0.0,1,1,27807.75,27815.75,28307.75,27847.75,BrickMode*DORMANT,0.0,0,2,720.00,AUTO,Key Lvl Breakout,AGGR+CHP+ADP+RUN-EXT+PW+DLK+SLC+TPE+NWS+,BUY,55.0,9.55,0,0,48.00,44.00,0.00,0.00,0,0,0,1,4.6,113.25,70.00,250.00,181.25,692.50,G,12,TREND_UP,BRICK_CLOSE,src=primary color=G streak=12 o=27835.75 c=27851.75 hi=27851.75 lo=27835.75
2026-05-01 09:56:16,3159,27827.75,27677.28,27837.46,27820.38,57.41,19.53,26.8,110.0,0.0,110.0,0.0,0.00,1,0.0,1,1,27807.75,27815.75,28307.75,27851.75,BrickMode*DORMANT,0.0,0,2,720.00,AUTO,Key Lvl Breakout,AGGR+CHP+ADP+RUN-EXT+PW+DLK+SLC+TPE+NWS+,BUY,55.0,7.70,0,0,20.00,48.00,0.00,0.00,0,0,0,0,3.7,85.25,42.00,222.00,153.25,664.50,G,13,TREND_UP,BRICK_CLOSE,src=primary color=G streak=13 o=27839.75 c=27855.75 hi=27855.75 lo=27839.75
2026-05-01 09:56:16,3159,27827.75,27677.28,27837.46,27820.38,57.41,19.53,26.8,110.0,0.0,110.0,0.0,0.00,1,0.0,1,1,27807.75,27815.75,28307.75,27851.75,BrickMode*DORMANT,0.0,0,2,720.00,AUTO,Key Lvl Breakout,AGGR+CHP+ADP+RUN-EXT+PW+DLK+SLC+TPE+NWS+,BUY,55.0,7.70,0,0,20.00,48.00,0.00,0.00,0,0,0,0,3.7,85.25,42.00,222.00,153.25,664.50,G,13,UNKNOWN,REGIME_CHANGE,from=TREND_UP to=UNKNOWN adx=26.8 slope=3.65 atr/avg=0.96 eStack=0 distVwapAtr=7.70 nr=Gx13 flips4=1
2026-05-01 09:56:16,3159,27827.75,27677.28,27837.46,27820.38,57.41,19.53,26.8,110.0,0.0,110.0,0.0,0.00,1,0.0,1,1,27807.75,27815.75,28307.75,27851.75,BrickMode*DORMANT,0.0,0,2,720.00,AUTO,Key Lvl Breakout,AGGR+CHP+ADP+RUN-EXT+PW+DLK+SLC+TPE+NWS+,BUY,55.0,7.70,0,0,20.00,48.00,0.00,0.00,0,0,0,0,3.7,85.25,42.00,222.00,153.25,664.50,G,13,UNKNOWN,BRICK_TRAIL_HIT,reason=px_stop peak=48.0pt cur=20.0pt retrace=28.0pt effRetraceMin=11.3pt trail=27851.75 px=27827.75 adxSlope=3.65 streak=13 effPct=50
2026-05-01 09:56:16,3159,27827.75,27680.61,27837.46,27820.38,57.41,19.53,26.8,110.0,0.0,110.0,0.0,0.00,1,0.0,1,0,27807.75,27815.75,28307.75,27851.75,BrickMode*DORMANT,0.0,0,3,1360.00,AUTO,Key Lvl Breakout,AGGR+CHP+ADP+RUN-EXT+PW+DLK+SLC+TPE+NWS+,BUY,55.0,7.53,0,0,20.00,48.00,0.00,0.00,0,0,0,0,3.7,85.25,42.00,222.00,153.25,664.50,G,13,UNKNOWN,CAP_REFUND,pnl=640.00 thr=25.00 tradesToday=1/20
2026-05-01 09:56:16,3159,27827.75,27680.61,27837.46,27820.38,57.41,19.53,26.8,110.0,0.0,110.0,0.0,0.00,1,0.0,1,0,27807.75,27815.75,28307.75,27851.75,BrickMode*DORMANT,0.0,0,3,1360.00,AUTO,Key Lvl Breakout,AGGR+CHP+ADP+RUN-EXT+PW+DLK+SLC+TPE+NWS+,BUY,55.0,7.53,0,0,20.00,48.00,0.00,0.00,0,0,0,0,3.7,85.25,42.00,222.00,153.25,664.50,G,13,UNKNOWN,BRICK_REENTRY_ARMED,dir=1 reason=TRAIL_BrickTrail_PxStop exitPx=27827.75 windowSec=90 minStreak=3
2026-05-01 09:56:16,3159,27827.75,27680.61,27837.46,27820.38,57.41,19.53,26.8,110.0,0.0,110.0,0.0,0.00,1,0.0,1,0,27807.75,27815.75,28307.75,27851.75,BrickMode*DORMANT,0.0,0,3,1360.00,AUTO,Key Lvl Breakout,AGGR+CHP+ADP+RUN-EXT+PW+DLK+SLC+TPE+NWS+,BUY,55.0,7.53,0,0,20.00,48.00,0.00,0.00,0,0,0,0,3.7,85.25,42.00,222.00,153.25,664.50,G,13,UNKNOWN,EXIT_WIN_TRAIL_BrickTrail_PxStop,pnl=640.00 consec=3
2026-05-01 09:56:16,3159,27827.75,27680.61,27837.46,27820.38,57.41,19.53,26.8,110.0,0.0,110.0,0.0,0.00,1,0.0,1,0,27807.75,27815.75,28307.75,27851.75,BrickMode*DORMANT,0.0,0,3,1360.00,AUTO,Key Lvl Breakout,AGGR+CHP+ADP+RUN-EXT+PW+DLK+SLC+TPE+NWS+,BUY,55.0,7.53,0,0,20.00,48.00,0.00,0.00,0,0,0,0,3.7,85.25,42.00,222.00,153.25,664.50,G,13,UNKNOWN,REGIME_PNL,regime=UNKNOWN tradePnl=640.00 regTotal=640.00 thresh=-200
2026-05-01 09:59:18,3160,27855.75,27680.61,27841.12,27823.59,66.13,20.42,25.8,110.0,0.0,110.0,0.0,0.00,1,0.0,1,0,27807.75,27815.75,28307.75,27851.75,BrickMode*DORMANT,0.0,0,3,1360.00,AUTO,Key Lvl Breakout,AGGR+CHP+ADP+RUN-EXT+PW+DLK+SLC+TPE+NWS+,BUY,55.0,8.58,0,0,48.00,48.00,0.00,0.00,0,0,0,1,2.0,113.25,70.00,250.00,181.25,692.50,R,1,UNKNOWN,BRICK_CLOSE,src=primary color=R streak=1 o=27843.75 c=27827.75 hi=27858.00 lo=27827.75
2026-05-01 09:59:18,3160,27855.75,27680.61,27841.12,27823.59,66.13,20.42,25.8,110.0,0.0,110.0,0.0,0.00,1,0.0,1,0,27807.75,27815.75,28307.75,27851.75,BrickMode*DORMANT,0.0,0,3,1360.00,AUTO,Key Lvl Breakout,AGGR+CHP+ADP+RUN-EXT+PW+DLK+SLC+TPE+NWS+,BUY,55.0,8.58,0,0,48.00,48.00,0.00,0.00,0,0,0,1,2.0,113.25,70.00,250.00,181.25,692.50,R,1,UNKNOWN,BRICK_REENTRY_DISARM,why=window_expired
2026-05-01 09:59:18,3160,27855.75,27680.61,27841.12,27823.59,66.13,20.42,25.8,110.0,0.0,110.0,0.0,0.00,1,0.0,1,0,27807.75,27815.75,28307.75,27851.75,BrickMode*DORMANT,0.0,0,3,1360.00,AUTO,Key Lvl Breakout,AGGR+CHP+ADP+RUN-EXT+PW+DLK+SLC+TPE+NWS+,BUY,55.0,8.58,0,0,48.00,48.00,0.00,0.00,0,0,0,1,2.0,113.25,70.00,250.00,181.25,692.50,R,1,UNKNOWN,RUN_END,color=G len=13 pts=36.0 maxFav=64.0 durSec=295 startPx=27791.75 endPx=27827.75
2026-05-01 09:59:18,3160,27855.75,27686.28,27841.12,27823.59,66.13,20.42,25.8,81.3,6.9,81.3,6.9,0.00,1,0.0,0,0,0.00,0.00,0.00,0.00,,0.0,0,3,1360.00,AUTO,,AGGR+CHP+ADP+RUN-EXT+PW+DLK+SLC+TPE+NWS+,BUY,55.0,8.30,0,1,0.00,0.00,0.00,0.00,0,0,0,1,2.0,113.25,5.25,247.00,181.25,692.50,R,1,UNKNOWN,SIGNAL,
2026-05-01 09:59:18,3160,27855.75,27686.28,27841.12,27823.59,66.13,20.42,25.8,81.3,6.9,81.3,6.9,0.00,1,0.0,0,0,0.00,0.00,0.00,0.00,,0.0,0,3,1360.00,AUTO,,AGGR+CHP+ADP+RUN-EXT+PW+DLK+SLC+TPE+NWS+,BUY,55.0,8.30,0,1,0.00,0.00,0.00,0.00,0,0,0,1,2.0,113.25,5.25,247.00,181.25,692.50,R,1,UNKNOWN,BLOCK_AUTO,reason=tooSoon consecLoss=0 barsSinceExit=1 barsSinceLoss=-1
2026-05-01 09:59:24,3161,27859.75,27686.28,27844.84,27826.88,67.16,20.11,25.3,81.3,6.9,81.3,6.9,0.00,1,0.0,0,0,0.00,0.00,0.00,0.00,,0.0,0,3,1360.00,AUTO,,AGGR+CHP+ADP+RUN-EXT+PW+DLK+SLC+TPE+NWS+,BUY,55.0,8.63,0,1,0.00,0.00,0.00,0.00,0,0,0,1,0.5,117.25,9.25,251.00,185.25,696.50,G,1,UNKNOWN,BRICK_CLOSE,src=primary color=G streak=1 o=27839.75 c=27855.75 hi=27855.75 lo=27823.75
2026-05-01 09:59:24,3161,27859.75,27686.28,27844.84,27826.88,67.16,20.11,25.3,81.3,6.9,81.3,6.9,0.00,1,0.0,0,0,0.00,0.00,0.00,0.00,,0.0,0,3,1360.00,AUTO,,AGGR+CHP+ADP+RUN-EXT+PW+DLK+SLC+TPE+NWS+,BUY,55.0,8.63,0,1,0.00,0.00,0.00,0.00,0,0,0,1,0.5,117.25,9.25,251.00,185.25,696.50,G,1,UNKNOWN,RUN_END,color=R len=1 pts=12.0 maxFav=0.0 durSec=6 startPx=27843.75 endPx=27855.75
2026-05-01 09:59:24,3161,27859.75,27686.65,27844.84,27826.88,67.16,20.11,25.3,115.5,10.0,115.5,10.0,0.00,1,0.0,0,0,0.00,0.00,0.00,0.00,,0.0,0,3,1360.00,AUTO,,AGGR+CHP+ADP+RUN-EXT+PW+DLK+SLC+TPE+NWS+,BUY,55.0,8.61,0,1,0.00,0.00,0.00,0.00,0,0,0,1,0.5,117.25,9.25,251.00,185.25,696.50,G,1,UNKNOWN,SIGNAL,
2026-05-01 09:59:24,3161,27859.75,27686.65,27844.84,27826.88,67.16,20.11,25.3,115.5,10.0,115.5,10.0,0.00,1,0.0,0,0,0.00,0.00,0.00,0.00,,0.0,0,3,1360.00,AUTO,,AGGR+CHP+ADP+RUN-EXT+PW+DLK+SLC+TPE+NWS+,BUY,55.0,8.61,0,1,0.00,0.00,0.00,0.00,0,0,0,1,0.5,117.25,9.25,251.00,185.25,696.50,G,1,UNKNOWN,BLOCK_AUTO,reason=tooSoon consecLoss=0 barsSinceExit=2 barsSinceLoss=-1
2026-05-01 09:59:54,3162,27863.75,27686.65,27848.62,27830.23,68.21,19.81,25.1,115.5,10.0,115.5,10.0,0.00,1,0.0,0,0,0.00,0.00,0.00,0.00,,0.0,0,3,1360.00,AUTO,,AGGR+CHP+ADP+RUN-EXT+PW+DLK+SLC+TPE+NWS+,BUY,55.0,8.94,0,1,0.00,0.00,0.00,0.00,0,0,0,1,-0.8,121.25,13.25,255.00,189.25,700.50,G,2,UNKNOWN,BRICK_CLOSE,src=primary color=G streak=2 o=27843.75 c=27859.75 hi=27859.75 lo=27843.75
2026-05-01 09:59:54,3162,27863.75,27687.71,27848.62,27830.23,68.21,19.81,25.1,95.0,7.0,95.0,7.0,0.00,1,0.0,0,0,0.00,0.00,0.00,0.00,,0.0,0,3,1360.00,AUTO,,AGGR+CHP+ADP+RUN-EXT+PW+DLK+SLC+TPE+NWS+,BUY,55.0,8.88,0,1,0.00,0.00,0.00,0.00,0,0,0,1,-0.8,121.25,13.25,255.00,189.25,700.50,G,2,UNKNOWN,SIGNAL,
2026-05-01 09:59:54,3162,27863.75,27687.71,27848.62,27830.23,68.21,19.81,25.1,95.0,7.0,95.0,7.0,0.00,1,0.0,0,0,0.00,0.00,0.00,0.00,,0.0,0,3,1360.00,AUTO,,AGGR+CHP+ADP+RUN-EXT+PW+DLK+SLC+TPE+NWS+,BUY,55.0,8.88,0,1,0.00,0.00,0.00,0.00,0,0,0,1,-0.8,121.25,13.25,255.00,189.25,700.50,G,2,UNKNOWN,BLOCK_AUTO,reason=tooSoon consecLoss=0 barsSinceExit=3 barsSinceLoss=-1
2026-05-01 09:59:58,3163,27867.75,27687.71,27852.45,27833.64,69.26,19.54,25.3,95.0,7.0,95.0,7.0,0.00,1,0.0,0,0,0.00,0.00,0.00,0.00,,0.0,0,3,1360.00,AUTO,,AGGR+CHP+ADP+RUN-EXT+PW+DLK+SLC+TPE+NWS+,BUY,55.0,9.21,0,1,0.00,0.00,0.00,0.00,0,0,0,1,-2.0,125.25,17.25,259.00,193.25,704.50,G,3,UNKNOWN,BRICK_CLOSE,src=primary color=G streak=3 o=27847.75 c=27863.75 hi=27863.75 lo=27847.75
2026-05-01 09:59:58,3163,27867.75,27687.94,27852.45,27833.64,69.26,19.54,25.3,118.0,0.0,118.0,0.0,0.00,1,0.0,0,0,0.00,0.00,0.00,0.00,,0.0,0,3,1360.00,AUTO,,AGGR+CHP+ADP+RUN-EXT+PW+DLK+SLC+TPE+NWS+,BUY,55.0,9.20,0,1,0.00,0.00,0.00,0.00,0,0,0,1,-2.0,125.25,17.25,259.00,193.25,704.50,G,3,UNKNOWN,SIGNAL,
2026-05-01 09:59:58,3163,27867.75,27687.94,27852.45,27833.64,69.26,19.54,25.3,118.0,0.0,118.0,0.0,0.00,1,0.0,0,0,0.00,0.00,0.00,0.00,,0.0,0,3,1360.00,AUTO,,AGGR+CHP+ADP+RUN-EXT+PW+DLK+SLC+TPE+NWS+,BUY,55.0,9.20,0,1,0.00,0.00,0.00,0.00,0,0,0,1,-2.0,125.25,17.25,259.00,193.25,704.50,G,3,UNKNOWN,BLOCK_NEWS,BUY MKT
2026-05-01 09:59:58,3164,27871.75,27687.94,27856.31,27837.11,70.32,19.29,25.8,118.0,0.0,118.0,0.0,0.00,1,0.0,0,0,0.00,0.00,0.00,0.00,,0.0,0,3,1360.00,AUTO,,AGGR+CHP+ADP+RUN-EXT+PW+DLK+SLC+TPE+NWS+,BUY,55.0,9.53,0,1,0.00,0.00,0.00,0.00,0,0,0,1,-1.0,129.25,21.25,263.00,197.25,708.50,G,4,UNKNOWN,BRICK_CLOSE,src=primary color=G streak=4 o=27851.75 c=27867.75 hi=27867.75 lo=27851.75
2026-05-01 09:59:58,3164,27871.75,27688.07,27856.31,27837.11,70.32,19.29,25.8,85.0,0.0,85.0,0.0,0.00,1,0.0,0,0,0.00,0.00,0.00,0.00,,0.0,0,3,1360.00,AUTO,,AGGR+CHP+ADP+RUN-EXT+PW+DLK+SLC+TPE+NWS+,BUY,55.0,9.52,0,1,0.00,0.00,0.00,0.00,0,0,0,1,-1.0,129.25,21.25,263.00,197.25,708.50,G,4,UNKNOWN,SIGNAL,
2026-05-01 09:59:58,3164,27871.75,27688.07,27856.31,27837.11,70.32,19.29,25.8,85.0,0.0,85.0,0.0,0.00,1,0.0,0,0,0.00,0.00,0.00,0.00,,0.0,0,3,1360.00,AUTO,,AGGR+CHP+ADP+RUN-EXT+PW+DLK+SLC+TPE+NWS+,BUY,55.0,9.52,0,1,0.00,0.00,0.00,0.00,0,0,0,1,-1.0,129.25,21.25,263.00,197.25,708.50,G,4,UNKNOWN,BLOCK_NEWS,BUY MKT
2026-05-01 10:00:00,3165,27875.75,27688.07,27860.20,27840.62,71.38,19.05,26.6,85.0,0.0,85.0,0.0,0.00,1,0.0,0,0,0.00,0.00,0.00,0.00,,0.0,0,3,1360.00,AUTO,,AGGR+CHP+ADP+RUN-EXT+PW+DLK+SLC+TPE+NWS+,BUY,55.0,9.85,0,1,0.00,0.00,0.00,0.00,0,0,0,1,0.7,133.25,25.25,267.00,201.25,712.50,G,5,UNKNOWN,BRICK_CLOSE,src=primary color=G streak=5 o=27855.75 c=27871.75 hi=27871.75 lo=27855.75
2026-05-01 10:00:00,3165,27875.75,27688.07,27860.20,27840.62,71.38,19.05,26.6,85.0,0.0,85.0,0.0,0.00,1,0.0,0,0,0.00,0.00,0.00,0.00,,0.0,0,3,1360.00,AUTO,,AGGR+CHP+ADP+RUN-EXT+PW+DLK+SLC+TPE+NWS+,BUY,55.0,9.85,0,1,0.00,0.00,0.00,0.00,0,0,0,1,0.7,133.25,25.25,267.00,201.25,712.50,G,5,TREND_UP,REGIME_CHANGE,from=UNKNOWN to=TREND_UP adx=26.6 slope=0.72 atr/avg=0.95 eStack=1 distVwapAtr=9.85 nr=Gx5 flips4=0
2026-05-01 10:00:00,3165,27875.75,27688.45,27860.20,27840.62,71.38,19.05,26.6,85.0,0.0,85.0,0.0,0.00,1,0.0,0,0,0.00,0.00,0.00,0.00,,0.0,0,3,1360.00,AUTO,,AGGR+CHP+ADP+RUN-EXT+PW+DLK+SLC+TPE+NWS+,BUY,55.0,9.83,0,1,0.00,0.00,0.00,0.00,0,0,0,1,0.7,133.25,25.25,267.00,201.25,712.50,G,5,TREND_UP,SIGNAL,
2026-05-01 10:00:00,3165,27875.75,27688.45,27860.20,27840.62,71.38,19.05,26.6,85.0,0.0,85.0,0.0,0.00,1,0.0,0,0,0.00,0.00,0.00,0.00,,0.0,0,3,1360.00,AUTO,,AGGR+CHP+ADP+RUN-EXT+PW+DLK+SLC+TPE+NWS+,BUY,55.0,9.83,0,1,0.00,0.00,0.00,0.00,0,0,0,1,0.7,133.25,25.25,267.00,201.25,712.50,G,5,TREND_UP,TREND_CHASE_FIRE,dir=1 adx=26.6 streak=5 bull=85.0
2026-05-01 10:00:00,3165,27875.75,27688.45,27860.20,27840.62,71.38,19.05,26.6,85.0,0.0,85.0,0.0,0.00,1,0.0,0,0,0.00,0.00,0.00,0.00,,0.0,0,3,1360.00,AUTO,,AGGR+CHP+ADP+RUN-EXT+PW+DLK+SLC+TPE+NWS+,BUY,55.0,9.83,0,1,0.00,0.00,0.00,0.00,0,0,0,1,0.7,133.25,25.25,267.00,201.25,712.50,G,5,TREND_UP,BLOCK_NEWS,BUY MKT
2026-05-01 10:00:00,3166,27879.75,27688.45,27864.11,27844.18,72.45,18.84,27.5,85.0,0.0,85.0,0.0,0.00,1,0.0,0,0,0.00,0.00,0.00,0.00,,0.0,0,3,1360.00,AUTO,,AGGR+CHP+ADP+RUN-EXT+PW+DLK+SLC+TPE+NWS+,BUY,55.0,10.16,0,1,0.00,0.00,0.00,0.00,0,0,0,1,2.2,137.25,29.25,271.00,205.25,716.50,G,6,TREND_UP,BRICK_CLOSE,src=primary color=G streak=6 o=27859.75 c=27875.75 hi=27875.75 lo=27859.75
2026-05-01 10:00:00,3166,27879.75,27688.49,27864.11,27844.18,72.45,18.84,27.5,85.0,0.0,85.0,0.0,0.00,1,0.0,0,0,0.00,0.00,0.00,0.00,,0.0,0,3,1360.00,AUTO,,AGGR+CHP+ADP+RUN-EXT+PW+DLK+SLC+TPE+NWS+,BUY,55.0,10.15,0,1,0.00,0.00,0.00,0.00,0,0,0,1,2.2,137.25,29.25,271.00,205.25,716.50,G,6,TREND_UP,SIGNAL,
2026-05-01 10:00:00,3166,27879.75,27688.49,27864.11,27844.18,72.45,18.84,27.5,85.0,0.0,85.0,0.0,0.00,1,0.0,0,0,0.00,0.00,0.00,0.00,,0.0,0,3,1360.00,AUTO,,AGGR+CHP+ADP+RUN-EXT+PW+DLK+SLC+TPE+NWS+,BUY,55.0,10.15,0,1,0.00,0.00,0.00,0.00,0,0,0,1,2.2,137.25,29.25,271.00,205.25,716.50,G,6,TREND_UP,TREND_CHASE_FIRE,dir=1 adx=27.5 streak=6 bull=85.0
2026-05-01 10:00:00,3166,27879.75,27688.49,27864.11,27844.18,72.45,18.84,27.5,85.0,0.0,85.0,0.0,0.00,1,0.0,0,0,0.00,0.00,0.00,0.00,,0.0,0,3,1360.00,AUTO,,AGGR+CHP+ADP+RUN-EXT+PW+DLK+SLC+TPE+NWS+,BUY,55.0,10.15,0,1,0.00,0.00,0.00,0.00,0,0,0,1,2.2,137.25,29.25,271.00,205.25,716.50,G,6,TREND_UP,BLOCK_NEWS,BUY MKT
2026-05-01 10:00:01,3167,27883.75,27688.49,27868.04,27847.77,73.51,18.63,28.7,85.0,0.0,85.0,0.0,0.00,1,0.0,0,0,0.00,0.00,0.00,0.00,,0.0,0,3,1360.00,AUTO,,AGGR+CHP+ADP+RUN-EXT+PW+DLK+SLC+TPE+NWS+,BUY,55.0,10.48,0,1,0.00,0.00,0.00,0.00,0,0,0,1,3.6,141.25,33.25,275.00,209.25,720.50,G,7,TREND_UP,BRICK_CLOSE,src=primary color=G streak=7 o=27863.75 c=27879.75 hi=27879.75 lo=27863.75
2026-05-01 10:00:01,3167,27883.75,27688.79,27868.04,27847.77,73.51,18.63,28.7,85.0,0.0,85.0,0.0,0.00,1,0.0,0,0,0.00,0.00,0.00,0.00,,0.0,0,3,1360.00,AUTO,,AGGR+CHP+ADP+RUN-EXT+PW+DLK+SLC+TPE+NWS+,BUY,55.0,10.46,0,1,0.00,0.00,0.00,0.00,0,0,0,1,3.6,141.25,33.25,275.00,209.25,720.50,G,7,TREND_UP,SIGNAL,
2026-05-01 10:00:01,3167,27883.75,27688.79,27868.04,27847.77,73.51,18.63,28.7,85.0,0.0,85.0,0.0,0.00,1,0.0,0,0,0.00,0.00,0.00,0.00,,0.0,0,3,1360.00,AUTO,,AGGR+CHP+ADP+RUN-EXT+PW+DLK+SLC+TPE+NWS+,BUY,55.0,10.46,0,1,0.00,0.00,0.00,0.00,0,0,0,1,3.6,141.25,33.25,275.00,209.25,720.50,G,7,TREND_UP,TREND_CHASE_FIRE,dir=1 adx=28.7 streak=7 bull=85.0
2026-05-01 10:00:01,3167,27883.75,27688.79,27868.04,27847.77,73.51,18.63,28.7,85.0,0.0,85.0,0.0,0.00,1,0.0,0,0,0.00,0.00,0.00,0.00,,0.0,0,3,1360.00,AUTO,,AGGR+CHP+ADP+RUN-EXT+PW+DLK+SLC+TPE+NWS+,BUY,55.0,10.46,0,1,0.00,0.00,0.00,0.00,0,0,0,1,3.6,141.25,33.25,275.00,209.25,720.50,G,7,TREND_UP,BLOCK_NEWS,BUY MKT
2026-05-01 10:00:17,3168,27855.75,27688.79,27865.58,27848.50,56.99,19.59,28.1,85.0,0.0,85.0,0.0,0.00,1,0.0,0,0,0.00,0.00,0.00,0.00,,0.0,0,3,1360.00,AUTO,,AGGR+CHP+ADP+RUN-EXT+PW+DLK+SLC+TPE+NWS+,BUY,55.0,8.52,0,1,0.00,0.00,0.00,0.00,0,0,0,0,2.7,113.25,5.25,247.00,181.25,692.50,G,8,TREND_UP,BRICK_CLOSE,src=primary color=G streak=8 o=27867.75 c=27883.75 hi=27883.75 lo=27867.75
2026-05-01 10:00:17,3168,27855.75,27688.79,27865.58,27848.50,56.99,19.59,28.1,85.0,0.0,85.0,0.0,0.00,1,0.0,0,0,0.00,0.00,0.00,0.00,,0.0,0,3,1360.00,AUTO,,AGGR+CHP+ADP+RUN-EXT+PW+DLK+SLC+TPE+NWS+,BUY,55.0,8.52,0,1,0.00,0.00,0.00,0.00,0,0,0,0,2.7,113.25,5.25,247.00,181.25,692.50,G,8,UNKNOWN,REGIME_CHANGE,from=TREND_UP to=UNKNOWN adx=28.1 slope=2.75 atr/avg=1.00 eStack=0 distVwapAtr=8.52 nr=Gx8 flips4=1
2026-05-01 10:00:17,3168,27855.75,27690.55,27865.58,27848.50,56.99,19.59,28.1,31.8,0.0,31.8,0.0,0.00,1,0.0,0,0,0.00,0.00,0.00,0.00,,0.0,0,3,1360.00,AUTO,,AGGR+CHP+ADP+RUN-EXT+PW+DLK+SLC+TPE+NWS+,BUY,55.0,8.43,0,1,0.00,0.00,0.00,0.00,0,0,0,0,2.7,113.25,5.25,247.00,181.25,692.50,G,8,UNKNOWN,SIGNAL,
2026-05-01 10:01:15,3169,27883.75,27690.55,27869.21,27851.70,65.37,20.46,27.0,31.8,0.0,31.8,0.0,0.00,1,0.0,0,0,0.00,0.00,0.00,0.00,,0.0,0,3,1360.00,AUTO,,AGGR+CHP+ADP+RUN-EXT+PW+DLK+SLC+TPE+NWS+,WAIT,55.0,9.44,0,1,0.00,0.00,0.00,0.00,0,0,0,1,1.2,141.25,33.25,275.00,209.25,720.50,R,1,UNKNOWN,BRICK_CLOSE,src=primary color=R streak=1 o=27871.75 c=27855.75 hi=27887.75 lo=27855.75
2026-05-01 10:01:15,3169,27883.75,27690.55,27869.21,27851.70,65.37,20.46,27.0,31.8,0.0,31.8,0.0,0.00,1,0.0,0,0,0.00,0.00,0.00,0.00,,0.0,0,3,1360.00,AUTO,,AGGR+CHP+ADP+RUN-EXT+PW+DLK+SLC+TPE+NWS+,WAIT,55.0,9.44,0,1,0.00,0.00,0.00,0.00,0,0,0,1,1.2,141.25,33.25,275.00,209.25,720.50,R,1,UNKNOWN,RUN_END,color=G len=8 pts=16.0 maxFav=44.0 durSec=111 startPx=27839.75 endPx=27855.75
2026-05-01 10:01:15,3169,27883.75,27693.80,27869.21,27851.70,65.37,20.46,27.0,81.3,6.9,81.3,6.9,0.00,1,0.0,0,0,0.00,0.00,0.00,0.00,,0.0,0,3,1360.00,AUTO,,AGGR+CHP+ADP+RUN-EXT+PW+DLK+SLC+TPE+NWS+,WAIT,55.0,9.29,0,1,0.00,0.00,0.00,0.00,0,0,0,1,1.2,141.25,33.25,275.00,209.25,720.50,R,1,UNKNOWN,SIGNAL,
2026-05-01 10:01:15,3169,27883.75,27693.80,27869.21,27851.70,65.37,20.46,27.0,81.3,6.9,81.3,6.9,0.00,1,0.0,0,0,0.00,0.00,0.00,0.00,,0.0,0,3,1360.00,AUTO,,AGGR+CHP+ADP+RUN-EXT+PW+DLK+SLC+TPE+NWS+,BUY,55.0,9.29,0,1,0.00,0.00,0.00,0.00,0,0,0,1,1.2,141.25,33.25,275.00,209.25,720.50,R,1,UNKNOWN,SWEEP_BOOST,bull=False bear=True lookback=30
2026-05-01 10:01:15,3169,27883.75,27693.80,27869.21,27851.70,65.37,20.46,27.0,81.3,6.9,81.3,6.9,0.00,1,0.0,0,0,0.00,0.00,0.00,0.00,,0.0,0,3,1360.00,AUTO,,AGGR+CHP+ADP+RUN-EXT+PW+DLK+SLC+TPE+NWS+,BUY,55.0,9.29,0,1,0.00,0.00,0.00,0.00,0,0,0,1,1.2,141.25,33.25,275.00,209.25,720.50,R,1,UNKNOWN,BLOCK_AUTO,side=L reason=rsiDown bull=81.3 effMin=55.0 tc=False
2026-05-01 10:01:17,3170,27887.75,27693.80,27872.92,27854.98,66.38,20.14,26.4,81.3,6.9,81.3,6.9,0.00,1,0.0,0,0,0.00,0.00,0.00,0.00,,0.0,0,3,1360.00,AUTO,,AGGR+CHP+ADP+RUN-EXT+PW+DLK+SLC+TPE+NWS+,BUY,55.0,9.63,0,1,0.00,0.00,0.00,0.00,0,0,0,1,-0.2,145.25,37.25,279.00,213.25,724.50,G,1,UNKNOWN,BRICK_CLOSE,src=primary color=G streak=1 o=27867.75 c=27883.75 hi=27883.75 lo=27852.00
2026-05-01 10:01:17,3170,27887.75,27693.80,27872.92,27854.98,66.38,20.14,26.4,81.3,6.9,81.3,6.9,0.00,1,0.0,0,0,0.00,0.00,0.00,0.00,,0.0,0,3,1360.00,AUTO,,AGGR+CHP+ADP+RUN-EXT+PW+DLK+SLC+TPE+NWS+,BUY,55.0,9.63,0,1,0.00,0.00,0.00,0.00,0,0,0,1,-0.2,145.25,37.25,279.00,213.25,724.50,G,1,UNKNOWN,RUN_END,color=R len=1 pts=12.0 maxFav=0.0 durSec=2 startPx=27871.75 endPx=27883.75
2026-05-01 10:01:17,3170,27887.75,27694.07,27872.92,27854.98,66.38,20.14,26.4,115.5,10.0,115.5,10.0,0.00,1,0.0,0,0,0.00,0.00,0.00,0.00,,0.0,0,3,1360.00,AUTO,,AGGR+CHP+ADP+RUN-EXT+PW+DLK+SLC+TPE+NWS+,BUY,55.0,9.62,0,1,0.00,0.00,0.00,0.00,0,0,0,1,-0.2,145.25,37.25,279.00,213.25,724.50,G,1,UNKNOWN,SIGNAL,
2026-05-01 10:01:17,3170,27887.75,27694.07,27872.92,27854.98,66.38,20.14,26.4,115.5,10.0,115.5,10.0,0.00,1,0.0,0,0,0.00,0.00,0.00,0.00,,0.0,0,3,1360.00,AUTO,,AGGR+CHP+ADP+RUN-EXT+PW+DLK+SLC+TPE+NWS+,BUY,55.0,9.62,0,1,0.00,0.00,0.00,0.00,0,0,0,1,-0.2,145.25,37.25,279.00,213.25,724.50,G,1,UNKNOWN,BLOCK_NEWS,BUY MKT
2026-05-01 10:03:16,3171,27891.75,27694.07,27876.69,27858.32,67.40,20.11,26.2,115.5,10.0,115.5,10.0,0.00,1,0.0,0,0,0.00,0.00,0.00,0.00,,0.0,0,3,1360.00,AUTO,,AGGR+CHP+ADP+RUN-EXT+PW+DLK+SLC+TPE+NWS+,BUY,55.0,9.83,0,1,0.00,0.00,0.00,0.00,0,0,0,1,-1.4,149.25,41.25,283.00,217.25,728.50,G,2,UNKNOWN,BRICK_CLOSE,src=primary color=G streak=2 o=27871.75 c=27887.75 hi=27887.75 lo=27871.75
2026-05-01 10:03:16,3171,27891.75,27694.07,27876.69,27858.32,67.40,20.11,26.2,115.5,10.0,115.5,10.0,0.00,1,0.0,0,0,0.00,0.00,0.00,0.00,,0.0,0,3,1360.00,AUTO,,AGGR+CHP+ADP+RUN-EXT+PW+DLK+SLC+TPE+NWS+,BUY,55.0,9.83,0,1,0.00,0.00,0.00,0.00,0,0,0,1,-1.4,149.25,41.25,283.00,217.25,728.50,G,2,UNKNOWN,HEARTBEAT,tradesToday=1 openDca=0
2026-05-01 10:03:16,3171,27891.75,27698.48,27876.69,27858.32,67.40,20.11,26.2,95.0,6.9,95.0,6.9,0.00,1,0.0,0,0,0.00,0.00,0.00,0.00,,0.0,0,3,1360.00,AUTO,,AGGR+CHP+ADP+RUN-EXT+PW+DLK+SLC+TPE+NWS+,BUY,55.0,9.61,0,1,0.00,0.00,0.00,0.00,0,0,0,1,-1.4,149.25,41.25,283.00,217.25,728.50,G,2,UNKNOWN,SIGNAL,
2026-05-01 10:03:16,3171,27891.75,27698.48,27876.69,27858.32,67.40,20.11,26.2,95.0,6.9,95.0,6.9,0.00,1,0.0,0,0,0.00,0.00,0.00,0.00,,0.0,0,3,1360.00,AUTO,,AGGR+CHP+ADP+RUN-EXT+PW+DLK+SLC+TPE+NWS+,BUY,55.0,9.61,0,1,0.00,0.00,0.00,0.00,0,0,0,1,-1.4,149.25,41.25,283.00,217.25,728.50,G,2,UNKNOWN,POST_WIN_DIST_RELEASE,dir=1 moved=64.0pt thr=8.0 exit_px=27827.75 cur_px=27891.75
2026-05-01 10:03:16,3171,27891.75,27698.48,27876.69,27858.32,67.40,20.11,26.2,95.0,6.9,95.0,6.9,0.00,1,0.0,0,0,0.00,0.00,0.00,0.00,,0.0,0,3,1360.00,AUTO,,AGGR+CHP+ADP+RUN-EXT+PW+DLK+SLC+TPE+NWS+,BUY,55.0,9.61,0,1,0.00,0.00,0.00,0.00,0,0,0,1,-1.4,149.25,41.25,283.00,217.25,728.50,G,2,UNKNOWN,BLOCK_EXTENSION,dir=1 dist=193.3 atr=20.1 ratio=9.61 max=5.00 loose=False
2026-05-01 10:03:56,3172,27895.75,27698.48,27880.50,27861.73,68.43,19.82,26.3,95.0,6.9,95.0,6.9,0.00,1,0.0,0,0,0.00,0.00,0.00,0.00,,0.0,0,3,1360.00,AUTO,,AGGR+CHP+ADP+RUN-EXT+PW+DLK+SLC+TPE+NWS+,BUY,55.0,9.95,0,1,0.00,0.00,0.00,0.00,0,0,0,1,-2.4,153.25,45.25,287.00,221.25,732.50,G,3,UNKNOWN,BRICK_CLOSE,src=primary color=G streak=3 o=27875.75 c=27891.75 hi=27891.75 lo=27872.00
2026-05-01 10:03:56,3172,27895.75,27699.84,27880.50,27861.73,68.43,19.82,26.3,120.0,0.0,120.0,0.0,0.00,1,0.0,0,0,0.00,0.00,0.00,0.00,,0.0,0,3,1360.00,AUTO,,AGGR+CHP+ADP+RUN-EXT+PW+DLK+SLC+TPE+NWS+,BUY,55.0,9.89,0,1,0.00,0.00,0.00,0.00,0,0,0,1,-2.4,153.25,45.25,287.00,221.25,732.50,G,3,UNKNOWN,SIGNAL,
2026-05-01 10:03:56,3172,27895.75,27699.84,27880.50,27861.73,68.43,19.82,26.3,120.0,0.0,120.0,0.0,0.00,1,0.0,0,0,0.00,0.00,0.00,0.00,,0.0,0,3,1360.00,AUTO,,AGGR+CHP+ADP+RUN-EXT+PW+DLK+SLC+TPE+NWS+,BUY,55.0,9.89,0,1,0.00,0.00,0.00,0.00,0,0,0,1,-2.4,153.25,45.25,287.00,221.25,732.50,G,3,UNKNOWN,BLOCK_EXTENSION,dir=1 dist=195.9 atr=19.8 ratio=9.89 max=8.00 loose=True
2026-05-01 10:03:59,3173,27899.75,27699.84,27884.35,27865.18,69.47,19.54,26.7,120.0,0.0,120.0,0.0,0.00,1,0.0,0,0,0.00,0.00,0.00,0.00,,0.0,0,3,1360.00,AUTO,,AGGR+CHP+ADP+RUN-EXT+PW+DLK+SLC+TPE+NWS+,BUY,55.0,10.23,0,1,0.00,0.00,0.00,0.00,0,0,0,1,-1.4,157.25,49.25,291.00,225.25,736.50,G,4,UNKNOWN,BRICK_CLOSE,src=primary color=G streak=4 o=27879.75 c=27895.75 hi=27895.75 lo=27879.75
2026-05-01 10:03:59,3173,27899.75,27700.16,27884.35,27865.18,69.47,19.54,26.7,118.0,0.0,118.0,0.0,0.00,1,0.0,0,0,0.00,0.00,0.00,0.00,,0.0,0,3,1360.00,AUTO,,AGGR+CHP+ADP+RUN-EXT+PW+DLK+SLC+TPE+NWS+,BUY,55.0,10.21,0,1,0.00,0.00,0.00,0.00,0,0,0,1,-1.4,157.25,49.25,291.00,225.25,736.50,G,4,UNKNOWN,SIGNAL,
2026-05-01 10:03:59,3173,27899.75,27700.16,27884.35,27865.18,69.47,19.54,26.7,118.0,0.0,118.0,0.0,0.00,1,0.0,0,0,0.00,0.00,0.00,0.00,,0.0,0,3,1360.00,AUTO,,AGGR+CHP+ADP+RUN-EXT+PW+DLK+SLC+TPE+NWS+,BUY,55.0,10.21,0,1,0.00,0.00,0.00,0.00,0,0,0,1,-1.4,157.25,49.25,291.00,225.25,736.50,G,4,UNKNOWN,BLOCK_EXTENSION,dir=1 dist=199.6 atr=19.5 ratio=10.21 max=8.00 loose=True
2026-05-01 10:05:35,3174,27871.75,27700.16,27881.83,27865.78,55.64,20.17,25.6,118.0,0.0,118.0,0.0,0.00,1,0.0,0,0,0.00,0.00,0.00,0.00,,0.0,0,3,1360.00,AUTO,,AGGR+CHP+ADP+RUN-EXT+PW+DLK+SLC+TPE+NWS+,BUY,55.0,8.51,0,1,0.00,0.00,0.00,0.00,0,0,0,0,-1.5,129.25,21.25,263.00,197.25,708.50,G,5,UNKNOWN,BRICK_CLOSE,src=primary color=G streak=5 o=27883.75 c=27899.75 hi=27899.75 lo=27883.75
2026-05-01 10:05:35,3174,27871.75,27703.60,27881.83,27865.78,55.64,20.17,25.6,31.9,0.0,31.9,0.0,0.00,1,0.0,0,0,0.00,0.00,0.00,0.00,,0.0,0,3,1360.00,AUTO,,AGGR+CHP+ADP+RUN-EXT+PW+DLK+SLC+TPE+NWS+,BUY,55.0,8.34,0,1,0.00,0.00,0.00,0.00,0,0,0,0,-1.5,129.25,21.25,263.00,197.25,708.50,G,5,UNKNOWN,SIGNAL,
2026-05-01 10:05:37,3175,27867.75,27703.60,27879.01,27865.96,53.98,19.87,24.0,31.9,0.0,31.9,0.0,0.00,1,0.0,0,0,0.00,0.00,0.00,0.00,,0.0,0,3,1360.00,AUTO,,AGGR+CHP+ADP+RUN-EXT+PW+DLK+SLC+TPE+NWS+,WAIT,55.0,8.26,0,1,0.00,0.00,0.00,0.00,0,0,0,0,-2.4,125.25,17.25,259.00,193.25,704.50,R,1,UNKNOWN,BRICK_CLOSE,src=primary color=R streak=1 o=27887.75 c=27871.75 hi=27900.00 lo=27871.75
2026-05-01 10:05:37,3175,27867.75,27703.60,27879.01,27865.96,53.98,19.87,24.0,31.9,0.0,31.9,0.0,0.00,1,0.0,0,0,0.00,0.00,0.00,0.00,,0.0,0,3,1360.00,AUTO,,AGGR+CHP+ADP+RUN-EXT+PW+DLK+SLC+TPE+NWS+,WAIT,55.0,8.26,0,1,0.00,0.00,0.00,0.00,0,0,0,0,-2.4,125.25,17.25,259.00,193.25,704.50,R,1,UNKNOWN,RUN_END,color=G len=5 pts=4.0 maxFav=32.0 durSec=260 startPx=27867.75 endPx=27871.75
2026-05-01 10:05:37,3175,27867.75,27703.72,27879.01,27865.96,53.98,19.87,24.0,28.7,0.0,28.7,0.0,0.00,1,0.0,0,0,0.00,0.00,0.00,0.00,,0.0,0,3,1360.00,AUTO,,AGGR+CHP+ADP+RUN-EXT+PW+DLK+SLC+TPE+NWS+,WAIT,55.0,8.26,0,1,0.00,0.00,0.00,0.00,0,0,0,0,-2.4,125.25,17.25,259.00,193.25,704.50,R,1,UNKNOWN,SIGNAL,
2026-05-01 10:05:37,3175,27867.75,27703.72,27879.01,27865.96,53.98,19.87,24.0,28.7,0.0,28.7,0.0,0.00,1,0.0,0,0,0.00,0.00,0.00,0.00,,0.0,0,3,1360.00,AUTO,,AGGR+CHP+ADP+RUN-EXT+PW+DLK+SLC+TPE+NWS+,WAIT,55.0,8.26,0,1,0.00,0.00,0.00,0.00,0,0,0,0,-2.4,125.25,17.25,259.00,193.25,704.50,R,1,UNKNOWN,SWEEP_BOOST,bull=False bear=True lookback=30
2026-05-01 10:05:47,3176,27863.75,27703.72,27875.96,27865.76,52.31,19.59,22.4,28.7,0.0,28.7,0.0,0.00,1,0.0,0,0,0.00,0.00,0.00,0.00,,0.0,0,3,1360.00,AUTO,,AGGR+CHP+ADP+RUN-EXT+PW+DLK+SLC+TPE+NWS+,WAIT,55.0,8.17,0,1,0.00,0.00,0.00,0.00,0,0,0,0,-3.7,121.25,13.25,255.00,189.25,700.50,R,2,UNKNOWN,BRICK_CLOSE,src=primary color=R streak=2 o=27883.75 c=27867.75 hi=27883.75 lo=27867.75
2026-05-01 10:05:47,3176,27863.75,27704.08,27875.96,27865.76,52.31,19.59,22.4,18.6,0.0,18.6,0.0,0.00,1,0.0,0,0,0.00,0.00,0.00,0.00,,0.0,0,3,1360.00,AUTO,,AGGR+CHP+ADP+RUN-EXT+PW+DLK+SLC+TPE+NWS+,WAIT,55.0,8.15,0,1,0.00,0.00,0.00,0.00,0,0,0,0,-3.7,121.25,13.25,255.00,189.25,700.50,R,2,UNKNOWN,SIGNAL,
2026-05-01 10:05:47,3177,27859.75,27704.08,27872.72,27865.21,50.61,19.34,21.3,18.6,0.0,18.6,0.0,0.00,1,0.0,0,0,0.00,0.00,0.00,0.00,,0.0,0,3,1360.00,AUTO,,AGGR+CHP+ADP+RUN-EXT+PW+DLK+SLC+TPE+NWS+,WAIT,55.0,8.05,0,1,0.00,0.00,0.00,0.00,0,0,0,0,-5.0,117.25,9.25,251.00,185.25,696.50,R,3,UNKNOWN,BRICK_CLOSE,src=primary color=R streak=3 o=27879.75 c=27863.75 hi=27879.75 lo=27863.75
2026-05-01 10:05:47,3177,27859.75,27704.19,27872.72,27865.21,50.61,19.34,21.3,18.0,0.0,18.0,0.0,0.00,1,0.0,0,0,0.00,0.00,0.00,0.00,,0.0,0,3,1360.00,AUTO,,AGGR+CHP+ADP+RUN-EXT+PW+DLK+SLC+TPE+NWS+,WAIT,55.0,8.05,0,1,0.00,0.00,0.00,0.00,0,0,0,0,-5.0,117.25,9.25,251.00,185.25,696.50,R,3,UNKNOWN,SIGNAL,
2026-05-01 10:12:29,3178,27887.75,27704.19,27875.72,27867.26,60.29,20.20,20.5,18.0,0.0,18.0,0.0,0.00,1,0.0,0,0,0.00,0.00,0.00,0.00,,0.0,0,3,1360.00,AUTO,,AGGR+CHP+ADP+RUN-EXT+PW+DLK+SLC+TPE+NWS+,WAIT,55.0,9.09,0,1,0.00,0.00,0.00,0.00,0,0,0,1,-6.2,145.25,37.25,279.00,213.25,724.50,R,4,UNKNOWN,BRICK_CLOSE,src=primary color=R streak=4 o=27875.75 c=27859.75 hi=27875.75 lo=27859.75
2026-05-01 10:12:29,3178,27887.75,27713.17,27875.72,27867.26,60.29,20.20,20.5,79.1,0.0,79.1,0.0,0.00,1,0.0,0,0,0.00,0.00,0.00,0.00,,0.0,0,3,1360.00,AUTO,,AGGR+CHP+ADP+RUN-EXT+PW+DLK+SLC+TPE+NWS+,WAIT,55.0,8.64,0,1,0.00,0.00,0.00,0.00,0,0,0,1,-6.2,145.25,37.25,279.00,213.25,724.50,R,4,UNKNOWN,SIGNAL,
2026-05-01 10:12:29,3178,27887.75,27713.17,27875.72,27867.26,60.29,20.20,20.5,79.1,0.0,79.1,0.0,0.00,1,0.0,0,0,0.00,0.00,0.00,0.00,,0.0,0,3,1360.00,AUTO,,AGGR+CHP+ADP+RUN-EXT+PW+DLK+SLC+TPE+NWS+,BUY,55.0,8.64,0,1,0.00,0.00,0.00,0.00,0,0,0,1,-6.2,145.25,37.25,279.00,213.25,724.50,R,4,UNKNOWN,BLOCK_EXTENSION,dir=1 dist=174.6 atr=20.2 ratio=8.64 max=5.00 loose=False
2026-05-01 10:12:30,3179,27891.75,27713.17,27878.93,27869.49,61.46,19.90,20.1,79.1,0.0,79.1,0.0,0.00,1,0.0,0,0,0.00,0.00,0.00,0.00,,0.0,0,3,1360.00,AUTO,,AGGR+CHP+ADP+RUN-EXT+PW+DLK+SLC+TPE+NWS+,BUY,55.0,8.97,0,1,0.00,0.00,0.00,0.00,0,0,0,1,-5.5,149.25,41.25,283.00,217.25,728.50,G,1,UNKNOWN,BRICK_CLOSE,src=primary color=G streak=1 o=27871.75 c=27887.75 hi=27887.75 lo=27856.25
2026-05-01 10:12:30,3179,27891.75,27713.17,27878.93,27869.49,61.46,19.90,20.1,79.1,0.0,79.1,0.0,0.00,1,0.0,0,0,0.00,0.00,0.00,0.00,,0.0,0,3,1360.00,AUTO,,AGGR+CHP+ADP+RUN-EXT+PW+DLK+SLC+TPE+NWS+,BUY,55.0,8.97,0,1,0.00,0.00,0.00,0.00,0,0,0,1,-5.5,149.25,41.25,283.00,217.25,728.50,G,1,UNKNOWN,RUN_END,color=R len=4 pts=0.0 maxFav=28.0 durSec=413 startPx=27887.75 endPx=27887.75
2026-05-01 10:12:30,3179,27891.75,27713.28,27878.93,27869.49,61.46,19.90,20.1,115.5,0.0,115.5,0.0,0.00,1,0.0,0,0,0.00,0.00,0.00,0.00,,0.0,0,3,1360.00,AUTO,,AGGR+CHP+ADP+RUN-EXT+PW+DLK+SLC+TPE+NWS+,BUY,55.0,8.97,0,1,0.00,0.00,0.00,0.00,0,0,0,1,-5.5,149.25,41.25,283.00,217.25,728.50,G,1,UNKNOWN,SIGNAL,
2026-05-01 10:12:30,3179,27891.75,27713.28,27878.93,27869.49,61.46,19.90,20.1,115.5,0.0,115.5,0.0,0.00,1,0.0,0,0,0.00,0.00,0.00,0.00,,0.0,0,3,1360.00,AUTO,,AGGR+CHP+ADP+RUN-EXT+PW+DLK+SLC+TPE+NWS+,BUY,55.0,8.97,0,1,0.00,0.00,0.00,0.00,0,0,0,1,-5.5,149.25,41.25,283.00,217.25,728.50,G,1,UNKNOWN,BLOCK_EXTENSION,dir=1 dist=178.5 atr=19.9 ratio=8.97 max=5.00 loose=False
2026-05-01 10:12:41,3180,27895.75,27713.28,27882.29,27871.87,62.63,19.63,20.0,115.5,0.0,115.5,0.0,0.00,1,0.0,0,0,0.00,0.00,0.00,0.00,,0.0,0,3,1360.00,AUTO,,AGGR+CHP+ADP+RUN-EXT+PW+DLK+SLC+TPE+NWS+,BUY,55.0,9.30,0,1,0.00,0.00,0.00,0.00,0,0,0,1,-4.1,153.25,45.25,287.00,221.25,732.50,G,2,UNKNOWN,BRICK_CLOSE,src=primary color=G streak=2 o=27875.75 c=27891.75 hi=27891.75 lo=27875.75
2026-05-01 10:12:41,3180,27895.75,27713.75,27882.29,27871.87,62.63,19.63,20.0,73.5,0.0,73.5,0.0,0.00,1,0.0,0,0,0.00,0.00,0.00,0.00,,0.0,0,3,1360.00,AUTO,,AGGR+CHP+ADP+RUN-EXT+PW+DLK+SLC+TPE+NWS+,BUY,55.0,9.27,0,1,0.00,0.00,0.00,0.00,0,0,0,1,-4.1,18.50,1.25,278.50,221.25,732.50,G,2,UNKNOWN,SIGNAL,
2026-05-01 10:12:41,3180,27895.75,27713.75,27882.29,27871.87,62.63,19.63,20.0,73.5,0.0,73.5,0.0,0.00,1,0.0,0,0,0.00,0.00,0.00,0.00,,0.0,0,3,1360.00,AUTO,,AGGR+CHP+ADP+RUN-EXT+PW+DLK+SLC+TPE+NWS+,BUY,55.0,9.27,0,1,0.00,0.00,0.00,0.00,0,0,0,1,-4.1,18.50,1.25,278.50,221.25,732.50,G,2,UNKNOWN,BLOCK_EXTENSION,dir=1 dist=182.0 atr=19.6 ratio=9.27 max=5.00 loose=False
2026-05-01 10:13:27,3181,27899.75,27713.75,27885.79,27874.41,63.82,19.37,20.2,73.5,0.0,73.5,0.0,0.00,1,0.0,0,0,0.00,0.00,0.00,0.00,,0.0,0,3,1360.00,AUTO,,AGGR+CHP+ADP+RUN-EXT+PW+DLK+SLC+TPE+NWS+,BUY,55.0,9.60,0,1,0.00,0.00,0.00,0.00,0,0,0,1,-2.2,22.50,5.25,282.50,225.25,736.50,G,3,UNKNOWN,BRICK_CLOSE,src=primary color=G streak=3 o=27879.75 c=27895.75 hi=27895.75 lo=27879.75
2026-05-01 10:13:27,3181,27899.75,27713.75,27885.79,27874.41,63.82,19.37,20.2,73.5,0.0,73.5,0.0,0.00,1,0.0,0,0,0.00,0.00,0.00,0.00,,0.0,0,3,1360.00,AUTO,,AGGR+CHP+ADP+RUN-EXT+PW+DLK+SLC+TPE+NWS+,BUY,55.0,9.60,0,1,0.00,0.00,0.00,0.00,0,0,0,1,-2.2,22.50,5.25,282.50,225.25,736.50,G,3,UNKNOWN,HEARTBEAT,tradesToday=1 openDca=0
2026-05-01 10:13:27,3181,27899.75,27715.09,27885.79,27874.41,63.82,19.37,20.2,83.5,0.0,83.5,0.0,0.00,1,0.0,0,0,0.00,0.00,0.00,0.00,,0.0,0,3,1360.00,AUTO,,AGGR+CHP+ADP+RUN-EXT+PW+DLK+SLC+TPE+NWS+,BUY,55.0,9.54,0,1,0.00,0.00,0.00,0.00,0,0,0,1,-2.2,22.50,5.25,282.50,225.25,736.50,G,3,UNKNOWN,SIGNAL,
2026-05-01 10:13:27,3181,27899.75,27715.09,27885.79,27874.41,63.82,19.37,20.2,83.5,0.0,83.5,0.0,0.00,1,0.0,0,0,0.00,0.00,0.00,0.00,,0.0,0,3,1360.00,AUTO,,AGGR+CHP+ADP+RUN-EXT+PW+DLK+SLC+TPE+NWS+,BUY,55.0,9.54,0,1,0.00,0.00,0.00,0.00,0,0,0,1,-2.2,22.50,5.25,282.50,225.25,736.50,G,3,UNKNOWN,BLOCK_EXTENSION,dir=1 dist=184.7 atr=19.4 ratio=9.54 max=8.00 loose=True
2026-05-01 10:13:33,3182,27903.75,27715.09,27889.38,27877.08,65.02,19.13,20.8,83.5,0.0,83.5,0.0,0.00,1,0.0,0,0,0.00,0.00,0.00,0.00,,0.0,0,3,1360.00,AUTO,,AGGR+CHP+ADP+RUN-EXT+PW+DLK+SLC+TPE+NWS+,BUY,55.0,9.86,0,1,0.00,0.00,0.00,0.00,0,0,0,1,-0.6,26.50,9.25,286.50,229.25,740.50,G,4,UNKNOWN,BRICK_CLOSE,src=primary color=G streak=4 o=27883.75 c=27899.75 hi=27899.75 lo=27883.75
2026-05-01 10:13:33,3182,27903.75,27715.61,27889.38,27877.08,65.02,19.13,20.8,118.0,0.0,118.0,0.0,0.00,1,0.0,0,0,0.00,0.00,0.00,0.00,,0.0,0,3,1360.00,AUTO,,AGGR+CHP+ADP+RUN-EXT+PW+DLK+SLC+TPE+NWS+,BUY,55.0,9.84,0,1,0.00,0.00,0.00,0.00,0,0,0,1,-0.6,26.50,9.25,286.50,229.25,740.50,G,4,UNKNOWN,SIGNAL,
2026-05-01 10:13:33,3182,27903.75,27715.61,27889.38,27877.08,65.02,19.13,20.8,118.0,0.0,118.0,0.0,0.00,1,0.0,0,0,0.00,0.00,0.00,0.00,,0.0,0,3,1360.00,AUTO,,AGGR+CHP+ADP+RUN-EXT+PW+DLK+SLC+TPE+NWS+,BUY,55.0,9.84,0,1,0.00,0.00,0.00,0.00,0,0,0,1,-0.6,26.50,9.25,286.50,229.25,740.50,G,4,UNKNOWN,BLOCK_CHOP,range 16.00 < 19.13 over 5b (ADX 20.8)
2026-05-01 10:13:33,3183,27907.75,27715.61,27893.05,27879.86,66.23,18.90,21.6,118.0,0.0,118.0,0.0,0.00,1,0.0,0,0,0.00,0.00,0.00,0.00,,0.0,0,3,1360.00,AUTO,,AGGR+CHP+ADP+RUN-EXT+PW+DLK+SLC+TPE+NWS+,BUY,55.0,10.16,0,1,0.00,0.00,0.00,0.00,0,0,0,1,1.1,30.50,13.25,290.50,233.25,744.50,G,5,UNKNOWN,BRICK_CLOSE,src=primary color=G streak=5 o=27887.75 c=27903.75 hi=27903.75 lo=27887.75
2026-05-01 10:13:33,3183,27907.75,27715.70,27893.05,27879.86,66.23,18.90,21.6,85.0,0.0,85.0,0.0,0.00,1,0.0,0,0,0.00,0.00,0.00,0.00,,0.0,0,3,1360.00,AUTO,,AGGR+CHP+ADP+RUN-EXT+PW+DLK+SLC+TPE+NWS+,BUY,55.0,10.16,0,1,0.00,0.00,0.00,0.00,0,0,0,1,1.1,30.50,13.25,290.50,233.25,744.50,G,5,UNKNOWN,SIGNAL,
2026-05-01 10:13:33,3183,27907.75,27715.70,27893.05,27879.86,66.23,18.90,21.6,85.0,0.0,85.0,0.0,0.00,1,0.0,0,0,0.00,0.00,0.00,0.00,,0.0,0,3,1360.00,AUTO,,AGGR+CHP+ADP+RUN-EXT+PW+DLK+SLC+TPE+NWS+,BUY,55.0,10.16,0,1,0.00,0.00,0.00,0.00,0,0,0,1,1.1,30.50,13.25,290.50,233.25,744.50,G,5,UNKNOWN,TREND_CHASE_FIRE,dir=1 adx=21.6 streak=5 bull=85.0
2026-05-01 10:13:33,3183,27907.75,27715.70,27893.05,27879.86,66.23,18.90,21.6,85.0,0.0,85.0,0.0,0.00,1,0.0,1,0,0.00,0.00,0.00,0.00,,0.0,0,3,1360.00,AUTO,Key Lvl Breakout,AGGR+CHP+ADP+RUN-EXT+PW+DLK+SLC+TPE+NWS+,BUY,55.0,10.16,0,1,0.00,0.00,0.00,0.00,0,0,0,1,1.1,30.50,13.25,290.50,233.25,744.50,G,5,UNKNOWN,ENTRY_LONG,manual=F bull=85.0 bear=0.0 sig=1 htf=1 tape=0.00 emaXAgo=98 distVwap=192.0 atr=18.9 px=27907.75 sl=0.00 tp=0.00
2026-05-01 10:13:33,3183,27907.75,27715.70,27893.05,27879.86,66.23,18.90,21.6,85.0,0.0,85.0,0.0,0.00,1,0.0,1,1,27895.75,27877.75,28395.75,0.00,,0.0,0,3,1360.00,AUTO,Key Lvl Breakout,AGGR+CHP+ADP+RUN-EXT+PW+DLK+SLC+TPE+NWS+,BUY,55.0,10.16,0,1,12.00,0.00,0.00,0.00,0,0,0,1,1.1,30.50,13.25,290.50,233.25,744.50,G,5,UNKNOWN,STOPS_ARMED,dir=1 entry=27895.75 sl=27877.75 tp=28395.75 slPt=18 tpPt=50 RUNNER
2026-05-01 10:15:51,3184,27879.75,27715.70,27890.39,27879.85,52.56,19.66,20.8,85.0,0.0,85.0,0.0,0.00,1,0.0,1,1,27895.75,27877.75,28395.75,0.00,,0.0,0,3,1360.00,AUTO,Key Lvl Breakout,AGGR+CHP+ADP+RUN-EXT+PW+DLK+SLC+TPE+NWS+,BUY,55.0,8.34,0,1,-16.00,0.00,0.00,0.00,0,0,0,0,0.8,2.50,-14.75,262.50,205.25,716.50,G,6,UNKNOWN,BRICK_CLOSE,src=primary color=G streak=6 o=27891.75 c=27907.75 hi=27907.75 lo=27891.75
2026-05-01 10:15:51,3184,27879.75,27715.70,27890.39,27879.85,52.56,19.66,20.8,85.0,0.0,85.0,0.0,0.00,1,49.4,1,1,27895.75,27877.75,28395.75,27890.75,BrickMode*DORMANT,0.0,0,3,1360.00,AUTO,Key Lvl Breakout,AGGR+CHP+ADP+RUN-EXT+PW+DLK+SLC+TPE+NWS+,BUY,55.0,8.34,0,1,-16.00,0.00,0.00,0.00,0,0,0,0,0.8,2.50,-14.75,262.50,205.25,716.50,G,6,UNKNOWN,FAST_REVERSAL,adv=16.0 confirms=2
2026-05-01 10:15:51,3184,27879.75,27719.27,27890.39,27879.85,52.56,19.66,20.8,85.0,0.0,85.0,0.0,0.00,1,49.4,1,0,27895.75,27877.75,28395.75,27890.75,BrickMode*DORMANT,0.0,1,0,1280.00,AUTO,Key Lvl Breakout,AGGR+CHP+ADP+RUN-EXT+PW+DLK+SLC+TPE+NWS+,BUY,55.0,8.16,0,1,-16.00,0.00,0.00,0.00,0,0,0,0,0.8,2.50,-14.75,262.50,205.25,716.50,G,6,UNKNOWN,EXIT_LOSS_FAST_REV,pnl=-80.00 consec=1
2026-05-01 10:15:51,3184,27879.75,27719.27,27890.39,27879.85,52.56,19.66,20.8,85.0,0.0,85.0,0.0,0.00,1,49.4,1,0,27895.75,27877.75,28395.75,27890.75,BrickMode*DORMANT,0.0,1,0,1280.00,AUTO,Key Lvl Breakout,AGGR+CHP+ADP+RUN-EXT+PW+DLK+SLC+TPE+NWS+,BUY,55.0,8.16,0,1,-16.00,0.00,0.00,0.00,0,0,0,0,0.8,2.50,-14.75,262.50,205.25,716.50,G,6,UNKNOWN,REGIME_PNL,regime=UNKNOWN tradePnl=-80.00 regTotal=560.00 thresh=-200
2026-05-01 10:15:53,3185,27875.75,27719.27,27887.46,27879.48,50.95,19.40,19.7,85.0,0.0,85.0,0.0,0.00,1,49.4,1,0,27895.75,27877.75,28395.75,27890.75,BrickMode*DORMANT,0.0,1,0,1280.00,AUTO,Key Lvl Breakout,AGGR+CHP+ADP+RUN-EXT+PW+DLK+SLC+TPE+NWS+,BUY,55.0,8.07,0,1,-20.00,0.00,0.00,0.00,0,0,0,0,-0.2,-1.50,-18.75,258.50,201.25,712.50,R,1,UNKNOWN,BRICK_CLOSE,src=primary color=R streak=1 o=27895.75 c=27879.75 hi=27909.25 lo=27879.75
2026-05-01 10:15:53,3185,27875.75,27719.27,27887.46,27879.48,50.95,19.40,19.7,85.0,0.0,85.0,0.0,0.00,1,49.4,1,0,27895.75,27877.75,28395.75,27890.75,BrickMode*DORMANT,0.0,1,0,1280.00,AUTO,Key Lvl Breakout,AGGR+CHP+ADP+RUN-EXT+PW+DLK+SLC+TPE+NWS+,BUY,55.0,8.07,0,1,-20.00,0.00,0.00,0.00,0,0,0,0,-0.2,-1.50,-18.75,258.50,201.25,712.50,R,1,UNKNOWN,RUN_END,color=G len=6 pts=8.0 maxFav=36.0 durSec=204 startPx=27871.75 endPx=27879.75
2026-05-01 10:15:53,3185,27875.75,27719.38,27887.46,27879.48,50.95,19.40,19.7,28.5,0.0,28.5,0.0,0.00,1,0.0,0,0,0.00,0.00,0.00,0.00,,0.0,1,0,1280.00,AUTO,,AGGR+CHP+ADP+RUN-EXT+PW+DLK+SLC+TPE+NWS+,BUY,55.0,8.06,0,1,0.00,0.00,0.00,0.00,0,0,0,0,-0.2,-1.50,-18.75,258.50,201.25,712.50,R,1,UNKNOWN,SIGNAL,
2026-05-01 10:15:53,3185,27875.75,27719.38,27887.46,27879.48,50.95,19.40,19.7,28.5,0.0,28.5,0.0,0.00,1,0.0,0,0,0.00,0.00,0.00,0.00,,0.0,1,0,1280.00,AUTO,,AGGR+CHP+ADP+RUN-EXT+PW+DLK+SLC+TPE+NWS+,WAIT,55.0,8.06,0,1,0.00,0.00,0.00,0.00,0,0,0,0,-0.2,-1.50,-18.75,258.50,201.25,712.50,R,1,UNKNOWN,BLOCK_AUTO,reason=postLossCD consecLoss=1 barsSinceExit=1 barsSinceLoss=1
2026-05-01 10:15:57,3186,27871.75,27719.38,27884.32,27878.78,49.31,19.16,18.3,28.5,0.0,28.5,0.0,0.00,1,0.0,0,0,0.00,0.00,0.00,0.00,,0.0,1,0,1280.00,AUTO,,AGGR+CHP+ADP+RUN-EXT+PW+DLK+SLC+TPE+NWS+,WAIT,55.0,7.95,0,1,0.00,0.00,0.00,0.00,0,0,0,0,-1.9,-5.50,-22.75,254.50,197.25,708.50,R,2,UNKNOWN,BRICK_CLOSE,src=primary color=R streak=2 o=27891.75 c=27875.75 hi=27891.75 lo=27875.75
2026-05-01 10:15:57,3186,27871.75,27719.49,27884.32,27878.78,49.31,19.16,18.3,18.5,0.0,18.5,0.0,0.00,1,0.0,0,0,0.00,0.00,0.00,0.00,,0.0,1,0,1280.00,AUTO,,AGGR+CHP+ADP+RUN-EXT+PW+DLK+SLC+TPE+NWS+,WAIT,55.0,7.95,0,1,0.00,0.00,0.00,0.00,0,0,0,0,-1.9,-5.50,-22.75,254.50,197.25,708.50,R,2,UNKNOWN,SIGNAL,
2026-05-01 10:15:57,3186,27871.75,27719.49,27884.32,27878.78,49.31,19.16,18.3,18.5,0.0,18.5,0.0,0.00,1,0.0,0,0,0.00,0.00,0.00,0.00,,0.0,1,0,1280.00,AUTO,,AGGR+CHP+ADP+RUN-EXT+PW+DLK+SLC+TPE+NWS+,WAIT,55.0,7.95,0,1,0.00,0.00,0.00,0.00,0,0,0,0,-1.9,-5.50,-22.75,254.50,197.25,708.50,R,2,UNKNOWN,BLOCK_AUTO,reason=postLossCD consecLoss=1 barsSinceExit=2 barsSinceLoss=2
2026-05-01 10:18:03,3187,27867.75,27719.49,27881.01,27877.78,47.67,19.25,17.4,18.5,0.0,18.5,0.0,0.00,1,0.0,0,0,0.00,0.00,0.00,0.00,,0.0,1,0,1280.00,AUTO,,AGGR+CHP+ADP+RUN-EXT+PW+DLK+SLC+TPE+NWS+,WAIT,55.0,7.70,0,1,0.00,0.00,0.00,0.00,0,0,0,0,-3.3,-9.50,-26.75,250.50,193.25,704.50,R,3,UNKNOWN,BRICK_CLOSE,src=primary color=R streak=3 o=27887.75 c=27871.75 hi=27887.75 lo=27871.75
2026-05-01 10:18:03,3187,27867.75,27721.72,27881.01,27877.78,47.67,19.25,17.4,22.2,0.0,22.2,0.0,0.00,1,0.0,0,0,0.00,0.00,0.00,0.00,,0.0,1,0,1280.00,AUTO,,AGGR+CHP+ADP+RUN-EXT+PW+DLK+SLC+TPE+NWS+,WAIT,55.0,7.59,0,1,0.00,0.00,0.00,0.00,0,0,0,0,-3.3,-9.50,-26.75,250.50,193.25,704.50,R,3,UNKNOWN,SIGNAL,
2026-05-01 10:18:03,3187,27867.75,27721.72,27881.01,27877.78,47.67,19.25,17.4,22.2,0.0,22.2,0.0,0.00,1,0.0,0,0,0.00,0.00,0.00,0.00,,0.0,1,0,1280.00,AUTO,,AGGR+CHP+ADP+RUN-EXT+PW+DLK+SLC+TPE+NWS+,WAIT,55.0,7.59,0,1,0.00,0.00,0.00,0.00,0,0,0,0,-3.3,-9.50,-26.75,250.50,193.25,704.50,R,3,UNKNOWN,BLOCK_AUTO,reason=postLossCD consecLoss=1 barsSinceExit=3 barsSinceLoss=3
2026-05-01 10:18:55,3188,27863.75,27721.72,27877.56,27876.50,46.01,19.02,17.0,22.2,0.0,22.2,0.0,0.00,1,0.0,0,0,0.00,0.00,0.00,0.00,,0.0,1,0,1280.00,AUTO,,AGGR+CHP+ADP+RUN-EXT+PW+DLK+SLC+TPE+NWS+,WAIT,55.0,7.47,0,1,0.00,0.00,0.00,0.00,0,0,0,0,-4.6,-13.50,-30.75,246.50,189.25,700.50,R,4,UNKNOWN,BRICK_CLOSE,src=primary color=R streak=4 o=27883.75 c=27867.75 hi=27888.25 lo=27867.75
2026-05-01 10:18:55,3188,27863.75,27722.81,27877.56,27876.50,46.01,19.02,17.0,24.0,0.0,24.0,0.0,0.00,1,0.0,0,0,0.00,0.00,0.00,0.00,,0.0,1,0,1280.00,AUTO,,AGGR+CHP+ADP+RUN-EXT+PW+DLK+SLC+TPE+NWS+,WAIT,55.0,7.41,0,1,0.00,0.00,0.00,0.00,0,0,0,0,-4.6,-13.50,-30.75,246.50,189.25,700.50,R,4,UNKNOWN,SIGNAL,
2026-05-01 10:18:58,3189,27859.75,27722.81,27873.99,27874.98,44.35,18.80,16.9,24.0,0.0,24.0,0.0,0.00,1,0.0,0,0,0.00,0.00,0.00,0.00,,0.0,1,0,1280.00,AUTO,,AGGR+CHP+ADP+RUN-EXT+PW+DLK+SLC+TPE+NWS+,WAIT,55.0,7.28,0,1,0.00,0.00,0.00,0.00,0,0,0,-1,-4.0,-17.50,-34.75,242.50,185.25,696.50,R,5,UNKNOWN,BRICK_CLOSE,src=primary color=R streak=5 o=27879.75 c=27863.75 hi=27879.75 lo=27863.75
2026-05-01 10:18:58,3189,27859.75,27722.93,27873.99,27874.98,44.35,18.80,16.9,8.0,67.3,8.0,67.3,0.00,0,0.0,0,0,0.00,0.00,0.00,0.00,,0.0,1,0,1280.00,AUTO,,AGGR+CHP+ADP+RUN-EXT+PW+DLK+SLC+TPE+NWS+,WAIT,55.0,7.28,0,1,0.00,0.00,0.00,0.00,0,0,0,-1,-4.0,-17.50,-34.75,242.50,185.25,696.50,R,5,UNKNOWN,SIGNAL,
2026-05-01 10:18:58,3189,27859.75,27722.93,27873.99,27874.98,44.35,18.80,16.9,8.0,67.3,8.0,67.3,0.00,0,0.0,0,0,0.00,0.00,0.00,0.00,,0.0,1,0,1280.00,AUTO,,AGGR+CHP+ADP+RUN-EXT+PW+DLK+SLC+TPE+NWS+,SELL,55.0,7.28,0,1,0.00,0.00,0.00,0.00,0,0,0,-1,-4.0,-17.50,-34.75,242.50,185.25,696.50,R,5,UNKNOWN,BLOCK_CHOP,ADX<18 falling 3b (16.9)
2026-05-01 10:21:26,3190,27887.75,27722.93,27876.75,27876.14,56.24,19.48,15.8,8.0,67.3,8.0,67.3,0.00,0,0.0,0,0,0.00,0.00,0.00,0.00,,0.0,1,0,1280.00,AUTO,,AGGR+CHP+ADP+RUN-EXT+PW+DLK+SLC+TPE+NWS+,SELL,55.0,8.46,0,1,0.00,0.00,0.00,0.00,0,0,0,1,-3.9,10.50,-6.75,270.50,213.25,724.50,R,6,UNKNOWN,BRICK_CLOSE,src=primary color=R streak=6 o=27875.75 c=27859.75 hi=27875.75 lo=27859.75
2026-05-01 10:21:26,3190,27887.75,27725.37,27876.75,27876.14,56.24,19.48,15.8,120.0,0.0,120.0,0.0,0.00,1,0.0,0,0,0.00,0.00,0.00,0.00,,0.0,1,0,1280.00,AUTO,,AGGR+CHP+ADP+RUN-EXT+PW+DLK+SLC+TPE+NWS+,SELL,55.0,8.34,0,1,0.00,0.00,0.00,0.00,0,0,0,1,-3.9,10.50,-6.75,270.50,213.25,724.50,R,6,UNKNOWN,SIGNAL,
2026-05-01 10:21:26,3190,27887.75,27725.37,27876.75,27876.14,56.24,19.48,15.8,120.0,0.0,120.0,0.0,0.00,1,0.0,0,0,0.00,0.00,0.00,0.00,,0.0,1,0,1280.00,AUTO,,AGGR+CHP+ADP+RUN-EXT+PW+DLK+SLC+TPE+NWS+,STRONG_BUY,55.0,8.34,0,1,0.00,0.00,0.00,0.00,0,0,0,1,-3.9,10.50,-6.75,270.50,213.25,724.50,R,6,UNKNOWN,BLOCK_CHOP,ADX<18 falling 3b (15.8)
2026-05-01 10:21:33,3191,27891.75,27725.37,27879.75,27877.56,57.63,19.23,15.2,120.0,0.0,120.0,0.0,0.00,1,0.0,0,0,0.00,0.00,0.00,0.00,,0.0,1,0,1280.00,AUTO,,AGGR+CHP+ADP+RUN-EXT+PW+DLK+SLC+TPE+NWS+,STRONG_BUY,55.0,8.65,0,1,0.00,0.00,0.00,0.00,0,0,0,1,-3.1,14.50,-2.75,274.50,217.25,728.50,G,1,UNKNOWN,BRICK_CLOSE,src=primary color=G streak=1 o=27871.75 c=27887.75 hi=27887.75 lo=27859.50
2026-05-01 10:21:33,3191,27891.75,27725.37,27879.75,27877.56,57.63,19.23,15.2,120.0,0.0,120.0,0.0,0.00,1,0.0,0,0,0.00,0.00,0.00,0.00,,0.0,1,0,1280.00,AUTO,,AGGR+CHP+ADP+RUN-EXT+PW+DLK+SLC+TPE+NWS+,STRONG_BUY,55.0,8.65,0,1,0.00,0.00,0.00,0.00,0,0,0,1,-3.1,14.50,-2.75,274.50,217.25,728.50,G,1,UNKNOWN,RUN_END,color=R len=6 pts=8.0 maxFav=36.0 durSec=339 startPx=27895.75 endPx=27887.75
2026-05-01 10:21:33,3191,27891.75,27725.53,27879.75,27877.56,57.63,19.23,15.2,120.0,0.0,120.0,0.0,0.00,1,0.0,0,0,0.00,0.00,0.00,0.00,,0.0,1,0,1280.00,AUTO,,AGGR+CHP+ADP+RUN-EXT+PW+DLK+SLC+TPE+NWS+,STRONG_BUY,55.0,8.64,0,1,0.00,0.00,0.00,0.00,0,0,0,1,-3.1,14.50,-2.75,274.50,217.25,728.50,G,1,UNKNOWN,SIGNAL,
2026-05-01 10:21:33,3191,27891.75,27725.53,27879.75,27877.56,57.63,19.23,15.2,120.0,0.0,120.0,0.0,0.00,1,0.0,0,0,0.00,0.00,0.00,0.00,,0.0,1,0,1280.00,AUTO,,AGGR+CHP+ADP+RUN-EXT+PW+DLK+SLC+TPE+NWS+,STRONG_BUY,55.0,8.64,0,1,0.00,0.00,0.00,0.00,0,0,0,1,-3.1,14.50,-2.75,274.50,217.25,728.50,G,1,UNKNOWN,BLOCK_CHOP,ADX<18 falling 3b (15.2)
2026-05-01 10:22:08,3192,27895.75,27725.53,27882.95,27879.21,59.04,19.00,15.0,120.0,0.0,120.0,0.0,0.00,1,0.0,0,0,0.00,0.00,0.00,0.00,,0.0,1,0,1280.00,AUTO,,AGGR+CHP+ADP+RUN-EXT+PW+DLK+SLC+TPE+NWS+,STRONG_BUY,55.0,8.96,0,1,0.00,0.00,0.00,0.00,0,0,0,1,-2.5,18.50,1.25,278.50,221.25,732.50,G,2,UNKNOWN,BRICK_CLOSE,src=primary color=G streak=2 o=27875.75 c=27891.75 hi=27891.75 lo=27875.75
2026-05-01 10:22:08,3192,27895.75,27726.28,27882.95,27879.21,59.04,19.00,15.0,88.5,0.0,88.5,0.0,0.00,1,0.0,0,0,0.00,0.00,0.00,0.00,,0.0,1,0,1280.00,AUTO,,AGGR+CHP+ADP+RUN-EXT+PW+DLK+SLC+TPE+NWS+,STRONG_BUY,55.0,8.92,0,1,0.00,0.00,0.00,0.00,0,0,0,1,-2.5,18.50,1.25,278.50,221.25,732.50,G,2,UNKNOWN,SIGNAL,
2026-05-01 10:22:08,3192,27895.75,27726.28,27882.95,27879.21,59.04,19.00,15.0,88.5,0.0,88.5,0.0,0.00,1,0.0,0,0,0.00,0.00,0.00,0.00,,0.0,1,0,1280.00,AUTO,,AGGR+CHP+ADP+RUN-EXT+PW+DLK+SLC+TPE+NWS+,STRONG_BUY,55.0,8.92,0,1,0.00,0.00,0.00,0.00,0,0,0,1,-2.5,18.50,1.25,278.50,221.25,732.50,G,2,UNKNOWN,BLOCK_CHOP,ADX<18 falling 3b (15.0)
2026-05-01 10:22:12,3193,27899.75,27726.28,27886.31,27881.08,60.45,18.79,15.1,88.5,0.0,88.5,0.0,0.00,1,0.0,0,0,0.00,0.00,0.00,0.00,,0.0,1,0,1280.00,AUTO,,AGGR+CHP+ADP+RUN-EXT+PW+DLK+SLC+TPE+NWS+,STRONG_BUY,55.0,9.23,0,1,0.00,0.00,0.00,0.00,0,0,0,1,-1.8,22.50,5.25,282.50,225.25,736.50,G,3,UNKNOWN,BRICK_CLOSE,src=primary color=G streak=3 o=27879.75 c=27895.75 hi=27895.75 lo=27879.75
2026-05-01 10:22:12,3193,27899.75,27726.52,27886.31,27881.08,60.45,18.79,15.1,116.5,0.0,116.5,0.0,0.00,1,0.0,0,0,0.00,0.00,0.00,0.00,,0.0,1,0,1280.00,AUTO,,AGGR+CHP+ADP+RUN-EXT+PW+DLK+SLC+TPE+NWS+,STRONG_BUY,55.0,9.22,0,1,0.00,0.00,0.00,0.00,0,0,0,1,-1.8,22.50,5.25,282.50,225.25,736.50,G,3,UNKNOWN,SIGNAL,
2026-05-01 10:22:12,3193,27899.75,27726.52,27886.31,27881.08,60.45,18.79,15.1,116.5,0.0,116.5,0.0,0.00,1,0.0,0,0,0.00,0.00,0.00,0.00,,0.0,1,0,1280.00,AUTO,,AGGR+CHP+ADP+RUN-EXT+PW+DLK+SLC+TPE+NWS+,STRONG_BUY,55.0,9.22,0,1,0.00,0.00,0.00,0.00,0,0,0,1,-1.8,22.50,5.25,282.50,225.25,736.50,G,3,UNKNOWN,BLOCK_CHOP,EMA gap 5.23 < 5.64 (ADX 15.1)
2026-05-01 10:22:19,3194,27903.75,27726.52,27889.80,27883.14,61.86,18.59,15.6,116.5,0.0,116.5,0.0,0.00,1,0.0,0,0,0.00,0.00,0.00,0.00,,0.0,1,0,1280.00,AUTO,,AGGR+CHP+ADP+RUN-EXT+PW+DLK+SLC+TPE+NWS+,STRONG_BUY,55.0,9.54,0,1,0.00,0.00,0.00,0.00,0,0,0,1,-1.3,26.50,9.25,286.50,229.25,740.50,G,4,UNKNOWN,BRICK_CLOSE,src=primary color=G streak=4 o=27883.75 c=27899.75 hi=27899.75 lo=27883.75
2026-05-01 10:22:19,3194,27903.75,27726.81,27889.80,27883.14,61.86,18.59,15.6,73.5,0.0,73.5,0.0,0.00,1,0.0,0,0,0.00,0.00,0.00,0.00,,0.0,1,0,1280.00,AUTO,,AGGR+CHP+ADP+RUN-EXT+PW+DLK+SLC+TPE+NWS+,STRONG_BUY,55.0,9.52,0,1,0.00,0.00,0.00,0.00,0,0,0,1,-1.3,26.50,9.25,286.50,229.25,740.50,G,4,UNKNOWN,SIGNAL,
2026-05-01 10:22:19,3194,27903.75,27726.81,27889.80,27883.14,61.86,18.59,15.6,73.5,0.0,73.5,0.0,0.00,1,0.0,0,0,0.00,0.00,0.00,0.00,,0.0,1,0,1280.00,AUTO,,AGGR+CHP+ADP+RUN-EXT+PW+DLK+SLC+TPE+NWS+,BUY,55.0,9.52,0,1,0.00,0.00,0.00,0.00,0,0,0,1,-1.3,26.50,9.25,286.50,229.25,740.50,G,4,UNKNOWN,BLOCK_CHOP,range 16.00 < 18.59 over 5b (ADX 15.6)
2026-05-01 10:25:09,3195,27875.75,27726.81,27886.99,27882.47,48.72,19.38,14.7,73.5,0.0,73.5,0.0,0.00,1,0.0,0,0,0.00,0.00,0.00,0.00,,0.0,1,0,1280.00,AUTO,,AGGR+CHP+ADP+RUN-EXT+PW+DLK+SLC+TPE+NWS+,BUY,55.0,7.68,0,1,0.00,0.00,0.00,0.00,0,0,0,0,-1.1,-1.50,-18.75,258.50,201.25,712.50,G,5,UNKNOWN,BRICK_CLOSE,src=primary color=G streak=5 o=27887.75 c=27903.75 hi=27903.75 lo=27887.75
2026-05-01 10:25:09,3195,27875.75,27726.81,27886.99,27882.47,48.72,19.38,14.7,73.5,0.0,73.5,0.0,0.00,1,0.0,0,0,0.00,0.00,0.00,0.00,,0.0,1,0,1280.00,AUTO,,AGGR+CHP+ADP+RUN-EXT+PW+DLK+SLC+TPE+NWS+,BUY,55.0,7.68,0,1,0.00,0.00,0.00,0.00,0,0,0,0,-1.1,-1.50,-18.75,258.50,201.25,712.50,G,5,UNKNOWN,HEARTBEAT,tradesToday=2 openDca=0
2026-05-01 10:25:09,3195,27875.75,27730.32,27886.99,27882.47,48.72,19.38,14.7,31.7,0.0,31.7,0.0,0.00,1,0.0,0,0,0.00,0.00,0.00,0.00,,0.0,1,0,1280.00,AUTO,,AGGR+CHP+ADP+RUN-EXT+PW+DLK+SLC+TPE+NWS+,BUY,55.0,7.50,0,1,0.00,0.00,0.00,0.00,0,0,0,0,-1.1,-1.50,-18.75,258.50,201.25,712.50,G,5,UNKNOWN,SIGNAL,
2026-05-01 10:29:28,3196,27871.75,27730.32,27883.94,27881.49,47.18,19.20,13.8,31.7,0.0,31.7,0.0,0.00,1,0.0,0,0,0.00,0.00,0.00,0.00,,0.0,1,0,1280.00,AUTO,,AGGR+CHP+ADP+RUN-EXT+PW+DLK+SLC+TPE+NWS+,WAIT,55.0,7.37,0,1,0.00,0.00,0.00,0.00,0,0,0,0,-1.4,-5.50,-22.75,254.50,197.25,708.50,R,1,UNKNOWN,BRICK_CLOSE,src=primary color=R streak=1 o=27891.75 c=27875.75 hi=27905.50 lo=27875.75
2026-05-01 10:29:28,3196,27871.75,27730.32,27883.94,27881.49,47.18,19.20,13.8,31.7,0.0,31.7,0.0,0.00,1,0.0,0,0,0.00,0.00,0.00,0.00,,0.0,1,0,1280.00,AUTO,,AGGR+CHP+ADP+RUN-EXT+PW+DLK+SLC+TPE+NWS+,WAIT,55.0,7.37,0,1,0.00,0.00,0.00,0.00,0,0,0,0,-1.4,-5.50,-22.75,254.50,197.25,708.50,R,1,UNKNOWN,RUN_END,color=G len=5 pts=4.0 maxFav=32.0 durSec=476 startPx=27871.75 endPx=27875.75
2026-05-01 10:29:28,3196,27871.75,27734.48,27883.94,27881.49,47.18,19.20,13.8,36.5,0.0,36.5,0.0,0.00,1,0.0,0,0,0.00,0.00,0.00,0.00,,0.0,1,0,1280.00,AUTO,,AGGR+CHP+ADP+RUN-EXT+PW+DLK+SLC+TPE+NWS+,WAIT,55.0,7.15,0,1,0.00,0.00,0.00,0.00,0,0,0,0,-1.4,-5.50,-22.75,254.50,197.25,708.50,R,1,UNKNOWN,SIGNAL,
2026-05-01 10:30:03,3197,27867.75,27734.48,27880.70,27880.24,45.63,18.97,13.3,36.5,0.0,36.5,0.0,0.00,1,0.0,0,0,0.00,0.00,0.00,0.00,,0.0,1,0,1280.00,AUTO,,AGGR+CHP+ADP+RUN-EXT+PW+DLK+SLC+TPE+NWS+,WAIT,55.0,7.03,0,1,0.00,0.00,0.00,0.00,0,0,0,0,-1.6,-9.50,-26.75,250.50,193.25,704.50,R,2,UNKNOWN,BRICK_CLOSE,src=primary color=R streak=2 o=27887.75 c=27871.75 hi=27888.50 lo=27871.75
2026-05-01 10:30:03,3197,27867.75,27735.24,27880.70,27880.24,45.63,18.97,13.3,25.1,0.0,25.1,0.0,0.00,1,0.0,0,0,0.00,0.00,0.00,0.00,,0.0,1,0,1280.00,AUTO,,AGGR+CHP+ADP+RUN-EXT+PW+DLK+SLC+TPE+NWS+,WAIT,55.0,6.99,0,1,0.00,0.00,0.00,0.00,0,0,0,0,-1.6,-9.50,-26.75,250.50,193.25,704.50,R,2,UNKNOWN,SIGNAL,
2026-05-01 10:30:21,3198,27863.75,27735.24,27877.31,27878.74,44.06,18.76,13.3,25.1,0.0,25.1,0.0,0.00,1,0.0,0,0,0.00,0.00,0.00,0.00,,0.0,1,0,1280.00,AUTO,,AGGR+CHP+ADP+RUN-EXT+PW+DLK+SLC+TPE+NWS+,WAIT,55.0,6.85,0,1,0.00,0.00,0.00,0.00,0,0,0,-1,-1.8,-13.50,-30.75,246.50,189.25,700.50,R,3,UNKNOWN,BRICK_CLOSE,src=primary color=R streak=3 o=27883.75 c=27867.75 hi=27883.75 lo=27867.75
2026-05-01 10:30:21,3198,27863.75,27735.62,27877.31,27878.74,44.06,18.76,13.3,8.0,67.3,8.0,67.3,0.00,0,0.0,0,0,0.00,0.00,0.00,0.00,,0.0,1,0,1280.00,AUTO,,AGGR+CHP+ADP+RUN-EXT+PW+DLK+SLC+TPE+NWS+,WAIT,55.0,6.83,0,1,0.00,0.00,0.00,0.00,0,0,0,-1,-1.8,-13.50,-30.75,246.50,189.25,700.50,R,3,UNKNOWN,SIGNAL,
2026-05-01 10:30:21,3198,27863.75,27735.62,27877.31,27878.74,44.06,18.76,13.3,8.0,67.3,8.0,67.3,0.00,0,0.0,0,0,0.00,0.00,0.00,0.00,,0.0,1,0,1280.00,AUTO,,AGGR+CHP+ADP+RUN-EXT+PW+DLK+SLC+TPE+NWS+,SELL,55.0,6.83,0,1,0.00,0.00,0.00,0.00,0,0,0,-1,-1.8,-13.50,-30.75,246.50,189.25,700.50,R,3,UNKNOWN,BLOCK_AUTO,side=S reason=htfBlockS bear=67.3 effMin=55.0 tc=False
2026-05-01 10:30:28,3199,27859.75,27735.62,27873.80,27877.02,42.49,18.56,13.5,8.0,67.3,8.0,67.3,0.00,0,0.0,0,0,0.00,0.00,0.00,0.00,,0.0,1,0,1280.00,AUTO,,AGGR+CHP+ADP+RUN-EXT+PW+DLK+SLC+TPE+NWS+,SELL,55.0,6.69,0,1,0.00,0.00,0.00,0.00,0,0,0,-1,-2.0,-17.50,-34.75,242.50,185.25,696.50,R,4,UNKNOWN,BRICK_CLOSE,src=primary color=R streak=4 o=27879.75 c=27863.75 hi=27879.75 lo=27863.75
2026-05-01 10:30:28,3199,27859.75,27735.76,27873.80,27877.02,42.49,18.56,13.5,8.0,67.5,8.0,67.5,0.00,0,0.0,0,0,0.00,0.00,0.00,0.00,,0.0,1,0,1280.00,AUTO,,AGGR+CHP+ADP+RUN-EXT+PW+DLK+SLC+TPE+NWS+,SELL,55.0,6.68,0,1,0.00,0.00,0.00,0.00,0,0,0,-1,-2.0,-17.50,-34.75,242.50,185.25,696.50,R,4,UNKNOWN,SIGNAL,
2026-05-01 10:30:28,3199,27859.75,27735.76,27873.80,27877.02,42.49,18.56,13.5,8.0,67.5,8.0,67.5,0.00,0,0.0,0,0,0.00,0.00,0.00,0.00,,0.0,1,0,1280.00,AUTO,,AGGR+CHP+ADP+RUN-EXT+PW+DLK+SLC+TPE+NWS+,SELL,55.0,6.68,0,1,0.00,0.00,0.00,0.00,0,0,0,-1,-2.0,-17.50,-34.75,242.50,185.25,696.50,R,4,UNKNOWN,BLOCK_AUTO,side=S reason=htfBlockS bear=67.5 effMin=55.0 tc=False
2026-05-01 10:30:39,3200,27855.75,27735.76,27870.19,27875.08,40.93,18.38,14.1,8.0,67.5,8.0,67.5,0.00,0,0.0,0,0,0.00,0.00,0.00,0.00,,0.0,1,0,1280.00,AUTO,,AGGR+CHP+ADP+RUN-EXT+PW+DLK+SLC+TPE+NWS+,SELL,55.0,6.53,0,1,0.00,0.00,0.00,0.00,0,0,0,-1,-0.5,-21.50,-38.75,238.50,181.25,692.50,R,5,UNKNOWN,BRICK_CLOSE,src=primary color=R streak=5 o=27875.75 c=27859.75 hi=27875.75 lo=27859.75
2026-05-01 10:30:39,3200,27855.75,27735.97,27870.19,27875.08,40.93,18.38,14.1,8.0,65.0,8.0,65.0,0.00,0,0.0,0,0,0.00,0.00,0.00,0.00,,0.0,1,0,1280.00,AUTO,,AGGR+CHP+ADP+RUN-EXT+PW+DLK+SLC+TPE+NWS+,SELL,55.0,6.52,0,1,0.00,0.00,0.00,0.00,0,0,0,-1,-0.5,-21.50,-46.75,230.50,181.25,692.50,R,5,UNKNOWN,SIGNAL,
2026-05-01 10:30:39,3200,27855.75,27735.97,27870.19,27875.08,40.93,18.38,14.1,8.0,65.0,8.0,65.0,0.00,0,0.0,0,0,0.00,0.00,0.00,0.00,,0.0,1,0,1280.00,AUTO,,AGGR+CHP+ADP+RUN-EXT+PW+DLK+SLC+TPE+NWS+,SELL,55.0,6.52,0,1,0.00,0.00,0.00,0.00,0,0,0,-1,-0.5,-21.50,-46.75,230.50,181.25,692.50,R,5,UNKNOWN,BLOCK_CHOP,EMA gap 4.90 < 5.51 (ADX 14.1)
2026-05-01 10:30:43,3201,27851.75,27735.97,27866.50,27872.96,39.36,18.21,15.0,8.0,65.0,8.0,65.0,0.00,0,0.0,0,0,0.00,0.00,0.00,0.00,,0.0,1,0,1280.00,AUTO,,AGGR+CHP+ADP+RUN-EXT+PW+DLK+SLC+TPE+NWS+,SELL,55.0,6.36,0,1,0.00,0.00,0.00,0.00,0,0,0,-1,1.2,-25.50,-50.75,226.50,177.25,688.50,R,6,UNKNOWN,BRICK_CLOSE,src=primary color=R streak=6 o=27871.75 c=27855.75 hi=27871.75 lo=27855.75
2026-05-01 10:30:43,3201,27851.75,27736.18,27866.50,27872.96,39.36,18.21,15.0,8.0,65.0,8.0,65.0,0.00,0,0.0,0,0,0.00,0.00,0.00,0.00,,0.0,1,0,1280.00,AUTO,,AGGR+CHP+ADP+RUN-EXT+PW+DLK+SLC+TPE+NWS+,SELL,55.0,6.35,0,1,0.00,0.00,0.00,0.00,0,0,0,-1,1.2,-25.50,-50.75,226.50,177.25,688.50,R,6,UNKNOWN,SIGNAL,
2026-05-01 10:30:43,3201,27851.75,27736.18,27866.50,27872.96,39.36,18.21,15.0,8.0,65.0,8.0,65.0,0.00,0,0.0,0,0,0.00,0.00,0.00,0.00,,0.0,1,0,1280.00,AUTO,,AGGR+CHP+ADP+RUN-EXT+PW+DLK+SLC+TPE+NWS+,SELL,55.0,6.35,0,1,0.00,0.00,0.00,0.00,0,0,0,-1,1.2,-25.50,-50.75,226.50,177.25,688.50,R,6,UNKNOWN,TREND_CHASE_FIRE,dir=-1 adx=15.0 streak=6 bear=65.0
2026-05-01 10:30:43,3201,27851.75,27736.18,27866.50,27872.96,39.36,18.21,15.0,8.0,65.0,8.0,65.0,0.00,0,0.0,-1,0,0.00,0.00,0.00,0.00,,0.0,1,0,1280.00,AUTO,Key Lvl Breakout,AGGR+CHP+ADP+RUN-EXT+PW+DLK+SLC+TPE+NWS+,SELL,55.0,6.35,0,1,0.00,0.00,0.00,0.00,0,0,0,-1,1.2,-25.50,-50.75,226.50,177.25,688.50,R,6,UNKNOWN,ENTRY_SHORT,manual=F bull=8.0 bear=65.0 sig=-1 htf=0 tape=0.00 emaXAgo=3 distVwap=115.6 atr=18.2 px=27851.75 sl=0.00 tp=0.00
2026-05-01 10:30:43,3201,27851.75,27736.18,27866.50,27872.96,39.36,18.21,15.0,8.0,65.0,8.0,65.0,0.00,0,0.0,-1,1,27863.75,27881.75,27813.75,0.00,,0.0,1,0,1280.00,AUTO,Key Lvl Breakout,AGGR+CHP+ADP+RUN-EXT+PW+DLK+SLC+TPE+NWS+,SELL,55.0,6.35,0,1,12.00,0.00,0.00,0.00,0,0,0,-1,1.2,-25.50,-50.75,226.50,177.25,688.50,R,6,UNKNOWN,STOPS_ARMED,dir=-1 entry=27863.75 sl=27881.75 tp=27813.75 slPt=18 tpPt=50
2026-05-01 10:30:51,3202,27847.75,27736.18,27862.75,27870.67,37.80,18.05,16.1,8.0,65.0,8.0,65.0,0.00,0,0.0,-1,1,27863.75,27881.75,27813.75,0.00,,0.0,1,0,1280.00,AUTO,Key Lvl Breakout,AGGR+CHP+ADP+RUN-EXT+PW+DLK+SLC+TPE+NWS+,SELL,55.0,6.18,0,1,16.00,0.00,0.00,0.00,0,0,0,-1,2.8,-29.50,-54.75,222.50,173.25,684.50,R,7,UNKNOWN,BRICK_CLOSE,src=primary color=R streak=7 o=27867.75 c=27851.75 hi=27867.75 lo=27851.75
2026-05-01 10:30:51,3202,27847.75,27736.18,27862.75,27870.67,37.80,18.05,16.1,8.0,65.0,8.0,65.0,0.00,0,0.0,-1,1,27863.75,27881.75,27813.75,0.00,,0.0,1,0,1280.00,AUTO,Key Lvl Breakout,AGGR+CHP+ADP+RUN-EXT+PW+DLK+SLC+TPE+NWS+,SELL,55.0,6.18,0,1,16.00,16.00,0.00,0.00,0,0,0,-1,2.8,-29.50,-54.75,222.50,173.25,684.50,R,7,UNKNOWN,SMART_BE_HANDOFF,tier=3 peak=16.0pt -> BrickTrail PxStop owns SL
2026-05-01 10:30:51,3202,27847.75,27736.18,27862.75,27870.67,37.80,18.05,16.1,8.0,65.0,8.0,65.0,0.00,0,0.0,-1,1,27863.75,27865.75,27813.75,0.00,,0.0,1,0,1280.00,AUTO,Key Lvl Breakout,AGGR+CHP+ADP+RUN-EXT+PW+DLK+SLC+TPE+NWS+,SELL,55.0,6.18,0,1,16.00,16.00,0.00,0.00,0,0,0,-1,2.8,-29.50,-54.75,222.50,173.25,684.50,R,7,UNKNOWN,PROFIT_SAFEGUARD,tier=1 T1_PROFIT_SAFE peak=16.0pt sl=27865.75 offset=-2.0pt entry=27863.75 runner=False
2026-05-01 10:30:51,3202,27847.75,27736.18,27862.75,27870.67,37.80,18.05,16.1,8.0,65.0,8.0,65.0,0.00,0,0.0,-1,1,27863.75,27865.75,27813.75,0.00,,0.0,1,0,1280.00,AUTO,Key Lvl Breakout,AGGR+CHP+ADP+RUN-EXT+PW+DLK+SLC+TPE+NWS+,SELL,55.0,6.18,0,1,16.00,16.00,0.00,0.00,0,0,0,-1,2.8,-29.50,-54.75,222.50,173.25,684.50,R,7,UNKNOWN,PEAKLOCK_T1,peak=16.0pt giveback=11.9pt floor=27859.75 entry=27863.75
2026-05-01 10:30:54,3203,27843.75,27736.54,27858.95,27868.22,36.26,17.90,17.4,8.0,65.0,8.0,65.0,0.00,0,0.0,-1,1,27863.75,27865.75,27813.75,27851.75,BrickMode*DORMANT,0.0,1,0,1280.00,AUTO,Key Lvl Breakout,AGGR+CHP+ADP+RUN-EXT+PW+DLK+SLC+TPE+NWS+,SELL,55.0,5.99,0,1,20.00,16.00,0.00,0.00,0,0,0,-1,4.1,-33.50,-58.75,218.50,169.25,680.50,R,8,UNKNOWN,BRICK_CLOSE,src=primary color=R streak=8 o=27863.75 c=27847.75 hi=27863.75 lo=27847.75
2026-05-01 10:30:54,3203,27843.75,27736.54,27858.95,27868.22,36.26,17.90,17.4,8.0,65.0,8.0,65.0,0.00,0,0.0,-1,1,27863.75,27862.75,27813.75,27851.75,BrickMode*DORMANT,0.0,1,0,1280.00,AUTO,Key Lvl Breakout,AGGR+CHP+ADP+RUN-EXT+PW+DLK+SLC+TPE+NWS+,SELL,55.0,5.99,0,1,20.00,20.00,0.00,0.00,0,0,0,-1,4.1,-33.50,-58.75,218.50,169.25,680.50,R,8,UNKNOWN,PROFIT_SAFEGUARD,tier=2 T2_PROFIT_SAFE peak=20.0pt sl=27862.75 offset=1.0pt entry=27863.75 runner=False
2026-05-01 10:31:02,3204,27839.75,27736.66,27855.11,27865.64,34.73,17.77,18.9,8.0,65.0,8.0,65.0,0.00,0,0.0,-1,1,27863.75,27862.75,27813.75,27847.75,BrickMode*DORMANT,0.0,1,0,1280.00,AUTO,Key Lvl Breakout,AGGR+CHP+ADP+RUN-EXT+PW+DLK+SLC+TPE+NWS+,SELL,55.0,5.80,0,1,24.00,20.00,0.00,0.00,0,0,0,-1,5.4,-37.50,-62.75,214.50,165.25,676.50,R,9,UNKNOWN,BRICK_CLOSE,src=primary color=R streak=9 o=27859.75 c=27843.75 hi=27859.75 lo=27843.75
2026-05-01 10:31:11,3205,27835.75,27736.90,27851.24,27862.92,33.22,17.64,20.6,8.0,65.0,8.0,65.0,0.00,0,0.0,-1,1,27863.75,27862.75,27813.75,27843.75,BrickMode*DORMANT,0.0,1,0,1280.00,AUTO,Key Lvl Breakout,AGGR+CHP+ADP+RUN-EXT+PW+DLK+SLC+TPE+NWS+,SELL,55.0,5.60,0,1,28.00,24.00,0.00,0.00,0,0,0,-1,6.4,-41.50,-66.75,210.50,161.25,672.50,R,10,UNKNOWN,BRICK_CLOSE,src=primary color=R streak=10 o=27855.75 c=27839.75 hi=27855.75 lo=27839.75
2026-05-01 10:31:11,3205,27835.75,27736.90,27851.24,27862.92,33.22,17.64,20.6,8.0,65.0,8.0,65.0,0.00,0,0.0,-1,1,27863.75,27862.75,27813.75,27843.75,BrickMode*DORMANT,0.0,1,0,1280.00,AUTO,Key Lvl Breakout,AGGR+CHP+ADP+RUN-EXT+PW+DLK+SLC+TPE+NWS+,SELL,55.0,5.60,0,1,28.00,28.00,0.00,0.00,0,0,0,-1,6.4,-41.50,-66.75,210.50,161.25,672.50,R,10,UNKNOWN,PEAKLOCK_T2,peak=28.0pt giveback=13.6pt floor=27849.25 entry=27863.75
2026-05-01 10:32:49,3206,27831.75,27737.19,27847.34,27860.08,31.74,18.20,21.3,8.0,65.0,8.0,65.0,0.00,0,0.0,-1,1,27863.75,27862.75,27813.75,27839.75,BrickMode*DORMANT,0.0,1,0,1280.00,AUTO,Key Lvl Breakout,AGGR+CHP+ADP+RUN-EXT+PW+DLK+SLC+TPE+NWS+,SELL,55.0,5.20,0,1,32.00,28.00,0.00,0.00,0,0,0,-1,6.3,-45.50,-70.75,206.50,157.25,668.50,R,11,UNKNOWN,BRICK_CLOSE,src=primary color=R streak=11 o=27851.75 c=27835.75 hi=27851.75 lo=27835.75
2026-05-01 10:32:49,3206,27831.75,27737.19,27847.34,27860.08,31.74,18.20,21.3,8.0,65.0,8.0,65.0,0.00,0,0.0,-1,1,27863.75,27855.75,27813.75,27839.75,BrickMode*DORMANT,0.0,1,0,1280.00,AUTO,Key Lvl Breakout,AGGR+CHP+ADP+RUN-EXT+PW+DLK+SLC+TPE+NWS+,SELL,55.0,5.20,0,1,32.00,32.00,0.00,0.00,0,0,0,-1,6.3,-45.50,-70.75,206.50,157.25,668.50,R,11,UNKNOWN,PROFIT_SAFEGUARD,tier=3 T3_PROFIT_SAFE peak=32.0pt sl=27855.75 offset=8.0pt entry=27863.75 runner=False
2026-05-01 10:33:08,3207,27827.75,27739.15,27843.42,27857.15,30.28,18.04,22.2,8.0,65.0,8.0,65.0,0.00,0,0.0,-1,1,27863.75,27855.75,27813.75,27835.75,BrickMode*DORMANT,0.0,1,0,1280.00,AUTO,Key Lvl Breakout,AGGR+CHP+ADP+RUN-EXT+PW+DLK+SLC+TPE+NWS+,SELL,55.0,4.91,0,1,36.00,32.00,0.00,0.00,0,0,0,-1,6.1,-49.50,-74.75,202.50,153.25,664.50,R,12,UNKNOWN,BRICK_CLOSE,src=primary color=R streak=12 o=27847.75 c=27831.75 hi=27857.25 lo=27831.75
2026-05-01 10:34:20,3208,27823.75,27739.56,27839.49,27854.11,28.86,18.65,22.2,8.0,65.0,8.0,65.0,0.00,0,0.0,-1,1,27863.75,27855.75,27813.75,27831.75,BrickMode*DORMANT,0.0,1,0,1280.00,AUTO,Key Lvl Breakout,AGGR+CHP+ADP+RUN-EXT+PW+DLK+SLC+TPE+NWS+,SELL,55.0,4.51,0,1,40.00,36.00,0.00,0.00,0,0,0,-1,4.8,-53.50,-78.75,198.50,149.25,660.50,R,13,UNKNOWN,BRICK_CLOSE,src=primary color=R streak=13 o=27843.75 c=27827.75 hi=27843.75 lo=27827.75
2026-05-01 10:34:20,3208,27823.75,27739.56,27839.49,27854.11,28.86,18.65,22.2,8.0,65.0,8.0,65.0,0.00,0,0.0,-1,1,27863.75,27855.75,27813.75,27831.75,BrickMode*DORMANT,0.0,1,0,1280.00,AUTO,Key Lvl Breakout,AGGR+CHP+ADP+RUN-EXT+PW+DLK+SLC+TPE+NWS+,SELL,55.0,4.51,0,1,40.00,40.00,0.00,0.00,0,0,0,-1,4.8,-53.50,-78.75,198.50,149.25,660.50,R,13,UNKNOWN,PEAKLOCK_T3,peak=40.0pt giveback=16.2pt floor=27840.00 entry=27863.75
2026-05-01 10:34:24,3209,27819.75,27740.55,27835.54,27850.99,27.46,18.46,22.5,8.0,65.0,8.0,65.0,0.00,0,0.0,-1,1,27863.75,27855.75,27813.75,27827.75,BrickMode*DORMANT,0.0,1,0,1280.00,AUTO,Key Lvl Breakout,AGGR+CHP+ADP+RUN-EXT+PW+DLK+SLC+TPE+NWS+,SELL,55.0,4.29,0,1,44.00,40.00,0.00,0.00,0,0,0,-1,3.6,-57.50,-82.75,194.50,145.25,656.50,R,14,UNKNOWN,BRICK_CLOSE,src=primary color=R streak=14 o=27839.75 c=27823.75 hi=27850.25 lo=27823.75
2026-05-01 10:34:26,3210,27815.75,27740.64,27831.58,27847.78,26.11,18.28,23.1,8.0,65.0,8.0,65.0,0.00,0,0.0,-1,1,27863.75,27855.75,27813.75,27823.75,BrickMode*DORMANT,0.0,1,0,1280.00,AUTO,Key Lvl Breakout,AGGR+CHP+ADP+RUN-EXT+PW+DLK+SLC+TPE+NWS+,SELL,55.0,4.11,0,1,48.00,44.00,0.00,0.00,0,0,0,-1,2.5,-61.50,-86.75,190.50,141.25,652.50,R,15,UNKNOWN,BRICK_CLOSE,src=primary color=R streak=15 o=27835.75 c=27819.75 hi=27835.75 lo=27819.75
2026-05-01 10:34:28,3211,27811.75,27740.71,27827.62,27844.51,24.79,18.12,24.0,8.0,65.0,8.0,65.0,0.00,0,0.0,-1,1,27863.75,27855.75,27813.75,27819.75,BrickMode*DORMANT,0.0,1,0,1280.00,AUTO,Key Lvl Breakout,AGGR+CHP+ADP+RUN-EXT+PW+DLK+SLC+TPE+NWS+,SELL,55.0,3.92,0,1,52.00,48.00,0.00,0.00,0,0,0,-1,2.7,-65.50,-90.75,186.50,137.25,648.50,R,16,UNKNOWN,BRICK_CLOSE,src=primary color=R streak=16 o=27831.75 c=27815.75 hi=27831.75 lo=27815.75
2026-05-01 10:34:28,3211,27811.75,27740.71,27827.62,27844.51,24.79,18.12,24.0,8.0,65.0,8.0,65.0,0.00,0,0.0,-1,1,27863.75,27848.75,27813.75,27819.75,BrickMode*DORMANT,0.0,1,0,1280.00,AUTO,Key Lvl Breakout,AGGR+CHP+ADP+RUN-EXT+PW+DLK+SLC+TPE+NWS+,SELL,55.0,3.92,0,1,52.00,52.00,0.00,0.00,0,0,0,-1,2.7,-65.50,-90.75,186.50,137.25,648.50,R,16,UNKNOWN,PROFIT_SAFEGUARD,tier=4 T4_PROFIT_SAFE peak=52.0pt sl=27848.75 offset=15.0pt entry=27863.75 runner=False
2026-05-01 10:34:28,3211,27811.75,27740.79,27827.62,27844.51,24.79,18.12,24.0,8.0,65.0,8.0,65.0,0.00,0,0.0,-1,0,27863.75,27848.75,27813.75,27815.75,BrickMode*DORMANT,0.0,0,1,2080.00,AUTO,Key Lvl Breakout,AGGR+CHP+ADP+RUN-EXT+PW+DLK+SLC+TPE+NWS+,SELL,55.0,3.92,0,1,52.00,52.00,0.00,0.00,0,0,0,-1,2.7,-65.50,-90.75,186.50,137.25,648.50,R,16,UNKNOWN,CAP_REFUND,pnl=800.00 thr=25.00 tradesToday=2/20
2026-05-01 10:34:28,3211,27811.75,27740.79,27827.62,27844.51,24.79,18.12,24.0,8.0,65.0,8.0,65.0,0.00,0,0.0,-1,0,27863.75,27848.75,27813.75,27815.75,BrickMode*DORMANT,0.0,0,1,2080.00,AUTO,Key Lvl Breakout,AGGR+CHP+ADP+RUN-EXT+PW+DLK+SLC+TPE+NWS+,SELL,55.0,3.92,0,1,52.00,52.00,0.00,0.00,0,0,0,-1,2.7,-65.50,-90.75,186.50,137.25,648.50,R,16,UNKNOWN,EXIT_WIN_TP,pnl=800.00 consec=1
2026-05-01 10:34:28,3211,27811.75,27740.79,27827.62,27844.51,24.79,18.12,24.0,8.0,65.0,8.0,65.0,0.00,0,0.0,-1,0,27863.75,27848.75,27813.75,27815.75,BrickMode*DORMANT,0.0,0,1,2080.00,AUTO,Key Lvl Breakout,AGGR+CHP+ADP+RUN-EXT+PW+DLK+SLC+TPE+NWS+,SELL,55.0,3.92,0,1,52.00,52.00,0.00,0.00,0,0,0,-1,2.7,-65.50,-90.75,186.50,137.25,648.50,R,16,UNKNOWN,REGIME_PNL,regime=UNKNOWN tradePnl=800.00 regTotal=1360.00 thresh=-200
2026-05-01 10:34:32,3212,27807.75,27740.79,27823.64,27841.17,23.51,17.97,25.0,8.0,65.0,8.0,65.0,0.00,0,0.0,-1,0,27863.75,27848.75,27813.75,27815.75,BrickMode*DORMANT,0.0,0,1,2080.00,AUTO,Key Lvl Breakout,AGGR+CHP+ADP+RUN-EXT+PW+DLK+SLC+TPE+NWS+,SELL,55.0,3.73,0,1,56.00,52.00,0.00,0.00,0,0,0,-1,2.8,-69.50,-94.75,182.50,133.25,644.50,R,17,UNKNOWN,BRICK_CLOSE,src=primary color=R streak=17 o=27827.75 c=27811.75 hi=27827.75 lo=27811.75
2026-05-01 10:34:32,3212,27807.75,27740.89,27823.64,27841.17,23.51,17.97,25.0,8.0,50.0,8.0,50.0,0.00,0,0.0,0,0,0.00,0.00,0.00,0.00,,0.0,0,1,2080.00,AUTO,,AGGR+CHP+ADP+RUN-EXT+PW+DLK+SLC+TPE+NWS+,SELL,55.0,3.72,0,1,0.00,0.00,0.00,0.00,0,0,0,-1,2.8,-69.50,-94.75,182.50,133.25,644.50,R,17,UNKNOWN,SIGNAL,
2026-05-01 10:34:32,3212,27807.75,27740.89,27823.64,27841.17,23.51,17.97,25.0,8.0,50.0,8.0,50.0,0.00,0,0.0,0,0,0.00,0.00,0.00,0.00,,0.0,0,1,2080.00,AUTO,,AGGR+CHP+ADP+RUN-EXT+PW+DLK+SLC+TPE+NWS+,WAIT,55.0,3.72,0,1,0.00,0.00,0.00,0.00,0,0,0,-1,2.8,-69.50,-94.75,182.50,133.25,644.50,R,17,UNKNOWN,BLOCK_AUTO,reason=tooSoon consecLoss=0 barsSinceExit=1 barsSinceLoss=28
2026-05-01 10:34:46,3213,27803.75,27740.89,27819.66,27837.76,22.27,17.83,26.3,8.0,50.0,8.0,50.0,0.00,0,0.0,0,0,0.00,0.00,0.00,0.00,,0.0,0,1,2080.00,AUTO,,AGGR+CHP+ADP+RUN-EXT+PW+DLK+SLC+TPE+NWS+,WAIT,55.0,3.53,0,1,0.00,0.00,0.00,0.00,0,0,0,-1,4.1,-73.50,-98.75,178.50,129.25,640.50,R,18,UNKNOWN,BRICK_CLOSE,src=primary color=R streak=18 o=27823.75 c=27807.75 hi=27823.75 lo=27807.75
2026-05-01 10:34:46,3213,27803.75,27741.18,27819.66,27837.76,22.27,17.83,26.3,8.0,50.0,8.0,50.0,0.00,0,0.0,0,0,0.00,0.00,0.00,0.00,,0.0,0,1,2080.00,AUTO,,AGGR+CHP+ADP+RUN-EXT+PW+DLK+SLC+TPE+NWS+,WAIT,55.0,3.51,0,1,0.00,0.00,0.00,0.00,0,0,0,-1,4.1,-73.50,-98.75,178.50,129.25,640.50,R,18,UNKNOWN,SIGNAL,
2026-05-01 10:34:46,3213,27803.75,27741.18,27819.66,27837.76,22.27,17.83,26.3,8.0,50.0,8.0,50.0,0.00,0,0.0,0,0,0.00,0.00,0.00,0.00,,0.0,0,1,2080.00,AUTO,,AGGR+CHP+ADP+RUN-EXT+PW+DLK+SLC+TPE+NWS+,WAIT,55.0,3.51,0,1,0.00,0.00,0.00,0.00,0,0,0,-1,4.1,-73.50,-98.75,178.50,129.25,640.50,R,18,UNKNOWN,BLOCK_AUTO,reason=tooSoon consecLoss=0 barsSinceExit=2 barsSinceLoss=29
2026-05-01 10:36:01,3214,27799.75,27741.18,27815.68,27834.31,21.08,17.89,27.7,8.0,50.0,8.0,50.0,0.00,0,0.0,0,0,0.00,0.00,0.00,0.00,,0.0,0,1,2080.00,AUTO,,AGGR+CHP+ADP+RUN-EXT+PW+DLK+SLC+TPE+NWS+,WAIT,55.0,3.27,0,1,0.00,0.00,0.00,0.00,0,0,0,-1,5.2,-77.50,-102.75,174.50,125.25,636.50,R,19,UNKNOWN,BRICK_CLOSE,src=primary color=R streak=19 o=27819.75 c=27803.75 hi=27819.75 lo=27803.75
2026-05-01 10:36:01,3214,27799.75,27741.18,27815.68,27834.31,21.08,17.89,27.7,8.0,50.0,8.0,50.0,0.00,0,0.0,0,0,0.00,0.00,0.00,0.00,,0.0,0,1,2080.00,AUTO,,AGGR+CHP+ADP+RUN-EXT+PW+DLK+SLC+TPE+NWS+,WAIT,55.0,3.27,0,1,0.00,0.00,0.00,0.00,0,0,0,-1,5.2,-77.50,-102.75,174.50,125.25,636.50,R,19,UNKNOWN,HEARTBEAT,tradesToday=2 openDca=0
2026-05-01 10:36:01,3214,27799.75,27742.09,27815.68,27834.31,21.08,17.89,27.7,13.1,60.0,13.1,60.0,0.00,0,0.0,0,0,0.00,0.00,0.00,0.00,,0.0,0,1,2080.00,AUTO,,AGGR+CHP+ADP+RUN-EXT+PW+DLK+SLC+TPE+NWS+,WAIT,55.0,3.22,0,1,0.00,0.00,0.00,0.00,0,0,0,-1,5.2,-77.50,-102.75,174.50,125.25,636.50,R,19,UNKNOWN,SIGNAL,
2026-05-01 10:36:01,3214,27799.75,27742.09,27815.68,27834.31,21.08,17.89,27.7,13.1,60.0,13.1,60.0,0.00,0,0.0,0,0,0.00,0.00,0.00,0.00,,0.0,0,1,2080.00,AUTO,,AGGR+CHP+ADP+RUN-EXT+PW+DLK+SLC+TPE+NWS+,SELL,55.0,3.22,0,1,0.00,0.00,0.00,0.00,0,0,0,-1,5.2,-77.50,-102.75,174.50,125.25,636.50,R,19,UNKNOWN,TREND_CHASE_FIRE,dir=-1 adx=27.7 streak=19 bear=60.0
2026-05-01 10:36:01,3214,27799.75,27742.09,27815.68,27834.31,21.08,17.89,27.7,13.1,60.0,13.1,60.0,0.00,0,0.0,-1,0,0.00,0.00,0.00,0.00,,0.0,0,1,2080.00,AUTO,Key Lvl Breakout,AGGR+CHP+ADP+RUN-EXT+PW+DLK+SLC+TPE+NWS+,SELL,55.0,3.22,0,1,0.00,0.00,0.00,0.00,0,0,0,-1,5.2,-77.50,-102.75,174.50,125.25,636.50,R,19,UNKNOWN,ENTRY_SHORT,manual=F bull=13.1 bear=60.0 sig=-1 htf=0 tape=0.00 emaXAgo=16 distVwap=57.7 atr=17.9 px=27799.75 sl=0.00 tp=0.00
2026-05-01 10:36:01,3214,27799.75,27742.09,27815.68,27834.31,21.08,17.89,27.7,13.1,60.0,13.1,60.0,0.00,0,0.0,-1,1,27811.75,27829.75,27761.75,0.00,,0.0,0,1,2080.00,AUTO,Key Lvl Breakout,AGGR+CHP+ADP+RUN-EXT+PW+DLK+SLC+TPE+NWS+,SELL,55.0,3.22,0,1,12.00,0.00,0.00,0.00,0,0,0,-1,5.2,-77.50,-102.75,174.50,125.25,636.50,R,19,UNKNOWN,STOPS_ARMED,dir=-1 entry=27811.75 sl=27829.75 tp=27761.75 slPt=18 tpPt=50
2026-05-01 10:36:02,3215,27795.75,27742.09,27811.70,27830.80,19.93,17.76,29.3,13.1,60.0,13.1,60.0,0.00,0,0.0,-1,1,27811.75,27829.75,27761.75,0.00,,0.0,0,1,2080.00,AUTO,Key Lvl Breakout,AGGR+CHP+ADP+RUN-EXT+PW+DLK+SLC+TPE+NWS+,SELL,55.0,3.02,0,1,16.00,0.00,0.00,0.00,0,0,0,-1,6.2,-81.50,-106.75,170.50,121.25,632.50,R,20,UNKNOWN,BRICK_CLOSE,src=primary color=R streak=20 o=27815.75 c=27799.75 hi=27818.50 lo=27799.75
2026-05-01 10:36:02,3215,27795.75,27742.09,27811.70,27830.80,19.93,17.76,29.3,13.1,60.0,13.1,60.0,0.00,0,0.0,-1,1,27811.75,27829.75,27761.75,0.00,,0.0,0,1,2080.00,AUTO,Key Lvl Breakout,AGGR+CHP+ADP+RUN-EXT+PW+DLK+SLC+TPE+NWS+,SELL,55.0,3.02,0,1,16.00,16.00,0.00,0.00,0,0,0,-1,6.2,-81.50,-106.75,170.50,121.25,632.50,R,20,UNKNOWN,SMART_BE_HANDOFF,tier=3 peak=16.0pt -> BrickTrail PxStop owns SL
2026-05-01 10:36:02,3215,27795.75,27742.09,27811.70,27830.80,19.93,17.76,29.3,13.1,60.0,13.1,60.0,0.00,0,0.0,-1,1,27811.75,27813.75,27761.75,0.00,,0.0,0,1,2080.00,AUTO,Key Lvl Breakout,AGGR+CHP+ADP+RUN-EXT+PW+DLK+SLC+TPE+NWS+,SELL,55.0,3.02,0,1,16.00,16.00,0.00,0.00,0,0,0,-1,6.2,-81.50,-106.75,170.50,121.25,632.50,R,20,UNKNOWN,PROFIT_SAFEGUARD,tier=1 T1_PROFIT_SAFE peak=16.0pt sl=27813.75 offset=-2.0pt entry=27811.75 runner=False
2026-05-01 10:36:02,3215,27795.75,27742.09,27811.70,27830.80,19.93,17.76,29.3,13.1,60.0,13.1,60.0,0.00,0,0.0,-1,1,27811.75,27813.75,27761.75,0.00,,0.0,0,1,2080.00,AUTO,Key Lvl Breakout,AGGR+CHP+ADP+RUN-EXT+PW+DLK+SLC+TPE+NWS+,SELL,55.0,3.02,0,1,16.00,16.00,0.00,0.00,0,0,0,-1,6.2,-81.50,-106.75,170.50,121.25,632.50,R,20,UNKNOWN,PEAKLOCK_T1,peak=16.0pt giveback=11.9pt floor=27807.75 entry=27811.75
2026-05-01 10:36:03,3216,27791.75,27742.13,27807.71,27827.25,18.82,17.63,31.0,13.1,60.0,13.1,60.0,0.00,0,0.0,-1,1,27811.75,27813.75,27761.75,27799.75,BrickMode*DORMANT,0.0,0,1,2080.00,AUTO,Key Lvl Breakout,AGGR+CHP+ADP+RUN-EXT+PW+DLK+SLC+TPE+NWS+,SELL,55.0,2.81,0,1,20.00,16.00,0.00,0.00,0,0,0,-1,7.0,-85.50,-110.75,166.50,117.25,628.50,R,21,UNKNOWN,BRICK_CLOSE,src=primary color=R streak=21 o=27811.75 c=27795.75 hi=27811.75 lo=27795.75
2026-05-01 10:36:03,3216,27791.75,27742.13,27807.71,27827.25,18.82,17.63,31.0,13.1,60.0,13.1,60.0,0.00,0,0.0,-1,1,27811.75,27810.75,27761.75,27799.75,BrickMode*DORMANT,0.0,0,1,2080.00,AUTO,Key Lvl Breakout,AGGR+CHP+ADP+RUN-EXT+PW+DLK+SLC+TPE+NWS+,SELL,55.0,2.81,0,1,20.00,20.00,0.00,0.00,0,0,0,-1,7.0,-85.50,-110.75,166.50,117.25,628.50,R,21,UNKNOWN,PROFIT_SAFEGUARD,tier=2 T2_PROFIT_SAFE peak=20.0pt sl=27810.75 offset=1.0pt entry=27811.75 runner=False
2026-05-01 10:36:03,3217,27787.75,27742.16,27803.71,27823.66,17.76,17.52,32.8,13.1,60.0,13.1,60.0,0.00,0,0.0,-1,1,27811.75,27810.75,27761.75,27795.75,BrickMode*DORMANT,0.0,0,1,2080.00,AUTO,Key Lvl Breakout,AGGR+CHP+ADP+RUN-EXT+PW+DLK+SLC+TPE+NWS+,SELL,55.0,2.60,0,1,24.00,20.00,0.00,0.00,0,0,0,-1,7.8,-89.50,-114.75,162.50,113.25,624.50,R,22,UNKNOWN,BRICK_CLOSE,src=primary color=R streak=22 o=27807.75 c=27791.75 hi=27807.75 lo=27791.75
2026-05-01 10:36:04,3218,27783.75,27742.18,27799.72,27820.03,16.74,17.41,34.7,13.1,60.0,13.1,60.0,0.00,0,0.0,-1,1,27811.75,27810.75,27761.75,27791.75,BrickMode*DORMANT,0.0,0,1,2080.00,AUTO,Key Lvl Breakout,AGGR+CHP+ADP+RUN-EXT+PW+DLK+SLC+TPE+NWS+,SELL,55.0,2.39,0,1,28.00,24.00,0.00,0.00,0,0,0,-1,8.3,-93.50,-118.75,158.50,109.25,620.50,R,23,UNKNOWN,BRICK_CLOSE,src=primary color=R streak=23 o=27803.75 c=27787.75 hi=27803.75 lo=27787.75
2026-05-01 10:36:04,3218,27783.75,27742.18,27799.72,27820.03,16.74,17.41,34.7,13.1,60.0,13.1,60.0,0.00,0,0.0,-1,1,27811.75,27810.75,27761.75,27791.75,BrickMode*DORMANT,0.0,0,1,2080.00,AUTO,Key Lvl Breakout,AGGR+CHP+ADP+RUN-EXT+PW+DLK+SLC+TPE+NWS+,SELL,55.0,2.39,0,1,28.00,28.00,0.00,0.00,0,0,0,-1,8.3,-93.50,-118.75,158.50,109.25,620.50,R,23,UNKNOWN,PEAKLOCK_T2,peak=28.0pt giveback=13.6pt floor=27797.25 entry=27811.75
2026-05-01 10:36:04,3219,27779.75,27742.23,27795.73,27816.37,15.77,17.31,36.6,13.1,60.0,13.1,60.0,0.00,0,0.0,-1,1,27811.75,27810.75,27761.75,27787.75,BrickMode*DORMANT,0.0,0,1,2080.00,AUTO,Key Lvl Breakout,AGGR+CHP+ADP+RUN-EXT+PW+DLK+SLC+TPE+NWS+,SELL,55.0,2.17,0,1,32.00,28.00,0.00,0.00,0,0,0,-1,8.8,-97.50,-122.75,154.50,105.25,616.50,R,24,UNKNOWN,BRICK_CLOSE,src=primary color=R streak=24 o=27799.75 c=27783.75 hi=27799.75 lo=27783.75
2026-05-01 10:36:04,3219,27779.75,27742.23,27795.73,27816.37,15.77,17.31,36.6,13.1,60.0,13.1,60.0,0.00,0,0.0,-1,1,27811.75,27803.75,27761.75,27787.75,BrickMode*DORMANT,0.0,0,1,2080.00,AUTO,Key Lvl Breakout,AGGR+CHP+ADP+RUN-EXT+PW+DLK+SLC+TPE+NWS+,SELL,55.0,2.17,0,1,32.00,32.00,0.00,0.00,0,0,0,-1,8.8,-97.50,-122.75,154.50,105.25,616.50,R,24,UNKNOWN,PROFIT_SAFEGUARD,tier=3 T3_PROFIT_SAFE peak=32.0pt sl=27803.75 offset=8.0pt entry=27811.75 runner=False
2026-05-01 10:36:30,3220,27775.75,27742.28,27791.73,27812.68,14.84,17.21,38.5,13.1,60.0,13.1,60.0,0.00,0,0.0,-1,1,27811.75,27803.75,27761.75,27783.75,BrickMode*DORMANT,0.0,0,1,2080.00,AUTO,Key Lvl Breakout,AGGR+CHP+ADP+RUN-EXT+PW+DLK+SLC+TPE+NWS+,SELL,55.0,1.94,0,1,36.00,32.00,0.00,0.00,0,0,0,-1,9.2,-101.50,-126.75,150.50,101.25,612.50,R,25,UNKNOWN,BRICK_CLOSE,src=primary color=R streak=25 o=27795.75 c=27779.75 hi=27795.75 lo=27779.75
2026-05-01 10:36:35,3221,27771.75,27742.56,27787.74,27808.96,13.95,17.13,40.5,13.1,60.0,13.1,60.0,0.00,0,0.0,-1,1,27811.75,27803.75,27761.75,27779.75,BrickMode*DORMANT,0.0,0,1,2080.00,AUTO,Key Lvl Breakout,AGGR+CHP+ADP+RUN-EXT+PW+DLK+SLC+TPE+NWS+,SELL,55.0,1.70,0,1,40.00,36.00,0.00,0.00,0,0,0,-1,9.5,-105.50,-130.75,134.00,97.25,608.50,R,26,UNKNOWN,BRICK_CLOSE,src=primary color=R streak=26 o=27791.75 c=27775.75 hi=27791.75 lo=27775.75
2026-05-01 10:36:35,3221,27771.75,27742.56,27787.74,27808.96,13.95,17.13,40.5,13.1,60.0,13.1,60.0,0.00,0,0.0,-1,1,27811.75,27803.75,27761.75,27779.75,BrickMode*DORMANT,0.0,0,1,2080.00,AUTO,Key Lvl Breakout,AGGR+CHP+ADP+RUN-EXT+PW+DLK+SLC+TPE+NWS+,SELL,55.0,1.70,0,1,40.00,40.00,0.00,0.00,0,0,0,-1,9.5,-105.50,-130.75,134.00,97.25,608.50,R,26,UNKNOWN,PEAKLOCK_T3,peak=40.0pt giveback=16.2pt floor=27788.00 entry=27811.75
2026-05-01 10:36:54,3222,27767.75,27742.60,27783.74,27805.21,13.11,17.05,42.5,13.1,60.0,13.1,60.0,0.00,0,0.0,-1,1,27811.75,27803.75,27761.75,27775.75,BrickMode*DORMANT,0.0,0,1,2080.00,AUTO,Key Lvl Breakout,AGGR+CHP+ADP+RUN-EXT+PW+DLK+SLC+TPE+NWS+,SELL,55.0,1.48,0,1,44.00,40.00,0.00,0.00,0,0,0,-1,9.7,-109.50,-134.75,130.00,93.25,604.50,R,27,UNKNOWN,BRICK_CLOSE,src=primary color=R streak=27 o=27787.75 c=27771.75 hi=27787.75 lo=27771.75
2026-05-01 10:37:49,3223,27763.75,27742.74,27779.74,27801.44,12.31,17.45,44.5,13.1,60.0,13.1,60.0,0.00,0,0.0,-1,1,27811.75,27803.75,27761.75,27771.75,BrickMode*DORMANT,0.0,0,1,2080.00,AUTO,Key Lvl Breakout,AGGR+CHP+ADP+RUN-EXT+PW+DLK+SLC+TPE+NWS+,SELL,55.0,1.20,0,1,48.00,44.00,0.00,0.00,0,0,0,-1,9.9,-113.50,-138.75,126.00,89.25,600.50,R,28,UNKNOWN,BRICK_CLOSE,src=primary color=R streak=28 o=27783.75 c=27767.75 hi=27783.75 lo=27767.75
2026-05-01 10:37:51,3224,27759.75,27743.06,27775.74,27797.65,11.55,17.35,46.5,13.1,60.0,13.1,60.0,0.00,0,0.0,-1,1,27811.75,27803.75,27761.75,27767.75,BrickMode*DORMANT,0.0,0,1,2080.00,AUTO,Key Lvl Breakout,AGGR+CHP+ADP+RUN-EXT+PW+DLK+SLC+TPE+NWS+,SELL,55.0,0.96,0,1,52.00,48.00,0.00,0.00,0,0,0,-1,10.0,-117.50,-142.75,122.00,85.25,596.50,R,29,UNKNOWN,BRICK_CLOSE,src=primary color=R streak=29 o=27779.75 c=27763.75 hi=27786.50 lo=27763.75
2026-05-01 10:37:51,3224,27759.75,27743.06,27775.74,27797.65,11.55,17.35,46.5,13.1,60.0,13.1,60.0,0.00,0,0.0,-1,1,27811.75,27796.75,27761.75,27767.75,BrickMode*DORMANT,0.0,0,1,2080.00,AUTO,Key Lvl Breakout,AGGR+CHP+ADP+RUN-EXT+PW+DLK+SLC+TPE+NWS+,SELL,55.0,0.96,0,1,52.00,52.00,0.00,0.00,0,0,0,-1,10.0,-117.50,-142.75,122.00,85.25,596.50,R,29,UNKNOWN,PROFIT_SAFEGUARD,tier=4 T4_PROFIT_SAFE peak=52.0pt sl=27796.75 offset=15.0pt entry=27811.75 runner=False
2026-05-01 10:37:51,3224,27759.75,27743.08,27775.74,27797.65,11.55,17.35,46.5,13.1,60.0,13.1,60.0,0.00,0,0.0,-1,0,27811.75,27796.75,27761.75,27763.75,BrickMode*DORMANT,0.0,0,2,2880.00,AUTO,Key Lvl Breakout,AGGR+CHP+ADP+RUN-EXT+PW+DLK+SLC+TPE+NWS+,SELL,55.0,0.96,0,1,52.00,52.00,0.00,0.00,0,0,0,-1,10.0,-117.50,-142.75,122.00,85.25,596.50,R,29,UNKNOWN,CAP_REFUND,pnl=800.00 thr=25.00 tradesToday=2/20
2026-05-01 10:37:51,3224,27759.75,27743.08,27775.74,27797.65,11.55,17.35,46.5,13.1,60.0,13.1,60.0,0.00,0,0.0,-1,0,27811.75,27796.75,27761.75,27763.75,BrickMode*DORMANT,0.0,0,2,2880.00,AUTO,Key Lvl Breakout,AGGR+CHP+ADP+RUN-EXT+PW+DLK+SLC+TPE+NWS+,SELL,55.0,0.96,0,1,52.00,52.00,0.00,0.00,0,0,0,-1,10.0,-117.50,-142.75,122.00,85.25,596.50,R,29,UNKNOWN,EXIT_WIN_TP,pnl=800.00 consec=2
2026-05-01 10:37:51,3224,27759.75,27743.08,27775.74,27797.65,11.55,17.35,46.5,13.1,60.0,13.1,60.0,0.00,0,0.0,-1,0,27811.75,27796.75,27761.75,27763.75,BrickMode*DORMANT,0.0,0,2,2880.00,AUTO,Key Lvl Breakout,AGGR+CHP+ADP+RUN-EXT+PW+DLK+SLC+TPE+NWS+,SELL,55.0,0.96,0,1,52.00,52.00,0.00,0.00,0,0,0,-1,10.0,-117.50,-142.75,122.00,85.25,596.50,R,29,UNKNOWN,REGIME_PNL,regime=UNKNOWN tradePnl=800.00 regTotal=2160.00 thresh=-200
2026-05-01 10:37:52,3225,27755.75,27743.08,27771.74,27793.84,10.83,17.25,48.5,13.1,60.0,13.1,60.0,0.00,0,0.0,-1,0,27811.75,27796.75,27761.75,27763.75,BrickMode*DORMANT,0.0,0,2,2880.00,AUTO,Key Lvl Breakout,AGGR+CHP+ADP+RUN-EXT+PW+DLK+SLC+TPE+NWS+,SELL,55.0,0.73,0,1,56.00,52.00,0.00,0.00,0,0,0,-1,10.0,-121.50,-146.75,118.00,81.25,592.50,R,30,UNKNOWN,BRICK_CLOSE,src=primary color=R streak=30 o=27775.75 c=27759.75 hi=27775.75 lo=27759.75
2026-05-01 10:37:52,3225,27755.75,27743.09,27771.74,27793.84,10.83,17.25,48.5,8.0,50.0,8.0,50.0,0.00,0,0.0,0,0,0.00,0.00,0.00,0.00,,0.0,0,2,2880.00,AUTO,,AGGR+CHP+ADP+RUN-EXT+PW+DLK+SLC+TPE+NWS+,SELL,55.0,0.73,0,1,0.00,0.00,0.00,0.00,0,0,0,-1,10.0,-121.50,-146.75,118.00,81.25,592.50,R,30,UNKNOWN,SIGNAL,
2026-05-01 10:37:52,3225,27755.75,27743.09,27771.74,27793.84,10.83,17.25,48.5,8.0,50.0,8.0,50.0,0.00,0,0.0,0,0,0.00,0.00,0.00,0.00,,0.0,0,2,2880.00,AUTO,,AGGR+CHP+ADP+RUN-EXT+PW+DLK+SLC+TPE+NWS+,WAIT,55.0,0.73,0,1,0.00,0.00,0.00,0.00,0,0,0,-1,10.0,-121.50,-146.75,118.00,81.25,592.50,R,30,UNKNOWN,BLOCK_AUTO,reason=tooSoon consecLoss=0 barsSinceExit=1 barsSinceLoss=41
2026-05-01 10:37:53,3226,27751.75,27743.09,27767.75,27790.02,10.15,17.16,50.5,8.0,50.0,8.0,50.0,0.00,0,0.0,0,0,0.00,0.00,0.00,0.00,,0.0,0,2,2880.00,AUTO,,AGGR+CHP+ADP+RUN-EXT+PW+DLK+SLC+TPE+NWS+,WAIT,55.0,0.50,0,1,0.00,0.00,0.00,0.00,0,0,0,-1,10.0,-125.50,-150.75,114.00,77.25,588.50,R,31,UNKNOWN,BRICK_CLOSE,src=primary color=R streak=31 o=27771.75 c=27755.75 hi=27771.75 lo=27755.75
2026-05-01 10:37:53,3226,27751.75,27743.10,27767.75,27790.02,10.15,17.16,50.5,8.0,50.0,8.0,50.0,0.00,0,0.0,0,0,0.00,0.00,0.00,0.00,,0.0,0,2,2880.00,AUTO,,AGGR+CHP+ADP+RUN-EXT+PW+DLK+SLC+TPE+NWS+,WAIT,55.0,0.50,0,1,0.00,0.00,0.00,0.00,0,0,0,-1,10.0,-125.50,-150.75,114.00,77.25,588.50,R,31,UNKNOWN,SIGNAL,
2026-05-01 10:37:53,3226,27751.75,27743.10,27767.75,27790.02,10.15,17.16,50.5,8.0,50.0,8.0,50.0,0.00,0,0.0,0,0,0.00,0.00,0.00,0.00,,0.0,0,2,2880.00,AUTO,,AGGR+CHP+ADP+RUN-EXT+PW+DLK+SLC+TPE+NWS+,WAIT,55.0,0.50,0,1,0.00,0.00,0.00,0.00,0,0,0,-1,10.0,-125.50,-150.75,114.00,77.25,588.50,R,31,UNKNOWN,BLOCK_AUTO,reason=tooSoon consecLoss=0 barsSinceExit=2 barsSinceLoss=42
2026-05-01 10:38:36,3227,27779.75,27743.10,27770.15,27789.08,39.04,17.99,50.1,8.0,50.0,8.0,50.0,0.00,0,0.0,0,0,0.00,0.00,0.00,0.00,,0.0,0,2,2880.00,AUTO,,AGGR+CHP+ADP+RUN-EXT+PW+DLK+SLC+TPE+NWS+,WAIT,55.0,2.04,0,1,0.00,0.00,0.00,0.00,0,0,0,0,7.6,-97.50,-122.75,142.00,105.25,616.50,R,32,UNKNOWN,BRICK_CLOSE,src=primary color=R streak=32 o=27767.75 c=27751.75 hi=27767.75 lo=27751.75
2026-05-01 10:38:36,3227,27779.75,27743.36,27770.15,27789.08,39.04,17.99,50.1,15.5,0.0,15.5,0.0,0.00,0,0.0,0,0,0.00,0.00,0.00,0.00,,0.0,0,2,2880.00,AUTO,,AGGR+CHP+ADP+RUN-EXT+PW+DLK+SLC+TPE+NWS+,WAIT,55.0,2.02,0,1,0.00,0.00,0.00,0.00,0,0,0,0,7.6,-97.50,-122.75,142.00,105.25,616.50,R,32,UNKNOWN,SIGNAL,
2026-05-01 10:38:36,3227,27779.75,27743.36,27770.15,27789.08,39.04,17.99,50.1,15.5,0.0,15.5,0.0,0.00,0,0.0,0,0,0.00,0.00,0.00,0.00,,0.0,0,2,2880.00,AUTO,,AGGR+CHP+ADP+RUN-EXT+PW+DLK+SLC+TPE+NWS+,WAIT,55.0,2.02,0,1,0.00,0.00,0.00,0.00,0,0,0,0,7.6,-97.50,-122.75,142.00,105.25,616.50,R,32,UNKNOWN,BLOCK_AUTO,reason=tooSoon consecLoss=0 barsSinceExit=3 barsSinceLoss=43
2026-05-01 10:38:51,3228,27783.75,27743.36,27772.87,27788.60,41.91,17.85,49.1,15.5,0.0,15.5,0.0,0.00,0,0.0,0,0,0.00,0.00,0.00,0.00,,0.0,0,2,2880.00,AUTO,,AGGR+CHP+ADP+RUN-EXT+PW+DLK+SLC+TPE+NWS+,WAIT,55.0,2.26,0,1,0.00,0.00,0.00,0.00,0,0,0,0,4.6,-93.50,-118.75,146.00,109.25,620.50,G,1,UNKNOWN,BRICK_CLOSE,src=primary color=G streak=1 o=27763.75 c=27779.75 hi=27779.75 lo=27751.00
2026-05-01 10:38:51,3228,27783.75,27743.36,27772.87,27788.60,41.91,17.85,49.1,15.5,0.0,15.5,0.0,0.00,0,0.0,0,0,0.00,0.00,0.00,0.00,,0.0,0,2,2880.00,AUTO,,AGGR+CHP+ADP+RUN-EXT+PW+DLK+SLC+TPE+NWS+,WAIT,55.0,2.26,0,1,0.00,0.00,0.00,0.00,0,0,0,0,4.6,-93.50,-118.75,146.00,109.25,620.50,G,1,UNKNOWN,RUN_END,color=R len=32 pts=112.0 maxFav=140.0 durSec=563 startPx=27891.75 endPx=27779.75
2026-05-01 10:38:51,3228,27783.75,27743.36,27772.87,27788.60,41.91,17.85,49.1,15.5,0.0,15.5,0.0,0.00,0,0.0,0,0,0.00,0.00,0.00,0.00,,0.0,0,2,2880.00,AUTO,,AGGR+CHP+ADP+RUN-EXT+PW+DLK+SLC+TPE+NWS+,WAIT,55.0,2.26,0,1,0.00,0.00,0.00,0.00,0,0,0,0,4.6,-93.50,-118.75,146.00,109.25,620.50,G,1,UNKNOWN,PULLBACK_ARM,dir=-1 runLen=32 runPts=112.0 maxFav=140.0 extremePx=27779.75 windowSec=900
2026-05-01 10:38:51,3228,27783.75,27743.47,27772.87,27788.60,41.91,17.85,49.1,34.8,0.0,34.8,0.0,0.00,0,0.0,0,0,0.00,0.00,0.00,0.00,,0.0,0,2,2880.00,AUTO,,AGGR+CHP+ADP+RUN-EXT+PW+DLK+SLC+TPE+NWS+,WAIT,55.0,2.26,0,1,0.00,0.00,0.00,0.00,0,0,0,0,4.6,-93.50,-118.75,146.00,109.25,620.50,G,1,UNKNOWN,SIGNAL,
2026-05-01 10:38:51,3228,27783.75,27743.47,27772.87,27788.60,41.91,17.85,49.1,34.8,0.0,34.8,0.0,0.00,0,0.0,0,0,0.00,0.00,0.00,0.00,,0.0,0,2,2880.00,AUTO,,AGGR+CHP+ADP+RUN-EXT+PW+DLK+SLC+TPE+NWS+,WAIT,55.0,2.26,0,1,0.00,0.00,0.00,0.00,0,0,0,0,4.6,-93.50,-118.75,146.00,109.25,620.50,G,1,UNKNOWN,SWEEP_BOOST,bull=True bear=False lookback=30
2026-05-01 10:38:53,3229,27787.75,27743.47,27775.84,27788.52,44.72,17.72,47.6,34.8,0.0,34.8,0.0,0.00,0,0.0,0,0,0.00,0.00,0.00,0.00,,0.0,0,2,2880.00,AUTO,,AGGR+CHP+ADP+RUN-EXT+PW+DLK+SLC+TPE+NWS+,WAIT,55.0,2.50,0,1,0.00,0.00,0.00,0.00,0,0,0,0,1.0,-89.50,-114.75,150.00,113.25,624.50,G,2,UNKNOWN,BRICK_CLOSE,src=primary color=G streak=2 o=27767.75 c=27783.75 hi=27783.75 lo=27767.75
2026-05-01 10:38:53,3229,27787.75,27743.49,27775.84,27788.52,44.72,17.72,47.6,18.2,0.0,18.2,0.0,0.00,0,0.0,0,0,0.00,0.00,0.00,0.00,,0.0,0,2,2880.00,AUTO,,AGGR+CHP+ADP+RUN-EXT+PW+DLK+SLC+TPE+NWS+,WAIT,55.0,2.50,0,1,0.00,0.00,0.00,0.00,0,0,0,0,1.0,-89.50,-114.75,150.00,113.25,624.50,G,2,UNKNOWN,SIGNAL,
2026-05-01 10:39:00,3230,27791.75,27743.49,27779.02,27788.81,47.45,17.59,45.6,18.2,0.0,18.2,0.0,0.00,0,0.0,0,0,0.00,0.00,0.00,0.00,,0.0,0,2,2880.00,AUTO,,AGGR+CHP+ADP+RUN-EXT+PW+DLK+SLC+TPE+NWS+,WAIT,55.0,2.74,0,1,0.00,0.00,0.00,0.00,0,0,0,0,-3.0,-85.50,-110.75,154.00,117.25,628.50,G,3,UNKNOWN,BRICK_CLOSE,src=primary color=G streak=3 o=27771.75 c=27787.75 hi=27787.75 lo=27771.75
2026-05-01 10:39:00,3230,27791.75,27743.55,27779.02,27788.81,47.45,17.59,45.6,15.5,0.0,15.5,0.0,0.00,0,0.0,0,0,0.00,0.00,0.00,0.00,,0.0,0,2,2880.00,AUTO,,AGGR+CHP+ADP+RUN-EXT+PW+DLK+SLC+TPE+NWS+,WAIT,55.0,2.74,0,1,0.00,0.00,0.00,0.00,0,0,0,0,-3.0,-85.50,-110.75,154.00,117.25,628.50,G,3,UNKNOWN,SIGNAL,
2026-05-01 10:39:21,3231,27795.75,27743.55,27782.37,27789.44,50.11,17.57,43.2,15.5,0.0,15.5,0.0,0.00,0,0.0,0,0,0.00,0.00,0.00,0.00,,0.0,0,2,2880.00,AUTO,,AGGR+CHP+ADP+RUN-EXT+PW+DLK+SLC+TPE+NWS+,WAIT,55.0,2.97,0,1,0.00,0.00,0.00,0.00,0,0,0,0,-7.3,-81.50,-106.75,158.00,121.25,632.50,G,4,UNKNOWN,BRICK_CLOSE,src=primary color=G streak=4 o=27775.75 c=27791.75 hi=27791.75 lo=27775.75
2026-05-01 10:39:21,3231,27795.75,27743.74,27782.37,27789.44,50.11,17.57,43.2,15.5,0.0,15.5,0.0,0.00,0,0.0,0,0,0.00,0.00,0.00,0.00,,0.0,0,2,2880.00,AUTO,,AGGR+CHP+ADP+RUN-EXT+PW+DLK+SLC+TPE+NWS+,WAIT,55.0,2.96,0,1,0.00,0.00,0.00,0.00,0,0,0,0,-7.3,-81.50,-106.75,158.00,121.25,632.50,G,4,UNKNOWN,SIGNAL,
2026-05-01 10:39:26,3232,27799.75,27743.74,27785.85,27790.38,52.69,17.46,40.5,15.5,0.0,15.5,0.0,0.00,0,0.0,0,0,0.00,0.00,0.00,0.00,,0.0,0,2,2880.00,AUTO,,AGGR+CHP+ADP+RUN-EXT+PW+DLK+SLC+TPE+NWS+,WAIT,55.0,3.21,0,1,0.00,0.00,0.00,0.00,0,0,0,0,-9.6,-77.50,-102.75,162.00,125.25,636.50,G,5,UNKNOWN,BRICK_CLOSE,src=primary color=G streak=5 o=27779.75 c=27795.75 hi=27795.75 lo=27778.50
2026-05-01 10:39:26,3232,27799.75,27743.80,27785.85,27790.38,52.69,17.46,40.5,18.2,0.0,18.2,0.0,0.00,0,0.0,0,0,0.00,0.00,0.00,0.00,,0.0,0,2,2880.00,AUTO,,AGGR+CHP+ADP+RUN-EXT+PW+DLK+SLC+TPE+NWS+,WAIT,55.0,3.20,0,1,0.00,0.00,0.00,0.00,0,0,0,0,-9.6,-77.50,-102.75,162.00,125.25,636.50,G,5,UNKNOWN,SIGNAL,
2026-05-01 10:39:32,3233,27803.75,27743.80,27789.43,27791.60,55.18,17.35,37.7,18.2,0.0,18.2,0.0,0.00,0,0.0,0,0,0.00,0.00,0.00,0.00,,0.0,0,2,2880.00,AUTO,,AGGR+CHP+ADP+RUN-EXT+PW+DLK+SLC+TPE+NWS+,WAIT,55.0,3.45,0,1,0.00,0.00,0.00,0.00,0,0,0,0,-11.4,-73.50,-98.75,166.00,129.25,640.50,G,6,UNKNOWN,BRICK_CLOSE,src=primary color=G streak=6 o=27783.75 c=27799.75 hi=27799.75 lo=27783.75
2026-05-01 10:39:32,3233,27803.75,27743.93,27789.43,27791.60,55.18,17.35,37.7,25.5,0.0,25.5,0.0,0.00,0,0.0,0,0,0.00,0.00,0.00,0.00,,0.0,0,2,2880.00,AUTO,,AGGR+CHP+ADP+RUN-EXT+PW+DLK+SLC+TPE+NWS+,WAIT,55.0,3.45,0,1,0.00,0.00,0.00,0.00,0,0,0,0,-11.4,-73.50,-98.75,166.00,129.25,640.50,G,6,UNKNOWN,SIGNAL,
2026-05-01 10:39:43,3234,27807.75,27743.93,27793.09,27793.07,57.59,17.26,35.6,25.5,0.0,25.5,0.0,0.00,0,0.0,0,0,0.00,0.00,0.00,0.00,,0.0,0,2,2880.00,AUTO,,AGGR+CHP+ADP+RUN-EXT+PW+DLK+SLC+TPE+NWS+,WAIT,55.0,3.70,0,1,0.00,0.00,0.00,0.00,0,0,0,1,-12.0,-69.50,-94.75,170.00,133.25,644.50,G,7,UNKNOWN,BRICK_CLOSE,src=primary color=G streak=7 o=27787.75 c=27803.75 hi=27803.75 lo=27787.75
2026-05-01 10:39:43,3234,27807.75,27744.08,27793.09,27793.07,57.59,17.26,35.6,120.0,0.0,120.0,0.0,0.00,1,0.0,0,0,0.00,0.00,0.00,0.00,,0.0,0,2,2880.00,AUTO,,AGGR+CHP+ADP+RUN-EXT+PW+DLK+SLC+TPE+NWS+,WAIT,55.0,3.69,0,1,0.00,0.00,0.00,0.00,0,0,0,1,-12.0,-69.50,-94.75,170.00,133.25,644.50,G,7,UNKNOWN,SIGNAL,
2026-05-01 10:39:43,3234,27807.75,27744.08,27793.09,27793.07,57.59,17.26,35.6,120.0,0.0,120.0,0.0,0.00,1,0.0,1,0,0.00,0.00,0.00,0.00,,0.0,0,2,2880.00,AUTO,Momentum+VWAP,AGGR+CHP+ADP+RUN-EXT+PW+DLK+SLC+TPE+NWS+,STRONG_BUY,55.0,3.69,0,1,0.00,0.00,0.00,0.00,0,0,0,1,-12.0,-69.50,-94.75,170.00,133.25,644.50,G,7,UNKNOWN,ENTRY_LONG,manual=F bull=120.0 bear=0.0 sig=2 htf=1 tape=0.00 emaXAgo=0 distVwap=63.7 atr=17.3 px=27807.75 sl=0.00 tp=0.00
2026-05-01 10:39:43,3234,27807.75,27744.08,27793.09,27793.07,57.59,17.26,35.6,120.0,0.0,120.0,0.0,0.00,1,0.0,1,1,27795.75,27777.75,28295.75,0.00,,0.0,0,2,2880.00,AUTO,Momentum+VWAP,AGGR+CHP+ADP+RUN-EXT+PW+DLK+SLC+TPE+NWS+,STRONG_BUY,55.0,3.69,0,1,12.00,0.00,0.00,0.00,0,0,0,1,-12.0,-69.50,-94.75,170.00,133.25,644.50,G,7,UNKNOWN,CLAMP_SKIP,adx=35.6 thr=28.0
2026-05-01 10:39:43,3234,27807.75,27744.08,27793.09,27793.07,57.59,17.26,35.6,120.0,0.0,120.0,0.0,0.00,1,0.0,1,1,27795.75,27777.75,28295.75,0.00,,0.0,0,2,2880.00,AUTO,Momentum+VWAP,AGGR+CHP+ADP+RUN-EXT+PW+DLK+SLC+TPE+NWS+,STRONG_BUY,55.0,3.69,0,1,12.00,0.00,0.00,0.00,0,0,0,1,-12.0,-69.50,-94.75,170.00,133.25,644.50,G,7,UNKNOWN,STOPS_ARMED,dir=1 entry=27795.75 sl=27777.75 tp=28295.75 slPt=18 tpPt=50 RUNNER
2026-05-01 10:43:15,3235,27811.75,27744.08,27796.82,27794.76,59.90,18.31,33.8,120.0,0.0,120.0,0.0,0.00,1,0.0,1,1,27795.75,27777.75,28295.75,0.00,,0.0,0,2,2880.00,AUTO,Momentum+VWAP,AGGR+CHP+ADP+RUN-EXT+PW+DLK+SLC+TPE+NWS+,STRONG_BUY,55.0,3.70,0,1,16.00,0.00,0.00,0.00,0,0,0,1,-11.8,-65.50,-90.75,174.00,137.25,648.50,G,8,UNKNOWN,BRICK_CLOSE,src=primary color=G streak=8 o=27791.75 c=27807.75 hi=27807.75 lo=27791.75
2026-05-01 10:43:15,3235,27811.75,27744.08,27796.82,27794.76,59.90,18.31,33.8,120.0,0.0,120.0,0.0,0.00,1,0.0,1,1,27795.75,27793.75,28295.75,0.00,,0.0,0,2,2880.00,AUTO,Momentum+VWAP,AGGR+CHP+ADP+RUN-EXT+PW+DLK+SLC+TPE+NWS+,STRONG_BUY,55.0,3.70,0,1,16.00,16.00,0.00,0.00,0,0,0,1,-11.8,-65.50,-90.75,174.00,137.25,648.50,G,8,UNKNOWN,PROFIT_SAFEGUARD,tier=1 T1_PROFIT_SAFE peak=16.0pt sl=27793.75 offset=-2.0pt entry=27795.75 runner=True
2026-05-01 10:43:15,3235,27811.75,27744.08,27796.82,27794.76,59.90,18.31,33.8,120.0,0.0,120.0,0.0,0.00,1,0.0,1,1,27795.75,27793.75,28295.75,0.00,,0.0,0,2,2880.00,AUTO,Momentum+VWAP,AGGR+CHP+ADP+RUN-EXT+PW+DLK+SLC+TPE+NWS+,STRONG_BUY,55.0,3.70,0,1,16.00,16.00,0.00,0.00,0,0,0,1,-11.8,-65.50,-90.75,174.00,137.25,648.50,G,8,UNKNOWN,PEAKLOCK_T1,peak=16.0pt giveback=11.9pt floor=27799.75 entry=27795.75
2026-05-01 10:43:18,3236,27815.75,27745.76,27800.61,27796.67,62.13,18.15,31.7,120.0,0.0,120.0,0.0,0.00,1,0.0,1,1,27795.75,27793.75,28295.75,27807.75,BrickMode*DORMANT,0.0,0,2,2880.00,AUTO,Momentum+VWAP,AGGR+CHP+ADP+RUN-EXT+PW+DLK+SLC+TPE+NWS+,STRONG_BUY,55.0,3.86,0,1,20.00,16.00,0.00,0.00,0,0,0,1,-11.5,-61.50,-86.75,178.00,141.25,652.50,G,9,UNKNOWN,BRICK_CLOSE,src=primary color=G streak=9 o=27795.75 c=27811.75 hi=27811.75 lo=27779.75
2026-05-01 10:43:18,3236,27815.75,27745.76,27800.61,27796.67,62.13,18.15,31.7,120.0,0.0,120.0,0.0,0.00,1,0.0,1,1,27795.75,27796.75,28295.75,27807.75,BrickMode*DORMANT,0.0,0,2,2880.00,AUTO,Momentum+VWAP,AGGR+CHP+ADP+RUN-EXT+PW+DLK+SLC+TPE+NWS+,STRONG_BUY,55.0,3.86,0,1,20.00,20.00,0.00,0.00,0,0,0,1,-11.5,-61.50,-86.75,178.00,141.25,652.50,G,9,UNKNOWN,PROFIT_SAFEGUARD,tier=2 T2_PROFIT_SAFE peak=20.0pt sl=27796.75 offset=1.0pt entry=27795.75 runner=True
2026-05-01 10:43:20,3237,27819.75,27745.83,27804.44,27798.77,64.27,17.99,29.5,120.0,0.0,120.0,0.0,0.00,1,0.0,1,1,27795.75,27796.75,28295.75,27811.75,BrickMode*DORMANT,0.0,0,2,2880.00,AUTO,Momentum+VWAP,AGGR+CHP+ADP+RUN-EXT+PW+DLK+SLC+TPE+NWS+,STRONG_BUY,55.0,4.11,0,1,24.00,20.00,0.00,0.00,0,0,0,1,-10.9,-57.50,-82.75,182.00,145.25,656.50,G,10,UNKNOWN,BRICK_CLOSE,src=primary color=G streak=10 o=27799.75 c=27815.75 hi=27815.75 lo=27799.75
2026-05-01 10:43:26,3238,27823.75,27745.88,27808.30,27801.04,66.32,17.85,28.0,120.0,0.0,120.0,0.0,0.00,1,0.0,1,1,27795.75,27796.75,28295.75,27815.75,BrickMode*DORMANT,0.0,0,2,2880.00,AUTO,Momentum+VWAP,AGGR+CHP+ADP+RUN-EXT+PW+DLK+SLC+TPE+NWS+,STRONG_BUY,55.0,4.36,0,1,28.00,24.00,0.00,0.00,0,0,0,1,-9.7,-53.50,-78.75,186.00,149.25,660.50,G,11,UNKNOWN,BRICK_CLOSE,src=primary color=G streak=11 o=27803.75 c=27819.75 hi=27819.75 lo=27803.75
2026-05-01 10:43:26,3238,27823.75,27745.88,27808.30,27801.04,66.32,17.85,28.0,120.0,0.0,120.0,0.0,0.00,1,0.0,1,1,27795.75,27796.75,28295.75,27815.75,BrickMode*DORMANT,0.0,0,2,2880.00,AUTO,Momentum+VWAP,AGGR+CHP+ADP+RUN-EXT+PW+DLK+SLC+TPE+NWS+,STRONG_BUY,55.0,4.36,0,1,28.00,28.00,0.00,0.00,0,0,0,1,-9.7,-53.50,-78.75,186.00,149.25,660.50,G,11,UNKNOWN,PEAKLOCK_T2,peak=28.0pt giveback=13.6pt floor=27810.25 entry=27795.75
2026-05-01 10:43:56,3239,27827.75,27745.99,27812.19,27803.47,68.28,17.72,26.9,120.0,0.0,120.0,0.0,0.00,1,0.0,1,1,27795.75,27796.75,28295.75,27819.75,BrickMode*DORMANT,0.0,0,2,2880.00,AUTO,Momentum+VWAP,AGGR+CHP+ADP+RUN-EXT+PW+DLK+SLC+TPE+NWS+,STRONG_BUY,55.0,4.61,0,1,32.00,28.00,0.00,0.00,0,0,0,1,-8.6,-49.50,-74.75,190.00,153.25,664.50,G,12,UNKNOWN,BRICK_CLOSE,src=primary color=G streak=12 o=27807.75 c=27823.75 hi=27823.75 lo=27807.75
2026-05-01 10:43:56,3239,27827.75,27745.99,27812.19,27803.47,68.28,17.72,26.9,120.0,0.0,120.0,0.0,0.00,1,0.0,1,1,27795.75,27803.75,28295.75,27819.75,BrickMode*DORMANT,0.0,0,2,2880.00,AUTO,Momentum+VWAP,AGGR+CHP+ADP+RUN-EXT+PW+DLK+SLC+TPE+NWS+,STRONG_BUY,55.0,4.61,0,1,32.00,32.00,0.00,0.00,0,0,0,1,-8.6,-49.50,-74.75,190.00,153.25,664.50,G,12,UNKNOWN,PROFIT_SAFEGUARD,tier=3 T3_PROFIT_SAFE peak=32.0pt sl=27803.75 offset=8.0pt entry=27795.75 runner=True
2026-05-01 10:44:00,3240,27831.75,27746.36,27816.10,27806.04,70.15,17.59,26.3,120.0,0.0,120.0,0.0,0.00,1,0.0,1,1,27795.75,27803.75,28295.75,27823.75,BrickMode*DORMANT,0.0,0,2,2880.00,AUTO,Momentum+VWAP,AGGR+CHP+ADP+RUN-EXT+PW+DLK+SLC+TPE+NWS+,STRONG_BUY,55.0,4.85,0,1,36.00,32.00,0.00,0.00,0,0,0,1,-7.5,-45.50,-70.75,194.00,157.25,668.50,G,13,UNKNOWN,BRICK_CLOSE,src=primary color=G streak=13 o=27811.75 c=27827.75 hi=27827.75 lo=27811.75
2026-05-01 10:47:18,3241,27835.75,27746.45,27820.03,27808.74,71.93,18.21,25.0,120.0,0.0,120.0,0.0,0.00,1,0.0,1,1,27795.75,27803.75,28295.75,27827.75,BrickMode*DORMANT,0.0,0,2,2880.00,AUTO,Momentum+VWAP,AGGR+CHP+ADP+RUN-EXT+PW+DLK+SLC+TPE+NWS+,STRONG_BUY,55.0,4.90,0,1,40.00,36.00,0.00,0.00,0,0,0,1,-6.7,-41.50,-66.75,177.25,161.25,672.50,G,14,UNKNOWN,BRICK_CLOSE,src=primary color=G streak=14 o=27815.75 c=27831.75 hi=27831.75 lo=27815.75
2026-05-01 10:47:18,3241,27835.75,27746.45,27820.03,27808.74,71.93,18.21,25.0,120.0,0.0,120.0,0.0,0.00,1,0.0,1,1,27795.75,27803.75,28295.75,27827.75,BrickMode*DORMANT,0.0,0,2,2880.00,AUTO,Momentum+VWAP,AGGR+CHP+ADP+RUN-EXT+PW+DLK+SLC+TPE+NWS+,STRONG_BUY,55.0,4.90,0,1,40.00,36.00,0.00,0.00,0,0,0,1,-6.7,-41.50,-66.75,177.25,161.25,672.50,G,14,UNKNOWN,HEARTBEAT,tradesToday=3 openDca=1
2026-05-01 10:47:18,3241,27835.75,27746.45,27820.03,27808.74,71.93,18.21,25.0,120.0,0.0,120.0,0.0,0.00,1,0.0,1,1,27795.75,27803.75,28295.75,27827.75,BrickMode*DORMANT,0.0,0,2,2880.00,AUTO,Momentum+VWAP,AGGR+CHP+ADP+RUN-EXT+PW+DLK+SLC+TPE+NWS+,STRONG_BUY,55.0,4.90,0,1,40.00,40.00,0.00,0.00,0,0,0,1,-6.7,-41.50,-66.75,177.25,161.25,672.50,G,14,UNKNOWN,PEAKLOCK_T3,peak=40.0pt giveback=16.2pt floor=27819.50 entry=27795.75
2026-05-01 10:50:06,3242,27807.75,27748.17,27817.58,27808.65,49.61,18.98,23.5,120.0,0.0,120.0,0.0,0.00,1,0.0,1,1,27795.75,27803.75,28295.75,27831.75,BrickMode*DORMANT,0.0,0,2,2880.00,AUTO,Momentum+VWAP,AGGR+CHP+ADP+RUN-EXT+PW+DLK+SLC+TPE+NWS+,STRONG_BUY,55.0,3.14,0,1,12.00,40.00,0.00,0.00,0,0,0,0,-6.0,-69.50,-94.75,149.25,133.25,644.50,G,15,UNKNOWN,BRICK_CLOSE,src=primary color=G streak=15 o=27819.75 c=27835.75 hi=27835.75 lo=27809.50
2026-05-01 10:50:06,3242,27807.75,27748.17,27817.58,27808.65,49.61,18.98,23.5,120.0,0.0,120.0,0.0,0.00,1,0.0,1,1,27795.75,27803.75,28295.75,27831.75,BrickMode*DORMANT,0.0,0,2,2880.00,AUTO,Momentum+VWAP,AGGR+CHP+ADP+RUN-EXT+PW+DLK+SLC+TPE+NWS+,STRONG_BUY,55.0,3.14,0,1,12.00,40.00,0.00,0.00,0,0,0,0,-6.0,-69.50,-94.75,149.25,133.25,644.50,G,15,UNKNOWN,BRICK_TRAIL_HIT,reason=px_stop peak=40.0pt cur=12.0pt retrace=28.0pt effRetraceMin=5.3pt trail=27831.75 px=27807.75 adxSlope=-6.03 streak=15 effPct=50
2026-05-01 10:50:06,3242,27807.75,27749.30,27817.58,27808.65,49.61,18.98,23.5,120.0,0.0,120.0,0.0,0.00,1,0.0,1,0,27795.75,27803.75,28295.75,27831.75,BrickMode*DORMANT,0.0,0,3,3360.00,AUTO,Momentum+VWAP,AGGR+CHP+ADP+RUN-EXT+PW+DLK+SLC+TPE+NWS+,STRONG_BUY,55.0,3.08,0,1,12.00,40.00,0.00,0.00,0,0,0,0,-6.0,-69.50,-94.75,149.25,133.25,644.50,G,15,UNKNOWN,CAP_REFUND,pnl=480.00 thr=25.00 tradesToday=2/20
2026-05-01 10:50:06,3242,27807.75,27749.30,27817.58,27808.65,49.61,18.98,23.5,120.0,0.0,120.0,0.0,0.00,1,0.0,1,0,27795.75,27803.75,28295.75,27831.75,BrickMode*DORMANT,0.0,0,3,3360.00,AUTO,Momentum+VWAP,AGGR+CHP+ADP+RUN-EXT+PW+DLK+SLC+TPE+NWS+,STRONG_BUY,55.0,3.08,0,1,12.00,40.00,0.00,0.00,0,0,0,0,-6.0,-69.50,-94.75,149.25,133.25,644.50,G,15,UNKNOWN,BRICK_REENTRY_ARMED,dir=1 reason=TRAIL_BrickTrail_PxStop exitPx=27807.75 windowSec=90 minStreak=3
2026-05-01 10:50:06,3242,27807.75,27749.30,27817.58,27808.65,49.61,18.98,23.5,120.0,0.0,120.0,0.0,0.00,1,0.0,1,0,27795.75,27803.75,28295.75,27831.75,BrickMode*DORMANT,0.0,0,3,3360.00,AUTO,Momentum+VWAP,AGGR+CHP+ADP+RUN-EXT+PW+DLK+SLC+TPE+NWS+,STRONG_BUY,55.0,3.08,0,1,12.00,40.00,0.00,0.00,0,0,0,0,-6.0,-69.50,-94.75,149.25,133.25,644.50,G,15,UNKNOWN,EXIT_WIN_TRAIL_BrickTrail_PxStop,pnl=480.00 consec=3
2026-05-01 10:50:06,3242,27807.75,27749.30,27817.58,27808.65,49.61,18.98,23.5,120.0,0.0,120.0,0.0,0.00,1,0.0,1,0,27795.75,27803.75,28295.75,27831.75,BrickMode*DORMANT,0.0,0,3,3360.00,AUTO,Momentum+VWAP,AGGR+CHP+ADP+RUN-EXT+PW+DLK+SLC+TPE+NWS+,STRONG_BUY,55.0,3.08,0,1,12.00,40.00,0.00,0.00,0,0,0,0,-6.0,-69.50,-94.75,149.25,133.25,644.50,G,15,UNKNOWN,REGIME_PNL,regime=UNKNOWN tradePnl=480.00 regTotal=2640.00 thresh=-200
2026-05-01 10:50:11,3243,27803.75,27749.30,27814.81,27808.21,47.35,18.77,22.0,120.0,0.0,120.0,0.0,0.00,1,0.0,1,0,27795.75,27803.75,28295.75,27831.75,BrickMode*DORMANT,0.0,0,3,3360.00,AUTO,Momentum+VWAP,AGGR+CHP+ADP+RUN-EXT+PW+DLK+SLC+TPE+NWS+,STRONG_BUY,55.0,2.90,0,1,8.00,40.00,0.00,0.00,0,0,0,0,-6.0,-73.50,-98.75,145.25,129.25,640.50,R,1,UNKNOWN,BRICK_CLOSE,src=primary color=R streak=1 o=27823.75 c=27807.75 hi=27836.75 lo=27807.75
2026-05-01 10:50:11,3243,27803.75,27749.30,27814.81,27808.21,47.35,18.77,22.0,120.0,0.0,120.0,0.0,0.00,1,0.0,1,0,27795.75,27803.75,28295.75,27831.75,BrickMode*DORMANT,0.0,0,3,3360.00,AUTO,Momentum+VWAP,AGGR+CHP+ADP+RUN-EXT+PW+DLK+SLC+TPE+NWS+,STRONG_BUY,55.0,2.90,0,1,8.00,40.00,0.00,0.00,0,0,0,0,-6.0,-73.50,-98.75,145.25,129.25,640.50,R,1,UNKNOWN,BRICK_REENTRY_DISARM,why=opp_brick
2026-05-01 10:50:11,3243,27803.75,27749.30,27814.81,27808.21,47.35,18.77,22.0,120.0,0.0,120.0,0.0,0.00,1,0.0,1,0,27795.75,27803.75,28295.75,27831.75,BrickMode*DORMANT,0.0,0,3,3360.00,AUTO,Momentum+VWAP,AGGR+CHP+ADP+RUN-EXT+PW+DLK+SLC+TPE+NWS+,STRONG_BUY,55.0,2.90,0,1,8.00,40.00,0.00,0.00,0,0,0,0,-6.0,-73.50,-98.75,145.25,129.25,640.50,R,1,UNKNOWN,RUN_END,color=G len=15 pts=44.0 maxFav=72.0 durSec=680 startPx=27763.75 endPx=27807.75
2026-05-01 10:50:11,3243,27803.75,27749.37,27814.81,27808.21,47.35,18.77,22.0,28.2,0.0,28.2,0.0,0.00,1,0.0,0,0,0.00,0.00,0.00,0.00,,0.0,0,3,3360.00,AUTO,,AGGR+CHP+ADP+RUN-EXT+PW+DLK+SLC+TPE+NWS+,STRONG_BUY,55.0,2.90,0,1,0.00,0.00,0.00,0.00,0,0,0,0,-6.0,-73.50,-98.75,145.25,129.25,640.50,R,1,UNKNOWN,SIGNAL,
2026-05-01 10:50:11,3243,27803.75,27749.37,27814.81,27808.21,47.35,18.77,22.0,28.2,0.0,28.2,0.0,0.00,1,0.0,0,0,0.00,0.00,0.00,0.00,,0.0,0,3,3360.00,AUTO,,AGGR+CHP+ADP+RUN-EXT+PW+DLK+SLC+TPE+NWS+,WAIT,55.0,2.90,0,1,0.00,0.00,0.00,0.00,0,0,0,0,-6.0,-73.50,-98.75,145.25,129.25,640.50,R,1,UNKNOWN,BLOCK_AUTO,reason=tooSoon consecLoss=0 barsSinceExit=1 barsSinceLoss=59
2026-05-01 10:50:12,3244,27799.75,27749.37,27811.80,27807.44,45.13,18.57,21.0,28.2,0.0,28.2,0.0,0.00,1,0.0,0,0,0.00,0.00,0.00,0.00,,0.0,0,3,3360.00,AUTO,,AGGR+CHP+ADP+RUN-EXT+PW+DLK+SLC+TPE+NWS+,WAIT,55.0,2.71,0,1,0.00,0.00,0.00,0.00,0,0,0,0,-5.9,-77.50,-102.75,141.25,125.25,636.50,R,2,UNKNOWN,BRICK_CLOSE,src=primary color=R streak=2 o=27819.75 c=27803.75 hi=27819.75 lo=27803.75
2026-05-01 10:50:12,3244,27799.75,27749.41,27811.80,27807.44,45.13,18.57,21.0,18.3,0.0,18.3,0.0,0.00,1,0.0,0,0,0.00,0.00,0.00,0.00,,0.0,0,3,3360.00,AUTO,,AGGR+CHP+ADP+RUN-EXT+PW+DLK+SLC+TPE+NWS+,WAIT,55.0,2.71,0,1,0.00,0.00,0.00,0.00,0,0,0,0,-5.9,-77.50,-102.75,141.25,125.25,636.50,R,2,UNKNOWN,SIGNAL,
2026-05-01 10:50:12,3244,27799.75,27749.41,27811.80,27807.44,45.13,18.57,21.0,18.3,0.0,18.3,0.0,0.00,1,0.0,0,0,0.00,0.00,0.00,0.00,,0.0,0,3,3360.00,AUTO,,AGGR+CHP+ADP+RUN-EXT+PW+DLK+SLC+TPE+NWS+,WAIT,55.0,2.71,0,1,0.00,0.00,0.00,0.00,0,0,0,0,-5.9,-77.50,-102.75,141.25,125.25,636.50,R,2,UNKNOWN,BLOCK_AUTO,reason=tooSoon consecLoss=0 barsSinceExit=2 barsSinceLoss=60
2026-05-01 10:50:22,3245,27795.75,27749.41,27808.59,27806.37,42.97,18.39,20.5,18.3,0.0,18.3,0.0,0.00,1,0.0,0,0,0.00,0.00,0.00,0.00,,0.0,0,3,3360.00,AUTO,,AGGR+CHP+ADP+RUN-EXT+PW+DLK+SLC+TPE+NWS+,WAIT,55.0,2.52,0,1,0.00,0.00,0.00,0.00,0,0,0,0,-5.8,-81.50,-106.75,137.25,121.25,632.50,R,3,UNKNOWN,BRICK_CLOSE,src=primary color=R streak=3 o=27815.75 c=27799.75 hi=27815.75 lo=27799.75
2026-05-01 10:50:22,3245,27795.75,27749.52,27808.59,27806.37,42.97,18.39,20.5,18.0,7.5,18.0,7.5,0.00,1,0.0,0,0,0.00,0.00,0.00,0.00,,0.0,0,3,3360.00,AUTO,,AGGR+CHP+ADP+RUN-EXT+PW+DLK+SLC+TPE+NWS+,WAIT,55.0,2.51,0,1,0.00,0.00,0.00,0.00,0,0,0,0,-5.8,-81.50,-106.75,137.25,121.25,632.50,R,3,UNKNOWN,SIGNAL,
2026-05-01 10:50:22,3245,27795.75,27749.52,27808.59,27806.37,42.97,18.39,20.5,18.0,7.5,18.0,7.5,0.00,1,0.0,0,0,0.00,0.00,0.00,0.00,,0.0,0,3,3360.00,AUTO,,AGGR+CHP+ADP+RUN-EXT+PW+DLK+SLC+TPE+NWS+,WAIT,55.0,2.51,0,1,0.00,0.00,0.00,0.00,0,0,0,0,-5.8,-81.50,-106.75,137.25,121.25,632.50,R,3,UNKNOWN,BLOCK_AUTO,reason=tooSoon consecLoss=0 barsSinceExit=3 barsSinceLoss=61
2026-05-01 10:51:50,3246,27823.75,27749.52,27811.62,27807.95,58.11,19.24,19.4,18.0,7.5,18.0,7.5,0.00,1,0.0,0,0,0.00,0.00,0.00,0.00,,0.0,0,3,3360.00,AUTO,,AGGR+CHP+ADP+RUN-EXT+PW+DLK+SLC+TPE+NWS+,WAIT,55.0,3.86,0,1,0.00,0.00,0.00,0.00,0,0,0,1,-5.5,-53.50,-78.75,165.25,149.25,660.50,R,4,UNKNOWN,BRICK_CLOSE,src=primary color=R streak=4 o=27811.75 c=27795.75 hi=27811.75 lo=27795.75
2026-05-01 10:51:50,3246,27823.75,27750.24,27811.62,27807.95,58.11,19.24,19.4,69.1,0.0,69.1,0.0,0.00,1,0.0,0,0,0.00,0.00,0.00,0.00,,0.0,0,3,3360.00,AUTO,,AGGR+CHP+ADP+RUN-EXT+PW+DLK+SLC+TPE+NWS+,WAIT,55.0,3.82,0,1,0.00,0.00,0.00,0.00,0,0,0,1,-5.5,-53.50,-78.75,165.25,149.25,660.50,R,4,UNKNOWN,SIGNAL,
2026-05-01 10:51:50,3246,27823.75,27750.24,27811.62,27807.95,58.11,19.24,19.4,69.1,0.0,69.1,0.0,0.00,1,0.0,0,0,0.00,0.00,0.00,0.00,,0.0,0,3,3360.00,AUTO,,AGGR+CHP+ADP+RUN-EXT+PW+DLK+SLC+TPE+NWS+,BUY,55.0,3.82,0,1,0.00,0.00,0.00,0.00,0,0,0,1,-5.5,-53.50,-78.75,165.25,149.25,660.50,R,4,UNKNOWN,BLOCK_CHOP,EMA gap 3.67 < 5.77 (ADX 19.4)
2026-05-01 10:51:54,3247,27827.75,27750.24,27814.85,27809.75,59.76,19.00,18.8,69.1,0.0,69.1,0.0,0.00,1,0.0,0,0,0.00,0.00,0.00,0.00,,0.0,0,3,3360.00,AUTO,,AGGR+CHP+ADP+RUN-EXT+PW+DLK+SLC+TPE+NWS+,BUY,55.0,4.08,0,1,0.00,0.00,0.00,0.00,0,0,0,1,-4.7,-49.50,-74.75,169.25,153.25,664.50,G,1,UNKNOWN,BRICK_CLOSE,src=primary color=G streak=1 o=27807.75 c=27823.75 hi=27823.75 lo=27793.50
2026-05-01 10:51:54,3247,27827.75,27750.24,27814.85,27809.75,59.76,19.00,18.8,69.1,0.0,69.1,0.0,0.00,1,0.0,0,0,0.00,0.00,0.00,0.00,,0.0,0,3,3360.00,AUTO,,AGGR+CHP+ADP+RUN-EXT+PW+DLK+SLC+TPE+NWS+,BUY,55.0,4.08,0,1,0.00,0.00,0.00,0.00,0,0,0,1,-4.7,-49.50,-74.75,169.25,153.25,664.50,G,1,UNKNOWN,RUN_END,color=R len=4 pts=0.0 maxFav=28.0 durSec=103 startPx=27823.75 endPx=27823.75
2026-05-01 10:51:54,3247,27827.75,27750.29,27814.85,27809.75,59.76,19.00,18.8,115.5,0.0,115.5,0.0,0.00,1,0.0,0,0,0.00,0.00,0.00,0.00,,0.0,0,3,3360.00,AUTO,,AGGR+CHP+ADP+RUN-EXT+PW+DLK+SLC+TPE+NWS+,BUY,55.0,4.08,0,1,0.00,0.00,0.00,0.00,0,0,0,1,-4.7,-49.50,-74.75,169.25,153.25,664.50,G,1,UNKNOWN,SIGNAL,
2026-05-01 10:51:54,3247,27827.75,27750.29,27814.85,27809.75,59.76,19.00,18.8,115.5,0.0,115.5,0.0,0.00,1,0.0,0,0,0.00,0.00,0.00,0.00,,0.0,0,3,3360.00,AUTO,,AGGR+CHP+ADP+RUN-EXT+PW+DLK+SLC+TPE+NWS+,BUY,55.0,4.08,0,1,0.00,0.00,0.00,0.00,0,0,0,1,-4.7,-49.50,-74.75,169.25,153.25,664.50,G,1,UNKNOWN,BLOCK_CHOP,EMA gap 5.09 < 5.70 (ADX 18.8)
2026-05-01 10:52:01,3248,27831.75,27750.29,27818.23,27811.75,61.39,18.79,18.6,115.5,0.0,115.5,0.0,0.00,1,0.0,0,0,0.00,0.00,0.00,0.00,,0.0,0,3,3360.00,AUTO,,AGGR+CHP+ADP+RUN-EXT+PW+DLK+SLC+TPE+NWS+,BUY,55.0,4.34,0,1,0.00,0.00,0.00,0.00,0,0,0,1,-3.4,-45.50,-70.75,173.25,157.25,668.50,G,2,UNKNOWN,BRICK_CLOSE,src=primary color=G streak=2 o=27811.75 c=27827.75 hi=27827.75 lo=27811.75
2026-05-01 10:52:01,3248,27831.75,27750.38,27818.23,27811.75,61.39,18.79,18.6,73.5,0.0,73.5,0.0,0.00,1,0.0,0,0,0.00,0.00,0.00,0.00,,0.0,0,3,3360.00,AUTO,,AGGR+CHP+ADP+RUN-EXT+PW+DLK+SLC+TPE+NWS+,BUY,55.0,4.33,0,1,0.00,0.00,0.00,0.00,0,0,0,1,-3.4,-45.50,-70.75,173.25,157.25,668.50,G,2,UNKNOWN,SIGNAL,
2026-05-01 10:52:01,3248,27831.75,27750.38,27818.23,27811.75,61.39,18.79,18.6,73.5,0.0,73.5,0.0,0.00,1,0.0,0,0,0.00,0.00,0.00,0.00,,0.0,0,3,3360.00,AUTO,,AGGR+CHP+ADP+RUN-EXT+PW+DLK+SLC+TPE+NWS+,BUY,55.0,4.33,0,1,0.00,0.00,0.00,0.00,0,0,0,1,-3.4,-45.50,-70.75,173.25,157.25,668.50,G,2,UNKNOWN,POST_WIN_DIST_RELEASE,dir=1 moved=24.0pt thr=8.0 exit_px=27807.75 cur_px=27831.75
2026-05-01 10:52:01,3248,27831.75,27750.38,27818.23,27811.75,61.39,18.79,18.6,73.5,0.0,73.5,0.0,0.00,1,0.0,1,0,0.00,0.00,0.00,0.00,,0.0,0,3,3360.00,AUTO,Momentum+VWAP,AGGR+CHP+ADP+RUN-EXT+PW+DLK+SLC+TPE+NWS+,BUY,55.0,4.33,0,1,0.00,0.00,0.00,0.00,0,0,0,1,-3.4,-45.50,-70.75,173.25,157.25,668.50,G,2,UNKNOWN,ENTRY_LONG,manual=F bull=73.5 bear=0.0 sig=1 htf=1 tape=0.00 emaXAgo=14 distVwap=81.4 atr=18.8 px=27831.75 sl=0.00 tp=0.00
2026-05-01 10:52:01,3248,27831.75,27750.38,27818.23,27811.75,61.39,18.79,18.6,73.5,0.0,73.5,0.0,0.00,1,0.0,1,1,27819.75,27801.75,28319.75,0.00,,0.0,0,3,3360.00,AUTO,Momentum+VWAP,AGGR+CHP+ADP+RUN-EXT+PW+DLK+SLC+TPE+NWS+,BUY,55.0,4.33,0,1,12.00,0.00,0.00,0.00,0,0,0,1,-3.4,-45.50,-70.75,173.25,157.25,668.50,G,2,UNKNOWN,STOPS_ARMED,dir=1 entry=27819.75 sl=27801.75 tp=28319.75 slPt=18 tpPt=50 RUNNER
2026-05-01 10:55:41,3249,27835.75,27750.38,27821.73,27813.93,63.00,18.89,18.8,73.5,0.0,73.5,0.0,0.00,1,0.0,1,1,27819.75,27801.75,28319.75,0.00,,0.0,0,3,3360.00,AUTO,Momentum+VWAP,AGGR+CHP+ADP+RUN-EXT+PW+DLK+SLC+TPE+NWS+,BUY,55.0,4.52,0,1,16.00,0.00,0.00,0.00,0,0,0,1,-2.2,-41.50,-66.75,177.25,161.25,672.50,G,3,UNKNOWN,BRICK_CLOSE,src=primary color=G streak=3 o=27815.75 c=27831.75 hi=27831.75 lo=27815.75
2026-05-01 10:55:41,3249,27835.75,27750.38,27821.73,27813.93,63.00,18.89,18.8,73.5,0.0,73.5,0.0,0.00,1,0.0,1,1,27819.75,27817.75,28319.75,0.00,,0.0,0,3,3360.00,AUTO,Momentum+VWAP,AGGR+CHP+ADP+RUN-EXT+PW+DLK+SLC+TPE+NWS+,BUY,55.0,4.52,0,1,16.00,16.00,0.00,0.00,0,0,0,1,-2.2,-41.50,-66.75,177.25,161.25,672.50,G,3,UNKNOWN,PROFIT_SAFEGUARD,tier=1 T1_PROFIT_SAFE peak=16.0pt sl=27817.75 offset=-2.0pt entry=27819.75 runner=True
2026-05-01 10:55:41,3249,27835.75,27750.38,27821.73,27813.93,63.00,18.89,18.8,73.5,0.0,73.5,0.0,0.00,1,0.0,1,1,27819.75,27817.75,28319.75,0.00,,0.0,0,3,3360.00,AUTO,Momentum+VWAP,AGGR+CHP+ADP+RUN-EXT+PW+DLK+SLC+TPE+NWS+,BUY,55.0,4.52,0,1,16.00,16.00,0.00,0.00,0,0,0,1,-2.2,-41.50,-66.75,177.25,161.25,672.50,G,3,UNKNOWN,PEAKLOCK_T1,peak=16.0pt giveback=11.9pt floor=27823.75 entry=27819.75
2026-05-01 10:56:04,3250,27839.75,27751.85,27825.34,27816.28,64.60,18.69,19.3,73.5,0.0,73.5,0.0,0.00,1,0.0,1,1,27819.75,27817.75,28319.75,27831.75,BrickMode*DORMANT,0.0,0,3,3360.00,AUTO,Momentum+VWAP,AGGR+CHP+ADP+RUN-EXT+PW+DLK+SLC+TPE+NWS+,BUY,55.0,4.70,0,1,20.00,16.00,0.00,0.00,0,0,0,1,-1.2,-37.50,-62.75,181.25,165.25,676.50,G,4,UNKNOWN,BRICK_CLOSE,src=primary color=G streak=4 o=27819.75 c=27835.75 hi=27835.75 lo=27815.50
2026-05-01 10:56:04,3250,27839.75,27751.85,27825.34,27816.28,64.60,18.69,19.3,73.5,0.0,73.5,0.0,0.00,1,0.0,1,1,27819.75,27820.75,28319.75,27831.75,BrickMode*DORMANT,0.0,0,3,3360.00,AUTO,Momentum+VWAP,AGGR+CHP+ADP+RUN-EXT+PW+DLK+SLC+TPE+NWS+,BUY,55.0,4.70,0,1,20.00,20.00,0.00,0.00,0,0,0,1,-1.2,-37.50,-62.75,181.25,165.25,676.50,G,4,UNKNOWN,PROFIT_SAFEGUARD,tier=2 T2_PROFIT_SAFE peak=20.0pt sl=27820.75 offset=1.0pt entry=27819.75 runner=True
2026-05-01 10:56:11,3251,27843.75,27752.01,27829.02,27818.78,66.17,18.50,20.1,73.5,0.0,73.5,0.0,0.00,1,0.0,1,1,27819.75,27820.75,28319.75,27835.75,BrickMode*DORMANT,0.0,0,3,3360.00,AUTO,Momentum+VWAP,AGGR+CHP+ADP+RUN-EXT+PW+DLK+SLC+TPE+NWS+,BUY,55.0,4.96,0,1,24.00,20.00,0.00,0.00,0,0,0,1,0.7,-33.50,-58.75,185.25,169.25,680.50,G,5,UNKNOWN,BRICK_CLOSE,src=primary color=G streak=5 o=27823.75 c=27839.75 hi=27839.75 lo=27823.75
2026-05-01 10:58:22,3252,27815.75,27752.10,27826.36,27818.50,49.58,19.25,19.3,73.5,0.0,73.5,0.0,0.00,1,0.0,1,1,27819.75,27820.75,28319.75,27839.75,BrickMode*DORMANT,0.0,0,3,3360.00,AUTO,Momentum+VWAP,AGGR+CHP+ADP+RUN-EXT+PW+DLK+SLC+TPE+NWS+,BUY,55.0,3.31,0,1,-4.00,24.00,0.00,0.00,0,0,0,0,0.5,-61.50,-86.75,157.25,141.25,652.50,G,6,UNKNOWN,BRICK_CLOSE,src=primary color=G streak=6 o=27827.75 c=27843.75 hi=27843.75 lo=27827.75
2026-05-01 10:58:22,3252,27815.75,27752.10,27826.36,27818.50,49.58,19.25,19.3,73.5,0.0,73.5,0.0,0.00,1,0.0,1,1,27819.75,27820.75,28319.75,27839.75,BrickMode*DORMANT,0.0,0,3,3360.00,AUTO,Momentum+VWAP,AGGR+CHP+ADP+RUN-EXT+PW+DLK+SLC+TPE+NWS+,BUY,55.0,3.31,0,1,-4.00,24.00,0.00,0.00,0,0,0,0,0.5,-61.50,-86.75,157.25,141.25,652.50,G,6,UNKNOWN,HEARTBEAT,tradesToday=3 openDca=1
2026-05-01 10:58:22,3252,27815.75,27752.10,27826.36,27818.50,49.58,19.25,19.3,73.5,0.0,73.5,0.0,0.00,1,0.0,1,1,27819.75,27820.75,28319.75,27839.75,BrickMode*DORMANT,0.0,0,3,3360.00,AUTO,Momentum+VWAP,AGGR+CHP+ADP+RUN-EXT+PW+DLK+SLC+TPE+NWS+,BUY,55.0,3.31,0,1,-4.00,24.00,0.00,0.00,0,0,0,0,0.5,-61.50,-86.75,157.25,141.25,652.50,G,6,UNKNOWN,BRICK_TRAIL_HIT,reason=px_stop peak=24.0pt cur=-4.0pt retrace=28.0pt effRetraceMin=16.0pt trail=27839.75 px=27815.75 adxSlope=0.48 streak=6 effPct=50
2026-05-01 10:58:22,3252,27815.75,27752.74,27826.36,27818.50,49.58,19.25,19.3,73.5,0.0,73.5,0.0,0.00,1,21.2,1,0,27819.75,27820.75,28319.75,27839.75,BrickMode*DORMANT,0.0,0,4,3520.00,AUTO,Momentum+VWAP,AGGR+CHP+ADP+RUN-EXT+PW+DLK+SLC+TPE+NWS+,BUY,55.0,3.27,0,1,-4.00,24.00,0.00,0.00,0,0,0,0,0.5,-61.50,-86.75,157.25,141.25,652.50,G,6,UNKNOWN,CAP_REFUND,pnl=160.00 thr=25.00 tradesToday=2/20
2026-05-01 10:58:22,3252,27815.75,27752.74,27826.36,27818.50,49.58,19.25,19.3,73.5,0.0,73.5,0.0,0.00,1,21.2,1,0,27819.75,27820.75,28319.75,27839.75,BrickMode*DORMANT,0.0,0,4,3520.00,AUTO,Momentum+VWAP,AGGR+CHP+ADP+RUN-EXT+PW+DLK+SLC+TPE+NWS+,BUY,55.0,3.27,0,1,-4.00,24.00,0.00,0.00,0,0,0,0,0.5,-61.50,-86.75,157.25,141.25,652.50,G,6,UNKNOWN,BRICK_REENTRY_ARMED,dir=1 reason=TRAIL_BrickTrail_PxStop exitPx=27815.75 windowSec=90 minStreak=3
2026-05-01 10:58:22,3252,27815.75,27752.74,27826.36,27818.50,49.58,19.25,19.3,73.5,0.0,73.5,0.0,0.00,1,21.2,1,0,27819.75,27820.75,28319.75,27839.75,BrickMode*DORMANT,0.0,0,4,3520.00,AUTO,Momentum+VWAP,AGGR+CHP+ADP+RUN-EXT+PW+DLK+SLC+TPE+NWS+,BUY,55.0,3.27,0,1,-4.00,24.00,0.00,0.00,0,0,0,0,0.5,-61.50,-86.75,157.25,141.25,652.50,G,6,UNKNOWN,EXIT_WIN_TRAIL_BrickTrail_PxStop,pnl=160.00 consec=4
2026-05-01 10:58:22,3252,27815.75,27752.74,27826.36,27818.50,49.58,19.25,19.3,73.5,0.0,73.5,0.0,0.00,1,21.2,1,0,27819.75,27820.75,28319.75,27839.75,BrickMode*DORMANT,0.0,0,4,3520.00,AUTO,Momentum+VWAP,AGGR+CHP+ADP+RUN-EXT+PW+DLK+SLC+TPE+NWS+,BUY,55.0,3.27,0,1,-4.00,24.00,0.00,0.00,0,0,0,0,0.5,-61.50,-86.75,157.25,141.25,652.50,G,6,UNKNOWN,REGIME_PNL,regime=UNKNOWN tradePnl=160.00 regTotal=2800.00 thresh=-200
2026-05-01 11:00:01,3253,27811.75,27752.74,27823.44,27817.89,47.74,19.42,18.1,73.5,0.0,73.5,0.0,0.00,1,21.2,1,0,27819.75,27820.75,28319.75,27839.75,BrickMode*DORMANT,0.0,0,4,3520.00,AUTO,Momentum+VWAP,AGGR+CHP+ADP+RUN-EXT+PW+DLK+SLC+TPE+NWS+,BUY,55.0,3.04,0,1,-8.00,24.00,0.00,0.00,0,0,0,0,-0.5,-65.50,-90.75,153.25,137.25,648.50,R,1,UNKNOWN,BRICK_CLOSE,src=primary color=R streak=1 o=27831.75 c=27815.75 hi=27844.75 lo=27815.75
2026-05-01 11:00:01,3253,27811.75,27752.74,27823.44,27817.89,47.74,19.42,18.1,73.5,0.0,73.5,0.0,0.00,1,21.2,1,0,27819.75,27820.75,28319.75,27839.75,BrickMode*DORMANT,0.0,0,4,3520.00,AUTO,Momentum+VWAP,AGGR+CHP+ADP+RUN-EXT+PW+DLK+SLC+TPE+NWS+,BUY,55.0,3.04,0,1,-8.00,24.00,0.00,0.00,0,0,0,0,-0.5,-65.50,-90.75,153.25,137.25,648.50,R,1,UNKNOWN,BRICK_REENTRY_DISARM,why=window_expired
2026-05-01 11:00:01,3253,27811.75,27752.74,27823.44,27817.89,47.74,19.42,18.1,73.5,0.0,73.5,0.0,0.00,1,21.2,1,0,27819.75,27820.75,28319.75,27839.75,BrickMode*DORMANT,0.0,0,4,3520.00,AUTO,Momentum+VWAP,AGGR+CHP+ADP+RUN-EXT+PW+DLK+SLC+TPE+NWS+,BUY,55.0,3.04,0,1,-8.00,24.00,0.00,0.00,0,0,0,0,-0.5,-65.50,-90.75,153.25,137.25,648.50,R,1,UNKNOWN,RUN_END,color=G len=6 pts=8.0 maxFav=36.0 durSec=487 startPx=27807.75 endPx=27815.75
2026-05-01 11:00:01,3253,27811.75,27753.35,27823.44,27817.89,47.74,19.42,18.1,25.8,0.0,25.8,0.0,0.00,1,0.0,0,0,0.00,0.00,0.00,0.00,,0.0,0,4,3520.00,AUTO,,AGGR+CHP+ADP+RUN-EXT+PW+DLK+SLC+TPE+NWS+,BUY,55.0,3.01,0,1,0.00,0.00,0.00,0.00,0,0,0,0,-0.5,-65.50,-90.75,153.25,137.25,648.50,R,1,UNKNOWN,SIGNAL,
2026-05-01 11:00:01,3253,27811.75,27753.35,27823.44,27817.89,47.74,19.42,18.1,25.8,0.0,25.8,0.0,0.00,1,0.0,0,0,0.00,0.00,0.00,0.00,,0.0,0,4,3520.00,AUTO,,AGGR+CHP+ADP+RUN-EXT+PW+DLK+SLC+TPE+NWS+,WAIT,55.0,3.01,0,1,0.00,0.00,0.00,0.00,0,0,0,0,-0.5,-65.50,-90.75,153.25,137.25,648.50,R,1,UNKNOWN,BLOCK_AUTO,reason=tooSoon consecLoss=0 barsSinceExit=1 barsSinceLoss=69
2026-05-01 11:00:05,3254,27807.75,27753.35,27820.30,27816.97,45.91,19.18,17.0,25.8,0.0,25.8,0.0,0.00,1,0.0,0,0,0.00,0.00,0.00,0.00,,0.0,0,4,3520.00,AUTO,,AGGR+CHP+ADP+RUN-EXT+PW+DLK+SLC+TPE+NWS+,WAIT,55.0,2.84,0,1,0.00,0.00,0.00,0.00,0,0,0,0,-1.8,-69.50,-94.75,149.25,133.25,644.50,R,2,UNKNOWN,BRICK_CLOSE,src=primary color=R streak=2 o=27827.75 c=27811.75 hi=27833.50 lo=27811.75
2026-05-01 11:00:05,3254,27807.75,27753.41,27820.30,27816.97,45.91,19.18,17.0,23.0,0.0,23.0,0.0,0.00,1,0.0,0,0,0.00,0.00,0.00,0.00,,0.0,0,4,3520.00,AUTO,,AGGR+CHP+ADP+RUN-EXT+PW+DLK+SLC+TPE+NWS+,WAIT,55.0,2.83,0,1,0.00,0.00,0.00,0.00,0,0,0,0,-1.8,-69.50,-94.75,149.25,133.25,644.50,R,2,UNKNOWN,SIGNAL,
2026-05-01 11:00:05,3254,27807.75,27753.41,27820.30,27816.97,45.91,19.18,17.0,23.0,0.0,23.0,0.0,0.00,1,0.0,0,0,0.00,0.00,0.00,0.00,,0.0,0,4,3520.00,AUTO,,AGGR+CHP+ADP+RUN-EXT+PW+DLK+SLC+TPE+NWS+,WAIT,55.0,2.83,0,1,0.00,0.00,0.00,0.00,0,0,0,0,-1.8,-69.50,-94.75,149.25,133.25,644.50,R,2,UNKNOWN,BLOCK_AUTO,reason=tooSoon consecLoss=0 barsSinceExit=2 barsSinceLoss=70
2026-05-01 11:00:27,3255,27803.75,27753.41,27816.99,27815.77,44.08,18.95,16.4,23.0,0.0,23.0,0.0,0.00,1,0.0,0,0,0.00,0.00,0.00,0.00,,0.0,0,4,3520.00,AUTO,,AGGR+CHP+ADP+RUN-EXT+PW+DLK+SLC+TPE+NWS+,WAIT,55.0,2.66,0,1,0.00,0.00,0.00,0.00,0,0,0,0,-2.9,-73.50,-98.75,145.25,129.25,640.50,R,3,UNKNOWN,BRICK_CLOSE,src=primary color=R streak=3 o=27823.75 c=27807.75 hi=27823.75 lo=27807.75
2026-05-01 11:00:27,3255,27803.75,27753.57,27816.99,27815.77,44.08,18.95,16.4,18.0,7.5,18.0,7.5,0.00,1,0.0,0,0,0.00,0.00,0.00,0.00,,0.0,0,4,3520.00,AUTO,,AGGR+CHP+ADP+RUN-EXT+PW+DLK+SLC+TPE+NWS+,WAIT,55.0,2.65,0,1,0.00,0.00,0.00,0.00,0,0,0,0,-2.9,-73.50,-98.75,145.25,129.25,640.50,R,3,UNKNOWN,SIGNAL,
2026-05-01 11:00:27,3255,27803.75,27753.57,27816.99,27815.77,44.08,18.95,16.4,18.0,7.5,18.0,7.5,0.00,1,0.0,0,0,0.00,0.00,0.00,0.00,,0.0,0,4,3520.00,AUTO,,AGGR+CHP+ADP+RUN-EXT+PW+DLK+SLC+TPE+NWS+,WAIT,55.0,2.65,0,1,0.00,0.00,0.00,0.00,0,0,0,0,-2.9,-73.50,-98.75,145.25,129.25,640.50,R,3,UNKNOWN,BLOCK_AUTO,reason=tooSoon consecLoss=0 barsSinceExit=3 barsSinceLoss=71
2026-05-01 11:01:09,3256,27799.75,27753.57,27813.54,27814.31,42.27,18.74,16.2,18.0,7.5,18.0,7.5,0.00,1,0.0,0,0,0.00,0.00,0.00,0.00,,0.0,0,4,3520.00,AUTO,,AGGR+CHP+ADP+RUN-EXT+PW+DLK+SLC+TPE+NWS+,WAIT,55.0,2.46,0,1,0.00,0.00,0.00,0.00,0,0,0,-1,-3.8,-77.50,-102.75,141.25,125.25,636.50,R,4,UNKNOWN,BRICK_CLOSE,src=primary color=R streak=4 o=27819.75 c=27803.75 hi=27819.75 lo=27803.75
2026-05-01 11:01:09,3256,27799.75,27753.88,27813.54,27814.31,42.27,18.74,16.2,8.0,67.3,8.0,67.3,0.00,0,0.0,0,0,0.00,0.00,0.00,0.00,,0.0,0,4,3520.00,AUTO,,AGGR+CHP+ADP+RUN-EXT+PW+DLK+SLC+TPE+NWS+,WAIT,55.0,2.45,0,1,0.00,0.00,0.00,0.00,0,0,0,-1,-3.8,-77.50,-102.75,141.25,125.25,636.50,R,4,UNKNOWN,SIGNAL,
2026-05-01 11:01:09,3256,27799.75,27753.88,27813.54,27814.31,42.27,18.74,16.2,8.0,67.3,8.0,67.3,0.00,0,0.0,0,0,0.00,0.00,0.00,0.00,,0.0,0,4,3520.00,AUTO,,AGGR+CHP+ADP+RUN-EXT+PW+DLK+SLC+TPE+NWS+,SELL,55.0,2.45,0,1,0.00,0.00,0.00,0.00,0,0,0,-1,-3.8,-77.50,-102.75,141.25,125.25,636.50,R,4,UNKNOWN,BLOCK_AUTO,side=S reason=htfBlockS bear=67.3 effMin=60.0 tc=False
2026-05-01 11:01:16,3257,27795.75,27753.88,27809.99,27812.62,40.48,18.55,16.4,8.0,67.3,8.0,67.3,0.00,0,0.0,0,0,0.00,0.00,0.00,0.00,,0.0,0,4,3520.00,AUTO,,AGGR+CHP+ADP+RUN-EXT+PW+DLK+SLC+TPE+NWS+,SELL,55.0,2.26,0,1,0.00,0.00,0.00,0.00,0,0,0,-1,-2.9,-81.50,-106.75,137.25,121.25,632.50,R,5,UNKNOWN,BRICK_CLOSE,src=primary color=R streak=5 o=27815.75 c=27799.75 hi=27815.75 lo=27799.75
2026-05-01 11:01:16,3257,27795.75,27753.93,27809.99,27812.62,40.48,18.55,16.4,8.0,77.3,8.0,77.3,0.00,0,0.0,0,0,0.00,0.00,0.00,0.00,,0.0,0,4,3520.00,AUTO,,AGGR+CHP+ADP+RUN-EXT+PW+DLK+SLC+TPE+NWS+,SELL,55.0,2.25,0,1,0.00,0.00,0.00,0.00,0,0,0,-1,-2.9,-81.50,-106.75,137.25,121.25,632.50,R,5,UNKNOWN,SIGNAL,
2026-05-01 11:01:16,3257,27795.75,27753.93,27809.99,27812.62,40.48,18.55,16.4,8.0,77.3,8.0,77.3,0.00,0,0.0,0,0,0.00,0.00,0.00,0.00,,0.0,0,4,3520.00,AUTO,,AGGR+CHP+ADP+RUN-EXT+PW+DLK+SLC+TPE+NWS+,STRONG_SELL,55.0,2.25,0,1,0.00,0.00,0.00,0.00,0,0,0,-1,-2.9,-81.50,-106.75,137.25,121.25,632.50,R,5,UNKNOWN,BLOCK_CHOP,EMA gap 2.64 < 5.56 (ADX 16.4)
2026-05-01 11:01:23,3258,27791.75,27753.93,27806.34,27810.73,38.71,18.36,17.0,8.0,77.3,8.0,77.3,0.00,0,0.0,0,0,0.00,0.00,0.00,0.00,,0.0,0,4,3520.00,AUTO,,AGGR+CHP+ADP+RUN-EXT+PW+DLK+SLC+TPE+NWS+,STRONG_SELL,55.0,2.06,0,1,0.00,0.00,0.00,0.00,0,0,0,-1,-1.2,-85.50,-110.75,133.25,117.25,628.50,R,6,UNKNOWN,BRICK_CLOSE,src=primary color=R streak=6 o=27811.75 c=27795.75 hi=27811.75 lo=27795.75
2026-05-01 11:01:23,3258,27791.75,27753.97,27806.34,27810.73,38.71,18.36,17.0,8.0,50.0,8.0,50.0,0.00,0,0.0,0,0,0.00,0.00,0.00,0.00,,0.0,0,4,3520.00,AUTO,,AGGR+CHP+ADP+RUN-EXT+PW+DLK+SLC+TPE+NWS+,STRONG_SELL,55.0,2.06,0,1,0.00,0.00,0.00,0.00,0,0,0,-1,-1.2,-85.50,-110.75,133.25,117.25,628.50,R,6,UNKNOWN,SIGNAL,
2026-05-01 11:01:26,3259,27787.75,27753.97,27802.62,27808.64,36.98,18.20,17.8,8.0,50.0,8.0,50.0,0.00,0,0.0,0,0,0.00,0.00,0.00,0.00,,0.0,0,4,3520.00,AUTO,,AGGR+CHP+ADP+RUN-EXT+PW+DLK+SLC+TPE+NWS+,WAIT,55.0,1.86,0,1,0.00,0.00,0.00,0.00,0,0,0,-1,0.7,-89.50,-114.75,129.25,113.25,624.50,R,7,UNKNOWN,BRICK_CLOSE,src=primary color=R streak=7 o=27807.75 c=27791.75 hi=27807.75 lo=27791.75
2026-05-01 11:01:26,3259,27787.75,27754.01,27802.62,27808.64,36.98,18.20,17.8,8.0,65.0,8.0,65.0,0.00,0,0.0,0,0,0.00,0.00,0.00,0.00,,0.0,0,4,3520.00,AUTO,,AGGR+CHP+ADP+RUN-EXT+PW+DLK+SLC+TPE+NWS+,WAIT,55.0,1.85,0,1,0.00,0.00,0.00,0.00,0,0,0,-1,0.7,-89.50,-114.75,129.25,113.25,624.50,R,7,UNKNOWN,SIGNAL,
2026-05-01 11:01:26,3259,27787.75,27754.01,27802.62,27808.64,36.98,18.20,17.8,8.0,65.0,8.0,65.0,0.00,0,0.0,0,0,0.00,0.00,0.00,0.00,,0.0,0,4,3520.00,AUTO,,AGGR+CHP+ADP+RUN-EXT+PW+DLK+SLC+TPE+NWS+,SELL,55.0,1.85,0,1,0.00,0.00,0.00,0.00,0,0,0,-1,0.7,-89.50,-114.75,129.25,113.25,624.50,R,7,UNKNOWN,TREND_CHASE_FIRE,dir=-1 adx=17.8 streak=7 bear=65.0
2026-05-01 11:01:26,3259,27787.75,27754.01,27802.62,27808.64,36.98,18.20,17.8,8.0,65.0,8.0,65.0,0.00,0,0.0,-1,0,0.00,0.00,0.00,0.00,,0.0,0,4,3520.00,AUTO,Key Lvl Breakout,AGGR+CHP+ADP+RUN-EXT+PW+DLK+SLC+TPE+NWS+,SELL,55.0,1.85,0,1,0.00,0.00,0.00,0.00,0,0,0,-1,0.7,-89.50,-114.75,129.25,113.25,624.50,R,7,UNKNOWN,ENTRY_SHORT,manual=F bull=8.0 bear=65.0 sig=-1 htf=0 tape=0.00 emaXAgo=3 distVwap=33.7 atr=18.2 px=27787.75 sl=0.00 tp=0.00
2026-05-01 11:01:26,3259,27787.75,27754.01,27802.62,27808.64,36.98,18.20,17.8,8.0,65.0,8.0,65.0,0.00,0,0.0,-1,1,27799.75,27817.75,27749.75,0.00,,0.0,0,4,3520.00,AUTO,Key Lvl Breakout,AGGR+CHP+ADP+RUN-EXT+PW+DLK+SLC+TPE+NWS+,SELL,55.0,1.85,0,1,12.00,0.00,0.00,0.00,0,0,0,-1,0.7,-89.50,-114.75,129.25,113.25,624.50,R,7,UNKNOWN,STOPS_ARMED,dir=-1 entry=27799.75 sl=27817.75 tp=27749.75 slPt=18 tpPt=50
2026-05-01 11:01:26,3260,27783.75,27754.01,27798.85,27806.37,35.27,18.04,18.8,8.0,65.0,8.0,65.0,0.00,0,0.0,-1,1,27799.75,27817.75,27749.75,0.00,,0.0,0,4,3520.00,AUTO,Key Lvl Breakout,AGGR+CHP+ADP+RUN-EXT+PW+DLK+SLC+TPE+NWS+,SELL,55.0,1.65,0,1,16.00,0.00,0.00,0.00,0,0,0,-1,2.4,-93.50,-118.75,125.25,109.25,620.50,R,8,UNKNOWN,BRICK_CLOSE,src=primary color=R streak=8 o=27803.75 c=27787.75 hi=27803.75 lo=27787.75
2026-05-01 11:01:26,3260,27783.75,27754.01,27798.85,27806.37,35.27,18.04,18.8,8.0,65.0,8.0,65.0,0.00,0,0.0,-1,1,27799.75,27817.75,27749.75,0.00,,0.0,0,4,3520.00,AUTO,Key Lvl Breakout,AGGR+CHP+ADP+RUN-EXT+PW+DLK+SLC+TPE+NWS+,SELL,55.0,1.65,0,1,16.00,16.00,0.00,0.00,0,0,0,-1,2.4,-93.50,-118.75,125.25,109.25,620.50,R,8,UNKNOWN,SMART_BE_HANDOFF,tier=3 peak=16.0pt -> BrickTrail PxStop owns SL
2026-05-01 11:01:26,3260,27783.75,27754.01,27798.85,27806.37,35.27,18.04,18.8,8.0,65.0,8.0,65.0,0.00,0,0.0,-1,1,27799.75,27801.75,27749.75,0.00,,0.0,0,4,3520.00,AUTO,Key Lvl Breakout,AGGR+CHP+ADP+RUN-EXT+PW+DLK+SLC+TPE+NWS+,SELL,55.0,1.65,0,1,16.00,16.00,0.00,0.00,0,0,0,-1,2.4,-93.50,-118.75,125.25,109.25,620.50,R,8,UNKNOWN,PROFIT_SAFEGUARD,tier=1 T1_PROFIT_SAFE peak=16.0pt sl=27801.75 offset=-2.0pt entry=27799.75 runner=False
2026-05-01 11:01:26,3260,27783.75,27754.01,27798.85,27806.37,35.27,18.04,18.8,8.0,65.0,8.0,65.0,0.00,0,0.0,-1,1,27799.75,27801.75,27749.75,0.00,,0.0,0,4,3520.00,AUTO,Key Lvl Breakout,AGGR+CHP+ADP+RUN-EXT+PW+DLK+SLC+TPE+NWS+,SELL,55.0,1.65,0,1,16.00,16.00,0.00,0.00,0,0,0,-1,2.4,-93.50,-118.75,125.25,109.25,620.50,R,8,UNKNOWN,PEAKLOCK_T1,peak=16.0pt giveback=11.9pt floor=27795.75 entry=27799.75
2026-05-01 11:02:15,3261,27779.75,27754.01,27795.03,27803.95,33.61,18.04,20.1,8.0,65.0,8.0,65.0,0.00,0,0.0,-1,1,27799.75,27801.75,27749.75,27787.75,BrickMode*DORMANT,0.0,0,4,3520.00,AUTO,Key Lvl Breakout,AGGR+CHP+ADP+RUN-EXT+PW+DLK+SLC+TPE+NWS+,SELL,55.0,1.43,0,1,20.00,16.00,0.00,0.00,0,0,0,-1,3.9,-97.50,-122.75,76.50,105.25,616.50,R,9,UNKNOWN,BRICK_CLOSE,src=primary color=R streak=9 o=27799.75 c=27783.75 hi=27799.75 lo=27783.75
2026-05-01 11:02:15,3261,27779.75,27754.01,27795.03,27803.95,33.61,18.04,20.1,8.0,65.0,8.0,65.0,0.00,0,0.0,-1,1,27799.75,27798.75,27749.75,27787.75,BrickMode*DORMANT,0.0,0,4,3520.00,AUTO,Key Lvl Breakout,AGGR+CHP+ADP+RUN-EXT+PW+DLK+SLC+TPE+NWS+,SELL,55.0,1.43,0,1,20.00,20.00,0.00,0.00,0,0,0,-1,3.9,-97.50,-122.75,76.50,105.25,616.50,R,9,UNKNOWN,PROFIT_SAFEGUARD,tier=2 T2_PROFIT_SAFE peak=20.0pt sl=27798.75 offset=1.0pt entry=27799.75 runner=False
2026-05-01 11:02:16,3262,27775.75,27754.20,27791.17,27801.39,31.98,17.89,21.6,8.0,65.0,8.0,65.0,0.00,0,0.0,-1,1,27799.75,27798.75,27749.75,27783.75,BrickMode*DORMANT,0.0,0,4,3520.00,AUTO,Key Lvl Breakout,AGGR+CHP+ADP+RUN-EXT+PW+DLK+SLC+TPE+NWS+,SELL,55.0,1.20,0,1,24.00,20.00,0.00,0.00,0,0,0,-1,5.2,-101.50,-126.75,72.50,101.25,612.50,R,10,UNKNOWN,BRICK_CLOSE,src=primary color=R streak=10 o=27795.75 c=27779.75 hi=27797.75 lo=27779.75
2026-05-01 11:02:18,3263,27771.75,27754.21,27787.29,27798.70,30.39,17.76,23.3,8.0,65.0,8.0,65.0,0.00,0,0.0,-1,1,27799.75,27798.75,27749.75,27779.75,BrickMode*DORMANT,0.0,0,4,3520.00,AUTO,Key Lvl Breakout,AGGR+CHP+ADP+RUN-EXT+PW+DLK+SLC+TPE+NWS+,SELL,55.0,0.99,0,1,28.00,24.00,0.00,0.00,0,0,0,-1,6.3,-105.50,-130.75,68.50,97.25,608.50,R,11,UNKNOWN,BRICK_CLOSE,src=primary color=R streak=11 o=27791.75 c=27775.75 hi=27791.75 lo=27775.75
2026-05-01 11:02:18,3263,27771.75,27754.21,27787.29,27798.70,30.39,17.76,23.3,8.0,65.0,8.0,65.0,0.00,0,0.0,-1,1,27799.75,27798.75,27749.75,27779.75,BrickMode*DORMANT,0.0,0,4,3520.00,AUTO,Key Lvl Breakout,AGGR+CHP+ADP+RUN-EXT+PW+DLK+SLC+TPE+NWS+,SELL,55.0,0.99,0,1,28.00,28.00,0.00,0.00,0,0,0,-1,6.3,-105.50,-130.75,68.50,97.25,608.50,R,11,UNKNOWN,PEAKLOCK_T2,peak=28.0pt giveback=13.6pt floor=27785.25 entry=27799.75
2026-05-01 11:04:49,3264,27799.75,27754.23,27789.78,27798.79,49.33,18.68,23.0,8.0,65.0,8.0,65.0,0.00,0,0.0,-1,1,27799.75,27798.75,27749.75,27775.75,BrickMode*DORMANT,0.0,0,4,3520.00,AUTO,Key Lvl Breakout,AGGR+CHP+ADP+RUN-EXT+PW+DLK+SLC+TPE+NWS+,SELL,55.0,2.44,0,1,0.00,28.00,0.00,0.00,0,0,0,0,5.3,-77.50,-102.75,96.50,125.25,636.50,R,12,UNKNOWN,BRICK_CLOSE,src=primary color=R streak=12 o=27787.75 c=27771.75 hi=27787.75 lo=27771.75
2026-05-01 11:04:49,3264,27799.75,27754.23,27789.78,27798.79,49.33,18.68,23.0,8.0,65.0,8.0,65.0,0.00,0,0.0,-1,1,27799.75,27798.75,27749.75,27775.75,BrickMode*DORMANT,0.0,0,4,3520.00,AUTO,Key Lvl Breakout,AGGR+CHP+ADP+RUN-EXT+PW+DLK+SLC+TPE+NWS+,SELL,55.0,2.44,0,1,0.00,28.00,0.00,0.00,0,0,0,0,5.3,-77.50,-102.75,96.50,125.25,636.50,R,12,UNKNOWN,BRICK_TRAIL_HIT,reason=px_stop peak=28.0pt cur=0.0pt retrace=28.0pt effRetraceMin=11.3pt trail=27775.75 px=27799.75 adxSlope=5.26 streak=12 effPct=50
2026-05-01 11:04:49,3264,27799.75,27754.70,27789.78,27798.79,49.33,18.68,23.0,8.0,65.0,8.0,65.0,0.00,0,0.0,-1,0,27799.75,27798.75,27749.75,27775.75,BrickMode*DORMANT,0.0,0,5,3760.00,AUTO,Key Lvl Breakout,AGGR+CHP+ADP+RUN-EXT+PW+DLK+SLC+TPE+NWS+,SELL,55.0,2.41,0,1,0.00,28.00,0.00,0.00,0,0,0,0,5.3,-77.50,-102.75,96.50,125.25,636.50,R,12,UNKNOWN,CAP_REFUND,pnl=240.00 thr=25.00 tradesToday=2/20
2026-05-01 11:04:49,3264,27799.75,27754.70,27789.78,27798.79,49.33,18.68,23.0,8.0,65.0,8.0,65.0,0.00,0,0.0,-1,0,27799.75,27798.75,27749.75,27775.75,BrickMode*DORMANT,0.0,0,5,3760.00,AUTO,Key Lvl Breakout,AGGR+CHP+ADP+RUN-EXT+PW+DLK+SLC+TPE+NWS+,SELL,55.0,2.41,0,1,0.00,28.00,0.00,0.00,0,0,0,0,5.3,-77.50,-102.75,96.50,125.25,636.50,R,12,UNKNOWN,BRICK_REENTRY_ARMED,dir=-1 reason=TRAIL_BrickTrail_PxStop exitPx=27799.75 windowSec=90 minStreak=3
2026-05-01 11:04:49,3264,27799.75,27754.70,27789.78,27798.79,49.33,18.68,23.0,8.0,65.0,8.0,65.0,0.00,0,0.0,-1,0,27799.75,27798.75,27749.75,27775.75,BrickMode*DORMANT,0.0,0,5,3760.00,AUTO,Key Lvl Breakout,AGGR+CHP+ADP+RUN-EXT+PW+DLK+SLC+TPE+NWS+,SELL,55.0,2.41,0,1,0.00,28.00,0.00,0.00,0,0,0,0,5.3,-77.50,-102.75,96.50,125.25,636.50,R,12,UNKNOWN,EXIT_WIN_TRAIL_BrickTrail_PxStop,pnl=240.00 consec=5
2026-05-01 11:04:49,3264,27799.75,27754.70,27789.78,27798.79,49.33,18.68,23.0,8.0,65.0,8.0,65.0,0.00,0,0.0,-1,0,27799.75,27798.75,27749.75,27775.75,BrickMode*DORMANT,0.0,0,5,3760.00,AUTO,Key Lvl Breakout,AGGR+CHP+ADP+RUN-EXT+PW+DLK+SLC+TPE+NWS+,SELL,55.0,2.41,0,1,0.00,28.00,0.00,0.00,0,0,0,0,5.3,-77.50,-102.75,96.50,125.25,636.50,R,12,UNKNOWN,REGIME_PNL,regime=UNKNOWN tradePnl=240.00 regTotal=3040.00 thresh=-200
2026-05-01 11:04:57,3265,27803.75,27754.70,27792.57,27799.24,51.37,18.49,22.3,8.0,65.0,8.0,65.0,0.00,0,0.0,-1,0,27799.75,27798.75,27749.75,27775.75,BrickMode*DORMANT,0.0,0,5,3760.00,AUTO,Key Lvl Breakout,AGGR+CHP+ADP+RUN-EXT+PW+DLK+SLC+TPE+NWS+,SELL,55.0,2.65,0,1,-4.00,28.00,0.00,0.00,0,0,0,0,3.5,-73.50,-98.75,100.50,129.25,640.50,G,1,UNKNOWN,BRICK_CLOSE,src=primary color=G streak=1 o=27783.75 c=27799.75 hi=27799.75 lo=27769.00
2026-05-01 11:04:57,3265,27803.75,27754.70,27792.57,27799.24,51.37,18.49,22.3,8.0,65.0,8.0,65.0,0.00,0,0.0,-1,0,27799.75,27798.75,27749.75,27775.75,BrickMode*DORMANT,0.0,0,5,3760.00,AUTO,Key Lvl Breakout,AGGR+CHP+ADP+RUN-EXT+PW+DLK+SLC+TPE+NWS+,SELL,55.0,2.65,0,1,-4.00,28.00,0.00,0.00,0,0,0,0,3.5,-73.50,-98.75,100.50,129.25,640.50,G,1,UNKNOWN,BRICK_REENTRY_DISARM,why=opp_brick
2026-05-01 11:04:57,3265,27803.75,27754.70,27792.57,27799.24,51.37,18.49,22.3,8.0,65.0,8.0,65.0,0.00,0,0.0,-1,0,27799.75,27798.75,27749.75,27775.75,BrickMode*DORMANT,0.0,0,5,3760.00,AUTO,Key Lvl Breakout,AGGR+CHP+ADP+RUN-EXT+PW+DLK+SLC+TPE+NWS+,SELL,55.0,2.65,0,1,-4.00,28.00,0.00,0.00,0,0,0,0,3.5,-73.50,-98.75,100.50,129.25,640.50,G,1,UNKNOWN,RUN_END,color=R len=12 pts=32.0 maxFav=60.0 durSec=296 startPx=27831.75 endPx=27799.75
2026-05-01 11:04:57,3265,27803.75,27754.76,27792.57,27799.24,51.37,18.49,22.3,19.8,0.0,19.8,0.0,0.00,0,0.0,0,0,0.00,0.00,0.00,0.00,,0.0,0,5,3760.00,AUTO,,AGGR+CHP+ADP+RUN-EXT+PW+DLK+SLC+TPE+NWS+,SELL,55.0,2.65,0,1,0.00,0.00,0.00,0.00,0,0,0,0,3.5,-73.50,-98.75,100.50,129.25,640.50,G,1,UNKNOWN,SIGNAL,
2026-05-01 11:04:57,3265,27803.75,27754.76,27792.57,27799.24,51.37,18.49,22.3,19.8,0.0,19.8,0.0,0.00,0,0.0,0,0,0.00,0.00,0.00,0.00,,0.0,0,5,3760.00,AUTO,,AGGR+CHP+ADP+RUN-EXT+PW+DLK+SLC+TPE+NWS+,WAIT,55.0,2.65,0,1,0.00,0.00,0.00,0.00,0,0,0,0,3.5,-73.50,-98.75,100.50,129.25,640.50,G,1,UNKNOWN,BLOCK_AUTO,reason=tooSoon consecLoss=0 barsSinceExit=1 barsSinceLoss=81
2026-05-01 11:11:24,3266,27807.75,27754.76,27795.61,27800.02,53.39,19.08,22.3,19.8,0.0,19.8,0.0,0.00,0,0.0,0,0,0.00,0.00,0.00,0.00,,0.0,0,5,3760.00,AUTO,,AGGR+CHP+ADP+RUN-EXT+PW+DLK+SLC+TPE+NWS+,WAIT,55.0,2.78,0,1,0.00,0.00,0.00,0.00,0,0,0,0,2.1,-69.50,-94.75,104.50,133.25,644.50,G,2,UNKNOWN,BRICK_CLOSE,src=primary color=G streak=2 o=27787.75 c=27803.75 hi=27803.75 lo=27787.75
2026-05-01 11:11:24,3266,27807.75,27754.76,27795.61,27800.02,53.39,19.08,22.3,19.8,0.0,19.8,0.0,0.00,0,0.0,0,0,0.00,0.00,0.00,0.00,,0.0,0,5,3760.00,AUTO,,AGGR+CHP+ADP+RUN-EXT+PW+DLK+SLC+TPE+NWS+,WAIT,55.0,2.78,0,1,0.00,0.00,0.00,0.00,0,0,0,0,2.1,-69.50,-94.75,104.50,133.25,644.50,G,2,UNKNOWN,HEARTBEAT,tradesToday=2 openDca=0
2026-05-01 11:11:24,3266,27807.75,27755.88,27795.61,27800.02,53.39,19.08,22.3,36.7,0.0,36.7,0.0,0.00,0,0.0,0,0,0.00,0.00,0.00,0.00,,0.0,0,5,3760.00,AUTO,,AGGR+CHP+ADP+RUN-EXT+PW+DLK+SLC+TPE+NWS+,WAIT,55.0,2.72,0,1,0.00,0.00,0.00,0.00,0,0,0,0,2.1,-69.50,-94.75,104.50,133.25,644.50,G,2,UNKNOWN,SIGNAL,
2026-05-01 11:11:24,3266,27807.75,27755.88,27795.61,27800.02,53.39,19.08,22.3,36.7,0.0,36.7,0.0,0.00,0,0.0,0,0,0.00,0.00,0.00,0.00,,0.0,0,5,3760.00,AUTO,,AGGR+CHP+ADP+RUN-EXT+PW+DLK+SLC+TPE+NWS+,WAIT,55.0,2.72,0,1,0.00,0.00,0.00,0.00,0,0,0,0,2.1,-69.50,-94.75,104.50,133.25,644.50,G,2,UNKNOWN,BLOCK_AUTO,reason=tooSoon consecLoss=0 barsSinceExit=2 barsSinceLoss=82
2026-05-01 11:11:59,3267,27811.75,27755.88,27798.84,27801.08,55.38,18.86,21.7,36.7,0.0,36.7,0.0,0.00,0,0.0,0,0,0.00,0.00,0.00,0.00,,0.0,0,5,3760.00,AUTO,,AGGR+CHP+ADP+RUN-EXT+PW+DLK+SLC+TPE+NWS+,WAIT,55.0,2.96,0,1,0.00,0.00,0.00,0.00,0,0,0,0,0.1,-65.50,-90.75,108.50,137.25,648.50,G,3,UNKNOWN,BRICK_CLOSE,src=primary color=G streak=3 o=27791.75 c=27807.75 hi=27807.75 lo=27781.00
2026-05-01 11:11:59,3267,27811.75,27755.97,27798.84,27801.08,55.38,18.86,21.7,35.5,0.0,35.5,0.0,0.00,0,0.0,0,0,0.00,0.00,0.00,0.00,,0.0,0,5,3760.00,AUTO,,AGGR+CHP+ADP+RUN-EXT+PW+DLK+SLC+TPE+NWS+,WAIT,55.0,2.96,0,1,0.00,0.00,0.00,0.00,0,0,0,0,0.1,-65.50,-90.75,108.50,137.25,648.50,G,3,UNKNOWN,SIGNAL,
2026-05-01 11:11:59,3267,27811.75,27755.97,27798.84,27801.08,55.38,18.86,21.7,35.5,0.0,35.5,0.0,0.00,0,0.0,0,0,0.00,0.00,0.00,0.00,,0.0,0,5,3760.00,AUTO,,AGGR+CHP+ADP+RUN-EXT+PW+DLK+SLC+TPE+NWS+,WAIT,55.0,2.96,0,1,0.00,0.00,0.00,0.00,0,0,0,0,0.1,-65.50,-90.75,108.50,137.25,648.50,G,3,UNKNOWN,BLOCK_AUTO,reason=tooSoon consecLoss=0 barsSinceExit=3 barsSinceLoss=83
2026-05-01 11:12:12,3268,27815.75,27755.97,27802.22,27802.42,57.35,18.66,20.7,35.5,0.0,35.5,0.0,0.00,0,0.0,0,0,0.00,0.00,0.00,0.00,,0.0,0,5,3760.00,AUTO,,AGGR+CHP+ADP+RUN-EXT+PW+DLK+SLC+TPE+NWS+,WAIT,55.0,3.20,0,1,0.00,0.00,0.00,0.00,0,0,0,0,-2.5,-61.50,-86.75,112.50,141.25,652.50,G,4,UNKNOWN,BRICK_CLOSE,src=primary color=G streak=4 o=27795.75 c=27811.75 hi=27811.75 lo=27795.75
2026-05-01 11:12:12,3268,27815.75,27756.02,27802.22,27802.42,57.35,18.66,20.7,25.5,0.0,25.5,0.0,0.00,0,0.0,0,0,0.00,0.00,0.00,0.00,,0.0,0,5,3760.00,AUTO,,AGGR+CHP+ADP+RUN-EXT+PW+DLK+SLC+TPE+NWS+,WAIT,55.0,3.20,0,1,0.00,0.00,0.00,0.00,0,0,0,0,-2.5,-61.50,-86.75,112.50,141.25,652.50,G,4,UNKNOWN,SIGNAL,
2026-05-01 11:12:15,3269,27819.75,27756.02,27805.73,27803.99,59.28,18.47,19.4,25.5,0.0,25.5,0.0,0.00,0,0.0,0,0,0.00,0.00,0.00,0.00,,0.0,0,5,3760.00,AUTO,,AGGR+CHP+ADP+RUN-EXT+PW+DLK+SLC+TPE+NWS+,WAIT,55.0,3.45,0,1,0.00,0.00,0.00,0.00,0,0,0,1,-3.7,-57.50,-82.75,116.50,145.25,656.50,G,5,UNKNOWN,BRICK_CLOSE,src=primary color=G streak=5 o=27799.75 c=27815.75 hi=27815.75 lo=27799.75
2026-05-01 11:12:15,3269,27819.75,27756.04,27805.73,27803.99,59.28,18.47,19.4,98.5,0.0,98.5,0.0,0.00,1,0.0,0,0,0.00,0.00,0.00,0.00,,0.0,0,5,3760.00,AUTO,,AGGR+CHP+ADP+RUN-EXT+PW+DLK+SLC+TPE+NWS+,WAIT,55.0,3.45,0,1,0.00,0.00,0.00,0.00,0,0,0,1,-3.7,-57.50,-82.75,116.50,145.25,656.50,G,5,UNKNOWN,SIGNAL,
2026-05-01 11:12:15,3269,27819.75,27756.04,27805.73,27803.99,59.28,18.47,19.4,98.5,0.0,98.5,0.0,0.00,1,0.0,0,0,0.00,0.00,0.00,0.00,,0.0,0,5,3760.00,AUTO,,AGGR+CHP+ADP+RUN-EXT+PW+DLK+SLC+TPE+NWS+,STRONG_BUY,55.0,3.45,0,1,0.00,0.00,0.00,0.00,0,0,0,1,-3.7,-57.50,-82.75,116.50,145.25,656.50,G,5,UNKNOWN,BLOCK_CHOP,EMA gap 1.73 < 5.54 (ADX 19.4)
2026-05-01 11:12:18,3270,27823.75,27756.04,27809.33,27805.79,61.17,18.29,18.3,98.5,0.0,98.5,0.0,0.00,1,0.0,0,0,0.00,0.00,0.00,0.00,,0.0,0,5,3760.00,AUTO,,AGGR+CHP+ADP+RUN-EXT+PW+DLK+SLC+TPE+NWS+,STRONG_BUY,55.0,3.70,0,1,0.00,0.00,0.00,0.00,0,0,0,1,-4.0,-53.50,-78.75,120.50,149.25,660.50,G,6,UNKNOWN,BRICK_CLOSE,src=primary color=G streak=6 o=27803.75 c=27819.75 hi=27819.75 lo=27803.75
2026-05-01 11:12:18,3270,27823.75,27756.09,27809.33,27805.79,61.17,18.29,18.3,93.5,0.0,93.5,0.0,0.00,1,0.0,0,0,0.00,0.00,0.00,0.00,,0.0,0,5,3760.00,AUTO,,AGGR+CHP+ADP+RUN-EXT+PW+DLK+SLC+TPE+NWS+,STRONG_BUY,55.0,3.70,0,1,0.00,0.00,0.00,0.00,0,0,0,1,-4.0,-53.50,-78.75,120.50,149.25,660.50,G,6,UNKNOWN,SIGNAL,
2026-05-01 11:12:18,3270,27823.75,27756.09,27809.33,27805.79,61.17,18.29,18.3,93.5,0.0,93.5,0.0,0.00,1,0.0,0,0,0.00,0.00,0.00,0.00,,0.0,0,5,3760.00,AUTO,,AGGR+CHP+ADP+RUN-EXT+PW+DLK+SLC+TPE+NWS+,STRONG_BUY,55.0,3.70,0,1,0.00,0.00,0.00,0.00,0,0,0,1,-4.0,-53.50,-78.75,120.50,149.25,660.50,G,6,UNKNOWN,BLOCK_CHOP,EMA gap 3.54 < 5.49 (ADX 18.3)
2026-05-01 11:13:44,3271,27827.75,27756.09,27813.01,27807.78,63.02,18.13,17.7,93.5,0.0,93.5,0.0,0.00,1,0.0,0,0,0.00,0.00,0.00,0.00,,0.0,0,5,3760.00,AUTO,,AGGR+CHP+ADP+RUN-EXT+PW+DLK+SLC+TPE+NWS+,STRONG_BUY,55.0,3.95,0,1,0.00,0.00,0.00,0.00,0,0,0,1,-4.6,-49.50,-74.75,124.50,153.25,664.50,G,7,UNKNOWN,BRICK_CLOSE,src=primary color=G streak=7 o=27807.75 c=27823.75 hi=27823.75 lo=27807.75
2026-05-01 11:13:44,3271,27827.75,27756.52,27813.01,27807.78,63.02,18.13,17.7,88.5,0.0,88.5,0.0,0.00,1,0.0,0,0,0.00,0.00,0.00,0.00,,0.0,0,5,3760.00,AUTO,,AGGR+CHP+ADP+RUN-EXT+PW+DLK+SLC+TPE+NWS+,STRONG_BUY,55.0,3.93,0,1,0.00,0.00,0.00,0.00,0,0,0,1,-4.6,-49.50,-74.75,124.50,153.25,664.50,G,7,UNKNOWN,SIGNAL,
2026-05-01 11:13:44,3271,27827.75,27756.52,27813.01,27807.78,63.02,18.13,17.7,88.5,0.0,88.5,0.0,0.00,1,0.0,0,0,0.00,0.00,0.00,0.00,,0.0,0,5,3760.00,AUTO,,AGGR+CHP+ADP+RUN-EXT+PW+DLK+SLC+TPE+NWS+,STRONG_BUY,55.0,3.93,0,1,0.00,0.00,0.00,0.00,0,0,0,1,-4.6,-49.50,-74.75,124.50,153.25,664.50,G,7,UNKNOWN,BLOCK_CHOP,ADX<18 falling 3b (17.7)
2026-05-01 11:13:52,3272,27831.75,27756.52,27816.76,27809.96,64.83,17.98,17.6,88.5,0.0,88.5,0.0,0.00,1,0.0,0,0,0.00,0.00,0.00,0.00,,0.0,0,5,3760.00,AUTO,,AGGR+CHP+ADP+RUN-EXT+PW+DLK+SLC+TPE+NWS+,STRONG_BUY,55.0,4.19,0,1,0.00,0.00,0.00,0.00,0,0,0,1,-4.2,-45.50,-70.75,128.50,157.25,668.50,G,8,UNKNOWN,BRICK_CLOSE,src=primary color=G streak=8 o=27811.75 c=27827.75 hi=27827.75 lo=27811.75
2026-05-01 11:13:52,3272,27831.75,27756.58,27816.76,27809.96,64.83,17.98,17.6,116.5,0.0,116.5,0.0,0.00,1,0.0,0,0,0.00,0.00,0.00,0.00,,0.0,0,5,3760.00,AUTO,,AGGR+CHP+ADP+RUN-EXT+PW+DLK+SLC+TPE+NWS+,STRONG_BUY,55.0,4.18,0,1,0.00,0.00,0.00,0.00,0,0,0,1,-4.2,-45.50,-70.75,128.50,157.25,668.50,G,8,UNKNOWN,SIGNAL,
2026-05-01 11:13:52,3272,27831.75,27756.58,27816.76,27809.96,64.83,17.98,17.6,116.5,0.0,116.5,0.0,0.00,1,0.0,0,0,0.00,0.00,0.00,0.00,,0.0,0,5,3760.00,AUTO,,AGGR+CHP+ADP+RUN-EXT+PW+DLK+SLC+TPE+NWS+,STRONG_BUY,55.0,4.18,0,1,0.00,0.00,0.00,0.00,0,0,0,1,-4.2,-45.50,-70.75,128.50,157.25,668.50,G,8,UNKNOWN,BLOCK_CHOP,ADX<18 falling 3b (17.6)
2026-05-01 11:14:50,3273,27835.75,27756.58,27820.56,27812.31,66.58,17.83,17.8,116.5,0.0,116.5,0.0,0.00,1,0.0,0,0,0.00,0.00,0.00,0.00,,0.0,0,5,3760.00,AUTO,,AGGR+CHP+ADP+RUN-EXT+PW+DLK+SLC+TPE+NWS+,STRONG_BUY,55.0,4.44,0,1,0.00,0.00,0.00,0.00,0,0,0,1,-3.0,-41.50,-66.75,132.50,161.25,672.50,G,9,UNKNOWN,BRICK_CLOSE,src=primary color=G streak=9 o=27815.75 c=27831.75 hi=27831.75 lo=27815.75
2026-05-01 11:14:50,3273,27835.75,27756.80,27820.56,27812.31,66.58,17.83,17.8,73.5,0.0,73.5,0.0,0.00,1,0.0,0,0,0.00,0.00,0.00,0.00,,0.0,0,5,3760.00,AUTO,,AGGR+CHP+ADP+RUN-EXT+PW+DLK+SLC+TPE+NWS+,STRONG_BUY,55.0,4.43,0,1,0.00,0.00,0.00,0.00,0,0,0,1,-3.0,-41.50,-66.75,132.50,161.25,672.50,G,9,UNKNOWN,SIGNAL,
2026-05-01 11:14:50,3273,27835.75,27756.80,27820.56,27812.31,66.58,17.83,17.8,73.5,0.0,73.5,0.0,0.00,1,0.0,0,0,0.00,0.00,0.00,0.00,,0.0,0,5,3760.00,AUTO,,AGGR+CHP+ADP+RUN-EXT+PW+DLK+SLC+TPE+NWS+,BUY,55.0,4.43,0,1,0.00,0.00,0.00,0.00,0,0,0,1,-3.0,-41.50,-66.75,132.50,161.25,672.50,G,9,UNKNOWN,BLOCK_CHOP,range 16.00 < 17.83 over 5b (ADX 17.8)
2026-05-01 11:15:01,3274,27839.75,27756.80,27824.40,27814.80,68.29,17.70,18.3,73.5,0.0,73.5,0.0,0.00,1,0.0,0,0,0.00,0.00,0.00,0.00,,0.0,0,5,3760.00,AUTO,,AGGR+CHP+ADP+RUN-EXT+PW+DLK+SLC+TPE+NWS+,BUY,55.0,4.69,0,1,0.00,0.00,0.00,0.00,0,0,0,1,-1.0,-37.50,-62.75,136.50,165.25,676.50,G,10,UNKNOWN,BRICK_CLOSE,src=primary color=G streak=10 o=27819.75 c=27835.75 hi=27835.75 lo=27819.75
2026-05-01 11:15:01,3274,27839.75,27756.87,27824.40,27814.80,68.29,17.70,18.3,118.0,0.0,118.0,0.0,0.00,1,0.0,0,0,0.00,0.00,0.00,0.00,,0.0,0,5,3760.00,AUTO,,AGGR+CHP+ADP+RUN-EXT+PW+DLK+SLC+TPE+NWS+,BUY,55.0,4.68,0,1,0.00,0.00,0.00,0.00,0,0,0,1,-1.0,-37.50,-62.75,136.50,165.25,676.50,G,10,UNKNOWN,SIGNAL,
2026-05-01 11:15:01,3274,27839.75,27756.87,27824.40,27814.80,68.29,17.70,18.3,118.0,0.0,118.0,0.0,0.00,1,0.0,0,0,0.00,0.00,0.00,0.00,,0.0,0,5,3760.00,AUTO,,AGGR+CHP+ADP+RUN-EXT+PW+DLK+SLC+TPE+NWS+,BUY,55.0,4.68,0,1,0.00,0.00,0.00,0.00,0,0,0,1,-1.0,-37.50,-62.75,136.50,165.25,676.50,G,10,UNKNOWN,BLOCK_CHOP,range 16.00 < 17.70 over 5b (ADX 18.3)
2026-05-01 11:15:04,3275,27843.75,27756.87,27828.27,27817.43,69.94,17.58,19.2,118.0,0.0,118.0,0.0,0.00,1,0.0,0,0,0.00,0.00,0.00,0.00,,0.0,0,5,3760.00,AUTO,,AGGR+CHP+ADP+RUN-EXT+PW+DLK+SLC+TPE+NWS+,BUY,55.0,4.94,0,1,0.00,0.00,0.00,0.00,0,0,0,1,0.9,-33.50,-58.75,140.50,169.25,680.50,G,11,UNKNOWN,BRICK_CLOSE,src=primary color=G streak=11 o=27823.75 c=27839.75 hi=27839.75 lo=27823.75
2026-05-01 11:15:04,3275,27843.75,27756.94,27828.27,27817.43,69.94,17.58,19.2,85.0,0.0,85.0,0.0,0.00,1,0.0,0,0,0.00,0.00,0.00,0.00,,0.0,0,5,3760.00,AUTO,,AGGR+CHP+ADP+RUN-EXT+PW+DLK+SLC+TPE+NWS+,BUY,55.0,4.94,0,1,0.00,0.00,0.00,0.00,0,0,0,1,0.9,-33.50,-58.75,140.50,169.25,680.50,G,11,UNKNOWN,SIGNAL,
2026-05-01 11:15:04,3275,27843.75,27756.94,27828.27,27817.43,69.94,17.58,19.2,85.0,0.0,85.0,0.0,0.00,1,0.0,0,0,0.00,0.00,0.00,0.00,,0.0,0,5,3760.00,AUTO,,AGGR+CHP+ADP+RUN-EXT+PW+DLK+SLC+TPE+NWS+,BUY,55.0,4.94,0,1,0.00,0.00,0.00,0.00,0,0,0,1,0.9,-33.50,-58.75,140.50,169.25,680.50,G,11,UNKNOWN,TREND_CHASE_FIRE,dir=1 adx=19.2 streak=11 bull=85.0
2026-05-01 11:15:04,3275,27843.75,27756.94,27828.27,27817.43,69.94,17.58,19.2,85.0,0.0,85.0,0.0,0.00,1,0.0,1,0,0.00,0.00,0.00,0.00,,0.0,0,5,3760.00,AUTO,Key Lvl Breakout,AGGR+CHP+ADP+RUN-EXT+PW+DLK+SLC+TPE+NWS+,BUY,55.0,4.94,0,1,0.00,0.00,0.00,0.00,0,0,0,1,0.9,-33.50,-58.75,140.50,169.25,680.50,G,11,UNKNOWN,ENTRY_LONG,manual=F bull=85.0 bear=0.0 sig=1 htf=1 tape=0.00 emaXAgo=6 distVwap=86.8 atr=17.6 px=27843.75 sl=0.00 tp=0.00
2026-05-01 11:15:04,3275,27843.75,27756.94,27828.27,27817.43,69.94,17.58,19.2,85.0,0.0,85.0,0.0,0.00,1,0.0,1,1,27831.75,27813.75,28331.75,0.00,,0.0,0,5,3760.00,AUTO,Key Lvl Breakout,AGGR+CHP+ADP+RUN-EXT+PW+DLK+SLC+TPE+NWS+,BUY,55.0,4.94,0,1,12.00,0.00,0.00,0.00,0,0,0,1,0.9,-33.50,-58.75,140.50,169.25,680.50,G,11,UNKNOWN,STOPS_ARMED,dir=1 entry=27831.75 sl=27813.75 tp=28331.75 slPt=18 tpPt=50 RUNNER
2026-05-01 11:18:23,3276,27847.75,27756.94,27832.16,27820.19,71.54,17.72,20.3,85.0,0.0,85.0,0.0,0.00,1,0.0,1,1,27831.75,27813.75,28331.75,0.00,,0.0,0,5,3760.00,AUTO,Key Lvl Breakout,AGGR+CHP+ADP+RUN-EXT+PW+DLK+SLC+TPE+NWS+,BUY,55.0,5.13,0,1,16.00,0.00,0.00,0.00,0,0,0,1,2.6,-29.50,-54.75,144.50,173.25,684.50,G,12,UNKNOWN,BRICK_CLOSE,src=primary color=G streak=12 o=27827.75 c=27843.75 hi=27843.75 lo=27827.75
2026-05-01 11:18:23,3276,27847.75,27756.94,27832.16,27820.19,71.54,17.72,20.3,85.0,0.0,85.0,0.0,0.00,1,0.0,1,1,27831.75,27829.75,28331.75,0.00,,0.0,0,5,3760.00,AUTO,Key Lvl Breakout,AGGR+CHP+ADP+RUN-EXT+PW+DLK+SLC+TPE+NWS+,BUY,55.0,5.13,0,1,16.00,16.00,0.00,0.00,0,0,0,1,2.6,-29.50,-54.75,144.50,173.25,684.50,G,12,UNKNOWN,PROFIT_SAFEGUARD,tier=1 T1_PROFIT_SAFE peak=16.0pt sl=27829.75 offset=-2.0pt entry=27831.75 runner=True
2026-05-01 11:18:23,3276,27847.75,27756.94,27832.16,27820.19,71.54,17.72,20.3,85.0,0.0,85.0,0.0,0.00,1,0.0,1,1,27831.75,27829.75,28331.75,0.00,,0.0,0,5,3760.00,AUTO,Key Lvl Breakout,AGGR+CHP+ADP+RUN-EXT+PW+DLK+SLC+TPE+NWS+,BUY,55.0,5.13,0,1,16.00,16.00,0.00,0.00,0,0,0,1,2.6,-29.50,-54.75,144.50,173.25,684.50,G,12,UNKNOWN,PEAKLOCK_T1,peak=16.0pt giveback=11.9pt floor=27835.75 entry=27831.75
2026-05-01 11:19:12,3277,27851.75,27758.06,27836.08,27823.06,73.08,17.60,21.6,85.0,0.0,85.0,0.0,0.00,1,0.0,1,1,27831.75,27829.75,28331.75,27843.75,BrickMode*DORMANT,0.0,0,5,3760.00,AUTO,Key Lvl Breakout,AGGR+CHP+ADP+RUN-EXT+PW+DLK+SLC+TPE+NWS+,BUY,55.0,5.32,0,1,20.00,16.00,0.00,0.00,0,0,0,1,4.1,-25.50,-50.75,148.50,177.25,688.50,G,13,UNKNOWN,BRICK_CLOSE,src=primary color=G streak=13 o=27831.75 c=27847.75 hi=27847.75 lo=27828.25
2026-05-01 11:19:12,3277,27851.75,27758.06,27836.08,27823.06,73.08,17.60,21.6,85.0,0.0,85.0,0.0,0.00,1,0.0,1,1,27831.75,27832.75,28331.75,27843.75,BrickMode*DORMANT,0.0,0,5,3760.00,AUTO,Key Lvl Breakout,AGGR+CHP+ADP+RUN-EXT+PW+DLK+SLC+TPE+NWS+,BUY,55.0,5.32,0,1,20.00,20.00,0.00,0.00,0,0,0,1,4.1,-25.50,-50.75,148.50,177.25,688.50,G,13,UNKNOWN,PROFIT_SAFEGUARD,tier=2 T2_PROFIT_SAFE peak=20.0pt sl=27832.75 offset=1.0pt entry=27831.75 runner=True
2026-05-01 11:20:01,3278,27855.75,27758.33,27840.02,27826.03,74.56,17.71,23.1,85.0,0.0,85.0,0.0,0.00,1,0.0,1,1,27831.75,27832.75,28331.75,27847.75,BrickMode*DORMANT,0.0,0,5,3760.00,AUTO,Key Lvl Breakout,AGGR+CHP+ADP+RUN-EXT+PW+DLK+SLC+TPE+NWS+,BUY,55.0,5.50,0,1,24.00,20.00,0.00,0.00,0,0,0,1,5.3,-21.50,-46.75,152.50,181.25,692.50,G,14,UNKNOWN,BRICK_CLOSE,src=primary color=G streak=14 o=27835.75 c=27851.75 hi=27851.75 lo=27835.75
2026-05-01 11:20:01,3278,27855.75,27758.33,27840.02,27826.03,74.56,17.71,23.1,85.0,0.0,85.0,0.0,0.00,1,0.0,1,1,27831.75,27832.75,28331.75,27847.75,BrickMode*DORMANT,0.0,0,5,3760.00,AUTO,Key Lvl Breakout,AGGR+CHP+ADP+RUN-EXT+PW+DLK+SLC+TPE+NWS+,BUY,55.0,5.50,0,1,24.00,20.00,0.00,0.00,0,0,0,1,5.3,-21.50,-46.75,152.50,181.25,692.50,G,14,TREND_UP,REGIME_CHANGE,from=UNKNOWN to=TREND_UP adx=23.1 slope=5.34 atr/avg=0.98 eStack=1 distVwapAtr=5.50 nr=Gx14 flips4=0
2026-05-01 11:20:03,3279,27859.75,27758.71,27843.96,27829.10,75.99,17.59,24.8,85.0,0.0,85.0,0.0,0.00,1,0.0,1,1,27831.75,27832.75,28331.75,27851.75,BrickMode*DORMANT,0.0,0,5,3760.00,AUTO,Key Lvl Breakout,AGGR+CHP+ADP+RUN-EXT+PW+DLK+SLC+TPE+NWS+,BUY,55.0,5.74,0,1,28.00,24.00,0.00,0.00,0,0,0,1,6.4,-17.50,-42.75,156.50,185.25,696.50,G,15,TREND_UP,BRICK_CLOSE,src=primary color=G streak=15 o=27839.75 c=27855.75 hi=27855.75 lo=27836.50
2026-05-01 11:20:03,3279,27859.75,27758.71,27843.96,27829.10,75.99,17.59,24.8,85.0,0.0,85.0,0.0,0.00,1,0.0,1,1,27831.75,27832.75,28331.75,27851.75,BrickMode*DORMANT,0.0,0,5,3760.00,AUTO,Key Lvl Breakout,AGGR+CHP+ADP+RUN-EXT+PW+DLK+SLC+TPE+NWS+,BUY,55.0,5.74,0,1,28.00,28.00,0.00,0.00,0,0,0,1,6.4,-17.50,-42.75,156.50,185.25,696.50,G,15,TREND_UP,PEAKLOCK_T2,peak=28.0pt giveback=19.2pt floor=27840.50 entry=27831.75
2026-05-01 11:20:23,3280,27863.75,27758.76,27847.92,27832.25,77.35,17.48,26.6,85.0,0.0,85.0,0.0,0.00,1,0.0,1,1,27831.75,27832.75,28331.75,27855.75,BrickMode*DORMANT,0.0,0,5,3760.00,AUTO,Key Lvl Breakout,AGGR+CHP+ADP+RUN-EXT+PW+DLK+SLC+TPE+NWS+,BUY,55.0,6.01,0,1,32.00,28.00,0.00,0.00,0,0,0,1,7.4,-13.50,-38.75,160.50,189.25,700.50,G,16,TREND_UP,BRICK_CLOSE,src=primary color=G streak=16 o=27843.75 c=27859.75 hi=27859.75 lo=27843.75
2026-05-01 11:20:23,3280,27863.75,27758.76,27847.92,27832.25,77.35,17.48,26.6,85.0,0.0,85.0,0.0,0.00,1,0.0,1,1,27831.75,27839.75,28331.75,27855.75,BrickMode*DORMANT,0.0,0,5,3760.00,AUTO,Key Lvl Breakout,AGGR+CHP+ADP+RUN-EXT+PW+DLK+SLC+TPE+NWS+,BUY,55.0,6.01,0,1,32.00,32.00,0.00,0.00,0,0,0,1,7.4,-13.50,-38.75,160.50,189.25,700.50,G,16,TREND_UP,PROFIT_SAFEGUARD,tier=3 T3_PROFIT_SAFE peak=32.0pt sl=27839.75 offset=8.0pt entry=27831.75 runner=True
2026-05-01 11:23:27,3281,27867.75,27758.98,27851.89,27835.47,78.66,17.39,28.5,85.0,0.0,85.0,0.0,0.00,1,0.0,1,1,27831.75,27839.75,28331.75,27859.75,BrickMode*DORMANT,0.0,0,5,3760.00,AUTO,Key Lvl Breakout,AGGR+CHP+ADP+RUN-EXT+PW+DLK+SLC+TPE+NWS+,BUY,55.0,6.25,0,1,36.00,32.00,0.00,0.00,0,0,0,1,8.2,-9.50,-30.75,125.25,193.25,704.50,G,17,TREND_UP,BRICK_CLOSE,src=primary color=G streak=17 o=27847.75 c=27863.75 hi=27863.75 lo=27847.75
2026-05-01 11:23:27,3281,27867.75,27758.98,27851.89,27835.47,78.66,17.39,28.5,85.0,0.0,85.0,0.0,0.00,1,0.0,1,1,27831.75,27839.75,28331.75,27859.75,BrickMode*DORMANT,0.0,0,5,3760.00,AUTO,Key Lvl Breakout,AGGR+CHP+ADP+RUN-EXT+PW+DLK+SLC+TPE+NWS+,BUY,55.0,6.25,0,1,36.00,32.00,0.00,0.00,0,0,0,1,8.2,-9.50,-30.75,125.25,193.25,704.50,G,17,TREND_UP,HEARTBEAT,tradesToday=3 openDca=1
2026-05-01 11:27:20,3282,27864.25,27760.04,27854.36,27838.09,74.60,17.36,30.4,85.0,0.0,85.0,0.0,0.00,1,0.0,1,1,27831.75,27839.75,28331.75,27863.75,BrickMode*DORMANT,0.0,0,5,3760.00,AUTO,Key Lvl Breakout,AGGR+CHP+ADP+RUN-EXT+PW+DLK+SLC+TPE+NWS+,BUY,55.0,6.00,0,1,32.50,36.00,0.00,0.00,0,0,0,1,8.8,-13.00,-34.25,121.75,189.75,701.00,G,18,TREND_UP,BRICK_CLOSE,src=primary color=G streak=18 o=27851.75 c=27867.75 hi=27867.75 lo=27851.50
2026-05-01 11:27:20,3282,27864.25,27760.95,27854.36,27838.09,74.60,17.36,30.4,0.0,0.0,0.0,0.0,0.00,1,0.0,1,1,27831.75,27813.75,28331.75,0.00,,0.0,0,0,0.00,AUTO,,AGGR+CHP+ADP+RUN-EXT+PW+DLK+SLC+TPE+NWS+,BUY,55.0,5.95,0,0,32.50,0.00,27863.25,27864.00,3,0,0,1,8.8,-13.00,-34.25,121.75,189.75,701.00,G,18,TREND_UP,CLAMP_SKIP,adx=30.4 thr=28.0
2026-05-01 11:27:20,3282,27864.25,27760.95,27854.36,27838.09,74.60,17.36,30.4,0.0,0.0,0.0,0.0,0.00,1,0.0,1,1,27831.75,27813.75,28331.75,0.00,,0.0,0,0,0.00,AUTO,,AGGR+CHP+ADP+RUN-EXT+PW+DLK+SLC+TPE+NWS+,BUY,55.0,5.95,0,0,32.50,0.00,27863.25,27864.00,3,0,0,1,8.8,-13.00,-34.25,121.75,189.75,701.00,G,18,TREND_UP,STOPS_ARMED,dir=1 entry=27831.75 sl=27813.75 tp=28331.75 slPt=18 tpPt=50 RUNNER
2026-05-01 11:27:20,3282,27863.75,27760.95,27854.26,27838.04,74.06,17.36,30.4,0.0,0.0,0.0,0.0,0.00,1,0.0,1,1,27831.75,27839.75,28331.75,0.00,,0.0,0,0,0.00,AUTO,,AGGR+CHP+ADP+RUN-EXT+PW+DLK+SLC+TPE+NWS+,BUY,55.0,5.92,0,0,32.00,31.75,27863.50,27864.00,2,0,0,1,8.8,-13.50,-34.75,121.25,189.25,700.50,G,18,TREND_UP,PROFIT_SAFEGUARD,tier=3 T3_PROFIT_SAFE peak=31.8pt sl=27839.75 offset=8.0pt entry=27831.75 runner=True
2026-05-01 11:27:20,3282,27863.75,27760.95,27854.26,27838.04,74.06,17.36,30.4,0.0,0.0,0.0,0.0,0.00,1,0.0,1,1,27831.75,27839.75,28331.75,0.00,,0.0,0,0,0.00,AUTO,,AGGR+CHP+ADP+RUN-EXT+PW+DLK+SLC+TPE+NWS+,BUY,55.0,5.92,0,0,32.00,31.75,27863.50,27864.00,2,0,0,1,8.8,-13.50,-34.75,121.25,189.25,700.50,G,18,TREND_UP,PEAKLOCK_T2,peak=31.8pt giveback=19.2pt floor=27844.25 entry=27831.75
2026-05-01 11:27:37,3282,27863.75,27761.03,27854.26,27838.04,74.06,17.36,30.4,0.0,0.0,0.0,0.0,-0.16,1,0.0,1,0,27831.75,27839.75,28331.75,27860.25,BrickMode*DORMANT,0.0,0,1,480.00,AUTO,,AGGR+CHP+ADP+RUN-EXT+PW+DLK+SLC+TPE+NWS+,BUY,55.0,5.92,0,0,32.00,32.50,27863.25,27863.75,2,158,220,1,8.8,-13.50,-34.75,121.25,189.25,700.50,G,18,TREND_UP,EXIT_WIN_FLATTEN,pnl=480.00 consec=1
2026-05-01 11:27:44,3282,27862.50,27761.04,27854.01,27837.93,72.73,17.36,30.4,0.0,0.0,0.0,0.0,-0.13,1,0.0,0,0,0.00,0.00,0.00,0.00,,0.0,0,0,0.00,AUTO,,AGGR+CHP+ADP+RUN-EXT+PW+DLK+SLC+TPE+NWS+,BUY,55.0,5.84,0,0,0.00,0.00,27862.00,27862.50,2,194,254,1,8.8,-14.75,-36.00,120.00,188.00,699.25,G,18,TREND_UP,RESET_DAILY,manual=true
2026-05-01 11:30:13,3283,27872.00,27761.89,27859.09,27841.79,79.99,17.31,32.3,0.0,0.0,0.0,0.0,0.26,1,0.0,0,0,0.00,0.00,0.00,0.00,,0.0,0,0,0.00,AUTO,,AGGR+CHP+ADP+RUN-EXT+PW+DLK+SLC+TPE+NWS+,BUY,55.0,6.36,0,0,0.00,0.00,27871.00,27871.75,3,644,376,1,9.2,-5.25,-26.50,129.50,197.50,708.75,G,19,TREND_UP,BRICK_CLOSE,src=primary color=G streak=19 o=27855.75 c=27871.75 hi=27871.75 lo=27850.00
2026-05-01 11:30:13,3283,27872.00,27761.89,27859.09,27841.79,79.99,17.31,32.3,117.5,0.0,117.5,0.0,0.26,1,0.0,0,0,0.00,0.00,0.00,0.00,,0.0,0,0,0.00,AUTO,,AGGR+CHP+ADP+RUN-EXT+PW+DLK+SLC+TPE+NWS+,BUY,55.0,6.36,0,0,0.00,0.00,27871.00,27871.75,3,644,376,1,9.2,-5.25,-26.50,129.50,197.50,708.75,G,19,TREND_UP,SIGNAL,
2026-05-01 11:30:13,3283,27872.00,27761.89,27859.09,27841.79,79.99,17.31,32.3,117.5,0.0,117.5,0.0,0.26,1,0.0,0,0,0.00,0.00,0.00,0.00,,0.0,0,0,0.00,AUTO,,AGGR+CHP+ADP+RUN-EXT+PW+DLK+SLC+TPE+NWS+,BUY,55.0,6.36,0,0,0.00,0.00,27871.00,27871.75,3,644,376,1,9.2,-5.25,-26.50,129.50,197.50,708.75,G,19,TREND_UP,TREND_CHASE_FIRE,dir=1 adx=32.3 streak=19 bull=117.5
2026-05-01 11:30:13,3283,27872.00,27761.89,27859.09,27841.79,79.99,17.31,32.3,117.5,0.0,117.5,0.0,0.26,1,0.0,1,0,0.00,0.00,0.00,0.00,,0.0,0,0,0.00,AUTO,Momentum+VWAP,AGGR+CHP+ADP+RUN-EXT+PW+DLK+SLC+TPE+NWS+,BUY,55.0,6.36,0,0,0.00,0.00,27870.50,27871.00,2,644,376,1,9.2,-5.25,-26.50,129.50,197.50,708.75,G,19,TREND_UP,ENTRY_LONG,manual=F bull=117.5 bear=0.0 sig=1 htf=1 tape=0.26 emaXAgo=14 distVwap=110.1 atr=17.3 px=27872.00 sl=0.00 tp=0.00
2026-05-01 11:30:13,3283,27870.75,27761.92,27858.84,27841.68,78.67,17.46,32.4,117.5,0.0,117.5,0.0,0.29,1,0.0,1,0,27871.00,27853.00,28371.00,0.00,,0.0,0,0,0.00,AUTO,Momentum+VWAP,AGGR+CHP+ADP+RUN-EXT+PW+DLK+SLC+TPE+NWS+,BUY,55.0,6.23,0,0,-0.25,0.00,27870.50,27871.00,2,760,420,1,9.3,-6.50,-27.75,128.25,196.25,707.50,G,19,TREND_UP,CLAMP_SKIP,adx=32.4 thr=28.0
2026-05-01 11:30:13,3283,27870.75,27761.92,27858.84,27841.68,78.67,17.46,32.4,117.5,0.0,117.5,0.0,0.29,1,0.0,1,0,27871.00,27853.00,28371.00,0.00,,0.0,0,0,0.00,AUTO,Momentum+VWAP,AGGR+CHP+ADP+RUN-EXT+PW+DLK+SLC+TPE+NWS+,BUY,55.0,6.23,0,0,-0.25,0.00,27870.50,27871.00,2,760,420,1,9.3,-6.50,-27.75,128.25,196.25,707.50,G,19,TREND_UP,STOPS_ARMED,dir=1 entry=27871.00 sl=27853.00 tp=28371.00 slPt=18 tpPt=50 RUNNER
2026-05-01 11:31:21,3284,27876.00,27762.26,27863.07,27845.21,81.18,17.20,34.4,117.5,0.0,117.5,0.0,0.17,1,0.0,1,1,27871.00,27853.00,28371.00,27871.00,BrickMode*DORMANT,0.0,0,0,0.00,AUTO,Momentum+VWAP,AGGR+CHP+ADP+RUN-EXT+PW+DLK+SLC+TPE+NWS+,BUY,55.0,6.61,0,0,5.00,4.00,27875.00,27875.75,3,346,244,1,9.6,-1.25,-22.50,133.50,201.50,712.75,G,20,TREND_UP,BRICK_CLOSE,src=primary color=G streak=20 o=27859.75 c=27875.75 hi=27875.75 lo=27859.75
2026-05-01 11:37:39,3284,27873.25,27763.83,27862.52,27844.96,77.99,17.81,33.7,117.5,0.0,117.5,0.0,0.51,1,0.0,1,1,27871.00,27869.00,28371.00,27875.00,BrickMode*DORMANT,0.0,0,0,0.00,AUTO,Momentum+VWAP,AGGR+CHP+ADP+RUN-EXT+PW+DLK+SLC+TPE+NWS+,BUY,55.0,6.15,0,0,2.25,18.00,27889.00,27890.00,4,128,42,1,8.9,-4.00,-25.25,130.75,198.75,710.00,G,20,TREND_UP,PROFIT_SAFEGUARD,tier=1 T1_PROFIT_SAFE peak=18.0pt sl=27869.00 offset=-2.0pt entry=27871.00 runner=True
2026-05-01 11:37:39,3284,27873.25,27763.83,27862.52,27844.96,77.99,17.81,33.7,117.5,0.0,117.5,0.0,0.51,1,0.0,1,1,27871.00,27869.00,28371.00,27875.00,BrickMode*DORMANT,0.0,0,0,0.00,AUTO,Momentum+VWAP,AGGR+CHP+ADP+RUN-EXT+PW+DLK+SLC+TPE+NWS+,BUY,55.0,6.15,0,0,2.25,18.00,27889.00,27890.00,4,128,42,1,8.9,-4.00,-25.25,130.75,198.75,710.00,G,20,TREND_UP,PEAKLOCK_T1,peak=18.0pt giveback=16.8pt floor=27872.25 entry=27871.00
2026-05-01 11:37:39,3285,27880.00,27763.94,27867.06,27848.68,82.31,17.61,36.6,117.5,0.0,117.5,0.0,0.83,1,0.0,1,1,27871.00,27869.00,28371.00,27885.00,BrickMode*DORMANT,0.0,0,0,0.00,AUTO,Momentum+VWAP,AGGR+CHP+ADP+RUN-EXT+PW+DLK+SLC+TPE+NWS+,BUY,55.0,6.59,0,0,9.00,18.00,27888.75,27891.75,12,450,42,1,10.0,2.75,-18.50,137.50,205.50,716.75,G,21,TREND_UP,BRICK_CLOSE,src=primary color=G streak=21 o=27863.75 c=27879.75 hi=27879.75 lo=27856.00
2026-05-01 11:37:39,3285,27880.00,27763.94,27867.06,27848.68,82.31,17.61,36.6,117.5,0.0,117.5,0.0,0.83,1,0.0,1,1,27871.00,27869.00,28371.00,27885.00,BrickMode*DORMANT,0.0,0,0,0.00,AUTO,Momentum+VWAP,AGGR+CHP+ADP+RUN-EXT+PW+DLK+SLC+TPE+NWS+,BUY,55.0,6.59,0,0,9.00,18.00,27888.75,27891.75,12,450,42,1,10.0,2.75,-18.50,137.50,205.50,716.75,G,21,TREND_UP,HEARTBEAT,tradesToday=1 openDca=1
2026-05-01 11:37:39,3286,27884.00,27763.99,27871.04,27852.21,83.38,17.47,38.7,117.5,0.0,117.5,0.0,0.88,1,0.0,1,1,27871.00,27869.00,28371.00,27886.75,BrickMode*DORMANT,0.0,0,0,0.00,AUTO,Momentum+VWAP,AGGR+CHP+ADP+RUN-EXT+PW+DLK+SLC+TPE+NWS+,BUY,55.0,6.87,0,0,13.00,19.75,27889.00,27892.50,14,644,42,1,10.2,6.75,-14.50,141.50,209.50,720.75,G,22,TREND_UP,BRICK_CLOSE,src=primary color=G streak=22 o=27867.75 c=27883.75 hi=27883.75 lo=27867.75
2026-05-01 11:37:39,3286,27885.50,27764.02,27871.34,27852.34,83.78,17.58,38.8,117.5,0.0,117.5,0.0,0.90,1,0.0,1,1,27871.00,27872.00,28371.00,27886.75,BrickMode*DORMANT,0.0,0,0,0.00,AUTO,Momentum+VWAP,AGGR+CHP+ADP+RUN-EXT+PW+DLK+SLC+TPE+NWS+,BUY,55.0,6.91,0,0,14.50,21.25,27892.25,27893.00,3,778,42,1,10.3,8.25,-13.00,143.00,211.00,722.25,G,22,TREND_UP,PROFIT_SAFEGUARD,tier=2 T2_PROFIT_SAFE peak=21.3pt sl=27872.00 offset=1.0pt entry=27871.00 runner=True
2026-05-01 11:37:39,3287,27888.00,27764.05,27875.04,27855.77,84.40,17.35,40.9,117.5,0.0,117.5,0.0,0.91,1,0.0,1,1,27871.00,27872.00,28371.00,27888.25,BrickMode*DORMANT,0.0,0,0,0.00,AUTO,Momentum+VWAP,AGGR+CHP+ADP+RUN-EXT+PW+DLK+SLC+TPE+NWS+,BUY,55.0,7.14,0,0,17.00,21.25,27890.75,27896.25,22,898,42,1,10.4,10.75,-10.50,145.50,213.50,724.75,G,23,TREND_UP,BRICK_CLOSE,src=primary color=G streak=23 o=27871.75 c=27887.75 hi=27887.75 lo=27871.75
2026-05-01 11:37:39,3288,27892.00,27764.11,27879.03,27859.37,85.37,17.23,43.0,117.5,0.0,117.5,0.0,0.90,1,0.0,1,1,27871.00,27872.00,28371.00,27891.75,BrickMode*DORMANT,0.0,0,0,0.00,AUTO,Momentum+VWAP,AGGR+CHP+ADP+RUN-EXT+PW+DLK+SLC+TPE+NWS+,BUY,55.0,7.42,0,0,21.00,24.75,27895.50,27896.75,5,1134,62,1,10.5,14.75,-6.50,149.50,217.50,728.75,G,24,TREND_UP,BRICK_CLOSE,src=primary color=G streak=24 o=27875.75 c=27891.75 hi=27891.75 lo=27875.75
2026-05-01 11:37:39,3288,27890.00,27764.14,27878.63,27859.19,82.89,17.25,43.1,117.5,0.0,117.5,0.0,0.76,1,0.0,1,1,27871.00,27872.00,28371.00,27891.75,BrickMode*DORMANT,0.0,0,0,0.00,AUTO,Momentum+VWAP,AGGR+CHP+ADP+RUN-EXT+PW+DLK+SLC+TPE+NWS+,BUY,55.0,7.30,0,0,19.00,25.50,27896.50,27898.75,9,1158,158,1,10.5,12.75,-8.50,147.50,215.50,726.75,G,24,TREND_UP,PEAKLOCK_T2,peak=25.5pt giveback=19.2pt floor=27877.25 entry=27871.00
2026-05-01 11:37:39,3289,27896.00,27764.18,27883.02,27863.01,86.28,17.13,45.2,117.5,0.0,117.5,0.0,0.74,1,0.0,1,1,27871.00,27872.00,28371.00,27893.50,BrickMode*DORMANT,0.0,0,0,0.00,AUTO,Momentum+VWAP,AGGR+CHP+ADP+RUN-EXT+PW+DLK+SLC+TPE+NWS+,BUY,55.0,7.70,0,0,25.00,26.50,27897.00,27897.75,3,1288,194,1,10.6,18.75,-2.50,153.50,221.50,732.75,G,25,TREND_UP,BRICK_CLOSE,src=primary color=G streak=25 o=27879.75 c=27895.75 hi=27895.75 lo=27879.75
2026-05-01 11:37:39,3289,27898.00,27764.27,27883.42,27863.19,86.73,17.34,45.3,117.5,0.0,117.5,0.0,0.66,1,0.0,1,1,27871.00,27879.00,28371.00,27896.00,BrickMode*DORMANT,0.0,0,0,0.00,AUTO,Momentum+VWAP,AGGR+CHP+ADP+RUN-EXT+PW+DLK+SLC+TPE+NWS+,BUY,55.0,7.71,0,0,27.00,30.25,27901.25,27901.75,2,1528,312,1,10.7,20.75,-0.50,155.50,223.50,734.75,G,25,TREND_UP,PROFIT_SAFEGUARD,tier=3 T3_PROFIT_SAFE peak=30.3pt sl=27879.00 offset=8.0pt entry=27871.00 runner=True
2026-05-01 11:37:40,3290,27900.00,27764.32,27887.02,27866.68,87.15,17.03,47.3,117.5,0.0,117.5,0.0,0.57,1,0.0,1,1,27871.00,27879.00,28371.00,27897.75,BrickMode*DORMANT,0.0,0,0,0.00,AUTO,Momentum+VWAP,AGGR+CHP+ADP+RUN-EXT+PW+DLK+SLC+TPE+NWS+,BUY,55.0,7.97,0,0,29.00,30.75,27901.50,27902.00,2,1604,440,1,10.6,22.75,1.50,157.50,225.50,736.75,G,26,TREND_UP,BRICK_CLOSE,src=primary color=G streak=26 o=27883.75 c=27899.75 hi=27899.75 lo=27883.75
2026-05-01 11:37:57,3290,27892.00,27764.85,27885.42,27865.96,76.96,17.24,47.4,117.5,0.0,117.5,0.0,0.06,1,0.0,1,1,27871.00,27879.00,28371.00,27898.75,BrickMode,0.0,0,0,0.00,AUTO,Momentum+VWAP,AGGR+CHP+ADP+RUN-EXT+PW+DLK+SLC+TPE+NWS+,BUY,55.0,7.37,0,0,21.00,31.75,27891.50,27892.00,2,18,16,1,10.7,14.75,-6.50,149.50,217.50,728.75,G,26,TREND_UP,BRICK_TRAIL_HIT,reason=px_stop peak=31.8pt cur=20.5pt retrace=11.3pt effRetraceMin=11.3pt trail=27898.75 px=27891.50 adxSlope=10.58 streak=26 effPct=50
2026-05-01 11:37:58,3290,27892.50,27764.85,27885.52,27866.00,77.54,17.24,47.4,117.5,0.0,117.5,0.0,0.33,1,0.0,1,0,27871.00,27879.00,28371.00,27898.75,BrickMode,0.0,0,1,415.00,AUTO,Momentum+VWAP,AGGR+CHP+ADP+RUN-EXT+PW+DLK+SLC+TPE+NWS+,BUY,55.0,7.40,0,0,21.50,31.75,27891.75,27892.50,3,36,18,1,10.7,15.25,-6.00,150.00,218.00,729.25,G,26,TREND_UP,CAP_REFUND,pnl=415.00 thr=25.00 tradesToday=0/20
2026-05-01 11:37:58,3290,27892.50,27764.85,27885.52,27866.00,77.54,17.24,47.4,117.5,0.0,117.5,0.0,0.33,1,0.0,1,0,27871.00,27879.00,28371.00,27898.75,BrickMode,0.0,0,1,415.00,AUTO,Momentum+VWAP,AGGR+CHP+ADP+RUN-EXT+PW+DLK+SLC+TPE+NWS+,BUY,55.0,7.40,0,0,21.50,31.75,27891.75,27892.50,3,36,18,1,10.7,15.25,-6.00,150.00,218.00,729.25,G,26,TREND_UP,BRICK_REENTRY_ARMED,dir=1 reason=TRAIL_BrickTrail_PxStop exitPx=27892.50 windowSec=90 minStreak=3
2026-05-01 11:37:58,3290,27892.50,27764.85,27885.52,27866.00,77.54,17.24,47.4,117.5,0.0,117.5,0.0,0.33,1,0.0,1,0,27871.00,27879.00,28371.00,27898.75,BrickMode,0.0,0,1,415.00,AUTO,Momentum+VWAP,AGGR+CHP+ADP+RUN-EXT+PW+DLK+SLC+TPE+NWS+,BUY,55.0,7.40,0,0,21.50,31.75,27891.75,27892.50,3,36,18,1,10.7,15.25,-6.00,150.00,218.00,729.25,G,26,TREND_UP,EXIT_WIN_TRAIL_BrickTrail_PxStop,pnl=415.00 consec=1
2026-05-01 11:37:58,3290,27892.50,27764.85,27885.52,27866.00,77.54,17.24,47.4,117.5,0.0,117.5,0.0,0.33,1,0.0,1,0,27871.00,27879.00,28371.00,27898.75,BrickMode,0.0,0,1,415.00,AUTO,Momentum+VWAP,AGGR+CHP+ADP+RUN-EXT+PW+DLK+SLC+TPE+NWS+,BUY,55.0,7.40,0,0,21.50,31.75,27891.75,27892.50,3,36,18,1,10.7,15.25,-6.00,150.00,218.00,729.25,G,26,TREND_UP,REGIME_PNL,regime=TREND_UP tradePnl=415.00 regTotal=415.00 thresh=-200
2026-05-01 11:41:27,3290,27896.75,27766.44,27886.37,27866.39,82.87,17.33,47.4,0.0,0.0,0.0,0.0,-0.05,1,0.0,0,0,0.00,0.00,0.00,0.00,,0.0,0,0,0.00,AUTO,,AGGR+CHP+ADP+RUN-EXT+PW+DLK+SLC+TPE+NWS+,BUY,55.0,7.52,0,0,0.00,0.00,27896.00,27896.50,2,398,442,1,10.7,19.50,-1.75,154.25,222.25,733.50,G,26,TREND_UP,RESET_DAILY,manual=true
