DateTime,Bar,Close,VWAP,EmaF,EmaS,RSI,ATR,ADX,RawBull,RawBear,Bull,Bear,Tape,htfBias,trapScore,Pos,Qty,AvgEntry,HiddenSL,HiddenTP,TrailPx,TrailTier,ManualOff,ConsecLoss,ConsecWin,DailyPnL,Mode,AutoStrat,Toggles,Signal,MinConf,DistVwapAtr,VoidBars,OpenType,ProfitPts,PeakPts,Bid,Ask,SpreadTk,TapeBuyVol,TapeSellVol,EmaStack,AdxSlope,DistPocPts,DistVahPts,DistValPts,DistPdHiPts,DistPdLoPts,BrickColor,BrickStreak,Regime,Action,Detail
2026-04-30 00:01:56,2082,27403.00,27408.33,27416.56,27421.54,40.91,19.06,22.8,0.0,50.1,0.0,50.1,0.00,-1,0.0,0,0,0.00,0.00,0.00,0.00,,0.0,0,0,0.00,MANUAL,,AGGR+CHP+ADP+RUN-EXT+PW+DLK+SLC+TPE+NWS+,SELL,55.0,0.28,0,0,0.00,0.00,0.00,0.00,0,0,0,-1,-2.3,0.00,0.00,0.00,-219.75,309.00,R,2,UNKNOWN,SIGNAL,
2026-04-30 00:02:32,2083,27399.00,27408.33,27413.05,27419.49,39.49,18.84,23.4,0.0,50.1,0.0,50.1,0.00,-1,0.0,0,0,0.00,0.00,0.00,0.00,,0.0,0,0,0.00,MANUAL,,AGGR+CHP+ADP+RUN-EXT+PW+DLK+SLC+TPE+NWS+,WAIT,55.0,0.50,0,0,0.00,0.00,0.00,0.00,0,0,0,-1,-0.7,0.00,0.00,0.00,-223.75,305.00,R,3,UNKNOWN,BRICK_CLOSE,src=primary color=R streak=3 o=27419.00 c=27403.00 hi=27419.00 lo=27403.00
2026-04-30 00:02:32,2083,27399.00,27407.46,27413.05,27419.49,39.49,18.84,23.4,0.0,71.5,0.0,71.5,0.00,-1,0.0,0,0,0.00,0.00,0.00,0.00,,0.0,0,0,0.00,MANUAL,,AGGR+CHP+ADP+RUN-EXT+PW+DLK+SLC+TPE+NWS+,WAIT,55.0,0.45,0,0,0.00,0.00,0.00,0.00,0,0,0,-1,-0.7,0.00,0.00,0.00,-223.75,305.00,R,3,UNKNOWN,SIGNAL,
2026-04-30 00:02:32,2084,27395.00,27407.46,27409.44,27417.26,38.07,18.64,24.2,0.0,71.5,0.0,71.5,0.00,-1,0.0,0,0,0.00,0.00,0.00,0.00,,0.0,0,0,0.00,MANUAL,,AGGR+CHP+ADP+RUN-EXT+PW+DLK+SLC+TPE+NWS+,SELL,55.0,0.67,0,0,0.00,0.00,0.00,0.00,0,0,0,-1,1.5,0.00,0.00,0.00,-227.75,301.00,R,4,UNKNOWN,BRICK_CLOSE,src=primary color=R streak=4 o=27415.00 c=27399.00 hi=27415.00 lo=27399.00
2026-04-30 00:02:32,2084,27395.00,27407.46,27409.44,27417.26,38.07,18.64,24.2,0.0,71.5,0.0,71.5,0.00,-1,0.0,0,0,0.00,0.00,0.00,0.00,,0.0,0,0,0.00,MANUAL,,AGGR+CHP+ADP+RUN-EXT+PW+DLK+SLC+TPE+NWS+,SELL,55.0,0.67,0,0,0.00,0.00,0.00,0.00,0,0,0,-1,1.5,0.00,0.00,0.00,-227.75,301.00,R,4,TREND_DN,REGIME_CHANGE,from=UNKNOWN to=TREND_DN adx=24.2 slope=1.45 atr/avg=0.98 eStack=-1 distVwapAtr=-0.67 nr=Rx4 flips4=0
2026-04-30 00:02:32,2084,27395.00,27407.03,27409.44,27417.26,38.07,18.64,24.2,0.0,53.9,0.0,53.9,0.00,-1,0.0,0,0,0.00,0.00,0.00,0.00,,0.0,0,0,0.00,MANUAL,,AGGR+CHP+ADP+RUN-EXT+PW+DLK+SLC+TPE+NWS+,SELL,55.0,0.65,0,0,0.00,0.00,0.00,0.00,0,0,0,-1,1.5,0.00,0.00,0.00,-227.75,301.00,R,4,TREND_DN,SIGNAL,
2026-04-30 00:03:23,2085,27391.00,27407.03,27405.75,27414.87,36.65,18.45,25.1,0.0,53.9,0.0,53.9,0.00,-1,0.0,0,0,0.00,0.00,0.00,0.00,,0.0,0,0,0.00,MANUAL,,AGGR+CHP+ADP+RUN-EXT+PW+DLK+SLC+TPE+NWS+,WAIT,55.0,0.87,0,0,0.00,0.00,0.00,0.00,0,0,0,-1,2.7,0.00,0.00,0.00,-231.75,297.00,R,5,TREND_DN,BRICK_CLOSE,src=primary color=R streak=5 o=27411.00 c=27395.00 hi=27411.00 lo=27395.00
2026-04-30 00:03:23,2085,27391.00,27404.85,27405.75,27414.87,36.65,18.45,25.1,0.0,87.0,0.0,87.0,0.00,-1,0.0,0,0,0.00,0.00,0.00,0.00,,0.0,0,0,0.00,MANUAL,,AGGR+CHP+ADP+RUN-EXT+PW+DLK+SLC+TPE+NWS+,WAIT,55.0,0.75,0,0,0.00,0.00,0.00,0.00,0,0,0,-1,2.7,0.00,0.00,0.00,-231.75,297.00,R,5,TREND_DN,SIGNAL,
2026-04-30 00:03:25,2086,27387.00,27404.85,27402.00,27412.34,35.23,18.28,26.3,0.0,87.0,0.0,87.0,0.00,-1,0.0,0,0,0.00,0.00,0.00,0.00,,0.0,0,0,0.00,MANUAL,,AGGR+CHP+ADP+RUN-EXT+PW+DLK+SLC+TPE+NWS+,SELL,55.0,0.98,0,0,0.00,0.00,0.00,0.00,0,0,0,-1,3.8,0.00,0.00,0.00,-235.75,293.00,R,6,TREND_DN,BRICK_CLOSE,src=primary color=R streak=6 o=27407.00 c=27391.00 hi=27407.00 lo=27391.00
2026-04-30 00:03:25,2086,27387.00,27404.45,27402.00,27412.34,35.23,18.28,26.3,0.0,77.0,0.0,77.0,0.00,-1,0.0,0,0,0.00,0.00,0.00,0.00,,0.0,0,0,0.00,MANUAL,,AGGR+CHP+ADP+RUN-EXT+PW+DLK+SLC+TPE+NWS+,SELL,55.0,0.95,0,0,0.00,0.00,0.00,0.00,0,0,0,-1,3.8,0.00,0.00,0.00,-235.75,293.00,R,6,TREND_DN,SIGNAL,
2026-04-30 00:03:26,2087,27383.00,27404.45,27398.20,27409.67,33.83,18.11,27.6,0.0,77.0,0.0,77.0,0.00,-1,0.0,0,0,0.00,0.00,0.00,0.00,,0.0,0,0,0.00,MANUAL,,AGGR+CHP+ADP+RUN-EXT+PW+DLK+SLC+TPE+NWS+,SELL,55.0,1.18,0,0,0.00,0.00,0.00,0.00,0,0,0,-1,4.8,0.00,0.00,0.00,-239.75,289.00,R,7,TREND_DN,BRICK_CLOSE,src=primary color=R streak=7 o=27403.00 c=27387.00 hi=27403.00 lo=27387.00
2026-04-30 00:03:26,2087,27383.00,27404.00,27398.20,27409.67,33.83,18.11,27.6,0.0,77.0,0.0,77.0,0.00,-1,0.0,0,0,0.00,0.00,0.00,0.00,,0.0,0,0,0.00,MANUAL,,AGGR+CHP+ADP+RUN-EXT+PW+DLK+SLC+TPE+NWS+,SELL,55.0,1.16,0,0,0.00,0.00,0.00,0.00,0,0,0,-1,4.8,0.00,0.00,0.00,-239.75,289.00,R,7,TREND_DN,SIGNAL,
2026-04-30 00:04:21,2088,27379.00,27404.00,27394.36,27406.88,32.43,17.96,29.1,0.0,77.0,0.0,77.0,0.00,-1,0.0,0,0,0.00,0.00,0.00,0.00,,0.0,0,0,0.00,MANUAL,,AGGR+CHP+ADP+RUN-EXT+PW+DLK+SLC+TPE+NWS+,SELL,55.0,1.39,0,0,0.00,0.00,0.00,0.00,0,0,0,-1,5.7,0.00,0.00,0.00,-243.75,285.00,R,8,TREND_DN,BRICK_CLOSE,src=primary color=R streak=8 o=27399.00 c=27383.00 hi=27399.00 lo=27383.00
2026-04-30 00:04:21,2088,27379.00,27399.75,27394.36,27406.88,32.43,17.96,29.1,0.0,87.0,0.0,87.0,0.00,-1,0.0,0,0,0.00,0.00,0.00,0.00,,0.0,0,0,0.00,MANUAL,,AGGR+CHP+ADP+RUN-EXT+PW+DLK+SLC+TPE+NWS+,SELL,55.0,1.16,0,0,0.00,0.00,0.00,0.00,0,0,0,-1,5.7,0.00,0.00,0.00,-243.75,285.00,R,8,TREND_DN,SIGNAL,
2026-04-30 00:05:13,2089,27375.00,27399.75,27390.49,27403.99,31.05,17.82,30.6,0.0,87.0,0.0,87.0,0.00,-1,0.0,0,0,0.00,0.00,0.00,0.00,,0.0,0,0,0.00,MANUAL,,AGGR+CHP+ADP+RUN-EXT+PW+DLK+SLC+TPE+NWS+,SELL,55.0,1.39,0,0,0.00,0.00,0.00,0.00,0,0,0,-1,6.4,0.00,0.00,0.00,-247.75,281.00,R,9,TREND_DN,BRICK_CLOSE,src=primary color=R streak=9 o=27395.00 c=27379.00 hi=27395.00 lo=27379.00
2026-04-30 00:05:13,2089,27375.00,27397.12,27390.49,27403.99,31.05,17.82,30.6,0.0,120.0,0.0,120.0,0.00,-1,0.0,0,0,0.00,0.00,0.00,0.00,,0.0,0,0,0.00,MANUAL,,AGGR+CHP+ADP+RUN-EXT+PW+DLK+SLC+TPE+NWS+,SELL,55.0,1.24,0,0,0.00,0.00,0.00,0.00,0,0,0,-1,6.4,0.00,0.00,0.00,-247.75,281.00,R,9,TREND_DN,SIGNAL,
2026-04-30 00:05:28,2090,27371.00,27397.12,27386.59,27400.99,29.69,17.69,32.3,0.0,120.0,0.0,120.0,0.00,-1,0.0,0,0,0.00,0.00,0.00,0.00,,0.0,0,0,0.00,MANUAL,,AGGR+CHP+ADP+RUN-EXT+PW+DLK+SLC+TPE+NWS+,SELL,55.0,1.48,0,0,0.00,0.00,0.00,0.00,0,0,0,-1,7.1,0.00,0.00,0.00,-251.75,277.00,R,10,TREND_DN,BRICK_CLOSE,src=primary color=R streak=10 o=27391.00 c=27375.00 hi=27391.00 lo=27375.00
2026-04-30 00:05:28,2090,27371.00,27397.12,27386.59,27400.99,29.69,17.69,32.3,0.0,120.0,0.0,120.0,0.00,-1,0.0,0,0,0.00,0.00,0.00,0.00,,0.0,0,0,0.00,MANUAL,,AGGR+CHP+ADP+RUN-EXT+PW+DLK+SLC+TPE+NWS+,SELL,55.0,1.48,0,0,0.00,0.00,0.00,0.00,0,0,0,-1,7.1,0.00,0.00,0.00,-251.75,277.00,R,10,TREND_DN,HEARTBEAT,tradesToday=0 openDca=0
2026-04-30 00:05:28,2090,27371.00,27396.39,27386.59,27400.99,29.69,17.69,32.3,0.0,110.0,0.0,110.0,0.00,-1,0.0,0,0,0.00,0.00,0.00,0.00,,0.0,0,0,0.00,MANUAL,,AGGR+CHP+ADP+RUN-EXT+PW+DLK+SLC+TPE+NWS+,SELL,55.0,1.44,0,0,0.00,0.00,0.00,0.00,0,0,0,-1,7.1,0.00,0.00,0.00,-251.75,277.00,R,10,TREND_DN,SIGNAL,
2026-04-30 00:05:39,2091,27367.00,27396.39,27382.67,27397.90,28.36,17.57,34.0,0.0,110.0,0.0,110.0,0.00,-1,0.0,0,0,0.00,0.00,0.00,0.00,,0.0,0,0,0.00,MANUAL,,AGGR+CHP+ADP+RUN-EXT+PW+DLK+SLC+TPE+NWS+,SELL,55.0,1.67,0,0,0.00,0.00,0.00,0.00,0,0,0,-1,7.7,0.00,0.00,0.00,-255.75,273.00,R,11,TREND_DN,BRICK_CLOSE,src=primary color=R streak=11 o=27387.00 c=27371.00 hi=27387.00 lo=27371.00
2026-04-30 00:05:39,2091,27367.00,27395.25,27382.67,27397.90,28.36,17.57,34.0,0.0,87.0,0.0,87.0,0.00,-1,0.0,0,0,0.00,0.00,0.00,0.00,,0.0,0,0,0.00,MANUAL,,AGGR+CHP+ADP+RUN-EXT+PW+DLK+SLC+TPE+NWS+,SELL,55.0,1.61,0,0,0.00,0.00,0.00,0.00,0,0,0,-1,7.7,0.00,0.00,0.00,-255.75,273.00,R,11,TREND_DN,SIGNAL,
2026-04-30 00:06:02,2092,27363.00,27395.25,27378.74,27394.72,27.04,17.46,35.8,0.0,87.0,0.0,87.0,0.00,-1,0.0,0,0,0.00,0.00,0.00,0.00,,0.0,0,0,0.00,MANUAL,,AGGR+CHP+ADP+RUN-EXT+PW+DLK+SLC+TPE+NWS+,SELL,55.0,1.85,0,0,0.00,0.00,0.00,0.00,0,0,0,-1,8.2,0.00,0.00,0.00,-259.75,269.00,R,12,TREND_DN,BRICK_CLOSE,src=primary color=R streak=12 o=27383.00 c=27367.00 hi=27383.00 lo=27367.00
2026-04-30 00:06:02,2092,27363.00,27393.66,27378.74,27394.72,27.04,17.46,35.8,0.0,87.0,0.0,87.0,0.00,-1,0.0,0,0,0.00,0.00,0.00,0.00,,0.0,0,0,0.00,MANUAL,,AGGR+CHP+ADP+RUN-EXT+PW+DLK+SLC+TPE+NWS+,SELL,55.0,1.76,0,0,0.00,0.00,0.00,0.00,0,0,0,-1,8.2,0.00,0.00,0.00,-259.75,269.00,R,12,TREND_DN,SIGNAL,
2026-04-30 00:06:02,2093,27359.00,27393.66,27374.79,27391.48,25.76,17.35,37.6,0.0,87.0,0.0,87.0,0.00,-1,0.0,0,0,0.00,0.00,0.00,0.00,,0.0,0,0,0.00,MANUAL,,AGGR+CHP+ADP+RUN-EXT+PW+DLK+SLC+TPE+NWS+,SELL,55.0,2.00,0,0,0.00,0.00,0.00,0.00,0,0,0,-1,8.6,0.00,0.00,0.00,-263.75,265.00,R,13,TREND_DN,BRICK_CLOSE,src=primary color=R streak=13 o=27379.00 c=27363.00 hi=27379.00 lo=27363.00
2026-04-30 00:06:02,2093,27359.00,27393.15,27374.79,27391.48,25.76,17.35,37.6,0.0,77.0,0.0,77.0,0.00,-1,0.0,0,0,0.00,0.00,0.00,0.00,,0.0,0,0,0.00,MANUAL,,AGGR+CHP+ADP+RUN-EXT+PW+DLK+SLC+TPE+NWS+,SELL,55.0,1.97,0,0,0.00,0.00,0.00,0.00,0,0,0,-1,8.6,0.00,0.00,0.00,-263.75,265.00,R,13,TREND_DN,SIGNAL,
2026-04-30 00:06:11,2094,27355.00,27393.15,27370.83,27388.16,24.51,17.26,39.5,0.0,77.0,0.0,77.0,0.00,-1,0.0,0,0,0.00,0.00,0.00,0.00,,0.0,0,0,0.00,MANUAL,,AGGR+CHP+ADP+RUN-EXT+PW+DLK+SLC+TPE+NWS+,SELL,55.0,2.21,0,0,0.00,0.00,0.00,0.00,0,0,0,-1,8.9,0.00,0.00,0.00,-267.75,261.00,R,14,TREND_DN,BRICK_CLOSE,src=primary color=R streak=14 o=27375.00 c=27359.00 hi=27375.00 lo=27359.00
2026-04-30 00:06:11,2094,27355.00,27390.80,27370.83,27388.16,24.51,17.26,39.5,0.0,87.0,0.0,87.0,0.00,-1,0.0,0,0,0.00,0.00,0.00,0.00,,0.0,0,0,0.00,MANUAL,,AGGR+CHP+ADP+RUN-EXT+PW+DLK+SLC+TPE+NWS+,SELL,55.0,2.07,0,0,0.00,0.00,0.00,0.00,0,0,0,-1,8.9,0.00,0.00,0.00,-267.75,261.00,R,14,TREND_DN,SIGNAL,
2026-04-30 00:06:11,2095,27351.00,27390.80,27366.87,27384.78,23.29,17.17,41.4,0.0,87.0,0.0,87.0,0.00,-1,0.0,0,0,0.00,0.00,0.00,0.00,,0.0,0,0,0.00,MANUAL,,AGGR+CHP+ADP+RUN-EXT+PW+DLK+SLC+TPE+NWS+,SELL,55.0,2.32,0,0,0.00,0.00,0.00,0.00,0,0,0,-1,9.1,0.00,0.00,0.00,-271.75,257.00,R,15,TREND_DN,BRICK_CLOSE,src=primary color=R streak=15 o=27371.00 c=27355.00 hi=27371.00 lo=27355.00
2026-04-30 00:06:11,2095,27351.00,27389.99,27366.87,27384.78,23.29,17.17,41.4,0.0,77.0,0.0,77.0,0.00,-1,0.0,0,0,0.00,0.00,0.00,0.00,,0.0,0,0,0.00,MANUAL,,AGGR+CHP+ADP+RUN-EXT+PW+DLK+SLC+TPE+NWS+,SELL,55.0,2.27,0,0,0.00,0.00,0.00,0.00,0,0,0,-1,9.1,0.00,0.00,0.00,-271.75,257.00,R,15,TREND_DN,SIGNAL,
2026-04-30 00:06:11,2096,27347.00,27389.99,27362.89,27381.35,22.11,17.08,43.3,0.0,77.0,0.0,77.0,0.00,-1,0.0,0,0,0.00,0.00,0.00,0.00,,0.0,0,0,0.00,MANUAL,,AGGR+CHP+ADP+RUN-EXT+PW+DLK+SLC+TPE+NWS+,SELL,55.0,2.52,0,0,0.00,0.00,0.00,0.00,0,0,0,-1,9.3,0.00,0.00,0.00,-275.75,253.00,R,16,TREND_DN,BRICK_CLOSE,src=primary color=R streak=16 o=27367.00 c=27351.00 hi=27367.00 lo=27351.00
2026-04-30 00:06:11,2096,27347.00,27389.27,27362.89,27381.35,22.11,17.08,43.3,0.0,77.0,0.0,77.0,0.00,-1,0.0,0,0,0.00,0.00,0.00,0.00,,0.0,0,0,0.00,MANUAL,,AGGR+CHP+ADP+RUN-EXT+PW+DLK+SLC+TPE+NWS+,SELL,55.0,2.47,0,0,0.00,0.00,0.00,0.00,0,0,0,-1,9.3,0.00,0.00,0.00,-275.75,253.00,R,16,TREND_DN,SIGNAL,
2026-04-30 00:06:13,2097,27343.00,27389.27,27358.91,27377.86,20.96,17.01,45.2,0.0,77.0,0.0,77.0,0.00,-1,0.0,0,0,0.00,0.00,0.00,0.00,,0.0,0,0,0.00,MANUAL,,AGGR+CHP+ADP+RUN-EXT+PW+DLK+SLC+TPE+NWS+,SELL,55.0,2.72,0,0,0.00,0.00,0.00,0.00,0,0,0,-1,9.5,0.00,0.00,0.00,-279.75,249.00,R,17,TREND_DN,BRICK_CLOSE,src=primary color=R streak=17 o=27363.00 c=27347.00 hi=27363.00 lo=27347.00
2026-04-30 00:06:13,2097,27343.00,27386.99,27358.91,27377.86,20.96,17.01,45.2,0.0,87.0,0.0,87.0,0.00,-1,0.0,0,0,0.00,0.00,0.00,0.00,,0.0,0,0,0.00,MANUAL,,AGGR+CHP+ADP+RUN-EXT+PW+DLK+SLC+TPE+NWS+,SELL,55.0,2.59,0,0,0.00,0.00,0.00,0.00,0,0,0,-1,9.5,0.00,0.00,0.00,-279.75,249.00,R,17,TREND_DN,SIGNAL,
2026-04-30 00:06:35,2098,27339.00,27386.99,27354.93,27374.33,19.85,16.93,47.1,0.0,87.0,0.0,87.0,0.00,-1,0.0,0,0,0.00,0.00,0.00,0.00,,0.0,0,0,0.00,MANUAL,,AGGR+CHP+ADP+RUN-EXT+PW+DLK+SLC+TPE+NWS+,SELL,55.0,2.83,0,0,0.00,0.00,0.00,0.00,0,0,0,-1,9.5,0.00,0.00,0.00,-283.75,245.00,R,18,TREND_DN,BRICK_CLOSE,src=primary color=R streak=18 o=27359.00 c=27343.00 hi=27359.00 lo=27343.00
2026-04-30 00:06:35,2098,27339.00,27382.49,27354.93,27374.33,19.85,16.93,47.1,0.0,120.0,0.0,120.0,0.00,-1,0.0,0,0,0.00,0.00,0.00,0.00,,0.0,0,0,0.00,MANUAL,,AGGR+CHP+ADP+RUN-EXT+PW+DLK+SLC+TPE+NWS+,SELL,55.0,2.57,0,0,0.00,0.00,0.00,0.00,0,0,0,-1,9.5,0.00,0.00,0.00,-283.75,245.00,R,18,TREND_DN,SIGNAL,
2026-04-30 00:11:52,2099,27335.00,27382.49,27350.95,27370.75,18.78,18.01,46.8,0.0,120.0,0.0,120.0,0.00,-1,0.0,0,0,0.00,0.00,0.00,0.00,,0.0,0,0,0.00,MANUAL,,AGGR+CHP+ADP+RUN-EXT+PW+DLK+SLC+TPE+NWS+,SELL,55.0,2.64,0,0,0.00,0.00,0.00,0.00,0,0,0,-1,7.4,0.00,0.00,0.00,-287.75,241.00,R,19,TREND_DN,BRICK_CLOSE,src=primary color=R streak=19 o=27355.00 c=27339.00 hi=27355.00 lo=27339.00
2026-04-30 00:11:52,2099,27335.00,27368.55,27350.95,27370.75,18.78,18.01,46.8,0.0,120.0,0.0,120.0,0.00,-1,0.0,0,0,0.00,0.00,0.00,0.00,,0.0,0,0,0.00,MANUAL,,AGGR+CHP+ADP+RUN-EXT+PW+DLK+SLC+TPE+NWS+,SELL,55.0,1.86,0,0,0.00,0.00,0.00,0.00,0,0,0,-1,7.4,0.00,0.00,0.00,-287.75,241.00,R,19,TREND_DN,SIGNAL,
2026-04-30 00:12:01,2100,27331.00,27368.55,27346.96,27367.14,17.75,17.87,46.8,0.0,120.0,0.0,120.0,0.00,-1,0.0,0,0,0.00,0.00,0.00,0.00,,0.0,0,0,0.00,MANUAL,,AGGR+CHP+ADP+RUN-EXT+PW+DLK+SLC+TPE+NWS+,SELL,55.0,2.10,0,0,0.00,0.00,0.00,0.00,0,0,0,-1,5.4,0.00,0.00,0.00,-291.75,237.00,R,20,TREND_DN,BRICK_CLOSE,src=primary color=R streak=20 o=27351.00 c=27335.00 hi=27367.00 lo=27335.00
2026-04-30 00:12:01,2100,27331.00,27367.90,27346.96,27367.14,17.75,17.87,46.8,0.0,120.0,0.0,120.0,0.00,-1,0.0,0,0,0.00,0.00,0.00,0.00,,0.0,0,0,0.00,MANUAL,,AGGR+CHP+ADP+RUN-EXT+PW+DLK+SLC+TPE+NWS+,SELL,55.0,2.07,0,0,0.00,0.00,0.00,0.00,0,0,0,-1,5.4,-14.75,-53.25,-5.25,-291.75,237.00,R,20,TREND_DN,SIGNAL,
2026-04-30 00:12:18,2101,27327.00,27367.90,27342.96,27363.49,16.76,17.73,47.0,0.0,120.0,0.0,120.0,0.00,-1,0.0,0,0,0.00,0.00,0.00,0.00,,0.0,0,0,0.00,MANUAL,,AGGR+CHP+ADP+RUN-EXT+PW+DLK+SLC+TPE+NWS+,SELL,55.0,2.31,0,0,0.00,0.00,0.00,0.00,0,0,0,-1,3.7,-18.75,-57.25,-9.25,-295.75,233.00,R,21,TREND_DN,BRICK_CLOSE,src=primary color=R streak=21 o=27347.00 c=27331.00 hi=27347.00 lo=27331.00
2026-04-30 00:12:18,2101,27327.00,27367.17,27342.96,27363.49,16.76,17.73,47.0,0.0,77.0,0.0,77.0,0.00,-1,0.0,0,0,0.00,0.00,0.00,0.00,,0.0,0,0,0.00,MANUAL,,AGGR+CHP+ADP+RUN-EXT+PW+DLK+SLC+TPE+NWS+,SELL,55.0,2.27,0,0,0.00,0.00,0.00,0.00,0,0,0,-1,3.7,-18.75,-57.25,-9.25,-295.75,233.00,R,21,TREND_DN,SIGNAL,
2026-04-30 00:12:20,2102,27323.00,27367.17,27338.97,27359.81,15.81,17.61,47.3,0.0,77.0,0.0,77.0,0.00,-1,0.0,0,0,0.00,0.00,0.00,0.00,,0.0,0,0,0.00,MANUAL,,AGGR+CHP+ADP+RUN-EXT+PW+DLK+SLC+TPE+NWS+,SELL,55.0,2.51,0,0,0.00,0.00,0.00,0.00,0,0,0,-1,2.1,-22.75,-61.25,-13.25,-299.75,229.00,R,22,TREND_DN,BRICK_CLOSE,src=primary color=R streak=22 o=27343.00 c=27327.00 hi=27343.00 lo=27327.00
2026-04-30 00:12:20,2102,27323.00,27366.84,27338.97,27359.81,15.81,17.61,47.3,0.0,77.0,0.0,77.0,0.00,-1,0.0,0,0,0.00,0.00,0.00,0.00,,0.0,0,0,0.00,MANUAL,,AGGR+CHP+ADP+RUN-EXT+PW+DLK+SLC+TPE+NWS+,SELL,55.0,2.49,0,0,0.00,0.00,0.00,0.00,0,0,0,-1,2.1,-22.75,-61.25,-13.25,-299.75,229.00,R,22,TREND_DN,SIGNAL,
2026-04-30 00:16:55,2103,27319.00,27366.84,27334.98,27356.10,14.90,18.26,46.6,0.0,77.0,0.0,77.0,0.00,-1,0.0,0,0,0.00,0.00,0.00,0.00,,0.0,0,0,0.00,MANUAL,,AGGR+CHP+ADP+RUN-EXT+PW+DLK+SLC+TPE+NWS+,SELL,55.0,2.62,0,0,0.00,0.00,0.00,0.00,0,0,0,-1,-0.5,-26.75,-65.25,-17.25,-303.75,225.00,R,23,TREND_DN,BRICK_CLOSE,src=primary color=R streak=23 o=27339.00 c=27323.00 hi=27339.00 lo=27323.00
2026-04-30 00:16:55,2103,27319.00,27366.84,27334.98,27356.10,14.90,18.26,46.6,0.0,77.0,0.0,77.0,0.00,-1,0.0,0,0,0.00,0.00,0.00,0.00,,0.0,0,0,0.00,MANUAL,,AGGR+CHP+ADP+RUN-EXT+PW+DLK+SLC+TPE+NWS+,SELL,55.0,2.62,0,0,0.00,0.00,0.00,0.00,0,0,0,-1,-0.5,-26.75,-65.25,-17.25,-303.75,225.00,R,23,TREND_DN,HEARTBEAT,tradesToday=0 openDca=0
2026-04-30 00:16:55,2103,27319.00,27366.84,27334.98,27356.10,14.90,18.26,46.6,0.0,77.0,0.0,77.0,0.00,-1,0.0,0,0,0.00,0.00,0.00,0.00,,0.0,0,0,0.00,MANUAL,,AGGR+CHP+ADP+RUN-EXT+PW+DLK+SLC+TPE+NWS+,SELL,55.0,2.62,0,0,0.00,0.00,0.00,0.00,0,0,0,-1,-0.5,-26.75,-65.25,-17.25,-303.75,225.00,R,23,UNKNOWN,REGIME_CHANGE,from=TREND_DN to=UNKNOWN adx=46.6 slope=-0.52 atr/avg=1.03 eStack=-1 distVwapAtr=-2.62 nr=Rx23 flips4=0
2026-04-30 00:16:55,2103,27319.00,27359.45,27334.98,27356.10,14.90,18.26,46.6,0.0,87.0,0.0,87.0,0.00,-1,0.0,0,0,0.00,0.00,0.00,0.00,,0.0,0,0,0.00,MANUAL,,AGGR+CHP+ADP+RUN-EXT+PW+DLK+SLC+TPE+NWS+,SELL,55.0,2.22,0,0,0.00,0.00,0.00,0.00,0,0,0,-1,-0.5,-26.75,-65.25,-17.25,-303.75,225.00,R,23,UNKNOWN,SIGNAL,
2026-04-30 00:17:09,2104,27315.00,27359.45,27330.98,27352.36,14.03,18.10,46.2,0.0,87.0,0.0,87.0,0.00,-1,0.0,0,0,0.00,0.00,0.00,0.00,,0.0,0,0,0.00,MANUAL,,AGGR+CHP+ADP+RUN-EXT+PW+DLK+SLC+TPE+NWS+,SELL,55.0,2.46,0,0,0.00,0.00,0.00,0.00,0,0,0,-1,-0.6,-30.75,-69.25,-21.25,-307.75,221.00,R,24,UNKNOWN,BRICK_CLOSE,src=primary color=R streak=24 o=27335.00 c=27319.00 hi=27345.75 lo=27319.00
2026-04-30 00:17:09,2104,27315.00,27358.86,27330.98,27352.36,14.03,18.10,46.2,0.0,120.0,0.0,120.0,0.00,-1,0.0,0,0,0.00,0.00,0.00,0.00,,0.0,0,0,0.00,MANUAL,,AGGR+CHP+ADP+RUN-EXT+PW+DLK+SLC+TPE+NWS+,SELL,55.0,2.42,0,0,0.00,0.00,0.00,0.00,0,0,0,-1,-0.6,-30.75,-69.25,-21.25,-307.75,221.00,R,24,UNKNOWN,SIGNAL,
2026-04-30 00:17:34,2105,27311.00,27358.86,27326.99,27348.60,13.20,17.95,46.1,0.0,120.0,0.0,120.0,0.00,-1,0.0,0,0,0.00,0.00,0.00,0.00,,0.0,0,0,0.00,MANUAL,,AGGR+CHP+ADP+RUN-EXT+PW+DLK+SLC+TPE+NWS+,SELL,55.0,2.67,0,0,0.00,0.00,0.00,0.00,0,0,0,-1,-0.7,-34.75,-73.25,-25.25,-311.75,217.00,R,25,UNKNOWN,BRICK_CLOSE,src=primary color=R streak=25 o=27331.00 c=27315.00 hi=27331.00 lo=27315.00
2026-04-30 00:17:34,2105,27311.00,27357.76,27326.99,27348.60,13.20,17.95,46.1,0.0,87.0,0.0,87.0,0.00,-1,0.0,0,0,0.00,0.00,0.00,0.00,,0.0,0,0,0.00,MANUAL,,AGGR+CHP+ADP+RUN-EXT+PW+DLK+SLC+TPE+NWS+,SELL,55.0,2.60,0,0,0.00,0.00,0.00,0.00,0,0,0,-1,-0.7,-34.75,-73.25,-25.25,-311.75,217.00,R,25,UNKNOWN,SIGNAL,
2026-04-30 00:18:33,2106,27307.00,27357.76,27322.99,27344.82,12.41,17.81,46.2,0.0,87.0,0.0,87.0,0.00,-1,0.0,0,0,0.00,0.00,0.00,0.00,,0.0,0,0,0.00,MANUAL,,AGGR+CHP+ADP+RUN-EXT+PW+DLK+SLC+TPE+NWS+,SELL,55.0,2.85,0,0,0.00,0.00,0.00,0.00,0,0,0,-1,-0.7,-38.75,-77.25,-29.25,-315.75,213.00,R,26,UNKNOWN,BRICK_CLOSE,src=primary color=R streak=26 o=27327.00 c=27311.00 hi=27327.00 lo=27311.00
2026-04-30 00:18:33,2106,27307.00,27355.58,27322.99,27344.82,12.41,17.81,46.2,0.0,120.0,0.0,120.0,0.00,-1,0.0,0,0,0.00,0.00,0.00,0.00,,0.0,0,0,0.00,MANUAL,,AGGR+CHP+ADP+RUN-EXT+PW+DLK+SLC+TPE+NWS+,SELL,55.0,2.73,0,0,0.00,0.00,0.00,0.00,0,0,0,-1,-0.7,-38.75,-77.25,-29.25,-315.75,213.00,R,26,UNKNOWN,SIGNAL,
2026-04-30 00:19:18,2107,27303.00,27355.58,27318.99,27341.02,11.65,17.68,46.6,0.0,120.0,0.0,120.0,0.00,-1,0.0,0,0,0.00,0.00,0.00,0.00,,0.0,0,0,0.00,MANUAL,,AGGR+CHP+ADP+RUN-EXT+PW+DLK+SLC+TPE+NWS+,SELL,55.0,2.97,0,0,0.00,0.00,0.00,0.00,0,0,0,-1,-0.7,-42.75,-81.25,-33.25,-319.75,209.00,R,27,UNKNOWN,BRICK_CLOSE,src=primary color=R streak=27 o=27323.00 c=27307.00 hi=27323.00 lo=27307.00
2026-04-30 00:19:18,2107,27303.00,27354.33,27318.99,27341.02,11.65,17.68,46.6,0.0,120.0,0.0,120.0,0.00,-1,0.0,0,0,0.00,0.00,0.00,0.00,,0.0,0,0,0.00,MANUAL,,AGGR+CHP+ADP+RUN-EXT+PW+DLK+SLC+TPE+NWS+,SELL,55.0,2.90,0,0,0.00,0.00,0.00,0.00,0,0,0,-1,-0.7,-42.75,-81.25,-33.25,-319.75,209.00,R,27,UNKNOWN,SIGNAL,
2026-04-30 00:21:16,2108,27299.00,27354.33,27314.99,27337.20,10.94,17.56,47.1,0.0,120.0,0.0,120.0,0.00,-1,0.0,0,0,0.00,0.00,0.00,0.00,,0.0,0,0,0.00,MANUAL,,AGGR+CHP+ADP+RUN-EXT+PW+DLK+SLC+TPE+NWS+,SELL,55.0,3.15,0,0,0.00,0.00,0.00,0.00,0,0,0,-1,0.5,-46.75,-85.25,-37.25,-323.75,205.00,R,28,UNKNOWN,BRICK_CLOSE,src=primary color=R streak=28 o=27319.00 c=27303.00 hi=27319.00 lo=27303.00
2026-04-30 00:21:16,2108,27299.00,27354.33,27314.99,27337.20,10.94,17.56,47.1,0.0,120.0,0.0,120.0,0.00,-1,0.0,0,0,0.00,0.00,0.00,0.00,,0.0,0,0,0.00,MANUAL,,AGGR+CHP+ADP+RUN-EXT+PW+DLK+SLC+TPE+NWS+,SELL,55.0,3.15,0,0,0.00,0.00,0.00,0.00,0,0,0,-1,0.5,-46.75,-85.25,-37.25,-323.75,205.00,R,28,TREND_DN,REGIME_CHANGE,from=UNKNOWN to=TREND_DN adx=47.1 slope=0.49 atr/avg=1.00 eStack=-1 distVwapAtr=-3.15 nr=Rx28 flips4=0
2026-04-30 00:21:16,2108,27299.00,27351.66,27314.99,27337.20,10.94,17.56,47.1,0.0,120.0,0.0,120.0,0.00,-1,0.0,0,0,0.00,0.00,0.00,0.00,,0.0,0,0,0.00,MANUAL,,AGGR+CHP+ADP+RUN-EXT+PW+DLK+SLC+TPE+NWS+,SELL,55.0,3.00,0,0,0.00,0.00,0.00,0.00,0,0,0,-1,0.5,-46.75,-85.25,-37.25,-323.75,205.00,R,28,TREND_DN,SIGNAL,
2026-04-30 00:21:20,2109,27295.00,27351.66,27310.99,27333.36,10.26,17.45,47.8,0.0,120.0,0.0,120.0,0.00,-1,0.0,0,0,0.00,0.00,0.00,0.00,,0.0,0,0,0.00,MANUAL,,AGGR+CHP+ADP+RUN-EXT+PW+DLK+SLC+TPE+NWS+,SELL,55.0,3.25,0,0,0.00,0.00,0.00,0.00,0,0,0,-1,1.6,-50.75,-89.25,-41.25,-327.75,201.00,R,29,TREND_DN,BRICK_CLOSE,src=primary color=R streak=29 o=27315.00 c=27299.00 hi=27315.00 lo=27299.00
2026-04-30 00:21:20,2109,27295.00,27350.55,27310.99,27333.36,10.26,17.45,47.8,0.0,120.0,0.0,120.0,0.00,-1,0.0,0,0,0.00,0.00,0.00,0.00,,0.0,0,0,0.00,MANUAL,,AGGR+CHP+ADP+RUN-EXT+PW+DLK+SLC+TPE+NWS+,SELL,55.0,3.18,0,0,0.00,0.00,0.00,0.00,0,0,0,-1,1.6,-50.75,-89.25,-41.25,-327.75,201.00,R,29,TREND_DN,SIGNAL,
2026-04-30 00:21:22,2110,27291.00,27350.55,27307.00,27329.51,9.62,17.35,48.7,0.0,120.0,0.0,120.0,0.00,-1,0.0,0,0,0.00,0.00,0.00,0.00,,0.0,0,0,0.00,MANUAL,,AGGR+CHP+ADP+RUN-EXT+PW+DLK+SLC+TPE+NWS+,SELL,55.0,3.43,0,0,0.00,0.00,0.00,0.00,0,0,0,-1,2.5,-54.75,-93.25,-45.25,-331.75,197.00,R,30,TREND_DN,BRICK_CLOSE,src=primary color=R streak=30 o=27311.00 c=27295.00 hi=27311.00 lo=27295.00
2026-04-30 00:21:22,2110,27291.00,27350.17,27307.00,27329.51,9.62,17.35,48.7,0.0,110.0,0.0,110.0,0.00,-1,0.0,0,0,0.00,0.00,0.00,0.00,,0.0,0,0,0.00,MANUAL,,AGGR+CHP+ADP+RUN-EXT+PW+DLK+SLC+TPE+NWS+,SELL,55.0,3.41,0,0,0.00,0.00,0.00,0.00,0,0,0,-1,2.5,-54.75,-93.25,-45.25,-331.75,197.00,R,30,TREND_DN,SIGNAL,
2026-04-30 00:21:23,2111,27287.00,27350.17,27303.00,27325.65,9.02,17.25,49.6,0.0,110.0,0.0,110.0,0.00,-1,0.0,0,0,0.00,0.00,0.00,0.00,,0.0,0,0,0.00,MANUAL,,AGGR+CHP+ADP+RUN-EXT+PW+DLK+SLC+TPE+NWS+,SELL,55.0,3.66,0,0,0.00,0.00,0.00,0.00,0,0,0,-1,3.4,-58.75,-97.25,-49.25,-335.75,193.00,R,31,TREND_DN,BRICK_CLOSE,src=primary color=R streak=31 o=27307.00 c=27291.00 hi=27307.00 lo=27291.00
2026-04-30 00:21:23,2111,27287.00,27349.58,27303.00,27325.65,9.02,17.25,49.6,0.0,77.0,0.0,77.0,0.00,-1,0.0,0,0,0.00,0.00,0.00,0.00,,0.0,0,0,0.00,MANUAL,,AGGR+CHP+ADP+RUN-EXT+PW+DLK+SLC+TPE+NWS+,SELL,55.0,3.63,0,0,0.00,0.00,0.00,0.00,0,0,0,-1,3.4,-58.75,-97.25,-49.25,-335.75,193.00,R,31,TREND_DN,SIGNAL,
2026-04-30 00:23:21,2112,27283.00,27349.58,27299.00,27321.77,8.44,17.41,50.7,0.0,77.0,0.0,77.0,0.00,-1,0.0,0,0,0.00,0.00,0.00,0.00,,0.0,0,0,0.00,MANUAL,,AGGR+CHP+ADP+RUN-EXT+PW+DLK+SLC+TPE+NWS+,SELL,55.0,3.82,0,0,0.00,0.00,0.00,0.00,0,0,0,-1,4.1,-62.75,-101.25,-53.25,-339.75,189.00,R,32,TREND_DN,BRICK_CLOSE,src=primary color=R streak=32 o=27303.00 c=27287.00 hi=27303.00 lo=27287.00
2026-04-30 00:23:21,2112,27283.00,27344.28,27299.00,27321.77,8.44,17.41,50.7,0.0,87.0,0.0,87.0,0.00,-1,0.0,0,0,0.00,0.00,0.00,0.00,,0.0,0,0,0.00,MANUAL,,AGGR+CHP+ADP+RUN-EXT+PW+DLK+SLC+TPE+NWS+,SELL,55.0,3.52,0,0,0.00,0.00,0.00,0.00,0,0,0,-1,4.1,-62.75,-101.25,-53.25,-339.75,189.00,R,32,TREND_DN,SIGNAL,
2026-04-30 00:23:48,2113,27279.00,27344.28,27295.00,27317.88,7.90,17.31,51.8,0.0,87.0,0.0,87.0,0.00,-1,0.0,0,0,0.00,0.00,0.00,0.00,,0.0,0,0,0.00,MANUAL,,AGGR+CHP+ADP+RUN-EXT+PW+DLK+SLC+TPE+NWS+,SELL,55.0,3.77,0,0,0.00,0.00,0.00,0.00,0,0,0,-1,4.7,-66.75,-105.25,-57.25,-343.75,185.00,R,33,TREND_DN,BRICK_CLOSE,src=primary color=R streak=33 o=27299.00 c=27283.00 hi=27302.50 lo=27283.00
2026-04-30 00:23:48,2113,27279.00,27343.55,27295.00,27317.88,7.90,17.31,51.8,0.0,120.0,0.0,120.0,0.00,-1,0.0,0,0,0.00,0.00,0.00,0.00,,0.0,0,0,0.00,MANUAL,,AGGR+CHP+ADP+RUN-EXT+PW+DLK+SLC+TPE+NWS+,SELL,55.0,3.73,0,0,0.00,0.00,0.00,0.00,0,0,0,-1,4.7,-66.75,-105.25,-57.25,-343.75,185.00,R,33,TREND_DN,SIGNAL,
2026-04-30 00:25:08,2114,27307.00,27343.55,27297.40,27316.89,37.90,18.11,50.9,0.0,120.0,0.0,120.0,0.00,-1,0.0,0,0,0.00,0.00,0.00,0.00,,0.0,0,0,0.00,MANUAL,,AGGR+CHP+ADP+RUN-EXT+PW+DLK+SLC+TPE+NWS+,SELL,55.0,2.02,0,0,0.00,0.00,0.00,0.00,0,0,0,0,3.0,-38.75,-77.25,-29.25,-315.75,213.00,R,34,TREND_DN,BRICK_CLOSE,src=primary color=R streak=34 o=27295.00 c=27279.00 hi=27295.00 lo=27279.00
2026-04-30 00:25:08,2114,27307.00,27343.55,27297.40,27316.89,37.90,18.11,50.9,0.0,120.0,0.0,120.0,0.00,-1,0.0,0,0,0.00,0.00,0.00,0.00,,0.0,0,0,0.00,MANUAL,,AGGR+CHP+ADP+RUN-EXT+PW+DLK+SLC+TPE+NWS+,SELL,55.0,2.02,0,0,0.00,0.00,0.00,0.00,0,0,0,0,3.0,-38.75,-77.25,-29.25,-315.75,213.00,R,34,UNKNOWN,REGIME_CHANGE,from=TREND_DN to=UNKNOWN adx=50.9 slope=3.05 atr/avg=1.03 eStack=0 distVwapAtr=-2.02 nr=Rx34 flips4=1
2026-04-30 00:25:08,2114,27307.00,27340.28,27297.40,27316.89,37.90,18.11,50.9,0.0,23.4,0.0,23.4,0.00,-1,0.0,0,0,0.00,0.00,0.00,0.00,,0.0,0,0,0.00,MANUAL,,AGGR+CHP+ADP+RUN-EXT+PW+DLK+SLC+TPE+NWS+,SELL,55.0,1.84,0,0,0.00,0.00,0.00,0.00,0,0,0,0,3.0,-38.75,-77.25,-29.25,-315.75,213.00,R,34,UNKNOWN,SIGNAL,
2026-04-30 00:25:11,2115,27311.00,27340.28,27300.12,27316.36,40.86,17.96,49.4,0.0,23.4,0.0,23.4,0.00,-1,0.0,0,0,0.00,0.00,0.00,0.00,,0.0,0,0,0.00,MANUAL,,AGGR+CHP+ADP+RUN-EXT+PW+DLK+SLC+TPE+NWS+,WAIT,55.0,1.63,0,0,0.00,0.00,0.00,0.00,0,0,0,0,0.7,-34.75,-73.25,-25.25,-311.75,217.00,G,1,UNKNOWN,BRICK_CLOSE,src=primary color=G streak=1 o=27291.00 c=27307.00 hi=27307.00 lo=27278.50
2026-04-30 00:25:11,2115,27311.00,27340.28,27300.12,27316.36,40.86,17.96,49.4,0.0,23.4,0.0,23.4,0.00,-1,0.0,0,0,0.00,0.00,0.00,0.00,,0.0,0,0,0.00,MANUAL,,AGGR+CHP+ADP+RUN-EXT+PW+DLK+SLC+TPE+NWS+,WAIT,55.0,1.63,0,0,0.00,0.00,0.00,0.00,0,0,0,0,0.7,-34.75,-73.25,-25.25,-311.75,217.00,G,1,UNKNOWN,RUN_END,color=R len=34 pts=120.0 maxFav=148.0 durSec=1792 startPx=27427.00 endPx=27307.00
2026-04-30 00:25:11,2115,27311.00,27340.28,27300.12,27316.36,40.86,17.96,49.4,0.0,23.4,0.0,23.4,0.00,-1,0.0,0,0,0.00,0.00,0.00,0.00,,0.0,0,0,0.00,MANUAL,,AGGR+CHP+ADP+RUN-EXT+PW+DLK+SLC+TPE+NWS+,WAIT,55.0,1.63,0,0,0.00,0.00,0.00,0.00,0,0,0,0,0.7,-34.75,-73.25,-25.25,-311.75,217.00,G,1,UNKNOWN,PULLBACK_ARM,dir=-1 runLen=34 runPts=120.0 maxFav=148.0 extremePx=27307.00 windowSec=900
2026-04-30 00:25:11,2115,27311.00,27340.07,27300.12,27316.36,40.86,17.96,49.4,0.0,17.3,0.0,17.3,0.00,-1,0.0,0,0,0.00,0.00,0.00,0.00,,0.0,0,0,0.00,MANUAL,,AGGR+CHP+ADP+RUN-EXT+PW+DLK+SLC+TPE+NWS+,WAIT,55.0,1.62,0,0,0.00,0.00,0.00,0.00,0,0,0,0,0.7,-34.75,-73.25,-25.25,-311.75,217.00,G,1,UNKNOWN,SIGNAL,
2026-04-30 00:30:37,2116,27283.00,27340.07,27296.69,27313.32,30.05,18.93,48.8,0.0,17.3,0.0,17.3,0.00,-1,0.0,0,0,0.00,0.00,0.00,0.00,,0.0,0,0,0.00,MANUAL,,AGGR+CHP+ADP+RUN-EXT+PW+DLK+SLC+TPE+NWS+,WAIT,55.0,3.02,0,0,0.00,0.00,0.00,0.00,0,0,0,-1,-0.8,-62.75,-101.25,-53.25,-339.75,189.00,G,2,UNKNOWN,BRICK_CLOSE,src=primary color=G streak=2 o=27295.00 c=27311.00 hi=27311.00 lo=27295.00
2026-04-30 00:30:37,2116,27283.00,27340.07,27296.69,27313.32,30.05,18.93,48.8,0.0,17.3,0.0,17.3,0.00,-1,0.0,0,0,0.00,0.00,0.00,0.00,,0.0,0,0,0.00,MANUAL,,AGGR+CHP+ADP+RUN-EXT+PW+DLK+SLC+TPE+NWS+,WAIT,55.0,3.02,0,0,0.00,0.00,0.00,0.00,0,0,0,-1,-0.8,-62.75,-101.25,-53.25,-339.75,189.00,G,2,UNKNOWN,HEARTBEAT,tradesToday=0 openDca=0
2026-04-30 00:30:37,2116,27283.00,27334.30,27296.69,27313.32,30.05,18.93,48.8,0.0,60.1,0.0,60.1,0.00,-1,0.0,0,0,0.00,0.00,0.00,0.00,,0.0,0,0,0.00,MANUAL,,AGGR+CHP+ADP+RUN-EXT+PW+DLK+SLC+TPE+NWS+,WAIT,55.0,2.71,0,0,0.00,0.00,0.00,0.00,0,0,0,-1,-0.8,-62.75,-101.25,-53.25,-339.75,189.00,G,2,UNKNOWN,SIGNAL,
2026-04-30 00:30:40,2117,27279.00,27334.30,27293.16,27310.20,28.88,18.72,48.5,0.0,60.1,0.0,60.1,0.00,-1,0.0,0,0,0.00,0.00,0.00,0.00,,0.0,0,0,0.00,MANUAL,,AGGR+CHP+ADP+RUN-EXT+PW+DLK+SLC+TPE+NWS+,SELL,55.0,2.95,0,0,0.00,0.00,0.00,0.00,0,0,0,-1,-2.2,-66.75,-105.25,-57.25,-343.75,185.00,R,1,UNKNOWN,BRICK_CLOSE,src=primary color=R streak=1 o=27299.00 c=27283.00 hi=27314.50 lo=27283.00
2026-04-30 00:30:40,2117,27279.00,27334.30,27293.16,27310.20,28.88,18.72,48.5,0.0,60.1,0.0,60.1,0.00,-1,0.0,0,0,0.00,0.00,0.00,0.00,,0.0,0,0,0.00,MANUAL,,AGGR+CHP+ADP+RUN-EXT+PW+DLK+SLC+TPE+NWS+,SELL,55.0,2.95,0,0,0.00,0.00,0.00,0.00,0,0,0,-1,-2.2,-66.75,-105.25,-57.25,-343.75,185.00,R,1,UNKNOWN,RUN_END,color=G len=2 pts=8.0 maxFav=20.0 durSec=329 startPx=27291.00 endPx=27283.00
2026-04-30 00:30:40,2117,27279.00,27334.06,27293.16,27310.20,28.88,18.72,48.5,0.0,82.2,0.0,82.2,0.00,-1,0.0,0,0,0.00,0.00,0.00,0.00,,0.0,0,0,0.00,MANUAL,,AGGR+CHP+ADP+RUN-EXT+PW+DLK+SLC+TPE+NWS+,SELL,55.0,2.94,0,0,0.00,0.00,0.00,0.00,0,0,0,-1,-2.2,-66.75,-105.25,-57.25,-343.75,185.00,R,1,UNKNOWN,SIGNAL,
2026-04-30 00:30:41,2118,27275.00,27334.06,27289.52,27307.00,27.71,18.52,48.4,0.0,82.2,0.0,82.2,0.00,-1,0.0,0,0,0.00,0.00,0.00,0.00,,0.0,0,0,0.00,MANUAL,,AGGR+CHP+ADP+RUN-EXT+PW+DLK+SLC+TPE+NWS+,SELL,55.0,3.19,0,0,0.00,0.00,0.00,0.00,0,0,0,-1,-3.4,-70.75,-109.25,-61.25,-347.75,181.00,R,2,UNKNOWN,BRICK_CLOSE,src=primary color=R streak=2 o=27295.00 c=27279.00 hi=27295.00 lo=27279.00
2026-04-30 00:30:41,2118,27275.00,27333.91,27289.52,27307.00,27.71,18.52,48.4,0.0,77.0,0.0,77.0,0.00,-1,0.0,0,0,0.00,0.00,0.00,0.00,,0.0,0,0,0.00,MANUAL,,AGGR+CHP+ADP+RUN-EXT+PW+DLK+SLC+TPE+NWS+,SELL,55.0,3.18,0,0,0.00,0.00,0.00,0.00,0,0,0,-1,-3.4,-70.75,-109.25,-61.25,-347.75,181.00,R,2,UNKNOWN,SIGNAL,
2026-04-30 00:31:02,2119,27271.00,27333.91,27285.82,27303.73,26.55,18.34,48.5,0.0,77.0,0.0,77.0,0.00,-1,0.0,0,0,0.00,0.00,0.00,0.00,,0.0,0,0,0.00,MANUAL,,AGGR+CHP+ADP+RUN-EXT+PW+DLK+SLC+TPE+NWS+,SELL,55.0,3.43,0,0,0.00,0.00,0.00,0.00,0,0,0,-1,-2.3,-74.75,-113.25,-65.25,-351.75,177.00,R,3,UNKNOWN,BRICK_CLOSE,src=primary color=R streak=3 o=27291.00 c=27275.00 hi=27291.00 lo=27275.00
2026-04-30 00:31:02,2119,27271.00,27332.89,27285.82,27303.73,26.55,18.34,48.5,0.0,87.0,0.0,87.0,0.00,-1,0.0,0,0,0.00,0.00,0.00,0.00,,0.0,0,0,0.00,MANUAL,,AGGR+CHP+ADP+RUN-EXT+PW+DLK+SLC+TPE+NWS+,SELL,55.0,3.37,0,0,0.00,0.00,0.00,0.00,0,0,0,-1,-2.3,-74.75,-113.25,-65.25,-351.75,177.00,R,3,UNKNOWN,SIGNAL,
2026-04-30 00:31:03,2120,27267.00,27332.89,27282.06,27300.39,25.41,18.18,48.9,0.0,87.0,0.0,87.0,0.00,-1,0.0,0,0,0.00,0.00,0.00,0.00,,0.0,0,0,0.00,MANUAL,,AGGR+CHP+ADP+RUN-EXT+PW+DLK+SLC+TPE+NWS+,SELL,55.0,3.63,0,0,0.00,0.00,0.00,0.00,0,0,0,-1,-0.5,-78.75,-117.25,-69.25,-355.75,173.00,R,4,UNKNOWN,BRICK_CLOSE,src=primary color=R streak=4 o=27287.00 c=27271.00 hi=27287.00 lo=27271.00
2026-04-30 00:31:03,2120,27267.00,27332.75,27282.06,27300.39,25.41,18.18,48.9,0.0,110.0,0.0,110.0,0.00,-1,0.0,0,0,0.00,0.00,0.00,0.00,,0.0,0,0,0.00,MANUAL,,AGGR+CHP+ADP+RUN-EXT+PW+DLK+SLC+TPE+NWS+,SELL,55.0,3.62,0,0,0.00,0.00,0.00,0.00,0,0,0,-1,-0.5,-78.75,-93.25,-22.50,-355.75,173.00,R,4,UNKNOWN,SIGNAL,
2026-04-30 00:31:03,2121,27263.00,27332.75,27278.24,27296.99,24.29,18.02,49.4,0.0,110.0,0.0,110.0,0.00,-1,0.0,0,0,0.00,0.00,0.00,0.00,,0.0,0,0,0.00,MANUAL,,AGGR+CHP+ADP+RUN-EXT+PW+DLK+SLC+TPE+NWS+,SELL,55.0,3.87,0,0,0.00,0.00,0.00,0.00,0,0,0,-1,0.6,-82.75,-97.25,-26.50,-359.75,169.00,R,5,UNKNOWN,BRICK_CLOSE,src=primary color=R streak=5 o=27283.00 c=27267.00 hi=27283.00 lo=27267.00
2026-04-30 00:31:03,2121,27263.00,27332.75,27278.24,27296.99,24.29,18.02,49.4,0.0,110.0,0.0,110.0,0.00,-1,0.0,0,0,0.00,0.00,0.00,0.00,,0.0,0,0,0.00,MANUAL,,AGGR+CHP+ADP+RUN-EXT+PW+DLK+SLC+TPE+NWS+,SELL,55.0,3.87,0,0,0.00,0.00,0.00,0.00,0,0,0,-1,0.6,-82.75,-97.25,-26.50,-359.75,169.00,R,5,TREND_DN,REGIME_CHANGE,from=UNKNOWN to=TREND_DN adx=49.4 slope=0.56 atr/avg=1.01 eStack=-1 distVwapAtr=-3.87 nr=Rx5 flips4=0
2026-04-30 00:31:03,2121,27263.00,27332.40,27278.24,27296.99,24.29,18.02,49.4,0.0,77.0,0.0,77.0,0.00,-1,0.0,0,0,0.00,0.00,0.00,0.00,,0.0,0,0,0.00,MANUAL,,AGGR+CHP+ADP+RUN-EXT+PW+DLK+SLC+TPE+NWS+,SELL,55.0,3.85,0,0,0.00,0.00,0.00,0.00,0,0,0,-1,0.6,-82.75,-97.25,-26.50,-359.75,169.00,R,5,TREND_DN,SIGNAL,
2026-04-30 00:31:07,2122,27259.00,27332.40,27274.40,27293.54,23.18,17.88,50.0,0.0,77.0,0.0,77.0,0.00,-1,0.0,0,0,0.00,0.00,0.00,0.00,,0.0,0,0,0.00,MANUAL,,AGGR+CHP+ADP+RUN-EXT+PW+DLK+SLC+TPE+NWS+,SELL,55.0,4.11,0,0,0.00,0.00,0.00,0.00,0,0,0,-1,1.5,-86.75,-101.25,-30.50,-363.75,165.00,R,6,TREND_DN,BRICK_CLOSE,src=primary color=R streak=6 o=27279.00 c=27263.00 hi=27279.00 lo=27263.00
2026-04-30 00:31:07,2122,27259.00,27331.79,27274.40,27293.54,23.18,17.88,50.0,0.0,77.0,0.0,77.0,0.00,-1,0.0,0,0,0.00,0.00,0.00,0.00,,0.0,0,0,0.00,MANUAL,,AGGR+CHP+ADP+RUN-EXT+PW+DLK+SLC+TPE+NWS+,SELL,55.0,4.07,0,0,0.00,0.00,0.00,0.00,0,0,0,-1,1.5,-86.75,-101.25,-30.50,-363.75,165.00,R,6,TREND_DN,SIGNAL,
2026-04-30 00:31:11,2123,27255.00,27331.79,27270.52,27290.03,22.10,17.74,50.8,0.0,77.0,0.0,77.0,0.00,-1,0.0,0,0,0.00,0.00,0.00,0.00,,0.0,0,0,0.00,MANUAL,,AGGR+CHP+ADP+RUN-EXT+PW+DLK+SLC+TPE+NWS+,SELL,55.0,4.33,0,0,0.00,0.00,0.00,0.00,0,0,0,-1,2.4,-90.75,-105.25,-34.50,-367.75,161.00,R,7,TREND_DN,BRICK_CLOSE,src=primary color=R streak=7 o=27275.00 c=27259.00 hi=27275.00 lo=27259.00
2026-04-30 00:31:11,2123,27255.00,27330.77,27270.52,27290.03,22.10,17.74,50.8,0.0,87.0,0.0,87.0,0.00,-1,0.0,0,0,0.00,0.00,0.00,0.00,,0.0,0,0,0.00,MANUAL,,AGGR+CHP+ADP+RUN-EXT+PW+DLK+SLC+TPE+NWS+,SELL,55.0,4.27,0,0,0.00,0.00,0.00,0.00,0,0,0,-1,2.4,-90.75,-105.25,-34.50,-367.75,161.00,R,7,TREND_DN,SIGNAL,
2026-04-30 00:32:02,2124,27251.00,27330.77,27266.61,27286.49,21.04,17.62,51.7,0.0,87.0,0.0,87.0,0.00,-1,0.0,0,0,0.00,0.00,0.00,0.00,,0.0,0,0,0.00,MANUAL,,AGGR+CHP+ADP+RUN-EXT+PW+DLK+SLC+TPE+NWS+,SELL,55.0,4.53,0,0,0.00,0.00,0.00,0.00,0,0,0,-1,3.1,-94.75,-109.25,-38.50,-371.75,157.00,R,8,TREND_DN,BRICK_CLOSE,src=primary color=R streak=8 o=27271.00 c=27255.00 hi=27271.00 lo=27255.00
2026-04-30 00:32:02,2124,27251.00,27328.64,27266.61,27286.49,21.04,17.62,51.7,0.0,120.0,0.0,120.0,0.00,-1,0.0,0,0,0.00,0.00,0.00,0.00,,0.0,0,0,0.00,MANUAL,,AGGR+CHP+ADP+RUN-EXT+PW+DLK+SLC+TPE+NWS+,SELL,55.0,4.41,0,0,0.00,0.00,0.00,0.00,0,0,0,-1,3.1,-94.75,-109.25,-38.50,-371.75,157.00,R,8,TREND_DN,SIGNAL,
2026-04-30 00:32:03,2125,27247.00,27328.64,27262.69,27282.90,20.01,17.50,52.6,0.0,120.0,0.0,120.0,0.00,-1,0.0,0,0,0.00,0.00,0.00,0.00,,0.0,0,0,0.00,MANUAL,,AGGR+CHP+ADP+RUN-EXT+PW+DLK+SLC+TPE+NWS+,SELL,55.0,4.66,0,0,0.00,0.00,0.00,0.00,0,0,0,-1,3.8,-98.75,-113.25,-42.50,-375.75,153.00,R,9,TREND_DN,BRICK_CLOSE,src=primary color=R streak=9 o=27267.00 c=27251.00 hi=27267.00 lo=27251.00
2026-04-30 00:32:03,2125,27247.00,27328.04,27262.69,27282.90,20.01,17.50,52.6,0.0,110.0,0.0,110.0,0.00,-1,0.0,0,0,0.00,0.00,0.00,0.00,,0.0,0,0,0.00,MANUAL,,AGGR+CHP+ADP+RUN-EXT+PW+DLK+SLC+TPE+NWS+,SELL,55.0,4.63,0,0,0.00,0.00,0.00,0.00,0,0,0,-1,3.8,-98.75,-113.25,-42.50,-375.75,153.00,R,9,TREND_DN,SIGNAL,
2026-04-30 00:35:24,2126,27243.00,27328.04,27258.75,27279.27,19.01,17.39,53.7,0.0,110.0,0.0,110.0,0.00,-1,0.0,0,0,0.00,0.00,0.00,0.00,,0.0,0,0,0.00,MANUAL,,AGGR+CHP+ADP+RUN-EXT+PW+DLK+SLC+TPE+NWS+,SELL,55.0,4.89,0,0,0.00,0.00,0.00,0.00,0,0,0,-1,4.3,-102.75,-117.25,-46.50,-379.75,149.00,R,10,TREND_DN,BRICK_CLOSE,src=primary color=R streak=10 o=27263.00 c=27247.00 hi=27263.00 lo=27247.00
2026-04-30 00:35:24,2126,27243.00,27321.32,27258.75,27279.27,19.01,17.39,53.7,0.0,87.0,0.0,87.0,0.00,-1,0.0,0,0,0.00,0.00,0.00,0.00,,0.0,0,0,0.00,MANUAL,,AGGR+CHP+ADP+RUN-EXT+PW+DLK+SLC+TPE+NWS+,SELL,55.0,4.50,0,0,0.00,0.00,0.00,0.00,0,0,0,-1,4.3,-102.75,-117.25,-46.50,-379.75,149.00,R,10,TREND_DN,SIGNAL,
2026-04-30 00:44:46,2127,27271.00,27321.32,27261.20,27278.52,41.23,18.44,52.7,0.0,87.0,0.0,87.0,0.00,-1,0.0,0,0,0.00,0.00,0.00,0.00,,0.0,0,0,0.00,MANUAL,,AGGR+CHP+ADP+RUN-EXT+PW+DLK+SLC+TPE+NWS+,SELL,55.0,2.73,0,0,0.00,0.00,0.00,0.00,0,0,0,0,2.7,-74.75,-89.25,-18.50,-351.75,177.00,R,11,TREND_DN,BRICK_CLOSE,src=primary color=R streak=11 o=27259.00 c=27243.00 hi=27259.00 lo=27243.00
2026-04-30 00:44:46,2127,27271.00,27321.32,27261.20,27278.52,41.23,18.44,52.7,0.0,87.0,0.0,87.0,0.00,-1,0.0,0,0,0.00,0.00,0.00,0.00,,0.0,0,0,0.00,MANUAL,,AGGR+CHP+ADP+RUN-EXT+PW+DLK+SLC+TPE+NWS+,SELL,55.0,2.73,0,0,0.00,0.00,0.00,0.00,0,0,0,0,2.7,-74.75,-89.25,-18.50,-351.75,177.00,R,11,TREND_DN,HEARTBEAT,tradesToday=0 openDca=0
2026-04-30 00:44:46,2127,27271.00,27321.32,27261.20,27278.52,41.23,18.44,52.7,0.0,87.0,0.0,87.0,0.00,-1,0.0,0,0,0.00,0.00,0.00,0.00,,0.0,0,0,0.00,MANUAL,,AGGR+CHP+ADP+RUN-EXT+PW+DLK+SLC+TPE+NWS+,SELL,55.0,2.73,0,0,0.00,0.00,0.00,0.00,0,0,0,0,2.7,-74.75,-89.25,-18.50,-351.75,177.00,R,11,UNKNOWN,REGIME_CHANGE,from=TREND_DN to=UNKNOWN adx=52.7 slope=2.71 atr/avg=1.03 eStack=0 distVwapAtr=-2.73 nr=Rx11 flips4=1
2026-04-30 00:44:46,2127,27271.00,27310.24,27261.20,27278.52,41.23,18.44,52.7,0.0,32.6,0.0,32.6,0.00,-1,0.0,0,0,0.00,0.00,0.00,0.00,,0.0,0,0,0.00,MANUAL,,AGGR+CHP+ADP+RUN-EXT+PW+DLK+SLC+TPE+NWS+,SELL,55.0,2.13,0,0,0.00,0.00,0.00,0.00,0,0,0,0,2.7,-74.75,-89.25,-18.50,-351.75,177.00,R,11,UNKNOWN,SIGNAL,
2026-04-30 00:45:50,2128,27275.00,27310.24,27263.96,27278.20,43.61,18.26,51.2,0.0,32.6,0.0,32.6,0.00,-1,0.0,0,0,0.00,0.00,0.00,0.00,,0.0,0,0,0.00,MANUAL,,AGGR+CHP+ADP+RUN-EXT+PW+DLK+SLC+TPE+NWS+,WAIT,55.0,1.93,0,0,0.00,0.00,0.00,0.00,0,0,0,0,0.5,-70.75,-85.25,-14.50,-347.75,181.00,G,1,UNKNOWN,BRICK_CLOSE,src=primary color=G streak=1 o=27255.00 c=27271.00 hi=27271.00 lo=27239.00
2026-04-30 00:45:50,2128,27275.00,27310.24,27263.96,27278.20,43.61,18.26,51.2,0.0,32.6,0.0,32.6,0.00,-1,0.0,0,0,0.00,0.00,0.00,0.00,,0.0,0,0,0.00,MANUAL,,AGGR+CHP+ADP+RUN-EXT+PW+DLK+SLC+TPE+NWS+,WAIT,55.0,1.93,0,0,0.00,0.00,0.00,0.00,0,0,0,0,0.5,-70.75,-85.25,-14.50,-347.75,181.00,G,1,UNKNOWN,RUN_END,color=R len=11 pts=28.0 maxFav=56.0 durSec=910 startPx=27299.00 endPx=27271.00
2026-04-30 00:45:50,2128,27275.00,27309.48,27263.96,27278.20,43.61,18.26,51.2,0.0,20.0,0.0,20.0,0.00,-1,0.0,0,0,0.00,0.00,0.00,0.00,,0.0,0,0,0.00,MANUAL,,AGGR+CHP+ADP+RUN-EXT+PW+DLK+SLC+TPE+NWS+,WAIT,55.0,1.89,0,0,0.00,0.00,0.00,0.00,0,0,0,0,0.5,-70.75,-85.25,-14.50,-347.75,181.00,G,1,UNKNOWN,SIGNAL,
2026-04-30 00:52:09,2129,27247.00,27309.48,27260.57,27275.36,33.41,19.24,50.6,0.0,20.0,0.0,20.0,0.00,-1,0.0,0,0,0.00,0.00,0.00,0.00,,0.0,0,0,0.00,MANUAL,,AGGR+CHP+ADP+RUN-EXT+PW+DLK+SLC+TPE+NWS+,WAIT,55.0,3.25,0,0,0.00,0.00,0.00,0.00,0,0,0,-1,-1.0,-98.75,-113.25,-42.50,-375.75,153.00,G,2,UNKNOWN,BRICK_CLOSE,src=primary color=G streak=2 o=27259.00 c=27275.00 hi=27275.00 lo=27259.00
2026-04-30 00:52:09,2129,27247.00,27306.05,27260.57,27275.36,33.41,19.24,50.6,0.0,81.5,0.0,81.5,0.00,-1,0.0,0,0,0.00,0.00,0.00,0.00,,0.0,0,0,0.00,MANUAL,,AGGR+CHP+ADP+RUN-EXT+PW+DLK+SLC+TPE+NWS+,WAIT,55.0,3.07,0,0,0.00,0.00,0.00,0.00,0,0,0,-1,-1.0,-98.75,-113.25,-42.50,-375.75,153.00,G,2,UNKNOWN,SIGNAL,
2026-04-30 00:58:55,2130,27243.00,27306.05,27257.06,27272.42,32.25,19.91,50.3,0.0,81.5,0.0,81.5,0.00,-1,0.0,0,0,0.00,0.00,0.00,0.00,,0.0,0,0,0.00,MANUAL,,AGGR+CHP+ADP+RUN-EXT+PW+DLK+SLC+TPE+NWS+,SELL,55.0,3.17,0,0,0.00,0.00,0.00,0.00,0,0,0,-1,-2.4,-102.75,-117.25,-46.50,-379.75,149.00,R,1,UNKNOWN,BRICK_CLOSE,src=primary color=R streak=1 o=27263.00 c=27247.00 hi=27279.00 lo=27247.00
2026-04-30 00:58:55,2130,27243.00,27306.05,27257.06,27272.42,32.25,19.91,50.3,0.0,81.5,0.0,81.5,0.00,-1,0.0,0,0,0.00,0.00,0.00,0.00,,0.0,0,0,0.00,MANUAL,,AGGR+CHP+ADP+RUN-EXT+PW+DLK+SLC+TPE+NWS+,SELL,55.0,3.17,0,0,0.00,0.00,0.00,0.00,0,0,0,-1,-2.4,-102.75,-117.25,-46.50,-379.75,149.00,R,1,UNKNOWN,RUN_END,color=G len=2 pts=8.0 maxFav=20.0 durSec=785 startPx=27255.00 endPx=27247.00
2026-04-30 00:58:55,2130,27243.00,27306.05,27257.06,27272.42,32.25,19.91,50.3,0.0,81.5,0.0,81.5,0.00,-1,0.0,0,0,0.00,0.00,0.00,0.00,,0.0,0,0,0.00,MANUAL,,AGGR+CHP+ADP+RUN-EXT+PW+DLK+SLC+TPE+NWS+,SELL,55.0,3.17,0,0,0.00,0.00,0.00,0.00,0,0,0,-1,-2.4,-102.75,-117.25,-46.50,-379.75,149.00,R,1,UNKNOWN,HEARTBEAT,tradesToday=0 openDca=0
2026-04-30 00:58:55,2130,27243.00,27302.69,27257.06,27272.42,32.25,19.91,50.3,0.0,92.2,0.0,92.2,0.00,-1,0.0,0,0,0.00,0.00,0.00,0.00,,0.0,0,0,0.00,MANUAL,,AGGR+CHP+ADP+RUN-EXT+PW+DLK+SLC+TPE+NWS+,SELL,55.0,3.00,0,0,0.00,0.00,0.00,0.00,0,0,0,-1,-2.4,-102.75,-117.25,-46.50,-379.75,149.00,R,1,UNKNOWN,SIGNAL,
2026-04-30 00:59:24,2131,27239.00,27302.69,27253.44,27269.38,31.09,19.63,50.1,0.0,92.2,0.0,92.2,0.00,-1,0.0,0,0,0.00,0.00,0.00,0.00,,0.0,0,0,0.00,MANUAL,,AGGR+CHP+ADP+RUN-EXT+PW+DLK+SLC+TPE+NWS+,SELL,55.0,3.24,0,0,0.00,0.00,0.00,0.00,0,0,0,-1,-3.6,-106.75,-121.25,-50.50,-383.75,145.00,R,2,UNKNOWN,BRICK_CLOSE,src=primary color=R streak=2 o=27259.00 c=27243.00 hi=27271.50 lo=27243.00
2026-04-30 00:59:24,2131,27239.00,27302.25,27253.44,27269.38,31.09,19.63,50.1,0.0,82.2,0.0,82.2,0.00,-1,0.0,0,0,0.00,0.00,0.00,0.00,,0.0,0,0,0.00,MANUAL,,AGGR+CHP+ADP+RUN-EXT+PW+DLK+SLC+TPE+NWS+,SELL,55.0,3.22,0,0,0.00,0.00,0.00,0.00,0,0,0,-1,-3.6,-106.75,-121.25,-50.50,-383.75,145.00,R,2,UNKNOWN,SIGNAL,
2026-04-30 00:59:37,2132,27235.00,27302.25,27249.76,27266.26,29.92,19.37,50.2,0.0,82.2,0.0,82.2,0.00,-1,0.0,0,0,0.00,0.00,0.00,0.00,,0.0,0,0,0.00,MANUAL,,AGGR+CHP+ADP+RUN-EXT+PW+DLK+SLC+TPE+NWS+,SELL,55.0,3.47,0,0,0.00,0.00,0.00,0.00,0,0,0,-1,-2.5,-110.75,-125.25,-54.50,-387.75,141.00,R,3,UNKNOWN,BRICK_CLOSE,src=primary color=R streak=3 o=27255.00 c=27239.00 hi=27255.00 lo=27239.00
2026-04-30 00:59:37,2132,27235.00,27301.63,27249.76,27266.26,29.92,19.37,50.2,0.0,77.0,0.0,77.0,0.00,-1,0.0,0,0,0.00,0.00,0.00,0.00,,0.0,0,0,0.00,MANUAL,,AGGR+CHP+ADP+RUN-EXT+PW+DLK+SLC+TPE+NWS+,SELL,55.0,3.44,0,0,0.00,0.00,0.00,0.00,0,0,0,-1,-2.5,-110.75,-125.25,-54.50,-387.75,141.00,R,3,UNKNOWN,SIGNAL,
2026-04-30 01:01:09,2133,27263.00,27301.63,27252.40,27265.96,45.33,20.23,48.7,0.0,77.0,0.0,77.0,0.00,-1,0.0,0,0,0.00,0.00,0.00,0.00,,0.0,0,0,0.00,MANUAL,,AGGR+CHP+ADP+RUN-EXT+PW+DLK+SLC+TPE+NWS+,SELL,55.0,1.91,0,0,0.00,0.00,0.00,0.00,0,0,0,0,-2.6,-82.75,-97.25,-26.50,-359.75,169.00,R,4,UNKNOWN,BRICK_CLOSE,src=primary color=R streak=4 o=27251.00 c=27235.00 hi=27251.00 lo=27235.00
2026-04-30 01:01:09,2133,27263.00,27299.37,27252.40,27265.96,45.33,20.23,48.7,0.0,25.4,0.0,25.4,0.00,-1,0.0,0,0,0.00,0.00,0.00,0.00,,0.0,0,0,0.00,MANUAL,,AGGR+CHP+ADP+RUN-EXT+PW+DLK+SLC+TPE+NWS+,SELL,55.0,1.80,0,0,0.00,0.00,0.00,0.00,0,0,0,0,-2.6,-82.75,-97.25,-26.50,-359.75,169.00,R,4,UNKNOWN,SIGNAL,
2026-04-30 01:01:22,2134,27267.00,27299.37,27255.32,27266.05,47.12,19.93,46.8,0.0,25.4,0.0,25.4,0.00,-1,0.0,0,0,0.00,0.00,0.00,0.00,,0.0,0,0,0.00,MANUAL,,AGGR+CHP+ADP+RUN-EXT+PW+DLK+SLC+TPE+NWS+,WAIT,55.0,1.62,0,0,0.00,0.00,0.00,0.00,0,0,0,0,-3.9,-78.75,-93.25,-22.50,-355.75,173.00,G,1,UNKNOWN,BRICK_CLOSE,src=primary color=G streak=1 o=27247.00 c=27263.00 hi=27263.00 lo=27231.50
2026-04-30 01:01:22,2134,27267.00,27299.37,27255.32,27266.05,47.12,19.93,46.8,0.0,25.4,0.0,25.4,0.00,-1,0.0,0,0,0.00,0.00,0.00,0.00,,0.0,0,0,0.00,MANUAL,,AGGR+CHP+ADP+RUN-EXT+PW+DLK+SLC+TPE+NWS+,WAIT,55.0,1.62,0,0,0.00,0.00,0.00,0.00,0,0,0,0,-3.9,-78.75,-93.25,-22.50,-355.75,173.00,G,1,UNKNOWN,RUN_END,color=R len=4 pts=0.0 maxFav=28.0 durSec=147 startPx=27263.00 endPx=27263.00
2026-04-30 01:01:22,2134,27267.00,27299.23,27255.32,27266.05,47.12,19.93,46.8,0.0,18.0,0.0,18.0,0.00,-1,0.0,0,0,0.00,0.00,0.00,0.00,,0.0,0,0,0.00,MANUAL,,AGGR+CHP+ADP+RUN-EXT+PW+DLK+SLC+TPE+NWS+,WAIT,55.0,1.62,0,0,0.00,0.00,0.00,0.00,0,0,0,0,-3.9,-78.75,-93.25,-22.50,-355.75,173.00,G,1,UNKNOWN,SIGNAL,
2026-04-30 01:01:42,2135,27271.00,27299.23,27258.46,27266.50,48.92,19.65,44.6,0.0,18.0,0.0,18.0,0.00,-1,0.0,0,0,0.00,0.00,0.00,0.00,,0.0,0,0,0.00,MANUAL,,AGGR+CHP+ADP+RUN-EXT+PW+DLK+SLC+TPE+NWS+,WAIT,55.0,1.44,0,0,0.00,0.00,0.00,0.00,0,0,0,0,-5.7,-74.75,-89.25,-18.50,-351.75,177.00,G,2,UNKNOWN,BRICK_CLOSE,src=primary color=G streak=2 o=27251.00 c=27267.00 hi=27267.00 lo=27251.00
2026-04-30 01:01:42,2135,27271.00,27298.87,27258.46,27266.50,48.92,19.65,44.6,0.0,10.7,0.0,10.7,0.00,-1,0.0,0,0,0.00,0.00,0.00,0.00,,0.0,0,0,0.00,MANUAL,,AGGR+CHP+ADP+RUN-EXT+PW+DLK+SLC+TPE+NWS+,WAIT,55.0,1.42,0,0,0.00,0.00,0.00,0.00,0,0,0,0,-5.7,-74.75,-89.25,-18.50,-351.75,177.00,G,2,UNKNOWN,SIGNAL,
2026-04-30 01:08:04,2136,27275.00,27298.87,27261.77,27267.28,50.72,19.91,42.1,0.0,10.7,0.0,10.7,0.00,-1,0.0,0,0,0.00,0.00,0.00,0.00,,0.0,0,0,0.00,MANUAL,,AGGR+CHP+ADP+RUN-EXT+PW+DLK+SLC+TPE+NWS+,WAIT,55.0,1.20,0,0,0.00,0.00,0.00,0.00,0,0,0,0,-8.0,-70.75,-85.25,-14.50,-347.75,181.00,G,3,UNKNOWN,BRICK_CLOSE,src=primary color=G streak=3 o=27255.00 c=27271.00 hi=27271.00 lo=27255.00
2026-04-30 01:08:04,2136,27275.00,27296.82,27261.77,27267.28,50.72,19.91,42.1,0.0,14.7,0.0,14.7,0.00,-1,0.0,0,0,0.00,0.00,0.00,0.00,,0.0,0,0,0.00,MANUAL,,AGGR+CHP+ADP+RUN-EXT+PW+DLK+SLC+TPE+NWS+,WAIT,55.0,1.10,0,0,0.00,0.00,0.00,0.00,0,0,0,0,-8.0,-70.75,-85.25,-14.50,-347.75,181.00,G,3,UNKNOWN,SIGNAL,
2026-04-30 01:08:40,2137,27279.00,27296.82,27265.21,27268.34,52.53,19.63,39.3,0.0,14.7,0.0,14.7,0.00,-1,0.0,0,0,0.00,0.00,0.00,0.00,,0.0,0,0,0.00,MANUAL,,AGGR+CHP+ADP+RUN-EXT+PW+DLK+SLC+TPE+NWS+,WAIT,55.0,0.91,0,0,0.00,0.00,0.00,0.00,0,0,0,0,-10.9,-66.75,-81.25,-10.50,-343.75,185.00,G,4,UNKNOWN,BRICK_CLOSE,src=primary color=G streak=4 o=27259.00 c=27275.00 hi=27275.00 lo=27251.75
2026-04-30 01:08:40,2137,27279.00,27296.59,27265.21,27268.34,52.53,19.63,39.3,0.0,12.7,0.0,12.7,0.00,-1,0.0,0,0,0.00,0.00,0.00,0.00,,0.0,0,0,0.00,MANUAL,,AGGR+CHP+ADP+RUN-EXT+PW+DLK+SLC+TPE+NWS+,WAIT,55.0,0.90,0,0,0.00,0.00,0.00,0.00,0,0,0,0,-10.9,-66.75,-81.25,-10.50,-343.75,185.00,G,4,UNKNOWN,SIGNAL,
2026-04-30 01:09:26,2138,27283.00,27296.59,27268.77,27269.67,54.33,19.37,36.7,0.0,12.7,0.0,12.7,0.00,-1,0.0,0,0,0.00,0.00,0.00,0.00,,0.0,0,0,0.00,MANUAL,,AGGR+CHP+ADP+RUN-EXT+PW+DLK+SLC+TPE+NWS+,WAIT,55.0,0.70,0,0,0.00,0.00,0.00,0.00,0,0,0,0,-12.0,-62.75,-77.25,-6.50,-339.75,189.00,G,5,UNKNOWN,BRICK_CLOSE,src=primary color=G streak=5 o=27263.00 c=27279.00 hi=27279.00 lo=27263.00
2026-04-30 01:09:26,2138,27283.00,27296.59,27268.77,27269.67,54.33,19.37,36.7,0.0,12.7,0.0,12.7,0.00,-1,0.0,0,0,0.00,0.00,0.00,0.00,,0.0,0,0,0.00,MANUAL,,AGGR+CHP+ADP+RUN-EXT+PW+DLK+SLC+TPE+NWS+,WAIT,55.0,0.70,0,0,0.00,0.00,0.00,0.00,0,0,0,0,-12.0,-62.75,-77.25,-6.50,-339.75,189.00,G,5,UNKNOWN,HEARTBEAT,tradesToday=0 openDca=0
2026-04-30 01:09:26,2138,27283.00,27296.41,27268.77,27269.67,54.33,19.37,36.7,0.0,12.5,0.0,12.5,0.00,-1,0.0,0,0,0.00,0.00,0.00,0.00,,0.0,0,0,0.00,MANUAL,,AGGR+CHP+ADP+RUN-EXT+PW+DLK+SLC+TPE+NWS+,WAIT,55.0,0.69,0,0,0.00,0.00,0.00,0.00,0,0,0,0,-12.0,-62.75,-77.25,-6.50,-339.75,189.00,G,5,UNKNOWN,SIGNAL,
2026-04-30 01:10:04,2139,27287.00,27296.41,27272.42,27271.25,56.13,19.13,34.6,0.0,12.5,0.0,12.5,0.00,-1,0.0,0,0,0.00,0.00,0.00,0.00,,0.0,0,0,0.00,MANUAL,,AGGR+CHP+ADP+RUN-EXT+PW+DLK+SLC+TPE+NWS+,WAIT,55.0,0.49,0,0,0.00,0.00,0.00,0.00,0,0,0,1,-12.2,-58.75,-73.25,-2.50,-335.75,193.00,G,6,UNKNOWN,BRICK_CLOSE,src=primary color=G streak=6 o=27267.00 c=27283.00 hi=27283.00 lo=27267.00
2026-04-30 01:10:04,2139,27287.00,27296.18,27272.42,27271.25,56.13,19.13,34.6,57.5,0.0,57.5,0.0,0.00,0,0.0,0,0,0.00,0.00,0.00,0.00,,0.0,0,0,0.00,MANUAL,,AGGR+CHP+ADP+RUN-EXT+PW+DLK+SLC+TPE+NWS+,WAIT,55.0,0.48,0,0,0.00,0.00,0.00,0.00,0,0,0,1,-12.2,-58.75,-73.25,-2.50,-335.75,193.00,G,6,UNKNOWN,SIGNAL,
2026-04-30 01:10:39,2140,27291.00,27296.18,27276.13,27273.05,57.91,18.91,33.0,57.5,0.0,57.5,0.0,0.00,0,0.0,0,0,0.00,0.00,0.00,0.00,,0.0,0,0,0.00,MANUAL,,AGGR+CHP+ADP+RUN-EXT+PW+DLK+SLC+TPE+NWS+,BUY,55.0,0.27,0,0,0.00,0.00,0.00,0.00,0,0,0,1,-11.6,-54.75,-69.25,1.50,-331.75,197.00,G,7,UNKNOWN,BRICK_CLOSE,src=primary color=G streak=7 o=27271.00 c=27287.00 hi=27287.00 lo=27271.00
2026-04-30 01:10:39,2140,27291.00,27296.08,27276.13,27273.05,57.91,18.91,33.0,100.0,0.0,100.0,0.0,0.00,0,0.0,0,0,0.00,0.00,0.00,0.00,,0.0,0,0,0.00,MANUAL,,AGGR+CHP+ADP+RUN-EXT+PW+DLK+SLC+TPE+NWS+,BUY,55.0,0.27,0,0,0.00,0.00,0.00,0.00,0,0,0,1,-11.6,30.75,-21.25,50.75,-331.75,197.00,G,7,UNKNOWN,SIGNAL,
2026-04-30 01:10:47,2141,27295.00,27296.08,27279.91,27275.04,59.67,18.70,31.9,100.0,0.0,100.0,0.0,0.00,0,0.0,0,0,0.00,0.00,0.00,0.00,,0.0,0,0,0.00,MANUAL,,AGGR+CHP+ADP+RUN-EXT+PW+DLK+SLC+TPE+NWS+,STRONG_BUY,55.0,0.06,0,0,0.00,0.00,0.00,0.00,0,0,0,1,-10.2,34.75,-17.25,54.75,-327.75,201.00,G,8,UNKNOWN,BRICK_CLOSE,src=primary color=G streak=8 o=27275.00 c=27291.00 hi=27291.00 lo=27275.00
2026-04-30 01:10:47,2141,27295.00,27296.05,27279.91,27275.04,59.67,18.70,31.9,65.0,0.0,65.0,0.0,0.00,0,0.0,0,0,0.00,0.00,0.00,0.00,,0.0,0,0,0.00,MANUAL,,AGGR+CHP+ADP+RUN-EXT+PW+DLK+SLC+TPE+NWS+,STRONG_BUY,55.0,0.06,0,0,0.00,0.00,0.00,0.00,0,0,0,1,-10.2,34.75,-17.25,54.75,-327.75,201.00,G,8,UNKNOWN,SIGNAL,
2026-04-30 01:13:49,2142,27299.00,27296.05,27283.73,27277.22,61.42,18.51,31.2,65.0,0.0,65.0,0.0,0.00,0,0.0,0,0,0.00,0.00,0.00,0.00,,0.0,0,0,0.00,MANUAL,,AGGR+CHP+ADP+RUN-EXT+PW+DLK+SLC+TPE+NWS+,BUY,55.0,0.16,0,0,0.00,0.00,0.00,0.00,0,0,0,1,-8.1,38.75,-13.25,58.75,-323.75,205.00,G,9,UNKNOWN,BRICK_CLOSE,src=primary color=G streak=9 o=27279.00 c=27295.00 hi=27295.00 lo=27279.00
2026-04-30 01:13:49,2142,27299.00,27296.00,27283.73,27277.22,61.42,18.51,31.2,65.0,0.0,65.0,0.0,0.00,0,0.0,0,0,0.00,0.00,0.00,0.00,,0.0,0,0,0.00,MANUAL,,AGGR+CHP+ADP+RUN-EXT+PW+DLK+SLC+TPE+NWS+,BUY,55.0,0.16,0,0,0.00,0.00,0.00,0.00,0,0,0,1,-8.1,38.75,-13.25,58.75,-323.75,205.00,G,9,UNKNOWN,SIGNAL,
2026-04-30 01:14:01,2143,27303.00,27296.00,27287.58,27279.56,63.13,18.33,30.9,65.0,0.0,65.0,0.0,0.00,0,0.0,0,0,0.00,0.00,0.00,0.00,,0.0,0,0,0.00,MANUAL,,AGGR+CHP+ADP+RUN-EXT+PW+DLK+SLC+TPE+NWS+,BUY,55.0,0.38,0,0,0.00,0.00,0.00,0.00,0,0,0,1,-5.8,42.75,-9.25,62.75,-319.75,209.00,G,10,UNKNOWN,BRICK_CLOSE,src=primary color=G streak=10 o=27283.00 c=27299.00 hi=27299.00 lo=27283.00
2026-04-30 01:14:01,2143,27303.00,27296.00,27287.58,27279.56,63.13,18.33,30.9,65.0,0.0,65.0,0.0,0.00,0,0.0,0,0,0.00,0.00,0.00,0.00,,0.0,0,0,0.00,MANUAL,,AGGR+CHP+ADP+RUN-EXT+PW+DLK+SLC+TPE+NWS+,BUY,55.0,0.38,0,0,0.00,0.00,0.00,0.00,0,0,0,1,-5.8,42.75,-9.25,62.75,-319.75,209.00,G,10,UNKNOWN,SIGNAL,
2026-04-30 01:14:58,2144,27307.00,27296.00,27291.46,27282.06,64.81,18.16,30.9,65.0,0.0,65.0,0.0,0.00,0,0.0,0,0,0.00,0.00,0.00,0.00,,0.0,0,0,0.00,MANUAL,,AGGR+CHP+ADP+RUN-EXT+PW+DLK+SLC+TPE+NWS+,BUY,55.0,0.61,0,0,0.00,0.00,0.00,0.00,0,0,0,1,-3.6,46.75,-5.25,66.75,-315.75,213.00,G,11,UNKNOWN,BRICK_CLOSE,src=primary color=G streak=11 o=27287.00 c=27303.00 hi=27303.00 lo=27287.00
2026-04-30 01:14:58,2144,27307.00,27296.06,27291.46,27282.06,64.81,18.16,30.9,50.0,0.0,50.0,0.0,0.00,0,0.0,0,0,0.00,0.00,0.00,0.00,,0.0,0,0,0.00,MANUAL,,AGGR+CHP+ADP+RUN-EXT+PW+DLK+SLC+TPE+NWS+,BUY,55.0,0.60,0,0,0.00,0.00,0.00,0.00,0,0,0,1,-3.6,46.75,-5.25,66.75,-315.75,213.00,G,11,UNKNOWN,SIGNAL,
2026-04-30 01:20:17,2145,27279.00,27296.06,27288.97,27281.78,48.22,18.99,29.4,50.0,0.0,50.0,0.0,0.00,0,0.0,0,0,0.00,0.00,0.00,0.00,,0.0,0,0,0.00,MANUAL,,AGGR+CHP+ADP+RUN-EXT+PW+DLK+SLC+TPE+NWS+,WAIT,55.0,0.90,0,0,0.00,0.00,0.00,0.00,0,0,0,0,-3.5,18.75,-33.25,38.75,-343.75,185.00,G,12,UNKNOWN,BRICK_CLOSE,src=primary color=G streak=12 o=27291.00 c=27307.00 hi=27307.00 lo=27291.00
2026-04-30 01:20:17,2145,27279.00,27296.06,27288.97,27281.78,48.22,18.99,29.4,50.0,0.0,50.0,0.0,0.00,0,0.0,0,0,0.00,0.00,0.00,0.00,,0.0,0,0,0.00,MANUAL,,AGGR+CHP+ADP+RUN-EXT+PW+DLK+SLC+TPE+NWS+,WAIT,55.0,0.90,0,0,0.00,0.00,0.00,0.00,0,0,0,0,-3.5,18.75,-33.25,38.75,-343.75,185.00,G,12,UNKNOWN,HEARTBEAT,tradesToday=0 openDca=0
2026-04-30 01:20:17,2145,27279.00,27295.82,27288.97,27281.78,48.22,18.99,29.4,0.0,15.0,0.0,15.0,0.00,0,0.0,0,0,0.00,0.00,0.00,0.00,,0.0,0,0,0.00,MANUAL,,AGGR+CHP+ADP+RUN-EXT+PW+DLK+SLC+TPE+NWS+,WAIT,55.0,0.89,0,0,0.00,0.00,0.00,0.00,0,0,0,0,-3.5,18.75,-33.25,38.75,-343.75,185.00,G,12,UNKNOWN,SIGNAL,
2026-04-30 01:20:43,2146,27275.00,27295.82,27286.18,27281.16,46.39,18.77,27.6,0.0,15.0,0.0,15.0,0.00,0,0.0,0,0,0.00,0.00,0.00,0.00,,0.0,0,0,0.00,MANUAL,,AGGR+CHP+ADP+RUN-EXT+PW+DLK+SLC+TPE+NWS+,WAIT,55.0,1.11,0,0,0.00,0.00,0.00,0.00,0,0,0,0,-4.3,14.75,-37.25,34.75,-347.75,181.00,R,1,UNKNOWN,BRICK_CLOSE,src=primary color=R streak=1 o=27295.00 c=27279.00 hi=27308.75 lo=27279.00
2026-04-30 01:20:43,2146,27275.00,27295.82,27286.18,27281.16,46.39,18.77,27.6,0.0,15.0,0.0,15.0,0.00,0,0.0,0,0,0.00,0.00,0.00,0.00,,0.0,0,0,0.00,MANUAL,,AGGR+CHP+ADP+RUN-EXT+PW+DLK+SLC+TPE+NWS+,WAIT,55.0,1.11,0,0,0.00,0.00,0.00,0.00,0,0,0,0,-4.3,14.75,-37.25,34.75,-347.75,181.00,R,1,UNKNOWN,RUN_END,color=G len=12 pts=32.0 maxFav=60.0 durSec=1160 startPx=27247.00 endPx=27279.00
2026-04-30 01:20:43,2146,27275.00,27295.74,27286.18,27281.16,46.39,18.77,27.6,25.4,0.0,25.4,0.0,0.00,0,0.0,0,0,0.00,0.00,0.00,0.00,,0.0,0,0,0.00,MANUAL,,AGGR+CHP+ADP+RUN-EXT+PW+DLK+SLC+TPE+NWS+,WAIT,55.0,1.10,0,0,0.00,0.00,0.00,0.00,0,0,0,0,-4.3,14.75,-37.25,34.75,-347.75,181.00,R,1,UNKNOWN,SIGNAL,
2026-04-30 01:23:52,2147,27271.00,27295.74,27283.14,27280.24,44.57,18.70,25.8,25.4,0.0,25.4,0.0,0.00,0,0.0,0,0,0.00,0.00,0.00,0.00,,0.0,0,0,0.00,MANUAL,,AGGR+CHP+ADP+RUN-EXT+PW+DLK+SLC+TPE+NWS+,WAIT,55.0,1.32,0,0,0.00,0.00,0.00,0.00,0,0,0,0,-5.4,10.75,-41.25,30.75,-351.75,177.00,R,2,UNKNOWN,BRICK_CLOSE,src=primary color=R streak=2 o=27291.00 c=27275.00 hi=27291.00 lo=27275.00
2026-04-30 01:23:52,2147,27271.00,27295.30,27283.14,27280.24,44.57,18.70,25.8,25.0,0.0,25.0,0.0,0.00,0,0.0,0,0,0.00,0.00,0.00,0.00,,0.0,0,0,0.00,MANUAL,,AGGR+CHP+ADP+RUN-EXT+PW+DLK+SLC+TPE+NWS+,WAIT,55.0,1.30,0,0,0.00,0.00,0.00,0.00,0,0,0,0,-5.4,10.75,-41.25,30.75,-351.75,177.00,R,2,UNKNOWN,SIGNAL,
2026-04-30 01:25:34,2148,27267.00,27295.30,27279.91,27279.04,42.76,18.51,24.5,25.0,0.0,25.0,0.0,0.00,0,0.0,0,0,0.00,0.00,0.00,0.00,,0.0,0,0,0.00,MANUAL,,AGGR+CHP+ADP+RUN-EXT+PW+DLK+SLC+TPE+NWS+,WAIT,55.0,1.53,0,0,0.00,0.00,0.00,0.00,0,0,0,0,-6.4,6.75,-45.25,26.75,-355.75,173.00,R,3,UNKNOWN,BRICK_CLOSE,src=primary color=R streak=3 o=27287.00 c=27271.00 hi=27288.75 lo=27271.00
2026-04-30 01:25:34,2148,27267.00,27294.88,27279.91,27279.04,42.76,18.51,24.5,0.0,10.2,0.0,10.2,0.00,0,0.0,0,0,0.00,0.00,0.00,0.00,,0.0,0,0,0.00,MANUAL,,AGGR+CHP+ADP+RUN-EXT+PW+DLK+SLC+TPE+NWS+,WAIT,55.0,1.51,0,0,0.00,0.00,0.00,0.00,0,0,0,0,-6.4,6.75,-45.25,26.75,-355.75,173.00,R,3,UNKNOWN,SIGNAL,
2026-04-30 01:25:48,2149,27263.00,27294.88,27276.53,27277.58,40.97,18.33,23.6,0.0,10.2,0.0,10.2,0.00,0,0.0,0,0,0.00,0.00,0.00,0.00,,0.0,0,0,0.00,MANUAL,,AGGR+CHP+ADP+RUN-EXT+PW+DLK+SLC+TPE+NWS+,WAIT,55.0,1.74,0,0,0.00,0.00,0.00,0.00,0,0,0,-1,-7.3,2.75,-49.25,22.75,-359.75,169.00,R,4,UNKNOWN,BRICK_CLOSE,src=primary color=R streak=4 o=27283.00 c=27267.00 hi=27283.00 lo=27267.00
2026-04-30 01:25:48,2149,27263.00,27294.82,27276.53,27277.58,40.97,18.33,23.6,0.0,111.5,0.0,111.5,0.00,-1,0.0,0,0,0.00,0.00,0.00,0.00,,0.0,0,0,0.00,MANUAL,,AGGR+CHP+ADP+RUN-EXT+PW+DLK+SLC+TPE+NWS+,WAIT,55.0,1.74,0,0,0.00,0.00,0.00,0.00,0,0,0,-1,-7.3,2.75,-49.25,22.75,-359.75,169.00,R,4,UNKNOWN,SIGNAL,
2026-04-30 01:26:11,2150,27259.00,27294.82,27273.02,27275.89,39.21,18.16,23.2,0.0,111.5,0.0,111.5,0.00,-1,0.0,0,0,0.00,0.00,0.00,0.00,,0.0,0,0,0.00,MANUAL,,AGGR+CHP+ADP+RUN-EXT+PW+DLK+SLC+TPE+NWS+,STRONG_SELL,55.0,1.97,0,0,0.00,0.00,0.00,0.00,0,0,0,-1,-6.2,-1.25,-53.25,18.75,-363.75,165.00,R,5,UNKNOWN,BRICK_CLOSE,src=primary color=R streak=5 o=27279.00 c=27263.00 hi=27279.00 lo=27263.00
2026-04-30 01:26:11,2150,27259.00,27294.75,27273.02,27275.89,39.21,18.16,23.2,0.0,70.1,0.0,70.1,0.00,-1,0.0,0,0,0.00,0.00,0.00,0.00,,0.0,0,0,0.00,MANUAL,,AGGR+CHP+ADP+RUN-EXT+PW+DLK+SLC+TPE+NWS+,STRONG_SELL,55.0,1.97,0,0,0.00,0.00,0.00,0.00,0,0,0,-1,-6.2,-1.25,-53.25,18.75,-363.75,165.00,R,5,UNKNOWN,SIGNAL,
2026-04-30 01:26:33,2151,27255.00,27294.75,27269.42,27273.99,37.47,18.01,23.2,0.0,70.1,0.0,70.1,0.00,-1,0.0,0,0,0.00,0.00,0.00,0.00,,0.0,0,0,0.00,MANUAL,,AGGR+CHP+ADP+RUN-EXT+PW+DLK+SLC+TPE+NWS+,STRONG_SELL,55.0,2.21,0,0,0.00,0.00,0.00,0.00,0,0,0,-1,-4.5,-5.25,-57.25,14.75,-367.75,161.00,R,6,UNKNOWN,BRICK_CLOSE,src=primary color=R streak=6 o=27275.00 c=27259.00 hi=27275.00 lo=27259.00
2026-04-30 01:26:33,2151,27255.00,27294.59,27269.42,27273.99,37.47,18.01,23.2,0.0,65.1,0.0,65.1,0.00,-1,0.0,0,0,0.00,0.00,0.00,0.00,,0.0,0,0,0.00,MANUAL,,AGGR+CHP+ADP+RUN-EXT+PW+DLK+SLC+TPE+NWS+,STRONG_SELL,55.0,2.20,0,0,0.00,0.00,0.00,0.00,0,0,0,-1,-4.5,-5.25,-57.25,14.75,-367.75,161.00,R,6,UNKNOWN,SIGNAL,
2026-04-30 01:27:01,2152,27251.00,27294.59,27265.74,27271.90,35.76,17.86,23.5,0.0,65.1,0.0,65.1,0.00,-1,0.0,0,0,0.00,0.00,0.00,0.00,,0.0,0,0,0.00,MANUAL,,AGGR+CHP+ADP+RUN-EXT+PW+DLK+SLC+TPE+NWS+,SELL,55.0,2.44,0,0,0.00,0.00,0.00,0.00,0,0,0,-1,-2.3,-9.25,-61.25,10.75,-371.75,157.00,R,7,UNKNOWN,BRICK_CLOSE,src=primary color=R streak=7 o=27271.00 c=27255.00 hi=27271.00 lo=27255.00
2026-04-30 01:27:01,2152,27251.00,27294.45,27265.74,27271.90,35.76,17.86,23.5,0.0,65.1,0.0,65.1,0.00,-1,0.0,0,0,0.00,0.00,0.00,0.00,,0.0,0,0,0.00,MANUAL,,AGGR+CHP+ADP+RUN-EXT+PW+DLK+SLC+TPE+NWS+,SELL,55.0,2.43,0,0,0.00,0.00,0.00,0.00,0,0,0,-1,-2.3,-9.25,-61.25,10.75,-371.75,157.00,R,7,UNKNOWN,SIGNAL,
2026-04-30 01:27:02,2153,27247.00,27294.45,27261.99,27269.64,34.09,17.73,24.0,0.0,65.1,0.0,65.1,0.00,-1,0.0,0,0,0.00,0.00,0.00,0.00,,0.0,0,0,0.00,MANUAL,,AGGR+CHP+ADP+RUN-EXT+PW+DLK+SLC+TPE+NWS+,SELL,55.0,2.68,0,0,0.00,0.00,0.00,0.00,0,0,0,-1,-0.4,-13.25,-65.25,6.75,-375.75,153.00,R,8,UNKNOWN,BRICK_CLOSE,src=primary color=R streak=8 o=27267.00 c=27251.00 hi=27267.00 lo=27251.00
2026-04-30 01:27:02,2153,27247.00,27294.36,27261.99,27269.64,34.09,17.73,24.0,0.0,50.1,0.0,50.1,0.00,-1,0.0,0,0,0.00,0.00,0.00,0.00,,0.0,0,0,0.00,MANUAL,,AGGR+CHP+ADP+RUN-EXT+PW+DLK+SLC+TPE+NWS+,SELL,55.0,2.67,0,0,0.00,0.00,0.00,0.00,0,0,0,-1,-0.4,-13.25,-65.25,6.75,-375.75,153.00,R,8,UNKNOWN,SIGNAL,
2026-04-30 01:33:11,2154,27275.00,27294.36,27264.59,27270.12,51.28,18.68,23.1,0.0,50.1,0.0,50.1,0.00,-1,0.0,0,0,0.00,0.00,0.00,0.00,,0.0,0,0,0.00,MANUAL,,AGGR+CHP+ADP+RUN-EXT+PW+DLK+SLC+TPE+NWS+,WAIT,55.0,1.04,0,0,0.00,0.00,0.00,0.00,0,0,0,0,-0.6,14.75,-37.25,34.75,-347.75,181.00,R,9,UNKNOWN,BRICK_CLOSE,src=primary color=R streak=9 o=27263.00 c=27247.00 hi=27263.00 lo=27247.00
2026-04-30 01:33:11,2154,27275.00,27294.36,27264.59,27270.12,51.28,18.68,23.1,0.0,50.1,0.0,50.1,0.00,-1,0.0,0,0,0.00,0.00,0.00,0.00,,0.0,0,0,0.00,MANUAL,,AGGR+CHP+ADP+RUN-EXT+PW+DLK+SLC+TPE+NWS+,WAIT,55.0,1.04,0,0,0.00,0.00,0.00,0.00,0,0,0,0,-0.6,14.75,-37.25,34.75,-347.75,181.00,R,9,UNKNOWN,HEARTBEAT,tradesToday=0 openDca=0
2026-04-30 01:33:11,2154,27275.00,27293.10,27264.59,27270.12,51.28,18.68,23.1,0.0,23.6,0.0,23.6,0.00,-1,0.0,0,0,0.00,0.00,0.00,0.00,,0.0,0,0,0.00,MANUAL,,AGGR+CHP+ADP+RUN-EXT+PW+DLK+SLC+TPE+NWS+,WAIT,55.0,0.97,0,0,0.00,0.00,0.00,0.00,0,0,0,0,-0.6,14.75,-37.25,34.75,-347.75,181.00,R,9,UNKNOWN,SIGNAL,
2026-04-30 01:33:14,2155,27279.00,27293.10,27267.47,27270.93,53.16,18.49,21.7,0.0,23.6,0.0,23.6,0.00,-1,0.0,0,0,0.00,0.00,0.00,0.00,,0.0,0,0,0.00,MANUAL,,AGGR+CHP+ADP+RUN-EXT+PW+DLK+SLC+TPE+NWS+,WAIT,55.0,0.76,0,0,0.00,0.00,0.00,0.00,0,0,0,0,-1.5,18.75,-33.25,38.75,-343.75,185.00,G,1,UNKNOWN,BRICK_CLOSE,src=primary color=G streak=1 o=27259.00 c=27275.00 hi=27275.00 lo=27244.00
2026-04-30 01:33:14,2155,27279.00,27293.10,27267.47,27270.93,53.16,18.49,21.7,0.0,23.6,0.0,23.6,0.00,-1,0.0,0,0,0.00,0.00,0.00,0.00,,0.0,0,0,0.00,MANUAL,,AGGR+CHP+ADP+RUN-EXT+PW+DLK+SLC+TPE+NWS+,WAIT,55.0,0.76,0,0,0.00,0.00,0.00,0.00,0,0,0,0,-1.5,18.75,-33.25,38.75,-343.75,185.00,G,1,UNKNOWN,RUN_END,color=R len=9 pts=20.0 maxFav=48.0 durSec=751 startPx=27295.00 endPx=27275.00
2026-04-30 01:33:14,2155,27279.00,27293.09,27267.47,27270.93,53.16,18.49,21.7,0.0,20.1,0.0,20.1,0.00,-1,0.0,0,0,0.00,0.00,0.00,0.00,,0.0,0,0,0.00,MANUAL,,AGGR+CHP+ADP+RUN-EXT+PW+DLK+SLC+TPE+NWS+,WAIT,55.0,0.76,0,0,0.00,0.00,0.00,0.00,0,0,0,0,-1.5,18.75,-33.25,38.75,-343.75,185.00,G,1,UNKNOWN,SIGNAL,
2026-04-30 01:34:55,2156,27283.00,27293.09,27270.58,27272.03,55.02,18.31,20.3,0.0,20.1,0.0,20.1,0.00,-1,0.0,0,0,0.00,0.00,0.00,0.00,,0.0,0,0,0.00,MANUAL,,AGGR+CHP+ADP+RUN-EXT+PW+DLK+SLC+TPE+NWS+,WAIT,55.0,0.55,0,0,0.00,0.00,0.00,0.00,0,0,0,0,-2.9,22.75,-29.25,42.75,-339.75,189.00,G,2,UNKNOWN,BRICK_CLOSE,src=primary color=G streak=2 o=27263.00 c=27279.00 hi=27279.00 lo=27263.00
2026-04-30 01:34:55,2156,27283.00,27292.97,27270.58,27272.03,55.02,18.31,20.3,0.0,10.2,0.0,10.2,0.00,-1,0.0,0,0,0.00,0.00,0.00,0.00,,0.0,0,0,0.00,MANUAL,,AGGR+CHP+ADP+RUN-EXT+PW+DLK+SLC+TPE+NWS+,WAIT,55.0,0.54,0,0,0.00,0.00,0.00,0.00,0,0,0,0,-2.9,22.75,-29.25,42.75,-339.75,189.00,G,2,UNKNOWN,SIGNAL,
2026-04-30 01:35:02,2157,27287.00,27292.97,27273.86,27273.39,56.88,18.15,19.4,0.0,10.2,0.0,10.2,0.00,-1,0.0,0,0,0.00,0.00,0.00,0.00,,0.0,0,0,0.00,MANUAL,,AGGR+CHP+ADP+RUN-EXT+PW+DLK+SLC+TPE+NWS+,WAIT,55.0,0.33,0,0,0.00,0.00,0.00,0.00,0,0,0,1,-4.1,26.75,-25.25,46.75,-335.75,193.00,G,3,UNKNOWN,BRICK_CLOSE,src=primary color=G streak=3 o=27267.00 c=27283.00 hi=27283.00 lo=27267.00
2026-04-30 01:35:02,2157,27287.00,27292.97,27273.86,27273.39,56.88,18.15,19.4,0.0,10.2,0.0,10.2,0.00,-1,0.0,0,0,0.00,0.00,0.00,0.00,,0.0,0,0,0.00,MANUAL,,AGGR+CHP+ADP+RUN-EXT+PW+DLK+SLC+TPE+NWS+,WAIT,55.0,0.33,0,0,0.00,0.00,0.00,0.00,0,0,0,1,-4.1,26.75,-25.25,46.75,-335.75,193.00,G,3,CHOP,REGIME_CHANGE,from=UNKNOWN to=CHOP adx=19.4 slope=-4.10 atr/avg=0.98 eStack=1 distVwapAtr=-0.33 nr=Gx3 flips4=1
2026-04-30 01:35:02,2157,27287.00,27292.97,27273.86,27273.39,56.88,18.15,19.4,67.3,0.0,67.3,0.0,0.00,0,0.0,0,0,0.00,0.00,0.00,0.00,,0.0,0,0,0.00,MANUAL,,AGGR+CHP+ADP+RUN-EXT+PW+DLK+SLC+TPE+NWS+,WAIT,55.0,0.33,0,0,0.00,0.00,0.00,0.00,0,0,0,1,-4.1,26.75,-25.25,46.75,-335.75,193.00,G,3,CHOP,SIGNAL,
2026-04-30 01:38:55,2158,27291.00,27292.97,27277.29,27274.99,58.71,17.99,18.9,67.3,0.0,67.3,0.0,0.00,0,0.0,0,0,0.00,0.00,0.00,0.00,,0.0,0,0,0.00,MANUAL,,AGGR+CHP+ADP+RUN-EXT+PW+DLK+SLC+TPE+NWS+,BUY,55.0,0.11,0,0,0.00,0.00,0.00,0.00,0,0,0,1,-5.2,30.75,-21.25,50.75,-331.75,197.00,G,4,CHOP,BRICK_CLOSE,src=primary color=G streak=4 o=27271.00 c=27287.00 hi=27287.00 lo=27271.00
2026-04-30 01:38:55,2158,27291.00,27292.86,27277.29,27274.99,58.71,17.99,18.9,67.5,0.0,67.5,0.0,0.00,0,0.0,0,0,0.00,0.00,0.00,0.00,,0.0,0,0,0.00,MANUAL,,AGGR+CHP+ADP+RUN-EXT+PW+DLK+SLC+TPE+NWS+,BUY,55.0,0.10,0,0,0.00,0.00,0.00,0.00,0,0,0,1,-5.2,30.75,-21.25,50.75,-331.75,197.00,G,4,CHOP,SIGNAL,
2026-04-30 01:40:50,2159,27295.00,27292.86,27280.83,27276.81,60.51,17.85,18.8,67.5,0.0,67.5,0.0,0.00,0,0.0,0,0,0.00,0.00,0.00,0.00,,0.0,0,0,0.00,MANUAL,,AGGR+CHP+ADP+RUN-EXT+PW+DLK+SLC+TPE+NWS+,BUY,55.0,0.12,0,0,0.00,0.00,0.00,0.00,0,0,0,1,-4.2,34.75,-17.25,54.75,-327.75,201.00,G,5,CHOP,BRICK_CLOSE,src=primary color=G streak=5 o=27275.00 c=27291.00 hi=27291.00 lo=27275.00
2026-04-30 01:40:50,2159,27295.00,27292.84,27280.83,27276.81,60.51,17.85,18.8,80.0,0.0,80.0,0.0,0.00,0,0.0,0,0,0.00,0.00,0.00,0.00,,0.0,0,0,0.00,MANUAL,,AGGR+CHP+ADP+RUN-EXT+PW+DLK+SLC+TPE+NWS+,BUY,55.0,0.12,0,0,0.00,0.00,0.00,0.00,0,0,0,1,-4.2,34.75,-17.25,54.75,-327.75,201.00,G,5,CHOP,SIGNAL,
2026-04-30 01:46:33,2160,27267.00,27292.84,27278.07,27275.92,45.51,18.70,17.5,80.0,0.0,80.0,0.0,0.00,0,0.0,0,0,0.00,0.00,0.00,0.00,,0.0,0,0,0.00,MANUAL,,AGGR+CHP+ADP+RUN-EXT+PW+DLK+SLC+TPE+NWS+,STRONG_BUY,55.0,1.38,0,0,0.00,0.00,0.00,0.00,0,0,0,0,-4.1,6.75,-45.25,26.75,-355.75,173.00,G,6,CHOP,BRICK_CLOSE,src=primary color=G streak=6 o=27279.00 c=27295.00 hi=27295.00 lo=27279.00
2026-04-30 01:46:33,2160,27267.00,27292.84,27278.07,27275.92,45.51,18.70,17.5,80.0,0.0,80.0,0.0,0.00,0,0.0,0,0,0.00,0.00,0.00,0.00,,0.0,0,0,0.00,MANUAL,,AGGR+CHP+ADP+RUN-EXT+PW+DLK+SLC+TPE+NWS+,STRONG_BUY,55.0,1.38,0,0,0.00,0.00,0.00,0.00,0,0,0,0,-4.1,6.75,-45.25,26.75,-355.75,173.00,G,6,CHOP,HEARTBEAT,tradesToday=0 openDca=0
2026-04-30 01:46:33,2160,27267.00,27292.84,27278.07,27275.92,45.51,18.70,17.5,80.0,0.0,80.0,0.0,0.00,0,0.0,0,0,0.00,0.00,0.00,0.00,,0.0,0,0,0.00,MANUAL,,AGGR+CHP+ADP+RUN-EXT+PW+DLK+SLC+TPE+NWS+,STRONG_BUY,55.0,1.38,0,0,0.00,0.00,0.00,0.00,0,0,0,0,-4.1,6.75,-45.25,26.75,-355.75,173.00,G,6,UNKNOWN,REGIME_CHANGE,from=CHOP to=UNKNOWN adx=17.5 slope=-4.15 atr/avg=1.02 eStack=0 distVwapAtr=-1.38 nr=Gx6 flips4=1
2026-04-30 01:46:33,2160,27267.00,27292.45,27278.07,27275.92,45.51,18.70,17.5,27.1,0.0,27.1,0.0,0.00,0,0.0,0,0,0.00,0.00,0.00,0.00,,0.0,0,0,0.00,MANUAL,,AGGR+CHP+ADP+RUN-EXT+PW+DLK+SLC+TPE+NWS+,STRONG_BUY,55.0,1.36,0,0,0.00,0.00,0.00,0.00,0,0,0,0,-4.1,6.75,-30.50,26.75,-355.75,173.00,G,6,UNKNOWN,SIGNAL,
2026-04-30 01:53:01,2161,27263.00,27292.45,27275.05,27274.74,43.84,18.51,16.7,27.1,0.0,27.1,0.0,0.00,0,0.0,0,0,0.00,0.00,0.00,0.00,,0.0,0,0,0.00,MANUAL,,AGGR+CHP+ADP+RUN-EXT+PW+DLK+SLC+TPE+NWS+,WAIT,55.0,1.59,0,0,0.00,0.00,0.00,0.00,0,0,0,0,-3.5,2.75,-34.50,22.75,-359.75,169.00,R,1,UNKNOWN,BRICK_CLOSE,src=primary color=R streak=1 o=27283.00 c=27267.00 hi=27296.75 lo=27267.00
2026-04-30 01:53:01,2161,27263.00,27292.45,27275.05,27274.74,43.84,18.51,16.7,27.1,0.0,27.1,0.0,0.00,0,0.0,0,0,0.00,0.00,0.00,0.00,,0.0,0,0,0.00,MANUAL,,AGGR+CHP+ADP+RUN-EXT+PW+DLK+SLC+TPE+NWS+,WAIT,55.0,1.59,0,0,0.00,0.00,0.00,0.00,0,0,0,0,-3.5,2.75,-34.50,22.75,-359.75,169.00,R,1,UNKNOWN,RUN_END,color=G len=6 pts=8.0 maxFav=36.0 durSec=1187 startPx=27259.00 endPx=27267.00
2026-04-30 01:53:01,2161,27263.00,27292.04,27275.05,27274.74,43.84,18.51,16.7,11.9,0.0,11.9,0.0,0.00,0,0.0,0,0,0.00,0.00,0.00,0.00,,0.0,0,0,0.00,MANUAL,,AGGR+CHP+ADP+RUN-EXT+PW+DLK+SLC+TPE+NWS+,WAIT,55.0,1.57,0,0,0.00,0.00,0.00,0.00,0,0,0,0,-3.5,2.75,-34.50,22.75,-359.75,169.00,R,1,UNKNOWN,SIGNAL,
2026-04-30 01:53:05,2162,27259.00,27292.04,27271.84,27273.31,42.17,18.33,16.4,11.9,0.0,11.9,0.0,0.00,0,0.0,0,0,0.00,0.00,0.00,0.00,,0.0,0,0,0.00,MANUAL,,AGGR+CHP+ADP+RUN-EXT+PW+DLK+SLC+TPE+NWS+,WAIT,55.0,1.80,0,0,0.00,0.00,0.00,0.00,0,0,0,-1,-3.0,-1.25,-38.50,18.75,-363.75,165.00,R,2,UNKNOWN,BRICK_CLOSE,src=primary color=R streak=2 o=27279.00 c=27263.00 hi=27279.00 lo=27263.00
2026-04-30 01:53:05,2162,27259.00,27291.99,27271.84,27273.31,42.17,18.33,16.4,0.0,96.5,0.0,96.5,0.00,-1,0.0,0,0,0.00,0.00,0.00,0.00,,0.0,0,0,0.00,MANUAL,,AGGR+CHP+ADP+RUN-EXT+PW+DLK+SLC+TPE+NWS+,WAIT,55.0,1.80,0,0,0.00,0.00,0.00,0.00,0,0,0,-1,-3.0,-1.25,-38.50,18.75,-363.75,165.00,R,2,UNKNOWN,SIGNAL,
2026-04-30 01:53:36,2163,27255.00,27291.99,27268.47,27271.65,40.51,18.16,16.4,0.0,96.5,0.0,96.5,0.00,-1,0.0,0,0,0.00,0.00,0.00,0.00,,0.0,0,0,0.00,MANUAL,,AGGR+CHP+ADP+RUN-EXT+PW+DLK+SLC+TPE+NWS+,STRONG_SELL,55.0,2.04,0,0,0.00,0.00,0.00,0.00,0,0,0,-1,-2.5,-5.25,-42.50,14.75,-367.75,161.00,R,3,UNKNOWN,BRICK_CLOSE,src=primary color=R streak=3 o=27275.00 c=27259.00 hi=27275.00 lo=27259.00
2026-04-30 01:53:36,2163,27255.00,27291.90,27268.47,27271.65,40.51,18.16,16.4,0.0,85.1,0.0,85.1,0.00,-1,0.0,0,0,0.00,0.00,0.00,0.00,,0.0,0,0,0.00,MANUAL,,AGGR+CHP+ADP+RUN-EXT+PW+DLK+SLC+TPE+NWS+,STRONG_SELL,55.0,2.03,0,0,0.00,0.00,0.00,0.00,0,0,0,-1,-2.5,-5.25,-42.50,14.75,-367.75,161.00,R,3,UNKNOWN,SIGNAL,
2026-04-30 01:55:03,2164,27251.00,27291.90,27264.98,27269.77,38.86,18.01,16.7,0.0,85.1,0.0,85.1,0.00,-1,0.0,0,0,0.00,0.00,0.00,0.00,,0.0,0,0,0.00,MANUAL,,AGGR+CHP+ADP+RUN-EXT+PW+DLK+SLC+TPE+NWS+,STRONG_SELL,55.0,2.27,0,0,0.00,0.00,0.00,0.00,0,0,0,-1,-2.1,-9.25,-46.50,10.75,-371.75,157.00,R,4,UNKNOWN,BRICK_CLOSE,src=primary color=R streak=4 o=27271.00 c=27255.00 hi=27271.00 lo=27255.00
2026-04-30 01:55:03,2164,27251.00,27291.70,27264.98,27269.77,38.86,18.01,16.7,0.0,65.1,0.0,65.1,0.00,-1,0.0,0,0,0.00,0.00,0.00,0.00,,0.0,0,0,0.00,MANUAL,,AGGR+CHP+ADP+RUN-EXT+PW+DLK+SLC+TPE+NWS+,STRONG_SELL,55.0,2.26,0,0,0.00,0.00,0.00,0.00,0,0,0,-1,-2.1,-9.25,-46.50,10.75,-371.75,157.00,R,4,UNKNOWN,SIGNAL,
2026-04-30 01:55:22,2165,27247.00,27291.70,27261.38,27267.70,37.23,17.86,17.3,0.0,65.1,0.0,65.1,0.00,-1,0.0,0,0,0.00,0.00,0.00,0.00,,0.0,0,0,0.00,MANUAL,,AGGR+CHP+ADP+RUN-EXT+PW+DLK+SLC+TPE+NWS+,SELL,55.0,2.50,0,0,0.00,0.00,0.00,0.00,0,0,0,-1,-0.2,-13.25,-50.50,6.75,-375.75,153.00,R,5,UNKNOWN,BRICK_CLOSE,src=primary color=R streak=5 o=27267.00 c=27251.00 hi=27267.00 lo=27251.00
2026-04-30 01:55:22,2165,27247.00,27291.60,27261.38,27267.70,37.23,17.86,17.3,0.0,86.5,0.0,86.5,0.00,-1,0.0,0,0,0.00,0.00,0.00,0.00,,0.0,0,0,0.00,MANUAL,,AGGR+CHP+ADP+RUN-EXT+PW+DLK+SLC+TPE+NWS+,SELL,55.0,2.50,0,0,0.00,0.00,0.00,0.00,0,0,0,-1,-0.2,-13.25,-50.50,6.75,-375.75,153.00,R,5,UNKNOWN,SIGNAL,
2026-04-30 01:57:22,2166,27243.00,27291.60,27257.71,27265.45,35.62,17.73,18.3,0.0,86.5,0.0,86.5,0.00,-1,0.0,0,0,0.00,0.00,0.00,0.00,,0.0,0,0,0.00,MANUAL,,AGGR+CHP+ADP+RUN-EXT+PW+DLK+SLC+TPE+NWS+,STRONG_SELL,55.0,2.74,0,0,0.00,0.00,0.00,0.00,0,0,0,-1,1.5,-17.25,-54.50,2.75,-379.75,149.00,R,6,UNKNOWN,BRICK_CLOSE,src=primary color=R streak=6 o=27263.00 c=27247.00 hi=27263.00 lo=27247.00
2026-04-30 01:57:22,2166,27243.00,27291.60,27257.71,27265.45,35.62,17.73,18.3,0.0,86.5,0.0,86.5,0.00,-1,0.0,0,0,0.00,0.00,0.00,0.00,,0.0,0,0,0.00,MANUAL,,AGGR+CHP+ADP+RUN-EXT+PW+DLK+SLC+TPE+NWS+,STRONG_SELL,55.0,2.74,0,0,0.00,0.00,0.00,0.00,0,0,0,-1,1.5,-17.25,-54.50,2.75,-379.75,149.00,R,6,UNKNOWN,HEARTBEAT,tradesToday=0 openDca=0
2026-04-30 01:57:22,2166,27243.00,27291.22,27257.71,27265.45,35.62,17.73,18.3,0.0,53.9,0.0,53.9,0.00,-1,0.0,0,0,0.00,0.00,0.00,0.00,,0.0,0,0,0.00,MANUAL,,AGGR+CHP+ADP+RUN-EXT+PW+DLK+SLC+TPE+NWS+,STRONG_SELL,55.0,2.72,0,0,0.00,0.00,0.00,0.00,0,0,0,-1,1.5,-17.25,-54.50,2.75,-379.75,149.00,R,6,UNKNOWN,SIGNAL,
2026-04-30 01:57:46,2167,27239.00,27291.22,27253.97,27263.05,34.03,17.61,19.4,0.0,53.9,0.0,53.9,0.00,-1,0.0,0,0,0.00,0.00,0.00,0.00,,0.0,0,0,0.00,MANUAL,,AGGR+CHP+ADP+RUN-EXT+PW+DLK+SLC+TPE+NWS+,WAIT,55.0,2.97,0,0,0.00,0.00,0.00,0.00,0,0,0,-1,3.0,-21.25,-58.50,-1.25,-383.75,145.00,R,7,UNKNOWN,BRICK_CLOSE,src=primary color=R streak=7 o=27259.00 c=27243.00 hi=27259.00 lo=27243.00
2026-04-30 01:57:46,2167,27239.00,27291.11,27253.97,27263.05,34.03,17.61,19.4,0.0,110.0,0.0,110.0,0.00,-1,0.0,0,0,0.00,0.00,0.00,0.00,,0.0,0,0,0.00,MANUAL,,AGGR+CHP+ADP+RUN-EXT+PW+DLK+SLC+TPE+NWS+,WAIT,55.0,2.96,0,0,0.00,0.00,0.00,0.00,0,0,0,-1,3.0,-21.25,-58.50,-1.25,-383.75,145.00,R,7,UNKNOWN,SIGNAL,
2026-04-30 01:58:07,2168,27235.00,27291.11,27250.17,27260.50,32.48,17.49,20.7,0.0,110.0,0.0,110.0,0.00,-1,0.0,0,0,0.00,0.00,0.00,0.00,,0.0,0,0,0.00,MANUAL,,AGGR+CHP+ADP+RUN-EXT+PW+DLK+SLC+TPE+NWS+,SELL,55.0,3.21,0,0,0.00,0.00,0.00,0.00,0,0,0,-1,4.4,-25.25,-62.50,-5.25,-387.75,141.00,R,8,UNKNOWN,BRICK_CLOSE,src=primary color=R streak=8 o=27255.00 c=27239.00 hi=27255.00 lo=27239.00
2026-04-30 01:58:07,2168,27235.00,27290.88,27250.17,27260.50,32.48,17.49,20.7,0.0,77.0,0.0,77.0,0.00,-1,0.0,0,0,0.00,0.00,0.00,0.00,,0.0,0,0,0.00,MANUAL,,AGGR+CHP+ADP+RUN-EXT+PW+DLK+SLC+TPE+NWS+,SELL,55.0,3.19,0,0,0.00,0.00,0.00,0.00,0,0,0,-1,4.4,-25.25,-62.50,-5.25,-387.75,141.00,R,8,UNKNOWN,SIGNAL,
2026-04-30 01:59:29,2169,27231.00,27290.88,27246.34,27257.82,30.95,17.39,22.3,0.0,77.0,0.0,77.0,0.00,-1,0.0,0,0,0.00,0.00,0.00,0.00,,0.0,0,0,0.00,MANUAL,,AGGR+CHP+ADP+RUN-EXT+PW+DLK+SLC+TPE+NWS+,SELL,55.0,3.44,0,0,0.00,0.00,0.00,0.00,0,0,0,-1,5.5,-29.25,-66.50,-9.25,-391.75,137.00,R,9,UNKNOWN,BRICK_CLOSE,src=primary color=R streak=9 o=27251.00 c=27235.00 hi=27251.00 lo=27235.00
2026-04-30 01:59:29,2169,27231.00,27290.88,27246.34,27257.82,30.95,17.39,22.3,0.0,77.0,0.0,77.0,0.00,-1,0.0,0,0,0.00,0.00,0.00,0.00,,0.0,0,0,0.00,MANUAL,,AGGR+CHP+ADP+RUN-EXT+PW+DLK+SLC+TPE+NWS+,SELL,55.0,3.44,0,0,0.00,0.00,0.00,0.00,0,0,0,-1,5.5,-29.25,-66.50,-9.25,-391.75,137.00,R,9,TREND_DN,REGIME_CHANGE,from=UNKNOWN to=TREND_DN adx=22.3 slope=5.55 atr/avg=0.96 eStack=-1 distVwapAtr=-3.44 nr=Rx9 flips4=0
2026-04-30 01:59:29,2169,27231.00,27290.48,27246.34,27257.82,30.95,17.39,22.3,0.0,110.0,0.0,110.0,0.00,-1,0.0,0,0,0.00,0.00,0.00,0.00,,0.0,0,0,0.00,MANUAL,,AGGR+CHP+ADP+RUN-EXT+PW+DLK+SLC+TPE+NWS+,SELL,55.0,3.42,0,0,0.00,0.00,0.00,0.00,0,0,0,-1,5.5,-29.25,-66.50,-9.25,-391.75,137.00,R,9,TREND_DN,SIGNAL,
2026-04-30 01:59:44,2170,27227.00,27290.48,27242.47,27255.02,29.46,17.29,23.9,0.0,110.0,0.0,110.0,0.00,-1,0.0,0,0,0.00,0.00,0.00,0.00,,0.0,0,0,0.00,MANUAL,,AGGR+CHP+ADP+RUN-EXT+PW+DLK+SLC+TPE+NWS+,SELL,55.0,3.67,0,0,0.00,0.00,0.00,0.00,0,0,0,-1,6.6,-33.25,-70.50,-13.25,-395.75,133.00,R,10,TREND_DN,BRICK_CLOSE,src=primary color=R streak=10 o=27247.00 c=27231.00 hi=27247.00 lo=27231.00
2026-04-30 01:59:44,2170,27227.00,27290.33,27242.47,27255.02,29.46,17.29,23.9,0.0,110.0,0.0,110.0,0.00,-1,0.0,0,0,0.00,0.00,0.00,0.00,,0.0,0,0,0.00,MANUAL,,AGGR+CHP+ADP+RUN-EXT+PW+DLK+SLC+TPE+NWS+,SELL,55.0,3.66,0,0,0.00,0.00,0.00,0.00,0,0,0,-1,6.6,-33.25,-70.50,-13.25,-395.75,133.00,R,10,TREND_DN,SIGNAL,
2026-04-30 01:59:49,2171,27223.00,27290.33,27238.58,27252.11,28.01,17.19,25.7,0.0,110.0,0.0,110.0,0.00,-1,0.0,0,0,0.00,0.00,0.00,0.00,,0.0,0,0,0.00,MANUAL,,AGGR+CHP+ADP+RUN-EXT+PW+DLK+SLC+TPE+NWS+,SELL,55.0,3.92,0,0,0.00,0.00,0.00,0.00,0,0,0,-1,7.4,-37.25,-74.50,-17.25,-399.75,129.00,R,11,TREND_DN,BRICK_CLOSE,src=primary color=R streak=11 o=27243.00 c=27227.00 hi=27243.00 lo=27227.00
2026-04-30 01:59:49,2171,27223.00,27290.24,27238.58,27252.11,28.01,17.19,25.7,0.0,77.0,0.0,77.0,0.00,-1,0.0,0,0,0.00,0.00,0.00,0.00,,0.0,0,0,0.00,MANUAL,,AGGR+CHP+ADP+RUN-EXT+PW+DLK+SLC+TPE+NWS+,SELL,55.0,3.91,0,0,0.00,0.00,0.00,0.00,0,0,0,-1,7.4,-37.25,-74.50,-17.25,-399.75,129.00,R,11,TREND_DN,SIGNAL,
2026-04-30 02:00:01,2172,27219.00,27290.24,27234.66,27249.10,26.60,17.11,27.6,0.0,77.0,0.0,77.0,0.00,-1,0.0,0,0,0.00,0.00,0.00,0.00,,0.0,0,0,0.00,MANUAL,,AGGR+CHP+ADP+RUN-EXT+PW+DLK+SLC+TPE+NWS+,SELL,55.0,4.16,0,0,0.00,0.00,0.00,0.00,0,0,0,-1,8.2,-41.25,-78.50,-21.25,-403.75,125.00,R,12,TREND_DN,BRICK_CLOSE,src=primary color=R streak=12 o=27239.00 c=27223.00 hi=27239.00 lo=27223.00
2026-04-30 02:00:01,2172,27219.00,27290.05,27234.66,27249.10,26.60,17.11,27.6,0.0,77.0,0.0,77.0,0.00,-1,0.0,0,0,0.00,0.00,0.00,0.00,,0.0,0,0,0.00,MANUAL,,AGGR+CHP+ADP+RUN-EXT+PW+DLK+SLC+TPE+NWS+,SELL,55.0,4.15,0,0,0.00,0.00,0.00,0.00,0,0,0,-1,8.2,-41.25,-78.50,-21.25,-403.75,125.00,R,12,TREND_DN,SIGNAL,
2026-04-30 02:00:45,2173,27215.00,27290.05,27230.73,27246.00,25.23,17.03,29.5,0.0,77.0,0.0,77.0,0.00,-1,0.0,0,0,0.00,0.00,0.00,0.00,,0.0,0,0,0.00,MANUAL,,AGGR+CHP+ADP+RUN-EXT+PW+DLK+SLC+TPE+NWS+,SELL,55.0,4.41,0,0,0.00,0.00,0.00,0.00,0,0,0,-1,8.8,-45.25,-82.50,-25.25,-407.75,121.00,R,13,TREND_DN,BRICK_CLOSE,src=primary color=R streak=13 o=27235.00 c=27219.00 hi=27235.00 lo=27219.00
2026-04-30 02:00:45,2173,27215.00,27289.25,27230.73,27246.00,25.23,17.03,29.5,0.0,77.0,0.0,77.0,0.00,-1,0.0,0,0,0.00,0.00,0.00,0.00,,0.0,0,0,0.00,MANUAL,,AGGR+CHP+ADP+RUN-EXT+PW+DLK+SLC+TPE+NWS+,SELL,55.0,4.36,0,0,0.00,0.00,0.00,0.00,0,0,0,-1,8.8,-45.25,-82.50,-25.25,-407.75,121.00,R,13,TREND_DN,SIGNAL,
2026-04-30 02:00:54,2174,27211.00,27289.25,27226.78,27242.81,23.91,16.96,31.6,0.0,77.0,0.0,77.0,0.00,-1,0.0,0,0,0.00,0.00,0.00,0.00,,0.0,0,0,0.00,MANUAL,,AGGR+CHP+ADP+RUN-EXT+PW+DLK+SLC+TPE+NWS+,SELL,55.0,4.61,0,0,0.00,0.00,0.00,0.00,0,0,0,-1,9.3,-49.25,-86.50,-29.25,-411.75,117.00,R,14,TREND_DN,BRICK_CLOSE,src=primary color=R streak=14 o=27231.00 c=27215.00 hi=27231.00 lo=27215.00
2026-04-30 02:00:54,2174,27211.00,27288.97,27226.78,27242.81,23.91,16.96,31.6,0.0,110.0,0.0,110.0,0.00,-1,0.0,0,0,0.00,0.00,0.00,0.00,,0.0,0,0,0.00,MANUAL,,AGGR+CHP+ADP+RUN-EXT+PW+DLK+SLC+TPE+NWS+,SELL,55.0,4.60,0,0,0.00,0.00,0.00,0.00,0,0,0,-1,9.3,-49.25,-86.50,-29.25,-411.75,117.00,R,14,TREND_DN,SIGNAL,
2026-04-30 02:06:23,2175,27207.00,27288.97,27222.83,27239.56,22.63,17.41,33.7,0.0,110.0,0.0,110.0,0.00,-1,0.0,0,0,0.00,0.00,0.00,0.00,,0.0,0,0,0.00,MANUAL,,AGGR+CHP+ADP+RUN-EXT+PW+DLK+SLC+TPE+NWS+,SELL,55.0,4.71,0,0,0.00,0.00,0.00,0.00,0,0,0,-1,9.7,-53.25,-90.50,-33.25,-415.75,113.00,R,15,TREND_DN,BRICK_CLOSE,src=primary color=R streak=15 o=27227.00 c=27211.00 hi=27227.00 lo=27211.00
2026-04-30 02:06:23,2175,27207.00,27285.92,27222.83,27239.56,22.63,17.41,33.7,0.0,120.0,0.0,120.0,0.00,-1,0.0,0,0,0.00,0.00,0.00,0.00,,0.0,0,0,0.00,MANUAL,,AGGR+CHP+ADP+RUN-EXT+PW+DLK+SLC+TPE+NWS+,SELL,55.0,4.53,0,0,0.00,0.00,0.00,0.00,0,0,0,-1,9.7,-53.25,-90.50,-33.25,-415.75,113.00,R,15,TREND_DN,SIGNAL,
2026-04-30 02:08:40,2176,27203.00,27285.92,27218.86,27236.24,21.39,17.47,35.8,0.0,120.0,0.0,120.0,0.00,-1,0.0,0,0,0.00,0.00,0.00,0.00,,0.0,0,0,0.00,MANUAL,,AGGR+CHP+ADP+RUN-EXT+PW+DLK+SLC+TPE+NWS+,SELL,55.0,4.75,0,0,0.00,0.00,0.00,0.00,0,0,0,-1,10.1,-57.25,-94.50,-37.25,-419.75,109.00,R,16,TREND_DN,BRICK_CLOSE,src=primary color=R streak=16 o=27223.00 c=27207.00 hi=27230.25 lo=27207.00
2026-04-30 02:08:40,2176,27203.00,27285.92,27218.86,27236.24,21.39,17.47,35.8,0.0,120.0,0.0,120.0,0.00,-1,0.0,0,0,0.00,0.00,0.00,0.00,,0.0,0,0,0.00,MANUAL,,AGGR+CHP+ADP+RUN-EXT+PW+DLK+SLC+TPE+NWS+,SELL,55.0,4.75,0,0,0.00,0.00,0.00,0.00,0,0,0,-1,10.1,-57.25,-94.50,-37.25,-419.75,109.00,R,16,TREND_DN,HEARTBEAT,tradesToday=0 openDca=0
2026-04-30 02:08:40,2176,27203.00,27284.54,27218.86,27236.24,21.39,17.47,35.8,0.0,120.0,0.0,120.0,0.00,-1,0.0,0,0,0.00,0.00,0.00,0.00,,0.0,0,0,0.00,MANUAL,,AGGR+CHP+ADP+RUN-EXT+PW+DLK+SLC+TPE+NWS+,SELL,55.0,4.67,0,0,0.00,0.00,0.00,0.00,0,0,0,-1,10.1,-57.25,-94.50,-37.25,-419.75,109.00,R,16,TREND_DN,SIGNAL,
2026-04-30 02:10:22,2177,27199.00,27284.54,27214.89,27232.85,20.21,17.36,37.9,0.0,120.0,0.0,120.0,0.00,-1,0.0,0,0,0.00,0.00,0.00,0.00,,0.0,0,0,0.00,MANUAL,,AGGR+CHP+ADP+RUN-EXT+PW+DLK+SLC+TPE+NWS+,SELL,55.0,4.93,0,0,0.00,0.00,0.00,0.00,0,0,0,-1,10.3,-61.25,-98.50,-41.25,-423.75,105.00,R,17,TREND_DN,BRICK_CLOSE,src=primary color=R streak=17 o=27219.00 c=27203.00 hi=27221.25 lo=27203.00
2026-04-30 02:10:22,2177,27199.00,27283.81,27214.89,27232.85,20.21,17.36,37.9,0.0,120.0,0.0,120.0,0.00,-1,0.0,0,0,0.00,0.00,0.00,0.00,,0.0,0,0,0.00,MANUAL,,AGGR+CHP+ADP+RUN-EXT+PW+DLK+SLC+TPE+NWS+,SELL,55.0,4.88,0,0,0.00,0.00,0.00,0.00,0,0,0,-1,10.3,-61.25,-98.50,-41.25,-423.75,105.00,R,17,TREND_DN,SIGNAL,
2026-04-30 02:10:31,2178,27195.00,27283.81,27210.91,27229.41,19.07,17.26,40.0,0.0,120.0,0.0,120.0,0.00,-1,0.0,0,0,0.00,0.00,0.00,0.00,,0.0,0,0,0.00,MANUAL,,AGGR+CHP+ADP+RUN-EXT+PW+DLK+SLC+TPE+NWS+,SELL,55.0,5.14,0,0,0.00,0.00,0.00,0.00,0,0,0,-1,10.5,-65.25,-102.50,-45.25,-427.75,101.00,R,18,TREND_DN,BRICK_CLOSE,src=primary color=R streak=18 o=27215.00 c=27199.00 hi=27215.00 lo=27199.00
2026-04-30 02:10:31,2178,27195.00,27283.59,27210.91,27229.41,19.07,17.26,40.0,0.0,110.0,0.0,110.0,0.00,-1,0.0,0,0,0.00,0.00,0.00,0.00,,0.0,0,0,0.00,MANUAL,,AGGR+CHP+ADP+RUN-EXT+PW+DLK+SLC+TPE+NWS+,SELL,55.0,5.13,0,0,0.00,0.00,0.00,0.00,0,0,0,-1,10.5,-65.25,-102.50,-45.25,-427.75,101.00,R,18,TREND_DN,SIGNAL,
2026-04-30 02:10:52,2179,27191.00,27283.59,27206.93,27225.92,17.98,17.17,42.2,0.0,110.0,0.0,110.0,0.00,-1,0.0,0,0,0.00,0.00,0.00,0.00,,0.0,0,0,0.00,MANUAL,,AGGR+CHP+ADP+RUN-EXT+PW+DLK+SLC+TPE+NWS+,SELL,55.0,5.39,0,0,0.00,0.00,0.00,0.00,0,0,0,-1,10.6,-69.25,-106.50,-49.25,-431.75,97.00,R,19,TREND_DN,BRICK_CLOSE,src=primary color=R streak=19 o=27211.00 c=27195.00 hi=27211.00 lo=27195.00
2026-04-30 02:10:52,2179,27191.00,27283.34,27206.93,27225.92,17.98,17.17,42.2,0.0,77.0,0.0,77.0,0.00,-1,0.0,0,0,0.00,0.00,0.00,0.00,,0.0,0,0,0.00,MANUAL,,AGGR+CHP+ADP+RUN-EXT+PW+DLK+SLC+TPE+NWS+,SELL,55.0,5.38,0,0,0.00,0.00,0.00,0.00,0,0,0,-1,10.6,-69.25,-106.50,-49.25,-431.75,97.00,R,19,TREND_DN,SIGNAL,
2026-04-30 02:11:31,2180,27187.00,27283.34,27202.94,27222.38,16.94,17.09,44.3,0.0,77.0,0.0,77.0,0.00,-1,0.0,0,0,0.00,0.00,0.00,0.00,,0.0,0,0,0.00,MANUAL,,AGGR+CHP+ADP+RUN-EXT+PW+DLK+SLC+TPE+NWS+,SELL,55.0,5.64,0,0,0.00,0.00,0.00,0.00,0,0,0,-1,10.7,-73.25,-110.50,-53.25,-435.75,93.00,R,20,TREND_DN,BRICK_CLOSE,src=primary color=R streak=20 o=27207.00 c=27191.00 hi=27207.00 lo=27191.00
2026-04-30 02:11:31,2180,27187.00,27282.60,27202.94,27222.38,16.94,17.09,44.3,0.0,77.0,0.0,77.0,0.00,-1,0.0,0,0,0.00,0.00,0.00,0.00,,0.0,0,0,0.00,MANUAL,,AGGR+CHP+ADP+RUN-EXT+PW+DLK+SLC+TPE+NWS+,SELL,55.0,5.59,0,0,0.00,0.00,0.00,0.00,0,0,0,-1,10.7,-73.25,-110.50,-27.75,-435.75,93.00,R,20,TREND_DN,SIGNAL,
2026-04-30 02:15:07,2181,27215.00,27282.60,27205.35,27221.71,42.21,17.99,44.1,0.0,77.0,0.0,77.0,0.00,-1,0.0,0,0,0.00,0.00,0.00,0.00,,0.0,0,0,0.00,MANUAL,,AGGR+CHP+ADP+RUN-EXT+PW+DLK+SLC+TPE+NWS+,SELL,55.0,3.76,0,0,0.00,0.00,0.00,0.00,0,0,0,0,8.3,-45.25,-82.50,0.25,-407.75,121.00,R,21,TREND_DN,BRICK_CLOSE,src=primary color=R streak=21 o=27203.00 c=27187.00 hi=27203.00 lo=27187.00
2026-04-30 02:15:07,2181,27215.00,27282.60,27205.35,27221.71,42.21,17.99,44.1,0.0,77.0,0.0,77.0,0.00,-1,0.0,0,0,0.00,0.00,0.00,0.00,,0.0,0,0,0.00,MANUAL,,AGGR+CHP+ADP+RUN-EXT+PW+DLK+SLC+TPE+NWS+,SELL,55.0,3.76,0,0,0.00,0.00,0.00,0.00,0,0,0,0,8.3,-45.25,-82.50,0.25,-407.75,121.00,R,21,UNKNOWN,REGIME_CHANGE,from=TREND_DN to=UNKNOWN adx=44.1 slope=8.35 atr/avg=1.03 eStack=0 distVwapAtr=-3.76 nr=Rx21 flips4=1
2026-04-30 02:15:07,2181,27215.00,27280.55,27205.35,27221.71,42.21,17.99,44.1,0.0,29.4,0.0,29.4,0.00,-1,0.0,0,0,0.00,0.00,0.00,0.00,,0.0,0,0,0.00,MANUAL,,AGGR+CHP+ADP+RUN-EXT+PW+DLK+SLC+TPE+NWS+,SELL,55.0,3.64,0,0,0.00,0.00,0.00,0.00,0,0,0,0,8.3,-45.25,-82.50,0.25,-407.75,121.00,R,21,UNKNOWN,SIGNAL,
2026-04-30 02:18:43,2182,27219.00,27280.55,27208.08,27221.46,44.80,17.85,43.3,0.0,29.4,0.0,29.4,0.00,-1,0.0,0,0,0.00,0.00,0.00,0.00,,0.0,0,0,0.00,MANUAL,,AGGR+CHP+ADP+RUN-EXT+PW+DLK+SLC+TPE+NWS+,WAIT,55.0,3.45,0,0,0.00,0.00,0.00,0.00,0,0,0,0,5.4,-41.25,-78.50,4.25,-403.75,125.00,G,1,UNKNOWN,BRICK_CLOSE,src=primary color=G streak=1 o=27199.00 c=27215.00 hi=27215.00 lo=27185.25
2026-04-30 02:18:43,2182,27219.00,27280.55,27208.08,27221.46,44.80,17.85,43.3,0.0,29.4,0.0,29.4,0.00,-1,0.0,0,0,0.00,0.00,0.00,0.00,,0.0,0,0,0.00,MANUAL,,AGGR+CHP+ADP+RUN-EXT+PW+DLK+SLC+TPE+NWS+,WAIT,55.0,3.45,0,0,0.00,0.00,0.00,0.00,0,0,0,0,5.4,-41.25,-78.50,4.25,-403.75,125.00,G,1,UNKNOWN,RUN_END,color=R len=21 pts=68.0 maxFav=96.0 durSec=1541 startPx=27283.00 endPx=27215.00
2026-04-30 02:18:43,2182,27219.00,27280.55,27208.08,27221.46,44.80,17.85,43.3,0.0,29.4,0.0,29.4,0.00,-1,0.0,0,0,0.00,0.00,0.00,0.00,,0.0,0,0,0.00,MANUAL,,AGGR+CHP+ADP+RUN-EXT+PW+DLK+SLC+TPE+NWS+,WAIT,55.0,3.45,0,0,0.00,0.00,0.00,0.00,0,0,0,0,5.4,-41.25,-78.50,4.25,-403.75,125.00,G,1,UNKNOWN,PULLBACK_ARM,dir=-1 runLen=21 runPts=68.0 maxFav=96.0 extremePx=27215.00 windowSec=900
2026-04-30 02:18:43,2182,27219.00,27280.55,27208.08,27221.46,44.80,17.85,43.3,0.0,29.4,0.0,29.4,0.00,-1,0.0,0,0,0.00,0.00,0.00,0.00,,0.0,0,0,0.00,MANUAL,,AGGR+CHP+ADP+RUN-EXT+PW+DLK+SLC+TPE+NWS+,WAIT,55.0,3.45,0,0,0.00,0.00,0.00,0.00,0,0,0,0,5.4,-41.25,-78.50,4.25,-403.75,125.00,G,1,UNKNOWN,HEARTBEAT,tradesToday=0 openDca=0
2026-04-30 02:18:43,2182,27219.00,27279.23,27208.08,27221.46,44.80,17.85,43.3,0.0,27.7,0.0,27.7,0.00,-1,0.0,0,0,0.00,0.00,0.00,0.00,,0.0,0,0,0.00,MANUAL,,AGGR+CHP+ADP+RUN-EXT+PW+DLK+SLC+TPE+NWS+,WAIT,55.0,3.37,0,0,0.00,0.00,0.00,0.00,0,0,0,0,5.4,-41.25,-78.50,4.25,-403.75,125.00,G,1,UNKNOWN,SIGNAL,
2026-04-30 02:20:52,2183,27223.00,27279.23,27211.07,27221.60,47.33,17.72,42.0,0.0,27.7,0.0,27.7,0.00,-1,0.0,0,0,0.00,0.00,0.00,0.00,,0.0,0,0,0.00,MANUAL,,AGGR+CHP+ADP+RUN-EXT+PW+DLK+SLC+TPE+NWS+,WAIT,55.0,3.17,0,0,0.00,0.00,0.00,0.00,0,0,0,0,2.0,-37.25,-74.50,8.25,-399.75,129.00,G,2,UNKNOWN,BRICK_CLOSE,src=primary color=G streak=2 o=27203.00 c=27219.00 hi=27219.00 lo=27203.00
2026-04-30 02:20:52,2183,27223.00,27278.62,27211.07,27221.60,47.33,17.72,42.0,0.0,16.3,0.0,16.3,0.00,-1,0.0,0,0,0.00,0.00,0.00,0.00,,0.0,0,0,0.00,MANUAL,,AGGR+CHP+ADP+RUN-EXT+PW+DLK+SLC+TPE+NWS+,WAIT,55.0,3.14,0,0,0.00,0.00,0.00,0.00,0,0,0,0,2.0,-37.25,-74.50,8.25,-399.75,129.00,G,2,UNKNOWN,SIGNAL,
2026-04-30 02:25:50,2184,27227.00,27278.62,27214.25,27222.09,49.82,18.31,41.3,0.0,16.3,0.0,16.3,0.00,-1,0.0,0,0,0.00,0.00,0.00,0.00,,0.0,0,0,0.00,MANUAL,,AGGR+CHP+ADP+RUN-EXT+PW+DLK+SLC+TPE+NWS+,WAIT,55.0,2.82,0,0,0.00,0.00,0.00,0.00,0,0,0,0,-0.9,-33.25,-70.50,12.25,-395.75,133.00,G,3,UNKNOWN,BRICK_CLOSE,src=primary color=G streak=3 o=27207.00 c=27223.00 hi=27223.00 lo=27207.00
2026-04-30 02:25:50,2184,27227.00,27276.35,27214.25,27222.09,49.82,18.31,41.3,0.0,17.0,0.0,17.0,0.00,-1,0.0,0,0,0.00,0.00,0.00,0.00,,0.0,0,0,0.00,MANUAL,,AGGR+CHP+ADP+RUN-EXT+PW+DLK+SLC+TPE+NWS+,WAIT,55.0,2.70,0,0,0.00,0.00,0.00,0.00,0,0,0,0,-0.9,-33.25,-70.50,12.25,-395.75,133.00,G,3,UNKNOWN,SIGNAL,
2026-04-30 02:25:57,2185,27231.00,27276.35,27217.60,27222.90,52.24,18.15,40.1,0.0,17.0,0.0,17.0,0.00,-1,0.0,0,0,0.00,0.00,0.00,0.00,,0.0,0,0,0.00,MANUAL,,AGGR+CHP+ADP+RUN-EXT+PW+DLK+SLC+TPE+NWS+,WAIT,55.0,2.50,0,0,0.00,0.00,0.00,0.00,0,0,0,0,-4.2,-29.25,-66.50,16.25,-391.75,137.00,G,4,UNKNOWN,BRICK_CLOSE,src=primary color=G streak=4 o=27211.00 c=27227.00 hi=27227.00 lo=27201.00
2026-04-30 02:25:57,2185,27231.00,27276.25,27217.60,27222.90,52.24,18.15,40.1,0.0,12.7,0.0,12.7,0.00,-1,0.0,0,0,0.00,0.00,0.00,0.00,,0.0,0,0,0.00,MANUAL,,AGGR+CHP+ADP+RUN-EXT+PW+DLK+SLC+TPE+NWS+,WAIT,55.0,2.49,0,0,0.00,0.00,0.00,0.00,0,0,0,0,-4.2,-29.25,-66.50,16.25,-391.75,137.00,G,4,UNKNOWN,SIGNAL,
2026-04-30 02:26:07,2186,27235.00,27276.25,27221.08,27224.00,54.61,17.99,38.4,0.0,12.7,0.0,12.7,0.00,-1,0.0,0,0,0.00,0.00,0.00,0.00,,0.0,0,0,0.00,MANUAL,,AGGR+CHP+ADP+RUN-EXT+PW+DLK+SLC+TPE+NWS+,WAIT,55.0,2.29,0,0,0.00,0.00,0.00,0.00,0,0,0,0,-5.7,-25.25,-62.50,20.25,-387.75,141.00,G,5,UNKNOWN,BRICK_CLOSE,src=primary color=G streak=5 o=27215.00 c=27231.00 hi=27231.00 lo=27215.00
2026-04-30 02:26:07,2186,27235.00,27276.17,27221.08,27224.00,54.61,17.99,38.4,0.0,12.1,0.0,12.1,0.00,-1,0.0,0,0,0.00,0.00,0.00,0.00,,0.0,0,0,0.00,MANUAL,,AGGR+CHP+ADP+RUN-EXT+PW+DLK+SLC+TPE+NWS+,WAIT,55.0,2.29,0,0,0.00,0.00,0.00,0.00,0,0,0,0,-5.7,-25.25,-62.50,20.25,-387.75,141.00,G,5,UNKNOWN,SIGNAL,
2026-04-30 02:28:54,2187,27239.00,27276.17,27224.67,27225.37,56.90,17.85,36.3,0.0,12.1,0.0,12.1,0.00,-1,0.0,0,0,0.00,0.00,0.00,0.00,,0.0,0,0,0.00,MANUAL,,AGGR+CHP+ADP+RUN-EXT+PW+DLK+SLC+TPE+NWS+,WAIT,55.0,2.08,0,0,0.00,0.00,0.00,0.00,0,0,0,0,-7.0,-21.25,-58.50,24.25,-383.75,145.00,G,6,UNKNOWN,BRICK_CLOSE,src=primary color=G streak=6 o=27219.00 c=27235.00 hi=27235.00 lo=27219.00
2026-04-30 02:28:54,2187,27239.00,27276.17,27224.67,27225.37,56.90,17.85,36.3,0.0,12.1,0.0,12.1,0.00,-1,0.0,0,0,0.00,0.00,0.00,0.00,,0.0,0,0,0.00,MANUAL,,AGGR+CHP+ADP+RUN-EXT+PW+DLK+SLC+TPE+NWS+,WAIT,55.0,2.08,0,0,0.00,0.00,0.00,0.00,0,0,0,0,-7.0,-21.25,-58.50,24.25,-383.75,145.00,G,6,UNKNOWN,HEARTBEAT,tradesToday=0 openDca=0
2026-04-30 02:28:54,2187,27239.00,27275.61,27224.67,27225.37,56.90,17.85,36.3,0.0,12.1,0.0,12.1,0.00,-1,0.0,0,0,0.00,0.00,0.00,0.00,,0.0,0,0,0.00,MANUAL,,AGGR+CHP+ADP+RUN-EXT+PW+DLK+SLC+TPE+NWS+,WAIT,55.0,2.05,0,0,0.00,0.00,0.00,0.00,0,0,0,0,-7.0,-21.25,-58.50,24.25,-383.75,145.00,G,6,UNKNOWN,SIGNAL,
2026-04-30 02:30:01,2188,27243.00,27275.61,27228.33,27226.97,59.13,17.72,33.9,0.0,12.1,0.0,12.1,0.00,-1,0.0,0,0,0.00,0.00,0.00,0.00,,0.0,0,0,0.00,MANUAL,,AGGR+CHP+ADP+RUN-EXT+PW+DLK+SLC+TPE+NWS+,WAIT,55.0,1.84,0,0,0.00,0.00,0.00,0.00,0,0,0,1,-8.2,-17.25,-54.50,28.25,-379.75,149.00,G,7,UNKNOWN,BRICK_CLOSE,src=primary color=G streak=7 o=27223.00 c=27239.00 hi=27239.00 lo=27223.00
2026-04-30 02:30:01,2188,27243.00,27275.33,27228.33,27226.97,59.13,17.72,33.9,67.3,0.0,67.3,0.0,0.00,0,0.0,0,0,0.00,0.00,0.00,0.00,,0.0,0,0,0.00,MANUAL,,AGGR+CHP+ADP+RUN-EXT+PW+DLK+SLC+TPE+NWS+,WAIT,55.0,1.82,0,0,0.00,0.00,0.00,0.00,0,0,0,1,-8.2,-17.25,-54.50,28.25,-379.75,149.00,G,7,UNKNOWN,SIGNAL,
2026-04-30 02:30:21,2189,27247.00,27275.33,27232.07,27228.79,61.28,17.60,31.7,67.3,0.0,67.3,0.0,0.00,0,0.0,0,0,0.00,0.00,0.00,0.00,,0.0,0,0,0.00,MANUAL,,AGGR+CHP+ADP+RUN-EXT+PW+DLK+SLC+TPE+NWS+,BUY,55.0,1.61,0,0,0.00,0.00,0.00,0.00,0,0,0,1,-9.6,-13.25,-50.50,32.25,-375.75,153.00,G,8,UNKNOWN,BRICK_CLOSE,src=primary color=G streak=8 o=27227.00 c=27243.00 hi=27243.00 lo=27227.00
2026-04-30 02:30:21,2189,27247.00,27275.20,27232.07,27228.79,61.28,17.60,31.7,77.3,0.0,77.3,0.0,0.00,0,0.0,0,0,0.00,0.00,0.00,0.00,,0.0,0,0,0.00,MANUAL,,AGGR+CHP+ADP+RUN-EXT+PW+DLK+SLC+TPE+NWS+,BUY,55.0,1.60,0,0,0.00,0.00,0.00,0.00,0,0,0,1,-9.6,-13.25,-50.50,32.25,-375.75,153.00,G,8,UNKNOWN,SIGNAL,
2026-04-30 02:31:17,2190,27251.00,27275.20,27235.85,27230.81,63.36,17.48,30.2,77.3,0.0,77.3,0.0,0.00,0,0.0,0,0,0.00,0.00,0.00,0.00,,0.0,0,0,0.00,MANUAL,,AGGR+CHP+ADP+RUN-EXT+PW+DLK+SLC+TPE+NWS+,STRONG_BUY,55.0,1.38,0,0,0.00,0.00,0.00,0.00,0,0,0,1,-9.9,-9.25,-46.50,36.25,-371.75,157.00,G,9,UNKNOWN,BRICK_CLOSE,src=primary color=G streak=9 o=27231.00 c=27247.00 hi=27247.00 lo=27231.00
2026-04-30 02:31:17,2190,27251.00,27275.03,27235.85,27230.81,63.36,17.48,30.2,65.0,0.0,65.0,0.0,0.00,0,0.0,0,0,0.00,0.00,0.00,0.00,,0.0,0,0,0.00,MANUAL,,AGGR+CHP+ADP+RUN-EXT+PW+DLK+SLC+TPE+NWS+,STRONG_BUY,55.0,1.37,0,0,0.00,0.00,0.00,0.00,0,0,0,1,-9.9,-9.25,-46.50,36.25,-371.75,157.00,G,9,UNKNOWN,SIGNAL,
2026-04-30 02:31:26,2191,27255.00,27275.03,27239.68,27233.01,65.36,17.38,29.1,65.0,0.0,65.0,0.0,0.00,0,0.0,0,0,0.00,0.00,0.00,0.00,,0.0,0,0,0.00,MANUAL,,AGGR+CHP+ADP+RUN-EXT+PW+DLK+SLC+TPE+NWS+,BUY,55.0,1.15,0,0,0.00,0.00,0.00,0.00,0,0,0,1,-9.2,-5.25,-42.50,40.25,-367.75,161.00,G,10,UNKNOWN,BRICK_CLOSE,src=primary color=G streak=10 o=27235.00 c=27251.00 hi=27251.00 lo=27235.00
2026-04-30 02:31:26,2191,27255.00,27275.00,27239.68,27233.01,65.36,17.38,29.1,80.0,0.0,80.0,0.0,0.00,0,0.0,0,0,0.00,0.00,0.00,0.00,,0.0,0,0,0.00,MANUAL,,AGGR+CHP+ADP+RUN-EXT+PW+DLK+SLC+TPE+NWS+,BUY,55.0,1.15,0,0,0.00,0.00,0.00,0.00,0,0,0,1,-9.2,-5.25,-42.50,40.25,-367.75,161.00,G,10,UNKNOWN,SIGNAL,
2026-04-30 02:32:01,2192,27259.00,27275.00,27243.55,27235.37,67.29,17.28,28.6,80.0,0.0,80.0,0.0,0.00,0,0.0,0,0,0.00,0.00,0.00,0.00,,0.0,0,0,0.00,MANUAL,,AGGR+CHP+ADP+RUN-EXT+PW+DLK+SLC+TPE+NWS+,STRONG_BUY,55.0,0.93,0,0,0.00,0.00,0.00,0.00,0,0,0,1,-7.7,-1.25,-38.50,44.25,-363.75,165.00,G,11,UNKNOWN,BRICK_CLOSE,src=primary color=G streak=11 o=27239.00 c=27255.00 hi=27255.00 lo=27239.00
2026-04-30 02:32:01,2192,27259.00,27274.93,27243.55,27235.37,67.29,17.28,28.6,50.0,0.0,50.0,0.0,0.00,0,0.0,0,0,0.00,0.00,0.00,0.00,,0.0,0,0,0.00,MANUAL,,AGGR+CHP+ADP+RUN-EXT+PW+DLK+SLC+TPE+NWS+,STRONG_BUY,55.0,0.92,0,0,0.00,0.00,0.00,0.00,0,0,0,1,-7.7,-1.25,-38.50,44.25,-363.75,165.00,G,11,UNKNOWN,SIGNAL,
2026-04-30 02:32:28,2193,27263.00,27274.93,27247.44,27237.88,69.14,17.19,28.4,50.0,0.0,50.0,0.0,0.00,0,0.0,0,0,0.00,0.00,0.00,0.00,,0.0,0,0,0.00,MANUAL,,AGGR+CHP+ADP+RUN-EXT+PW+DLK+SLC+TPE+NWS+,WAIT,55.0,0.69,0,0,0.00,0.00,0.00,0.00,0,0,0,1,-5.5,2.75,-34.50,48.25,-359.75,169.00,G,12,UNKNOWN,BRICK_CLOSE,src=primary color=G streak=12 o=27243.00 c=27259.00 hi=27259.00 lo=27243.00
2026-04-30 02:32:28,2193,27263.00,27274.86,27247.44,27237.88,69.14,17.19,28.4,50.0,0.0,50.0,0.0,0.00,0,0.0,0,0,0.00,0.00,0.00,0.00,,0.0,0,0,0.00,MANUAL,,AGGR+CHP+ADP+RUN-EXT+PW+DLK+SLC+TPE+NWS+,WAIT,55.0,0.69,0,0,0.00,0.00,0.00,0.00,0,0,0,1,-5.5,2.75,-34.50,48.25,-359.75,169.00,G,12,UNKNOWN,SIGNAL,
2026-04-30 02:32:42,2194,27267.00,27274.86,27251.35,27240.53,70.91,17.10,28.6,50.0,0.0,50.0,0.0,0.00,0,0.0,0,0,0.00,0.00,0.00,0.00,,0.0,0,0,0.00,MANUAL,,AGGR+CHP+ADP+RUN-EXT+PW+DLK+SLC+TPE+NWS+,WAIT,55.0,0.46,0,0,0.00,0.00,0.00,0.00,0,0,0,1,-3.2,6.75,-30.50,52.25,-355.75,173.00,G,13,UNKNOWN,BRICK_CLOSE,src=primary color=G streak=13 o=27247.00 c=27263.00 hi=27263.00 lo=27247.00
2026-04-30 02:32:42,2194,27267.00,27274.83,27251.35,27240.53,70.91,17.10,28.6,50.0,0.0,50.0,0.0,0.00,0,0.0,0,0,0.00,0.00,0.00,0.00,,0.0,0,0,0.00,MANUAL,,AGGR+CHP+ADP+RUN-EXT+PW+DLK+SLC+TPE+NWS+,WAIT,55.0,0.46,0,0,0.00,0.00,0.00,0.00,0,0,0,1,-3.2,6.75,-30.50,52.25,-355.75,173.00,G,13,UNKNOWN,SIGNAL,
2026-04-30 02:33:08,2195,27271.00,27274.83,27255.28,27243.30,72.60,17.02,29.1,50.0,0.0,50.0,0.0,0.00,0,0.0,0,0,0.00,0.00,0.00,0.00,,0.0,0,0,0.00,MANUAL,,AGGR+CHP+ADP+RUN-EXT+PW+DLK+SLC+TPE+NWS+,WAIT,55.0,0.23,0,0,0.00,0.00,0.00,0.00,0,0,0,1,-1.1,10.75,-26.50,56.25,-351.75,177.00,G,14,UNKNOWN,BRICK_CLOSE,src=primary color=G streak=14 o=27251.00 c=27267.00 hi=27267.00 lo=27251.00
2026-04-30 02:33:08,2195,27271.00,27274.79,27255.28,27243.30,72.60,17.02,29.1,50.0,0.0,50.0,0.0,0.00,0,0.0,0,0,0.00,0.00,0.00,0.00,,0.0,0,0,0.00,MANUAL,,AGGR+CHP+ADP+RUN-EXT+PW+DLK+SLC+TPE+NWS+,WAIT,55.0,0.22,0,0,0.00,0.00,0.00,0.00,0,0,0,1,-1.1,10.75,-26.50,56.25,-351.75,177.00,G,14,UNKNOWN,SIGNAL,
2026-04-30 02:33:14,2196,27275.00,27274.79,27259.22,27246.18,74.22,16.95,29.8,50.0,0.0,50.0,0.0,0.00,0,0.0,0,0,0.00,0.00,0.00,0.00,,0.0,0,0,0.00,MANUAL,,AGGR+CHP+ADP+RUN-EXT+PW+DLK+SLC+TPE+NWS+,WAIT,55.0,0.01,0,0,0.00,0.00,0.00,0.00,0,0,0,1,0.7,14.75,-22.50,60.25,-347.75,181.00,G,15,UNKNOWN,BRICK_CLOSE,src=primary color=G streak=15 o=27255.00 c=27271.00 hi=27271.00 lo=27255.00
2026-04-30 02:33:14,2196,27275.00,27274.78,27259.22,27246.18,74.22,16.95,29.8,65.0,0.0,65.0,0.0,0.00,0,0.0,0,0,0.00,0.00,0.00,0.00,,0.0,0,0,0.00,MANUAL,,AGGR+CHP+ADP+RUN-EXT+PW+DLK+SLC+TPE+NWS+,WAIT,55.0,0.01,0,0,0.00,0.00,0.00,0.00,0,0,0,1,0.7,14.75,-22.50,60.25,-347.75,181.00,G,15,UNKNOWN,SIGNAL,
2026-04-30 02:33:56,2197,27279.00,27274.78,27263.18,27249.17,75.76,16.88,30.8,65.0,0.0,65.0,0.0,0.00,0,0.0,0,0,0.00,0.00,0.00,0.00,,0.0,0,0,0.00,MANUAL,,AGGR+CHP+ADP+RUN-EXT+PW+DLK+SLC+TPE+NWS+,BUY,55.0,0.25,0,0,0.00,0.00,0.00,0.00,0,0,0,1,2.3,18.75,-18.50,64.25,-343.75,185.00,G,16,UNKNOWN,BRICK_CLOSE,src=primary color=G streak=16 o=27259.00 c=27275.00 hi=27275.00 lo=27259.00
2026-04-30 02:33:56,2197,27279.00,27274.77,27263.18,27249.17,75.76,16.88,30.8,50.0,0.0,50.0,0.0,0.00,0,0.0,0,0,0.00,0.00,0.00,0.00,,0.0,0,0,0.00,MANUAL,,AGGR+CHP+ADP+RUN-EXT+PW+DLK+SLC+TPE+NWS+,BUY,55.0,0.25,0,0,0.00,0.00,0.00,0.00,0,0,0,1,2.3,18.75,-18.50,64.25,-343.75,185.00,G,16,UNKNOWN,SIGNAL,
2026-04-30 02:34:10,2198,27283.00,27274.77,27267.14,27252.24,77.22,16.82,32.0,50.0,0.0,50.0,0.0,0.00,0,0.0,0,0,0.00,0.00,0.00,0.00,,0.0,0,0,0.00,MANUAL,,AGGR+CHP+ADP+RUN-EXT+PW+DLK+SLC+TPE+NWS+,WAIT,55.0,0.49,0,0,0.00,0.00,0.00,0.00,0,0,0,1,3.6,22.75,-14.50,68.25,-339.75,189.00,G,17,UNKNOWN,BRICK_CLOSE,src=primary color=G streak=17 o=27263.00 c=27279.00 hi=27279.00 lo=27263.00
2026-04-30 02:34:10,2198,27283.00,27274.78,27267.14,27252.24,77.22,16.82,32.0,65.0,0.0,65.0,0.0,0.00,0,0.0,0,0,0.00,0.00,0.00,0.00,,0.0,0,0,0.00,MANUAL,,AGGR+CHP+ADP+RUN-EXT+PW+DLK+SLC+TPE+NWS+,WAIT,55.0,0.49,0,0,0.00,0.00,0.00,0.00,0,0,0,1,3.6,22.75,-14.50,68.25,-339.75,189.00,G,17,UNKNOWN,SIGNAL,
2026-04-30 02:34:10,2199,27287.00,27274.78,27271.11,27255.40,78.61,16.76,33.4,65.0,0.0,65.0,0.0,0.00,0,0.0,0,0,0.00,0.00,0.00,0.00,,0.0,0,0,0.00,MANUAL,,AGGR+CHP+ADP+RUN-EXT+PW+DLK+SLC+TPE+NWS+,BUY,55.0,0.73,0,0,0.00,0.00,0.00,0.00,0,0,0,1,4.8,26.75,-10.50,72.25,-335.75,193.00,G,18,UNKNOWN,BRICK_CLOSE,src=primary color=G streak=18 o=27267.00 c=27283.00 hi=27283.00 lo=27267.00
2026-04-30 02:34:10,2199,27287.00,27274.78,27271.11,27255.40,78.61,16.76,33.4,65.0,0.0,65.0,0.0,0.00,0,0.0,0,0,0.00,0.00,0.00,0.00,,0.0,0,0,0.00,MANUAL,,AGGR+CHP+ADP+RUN-EXT+PW+DLK+SLC+TPE+NWS+,BUY,55.0,0.73,0,0,0.00,0.00,0.00,0.00,0,0,0,1,4.8,26.75,-10.50,72.25,-335.75,193.00,G,18,TREND_UP,REGIME_CHANGE,from=UNKNOWN to=TREND_UP adx=33.4 slope=4.79 atr/avg=0.96 eStack=1 distVwapAtr=0.73 nr=Gx18 flips4=0
2026-04-30 02:34:10,2199,27287.00,27274.79,27271.11,27255.40,78.61,16.76,33.4,50.0,0.0,50.0,0.0,0.00,0,0.0,0,0,0.00,0.00,0.00,0.00,,0.0,0,0,0.00,MANUAL,,AGGR+CHP+ADP+RUN-EXT+PW+DLK+SLC+TPE+NWS+,BUY,55.0,0.73,0,0,0.00,0.00,0.00,0.00,0,0,0,1,4.8,26.75,-10.50,72.25,-335.75,193.00,G,18,TREND_UP,SIGNAL,
2026-04-30 02:35:12,2200,27291.00,27274.79,27275.09,27258.64,79.93,16.71,34.9,50.0,0.0,50.0,0.0,0.00,0,0.0,0,0,0.00,0.00,0.00,0.00,,0.0,0,0,0.00,MANUAL,,AGGR+CHP+ADP+RUN-EXT+PW+DLK+SLC+TPE+NWS+,WAIT,55.0,0.97,0,0,0.00,0.00,0.00,0.00,0,0,0,1,5.8,30.75,-6.50,76.25,-331.75,197.00,G,19,TREND_UP,BRICK_CLOSE,src=primary color=G streak=19 o=27271.00 c=27287.00 hi=27287.00 lo=27271.00
2026-04-30 02:35:12,2200,27291.00,27274.95,27275.09,27258.64,79.93,16.71,34.9,50.0,0.0,50.0,0.0,0.00,0,0.0,0,0,0.00,0.00,0.00,0.00,,0.0,0,0,0.00,MANUAL,,AGGR+CHP+ADP+RUN-EXT+PW+DLK+SLC+TPE+NWS+,WAIT,55.0,0.96,0,0,0.00,0.00,0.00,0.00,0,0,0,1,5.8,30.75,-6.50,76.25,-331.75,197.00,G,19,TREND_UP,SIGNAL,
2026-04-30 02:36:39,2201,27295.00,27274.95,27279.07,27261.94,81.18,16.66,36.5,50.0,0.0,50.0,0.0,0.00,0,0.0,0,0,0.00,0.00,0.00,0.00,,0.0,0,0,0.00,MANUAL,,AGGR+CHP+ADP+RUN-EXT+PW+DLK+SLC+TPE+NWS+,WAIT,55.0,1.20,0,0,0.00,0.00,0.00,0.00,0,0,0,1,6.6,34.75,-2.50,80.25,-327.75,201.00,G,20,TREND_UP,BRICK_CLOSE,src=primary color=G streak=20 o=27275.00 c=27291.00 hi=27291.00 lo=27275.00
2026-04-30 02:36:39,2201,27295.00,27275.17,27279.07,27261.94,81.18,16.66,36.5,65.0,0.0,65.0,0.0,0.00,0,0.0,0,0,0.00,0.00,0.00,0.00,,0.0,0,0,0.00,MANUAL,,AGGR+CHP+ADP+RUN-EXT+PW+DLK+SLC+TPE+NWS+,WAIT,55.0,1.19,0,0,0.00,0.00,0.00,0.00,0,0,0,1,6.6,34.75,-2.50,80.25,-327.75,201.00,G,20,TREND_UP,SIGNAL,
2026-04-30 02:36:49,2202,27299.00,27275.17,27283.06,27265.31,82.37,16.61,38.2,65.0,0.0,65.0,0.0,0.00,0,0.0,0,0,0.00,0.00,0.00,0.00,,0.0,0,0,0.00,MANUAL,,AGGR+CHP+ADP+RUN-EXT+PW+DLK+SLC+TPE+NWS+,BUY,55.0,1.43,0,0,0.00,0.00,0.00,0.00,0,0,0,1,7.3,38.75,1.50,84.25,-323.75,205.00,G,21,TREND_UP,BRICK_CLOSE,src=primary color=G streak=21 o=27279.00 c=27295.00 hi=27295.00 lo=27279.00
2026-04-30 02:36:49,2202,27299.00,27275.19,27283.06,27265.31,82.37,16.61,38.2,65.0,0.0,65.0,0.0,0.00,0,0.0,0,0,0.00,0.00,0.00,0.00,,0.0,0,0,0.00,MANUAL,,AGGR+CHP+ADP+RUN-EXT+PW+DLK+SLC+TPE+NWS+,BUY,55.0,1.43,0,0,0.00,0.00,0.00,0.00,0,0,0,1,7.3,38.75,1.50,84.25,-323.75,205.00,G,21,TREND_UP,SIGNAL,
2026-04-30 02:36:52,2203,27303.00,27275.19,27287.05,27268.74,83.48,16.57,39.9,65.0,0.0,65.0,0.0,0.00,0,0.0,0,0,0.00,0.00,0.00,0.00,,0.0,0,0,0.00,MANUAL,,AGGR+CHP+ADP+RUN-EXT+PW+DLK+SLC+TPE+NWS+,BUY,55.0,1.68,0,0,0.00,0.00,0.00,0.00,0,0,0,1,7.9,42.75,5.50,88.25,-319.75,209.00,G,22,TREND_UP,BRICK_CLOSE,src=primary color=G streak=22 o=27283.00 c=27299.00 hi=27299.00 lo=27283.00
2026-04-30 02:36:52,2203,27303.00,27275.23,27287.05,27268.74,83.48,16.57,39.9,50.0,0.0,50.0,0.0,0.00,0,0.0,0,0,0.00,0.00,0.00,0.00,,0.0,0,0,0.00,MANUAL,,AGGR+CHP+ADP+RUN-EXT+PW+DLK+SLC+TPE+NWS+,BUY,55.0,1.68,0,0,0.00,0.00,0.00,0.00,0,0,0,1,7.9,42.75,5.50,88.25,-319.75,209.00,G,22,TREND_UP,SIGNAL,
2026-04-30 02:37:27,2204,27307.00,27275.23,27291.04,27272.22,84.54,16.52,41.8,50.0,0.0,50.0,0.0,0.00,0,0.0,0,0,0.00,0.00,0.00,0.00,,0.0,0,0,0.00,MANUAL,,AGGR+CHP+ADP+RUN-EXT+PW+DLK+SLC+TPE+NWS+,WAIT,55.0,1.92,0,0,0.00,0.00,0.00,0.00,0,0,0,1,8.4,46.75,9.50,92.25,-315.75,213.00,G,23,TREND_UP,BRICK_CLOSE,src=primary color=G streak=23 o=27287.00 c=27303.00 hi=27303.00 lo=27287.00
2026-04-30 02:37:27,2204,27307.00,27275.38,27291.04,27272.22,84.54,16.52,41.8,50.0,0.0,50.0,0.0,0.00,0,0.0,0,0,0.00,0.00,0.00,0.00,,0.0,0,0,0.00,MANUAL,,AGGR+CHP+ADP+RUN-EXT+PW+DLK+SLC+TPE+NWS+,WAIT,55.0,1.91,0,0,0.00,0.00,0.00,0.00,0,0,0,1,8.4,46.75,9.50,92.25,-315.75,213.00,G,23,TREND_UP,SIGNAL,
2026-04-30 02:40:18,2205,27279.00,27275.38,27288.63,27272.83,57.04,17.38,41.3,50.0,0.0,50.0,0.0,0.00,0,0.0,0,0,0.00,0.00,0.00,0.00,,0.0,0,0,0.00,MANUAL,,AGGR+CHP+ADP+RUN-EXT+PW+DLK+SLC+TPE+NWS+,WAIT,55.0,0.21,0,0,0.00,0.00,0.00,0.00,0,0,0,0,6.5,18.75,-18.50,64.25,-343.75,185.00,G,24,TREND_UP,BRICK_CLOSE,src=primary color=G streak=24 o=27291.00 c=27307.00 hi=27307.00 lo=27291.00
2026-04-30 02:40:18,2205,27279.00,27275.38,27288.63,27272.83,57.04,17.38,41.3,50.0,0.0,50.0,0.0,0.00,0,0.0,0,0,0.00,0.00,0.00,0.00,,0.0,0,0,0.00,MANUAL,,AGGR+CHP+ADP+RUN-EXT+PW+DLK+SLC+TPE+NWS+,WAIT,55.0,0.21,0,0,0.00,0.00,0.00,0.00,0,0,0,0,6.5,18.75,-18.50,64.25,-343.75,185.00,G,24,TREND_UP,HEARTBEAT,tradesToday=0 openDca=0
2026-04-30 02:40:18,2205,27279.00,27275.38,27288.63,27272.83,57.04,17.38,41.3,50.0,0.0,50.0,0.0,0.00,0,0.0,0,0,0.00,0.00,0.00,0.00,,0.0,0,0,0.00,MANUAL,,AGGR+CHP+ADP+RUN-EXT+PW+DLK+SLC+TPE+NWS+,WAIT,55.0,0.21,0,0,0.00,0.00,0.00,0.00,0,0,0,0,6.5,18.75,-18.50,64.25,-343.75,185.00,G,24,UNKNOWN,REGIME_CHANGE,from=TREND_UP to=UNKNOWN adx=41.3 slope=6.46 atr/avg=1.02 eStack=0 distVwapAtr=0.21 nr=Gx24 flips4=1
2026-04-30 02:40:18,2205,27279.00,27275.69,27288.63,27272.83,57.04,17.38,41.3,11.9,0.0,11.9,0.0,0.00,0,0.0,0,0,0.00,0.00,0.00,0.00,,0.0,0,0,0.00,MANUAL,,AGGR+CHP+ADP+RUN-EXT+PW+DLK+SLC+TPE+NWS+,WAIT,55.0,0.19,0,0,0.00,0.00,0.00,0.00,0,0,0,0,6.5,18.75,-18.50,64.25,-343.75,185.00,G,24,UNKNOWN,SIGNAL,
2026-04-30 02:41:45,2206,27275.00,27275.69,27285.90,27273.03,54.32,17.28,40.3,11.9,0.0,11.9,0.0,0.00,0,0.0,0,0,0.00,0.00,0.00,0.00,,0.0,0,0,0.00,MANUAL,,AGGR+CHP+ADP+RUN-EXT+PW+DLK+SLC+TPE+NWS+,WAIT,55.0,0.04,0,0,0.00,0.00,0.00,0.00,0,0,0,0,3.9,14.75,-22.50,60.25,-347.75,181.00,R,1,UNKNOWN,BRICK_CLOSE,src=primary color=R streak=1 o=27295.00 c=27279.00 hi=27307.50 lo=27279.00
2026-04-30 02:41:45,2206,27275.00,27275.69,27285.90,27273.03,54.32,17.28,40.3,11.9,0.0,11.9,0.0,0.00,0,0.0,0,0,0.00,0.00,0.00,0.00,,0.0,0,0,0.00,MANUAL,,AGGR+CHP+ADP+RUN-EXT+PW+DLK+SLC+TPE+NWS+,WAIT,55.0,0.04,0,0,0.00,0.00,0.00,0.00,0,0,0,0,3.9,14.75,-22.50,60.25,-347.75,181.00,R,1,UNKNOWN,RUN_END,color=G len=24 pts=80.0 maxFav=108.0 durSec=1382 startPx=27199.00 endPx=27279.00
2026-04-30 02:41:45,2206,27275.00,27275.69,27285.90,27273.03,54.32,17.28,40.3,11.9,0.0,11.9,0.0,0.00,0,0.0,0,0,0.00,0.00,0.00,0.00,,0.0,0,0,0.00,MANUAL,,AGGR+CHP+ADP+RUN-EXT+PW+DLK+SLC+TPE+NWS+,WAIT,55.0,0.04,0,0,0.00,0.00,0.00,0.00,0,0,0,0,3.9,14.75,-22.50,60.25,-347.75,181.00,R,1,UNKNOWN,PULLBACK_ARM,dir=1 runLen=24 runPts=80.0 maxFav=108.0 extremePx=27279.00 windowSec=900
2026-04-30 02:41:45,2206,27275.00,27275.73,27285.90,27273.03,54.32,17.28,40.3,0.0,23.5,0.0,23.5,0.00,0,0.0,0,0,0.00,0.00,0.00,0.00,,0.0,0,0,0.00,MANUAL,,AGGR+CHP+ADP+RUN-EXT+PW+DLK+SLC+TPE+NWS+,WAIT,55.0,0.04,0,0,0.00,0.00,0.00,0.00,0,0,0,0,3.9,14.75,-22.50,60.25,-347.75,181.00,R,1,UNKNOWN,SIGNAL,
2026-04-30 02:41:48,2207,27271.00,27275.73,27282.92,27272.85,51.67,17.19,38.8,0.0,23.5,0.0,23.5,0.00,0,0.0,0,0,0.00,0.00,0.00,0.00,,0.0,0,0,0.00,MANUAL,,AGGR+CHP+ADP+RUN-EXT+PW+DLK+SLC+TPE+NWS+,WAIT,55.0,0.28,0,0,0.00,0.00,0.00,0.00,0,0,0,0,0.7,10.75,-26.50,56.25,-351.75,177.00,R,2,UNKNOWN,BRICK_CLOSE,src=primary color=R streak=2 o=27291.00 c=27275.00 hi=27291.00 lo=27275.00
2026-04-30 02:41:48,2207,27271.00,27275.73,27282.92,27272.85,51.67,17.19,38.8,25.0,0.0,25.0,0.0,0.00,0,0.0,0,0,0.00,0.00,0.00,0.00,,0.0,0,0,0.00,MANUAL,,AGGR+CHP+ADP+RUN-EXT+PW+DLK+SLC+TPE+NWS+,WAIT,55.0,0.28,0,0,0.00,0.00,0.00,0.00,0,0,0,0,0.7,10.75,-26.50,56.25,-351.75,177.00,R,2,UNKNOWN,SIGNAL,
2026-04-30 02:42:04,2208,27267.00,27275.73,27279.74,27272.31,49.09,17.11,36.9,25.0,0.0,25.0,0.0,0.00,0,0.0,0,0,0.00,0.00,0.00,0.00,,0.0,0,0,0.00,MANUAL,,AGGR+CHP+ADP+RUN-EXT+PW+DLK+SLC+TPE+NWS+,WAIT,55.0,0.51,0,0,0.00,0.00,0.00,0.00,0,0,0,0,-3.0,6.75,-30.50,52.25,-355.75,173.00,R,3,UNKNOWN,BRICK_CLOSE,src=primary color=R streak=3 o=27287.00 c=27271.00 hi=27287.00 lo=27271.00
2026-04-30 02:42:04,2208,27267.00,27275.72,27279.74,27272.31,49.09,17.11,36.9,25.0,0.0,25.0,0.0,0.00,0,0.0,0,0,0.00,0.00,0.00,0.00,,0.0,0,0,0.00,MANUAL,,AGGR+CHP+ADP+RUN-EXT+PW+DLK+SLC+TPE+NWS+,WAIT,55.0,0.51,0,0,0.00,0.00,0.00,0.00,0,0,0,0,-3.0,6.75,-30.50,52.25,-355.75,173.00,R,3,UNKNOWN,SIGNAL,
2026-04-30 02:43:09,2209,27263.00,27275.72,27276.39,27271.47,46.58,17.03,34.6,25.0,0.0,25.0,0.0,0.00,0,0.0,0,0,0.00,0.00,0.00,0.00,,0.0,0,0,0.00,MANUAL,,AGGR+CHP+ADP+RUN-EXT+PW+DLK+SLC+TPE+NWS+,WAIT,55.0,0.75,0,0,0.00,0.00,0.00,0.00,0,0,0,0,-7.1,2.75,-34.50,48.25,-359.75,169.00,R,4,UNKNOWN,BRICK_CLOSE,src=primary color=R streak=4 o=27283.00 c=27267.00 hi=27283.00 lo=27267.00
2026-04-30 02:43:09,2209,27263.00,27275.67,27276.39,27271.47,46.58,17.03,34.6,10.0,0.0,10.0,0.0,0.00,0,0.0,0,0,0.00,0.00,0.00,0.00,,0.0,0,0,0.00,MANUAL,,AGGR+CHP+ADP+RUN-EXT+PW+DLK+SLC+TPE+NWS+,WAIT,55.0,0.74,0,0,0.00,0.00,0.00,0.00,0,0,0,0,-7.1,2.75,-34.50,48.25,-359.75,169.00,R,4,UNKNOWN,SIGNAL,
2026-04-30 02:48:02,2210,27259.00,27275.67,27272.91,27270.33,44.16,17.04,32.3,10.0,0.0,10.0,0.0,0.00,0,0.0,0,0,0.00,0.00,0.00,0.00,,0.0,0,0,0.00,MANUAL,,AGGR+CHP+ADP+RUN-EXT+PW+DLK+SLC+TPE+NWS+,WAIT,55.0,0.98,0,0,0.00,0.00,0.00,0.00,0,0,0,0,-9.0,-1.25,-38.50,44.25,-363.75,165.00,R,5,UNKNOWN,BRICK_CLOSE,src=primary color=R streak=5 o=27279.00 c=27263.00 hi=27279.00 lo=27263.00
2026-04-30 02:48:02,2210,27259.00,27275.45,27272.91,27270.33,44.16,17.04,32.3,0.0,10.2,0.0,10.2,0.00,0,0.0,0,0,0.00,0.00,0.00,0.00,,0.0,0,0,0.00,MANUAL,,AGGR+CHP+ADP+RUN-EXT+PW+DLK+SLC+TPE+NWS+,WAIT,55.0,0.97,0,0,0.00,0.00,0.00,0.00,0,0,0,0,-9.0,-1.25,-38.50,44.25,-363.75,165.00,R,5,UNKNOWN,SIGNAL,
2026-04-30 02:48:05,2211,27255.00,27275.45,27269.33,27268.94,41.81,16.97,30.5,0.0,10.2,0.0,10.2,0.00,0,0.0,0,0,0.00,0.00,0.00,0.00,,0.0,0,0,0.00,MANUAL,,AGGR+CHP+ADP+RUN-EXT+PW+DLK+SLC+TPE+NWS+,WAIT,55.0,1.21,0,0,0.00,0.00,0.00,0.00,0,0,0,0,-9.8,-5.25,-42.50,40.25,-367.75,161.00,R,6,UNKNOWN,BRICK_CLOSE,src=primary color=R streak=6 o=27275.00 c=27259.00 hi=27276.25 lo=27259.00
2026-04-30 02:48:05,2211,27255.00,27275.43,27269.33,27268.94,41.81,16.97,30.5,0.0,26.8,0.0,26.8,0.00,0,0.0,0,0,0.00,0.00,0.00,0.00,,0.0,0,0,0.00,MANUAL,,AGGR+CHP+ADP+RUN-EXT+PW+DLK+SLC+TPE+NWS+,WAIT,55.0,1.20,0,0,0.00,0.00,0.00,0.00,0,0,0,0,-9.8,-5.25,-42.50,40.25,-367.75,161.00,R,6,UNKNOWN,SIGNAL,
2026-04-30 02:53:38,2212,27283.00,27275.43,27272.06,27270.22,58.45,17.97,29.1,0.0,26.8,0.0,26.8,0.00,0,0.0,0,0,0.00,0.00,0.00,0.00,,0.0,0,0,0.00,MANUAL,,AGGR+CHP+ADP+RUN-EXT+PW+DLK+SLC+TPE+NWS+,WAIT,55.0,0.42,0,0,0.00,0.00,0.00,0.00,0,0,0,1,-9.7,22.75,-14.50,68.25,-339.75,189.00,R,7,UNKNOWN,BRICK_CLOSE,src=primary color=R streak=7 o=27271.00 c=27255.00 hi=27271.00 lo=27255.00
2026-04-30 02:53:38,2212,27283.00,27275.43,27272.06,27270.22,58.45,17.97,29.1,0.0,26.8,0.0,26.8,0.00,0,0.0,0,0,0.00,0.00,0.00,0.00,,0.0,0,0,0.00,MANUAL,,AGGR+CHP+ADP+RUN-EXT+PW+DLK+SLC+TPE+NWS+,WAIT,55.0,0.42,0,0,0.00,0.00,0.00,0.00,0,0,0,1,-9.7,22.75,-14.50,68.25,-339.75,189.00,R,7,UNKNOWN,HEARTBEAT,tradesToday=0 openDca=0
2026-04-30 02:53:38,2212,27283.00,27275.36,27272.06,27270.22,58.45,17.97,29.1,50.0,0.0,50.0,0.0,0.00,0,0.0,0,0,0.00,0.00,0.00,0.00,,0.0,0,0,0.00,MANUAL,,AGGR+CHP+ADP+RUN-EXT+PW+DLK+SLC+TPE+NWS+,WAIT,55.0,0.42,0,0,0.00,0.00,0.00,0.00,0,0,0,1,-9.7,22.75,-14.50,68.25,-339.75,189.00,R,7,UNKNOWN,SIGNAL,
2026-04-30 02:55:10,2213,27287.00,27275.36,27275.05,27271.74,60.20,17.83,28.2,50.0,0.0,50.0,0.0,0.00,0,0.0,0,0,0.00,0.00,0.00,0.00,,0.0,0,0,0.00,MANUAL,,AGGR+CHP+ADP+RUN-EXT+PW+DLK+SLC+TPE+NWS+,WAIT,55.0,0.65,0,0,0.00,0.00,0.00,0.00,0,0,0,1,-8.8,26.75,-10.50,72.25,-335.75,193.00,G,1,UNKNOWN,BRICK_CLOSE,src=primary color=G streak=1 o=27267.00 c=27283.00 hi=27283.00 lo=27252.00
2026-04-30 02:55:10,2213,27287.00,27275.36,27275.05,27271.74,60.20,17.83,28.2,50.0,0.0,50.0,0.0,0.00,0,0.0,0,0,0.00,0.00,0.00,0.00,,0.0,0,0,0.00,MANUAL,,AGGR+CHP+ADP+RUN-EXT+PW+DLK+SLC+TPE+NWS+,WAIT,55.0,0.65,0,0,0.00,0.00,0.00,0.00,0,0,0,1,-8.8,26.75,-10.50,72.25,-335.75,193.00,G,1,UNKNOWN,RUN_END,color=R len=7 pts=12.0 maxFav=40.0 durSec=805 startPx=27295.00 endPx=27283.00
2026-04-30 02:55:10,2213,27287.00,27275.41,27275.05,27271.74,60.20,17.83,28.2,63.6,0.0,63.6,0.0,0.00,0,0.0,0,0,0.00,0.00,0.00,0.00,,0.0,0,0,0.00,MANUAL,,AGGR+CHP+ADP+RUN-EXT+PW+DLK+SLC+TPE+NWS+,WAIT,55.0,0.65,0,0,0.00,0.00,0.00,0.00,0,0,0,1,-8.8,26.75,-10.50,72.25,-335.75,193.00,G,1,UNKNOWN,SIGNAL,
2026-04-30 02:55:11,2214,27291.00,27275.41,27278.24,27273.49,61.93,17.70,27.6,63.6,0.0,63.6,0.0,0.00,0,0.0,0,0,0.00,0.00,0.00,0.00,,0.0,0,0,0.00,MANUAL,,AGGR+CHP+ADP+RUN-EXT+PW+DLK+SLC+TPE+NWS+,BUY,55.0,0.88,0,0,0.00,0.00,0.00,0.00,0,0,0,1,-7.0,30.75,-6.50,76.25,-331.75,197.00,G,2,UNKNOWN,BRICK_CLOSE,src=primary color=G streak=2 o=27271.00 c=27287.00 hi=27287.00 lo=27271.00
2026-04-30 02:55:11,2214,27291.00,27275.41,27278.24,27273.49,61.93,17.70,27.6,42.3,0.0,42.3,0.0,0.00,0,0.0,0,0,0.00,0.00,0.00,0.00,,0.0,0,0,0.00,MANUAL,,AGGR+CHP+ADP+RUN-EXT+PW+DLK+SLC+TPE+NWS+,BUY,55.0,0.88,0,0,0.00,0.00,0.00,0.00,0,0,0,1,-7.0,30.75,-6.50,76.25,-331.75,197.00,G,2,UNKNOWN,SIGNAL,
2026-04-30 03:04:39,2215,27295.00,27275.41,27281.59,27275.45,63.63,18.24,26.5,42.3,0.0,42.3,0.0,0.00,0,0.0,0,0,0.00,0.00,0.00,0.00,,0.0,0,0,0.00,MANUAL,,AGGR+CHP+ADP+RUN-EXT+PW+DLK+SLC+TPE+NWS+,WAIT,55.0,1.07,0,0,0.00,0.00,0.00,0.00,0,0,0,1,-5.8,34.75,-2.50,80.25,-327.75,201.00,G,3,UNKNOWN,BRICK_CLOSE,src=primary color=G streak=3 o=27275.00 c=27291.00 hi=27291.00 lo=27275.00
2026-04-30 03:04:39,2215,27295.00,27275.41,27281.59,27275.45,63.63,18.24,26.5,42.3,0.0,42.3,0.0,0.00,0,0.0,0,0,0.00,0.00,0.00,0.00,,0.0,0,0,0.00,MANUAL,,AGGR+CHP+ADP+RUN-EXT+PW+DLK+SLC+TPE+NWS+,WAIT,55.0,1.07,0,0,0.00,0.00,0.00,0.00,0,0,0,1,-5.8,34.75,-2.50,80.25,-327.75,201.00,G,3,UNKNOWN,HEARTBEAT,tradesToday=0 openDca=0
2026-04-30 03:04:39,2215,27295.00,27275.88,27281.59,27275.45,63.63,18.24,26.5,32.5,0.0,32.5,0.0,0.00,0,0.0,0,0,0.00,0.00,0.00,0.00,,0.0,0,0,0.00,MANUAL,,AGGR+CHP+ADP+RUN-EXT+PW+DLK+SLC+TPE+NWS+,WAIT,55.0,1.05,0,0,0.00,0.00,0.00,0.00,0,0,0,1,-5.8,34.75,-2.50,80.25,-327.75,201.00,G,3,UNKNOWN,SIGNAL,
2026-04-30 03:04:49,2216,27299.00,27275.88,27285.07,27277.59,65.30,18.08,25.8,32.5,0.0,32.5,0.0,0.00,0,0.0,0,0,0.00,0.00,0.00,0.00,,0.0,0,0,0.00,MANUAL,,AGGR+CHP+ADP+RUN-EXT+PW+DLK+SLC+TPE+NWS+,WAIT,55.0,1.28,0,0,0.00,0.00,0.00,0.00,0,0,0,1,-4.8,38.75,1.50,84.25,-323.75,205.00,G,4,UNKNOWN,BRICK_CLOSE,src=primary color=G streak=4 o=27279.00 c=27295.00 hi=27295.00 lo=27269.75
2026-04-30 03:04:49,2216,27299.00,27275.89,27285.07,27277.59,65.30,18.08,25.8,48.6,0.0,48.6,0.0,0.00,0,0.0,0,0,0.00,0.00,0.00,0.00,,0.0,0,0,0.00,MANUAL,,AGGR+CHP+ADP+RUN-EXT+PW+DLK+SLC+TPE+NWS+,WAIT,55.0,1.28,0,0,0.00,0.00,0.00,0.00,0,0,0,1,-4.8,38.75,1.50,84.25,-323.75,205.00,G,4,UNKNOWN,SIGNAL,
2026-04-30 03:05:05,2217,27303.00,27275.89,27288.66,27279.90,66.94,17.93,25.5,48.6,0.0,48.6,0.0,0.00,0,0.0,0,0,0.00,0.00,0.00,0.00,,0.0,0,0,0.00,MANUAL,,AGGR+CHP+ADP+RUN-EXT+PW+DLK+SLC+TPE+NWS+,WAIT,55.0,1.51,0,0,0.00,0.00,0.00,0.00,0,0,0,1,-3.6,42.75,5.50,88.25,-319.75,209.00,G,5,UNKNOWN,BRICK_CLOSE,src=primary color=G streak=5 o=27283.00 c=27299.00 hi=27299.00 lo=27283.00
2026-04-30 03:05:05,2217,27303.00,27275.93,27288.66,27279.90,66.94,17.93,25.5,32.5,0.0,32.5,0.0,0.00,0,0.0,0,0,0.00,0.00,0.00,0.00,,0.0,0,0,0.00,MANUAL,,AGGR+CHP+ADP+RUN-EXT+PW+DLK+SLC+TPE+NWS+,WAIT,55.0,1.51,0,0,0.00,0.00,0.00,0.00,0,0,0,1,-3.6,42.75,5.50,88.25,-319.75,209.00,G,5,UNKNOWN,SIGNAL,
2026-04-30 03:08:02,2218,27307.00,27275.93,27292.33,27282.36,68.53,18.06,25.5,32.5,0.0,32.5,0.0,0.00,0,0.0,0,0,0.00,0.00,0.00,0.00,,0.0,0,0,0.00,MANUAL,,AGGR+CHP+ADP+RUN-EXT+PW+DLK+SLC+TPE+NWS+,WAIT,55.0,1.72,0,0,0.00,0.00,0.00,0.00,0,0,0,1,-2.6,46.75,9.50,92.25,-315.75,213.00,G,6,UNKNOWN,BRICK_CLOSE,src=primary color=G streak=6 o=27287.00 c=27303.00 hi=27303.00 lo=27287.00
2026-04-30 03:08:02,2218,27307.00,27276.29,27292.33,27282.36,68.53,18.06,25.5,32.5,0.0,32.5,0.0,0.00,0,0.0,0,0,0.00,0.00,0.00,0.00,,0.0,0,0,0.00,MANUAL,,AGGR+CHP+ADP+RUN-EXT+PW+DLK+SLC+TPE+NWS+,WAIT,55.0,1.70,0,0,0.00,0.00,0.00,0.00,0,0,0,1,-2.6,46.75,9.50,92.25,-315.75,213.00,G,6,UNKNOWN,SIGNAL,
2026-04-30 03:08:50,2219,27311.00,27276.29,27296.06,27284.97,70.09,17.91,25.9,32.5,0.0,32.5,0.0,0.00,0,0.0,0,0,0.00,0.00,0.00,0.00,,0.0,0,0,0.00,MANUAL,,AGGR+CHP+ADP+RUN-EXT+PW+DLK+SLC+TPE+NWS+,WAIT,55.0,1.94,0,0,0.00,0.00,0.00,0.00,0,0,0,1,-1.7,50.75,13.50,96.25,-311.75,217.00,G,7,UNKNOWN,BRICK_CLOSE,src=primary color=G streak=7 o=27291.00 c=27307.00 hi=27307.00 lo=27287.25
2026-04-30 03:08:50,2219,27311.00,27276.41,27296.06,27284.97,70.09,17.91,25.9,65.0,0.0,65.0,0.0,0.00,0,0.0,0,0,0.00,0.00,0.00,0.00,,0.0,0,0,0.00,MANUAL,,AGGR+CHP+ADP+RUN-EXT+PW+DLK+SLC+TPE+NWS+,WAIT,55.0,1.93,0,0,0.00,0.00,0.00,0.00,0,0,0,1,-1.7,50.75,13.50,96.25,-311.75,217.00,G,7,UNKNOWN,SIGNAL,
2026-04-30 03:09:16,2220,27315.00,27276.41,27299.85,27287.70,71.60,17.78,26.6,65.0,0.0,65.0,0.0,0.00,0,0.0,0,0,0.00,0.00,0.00,0.00,,0.0,0,0,0.00,MANUAL,,AGGR+CHP+ADP+RUN-EXT+PW+DLK+SLC+TPE+NWS+,BUY,55.0,2.17,0,0,0.00,0.00,0.00,0.00,0,0,0,1,0.1,54.75,17.50,100.25,-307.75,221.00,G,8,UNKNOWN,BRICK_CLOSE,src=primary color=G streak=8 o=27295.00 c=27311.00 hi=27311.00 lo=27295.00
2026-04-30 03:09:16,2220,27315.00,27276.41,27299.85,27287.70,71.60,17.78,26.6,65.0,0.0,65.0,0.0,0.00,0,0.0,0,0,0.00,0.00,0.00,0.00,,0.0,0,0,0.00,MANUAL,,AGGR+CHP+ADP+RUN-EXT+PW+DLK+SLC+TPE+NWS+,BUY,55.0,2.17,0,0,0.00,0.00,0.00,0.00,0,0,0,1,0.1,54.75,17.50,100.25,-307.75,221.00,G,8,TREND_UP,REGIME_CHANGE,from=UNKNOWN to=TREND_UP adx=26.6 slope=0.11 atr/avg=1.02 eStack=1 distVwapAtr=2.17 nr=Gx8 flips4=0
2026-04-30 03:09:16,2220,27315.00,27276.56,27299.85,27287.70,71.60,17.78,26.6,50.0,0.0,50.0,0.0,0.00,0,0.0,0,0,0.00,0.00,0.00,0.00,,0.0,0,0,0.00,MANUAL,,AGGR+CHP+ADP+RUN-EXT+PW+DLK+SLC+TPE+NWS+,BUY,55.0,2.16,0,0,0.00,0.00,0.00,0.00,0,0,0,1,0.1,54.75,-30.75,62.75,-307.75,221.00,G,8,TREND_UP,SIGNAL,
2026-04-30 03:09:19,2221,27319.00,27276.56,27303.68,27290.54,73.06,17.65,27.5,50.0,0.0,50.0,0.0,0.00,0,0.0,0,0,0.00,0.00,0.00,0.00,,0.0,0,0,0.00,MANUAL,,AGGR+CHP+ADP+RUN-EXT+PW+DLK+SLC+TPE+NWS+,WAIT,55.0,2.40,0,0,0.00,0.00,0.00,0.00,0,0,0,1,1.7,58.75,-26.75,66.75,-303.75,225.00,G,9,TREND_UP,BRICK_CLOSE,src=primary color=G streak=9 o=27299.00 c=27315.00 hi=27315.00 lo=27299.00
2026-04-30 03:09:19,2221,27319.00,27276.58,27303.68,27290.54,73.06,17.65,27.5,65.0,0.0,65.0,0.0,0.00,0,0.0,0,0,0.00,0.00,0.00,0.00,,0.0,0,0,0.00,MANUAL,,AGGR+CHP+ADP+RUN-EXT+PW+DLK+SLC+TPE+NWS+,WAIT,55.0,2.40,0,0,0.00,0.00,0.00,0.00,0,0,0,1,1.7,58.75,-26.75,66.75,-303.75,225.00,G,9,TREND_UP,SIGNAL,
2026-04-30 03:09:23,2222,27323.00,27276.58,27307.54,27293.49,74.48,17.53,28.6,65.0,0.0,65.0,0.0,0.00,0,0.0,0,0,0.00,0.00,0.00,0.00,,0.0,0,0,0.00,MANUAL,,AGGR+CHP+ADP+RUN-EXT+PW+DLK+SLC+TPE+NWS+,BUY,55.0,2.65,0,0,0.00,0.00,0.00,0.00,0,0,0,1,3.1,62.75,-22.75,70.75,-299.75,229.00,G,10,TREND_UP,BRICK_CLOSE,src=primary color=G streak=10 o=27303.00 c=27319.00 hi=27319.00 lo=27303.00
2026-04-30 03:09:23,2222,27323.00,27276.65,27307.54,27293.49,74.48,17.53,28.6,50.0,0.0,50.0,0.0,0.00,0,0.0,0,0,0.00,0.00,0.00,0.00,,0.0,0,0,0.00,MANUAL,,AGGR+CHP+ADP+RUN-EXT+PW+DLK+SLC+TPE+NWS+,BUY,55.0,2.64,0,0,0.00,0.00,0.00,0.00,0,0,0,1,3.1,62.75,-22.75,70.75,-299.75,229.00,G,10,TREND_UP,SIGNAL,
2026-04-30 03:09:38,2223,27327.00,27276.65,27311.44,27296.54,75.85,17.42,29.9,50.0,0.0,50.0,0.0,0.00,0,0.0,0,0,0.00,0.00,0.00,0.00,,0.0,0,0,0.00,MANUAL,,AGGR+CHP+ADP+RUN-EXT+PW+DLK+SLC+TPE+NWS+,WAIT,55.0,2.89,0,0,0.00,0.00,0.00,0.00,0,0,0,1,4.3,66.75,-18.75,74.75,-295.75,233.00,G,11,TREND_UP,BRICK_CLOSE,src=primary color=G streak=11 o=27307.00 c=27323.00 hi=27323.00 lo=27307.00
2026-04-30 03:09:38,2223,27327.00,27276.80,27311.44,27296.54,75.85,17.42,29.9,50.0,0.0,50.0,0.0,0.00,0,0.0,0,0,0.00,0.00,0.00,0.00,,0.0,0,0,0.00,MANUAL,,AGGR+CHP+ADP+RUN-EXT+PW+DLK+SLC+TPE+NWS+,WAIT,55.0,2.88,0,0,0.00,0.00,0.00,0.00,0,0,0,1,4.3,66.75,-18.75,74.75,-295.75,233.00,G,11,TREND_UP,SIGNAL,
2026-04-30 03:10:04,2224,27331.00,27276.80,27315.35,27299.67,77.17,17.32,31.3,50.0,0.0,50.0,0.0,0.00,0,0.0,0,0,0.00,0.00,0.00,0.00,,0.0,0,0,0.00,MANUAL,,AGGR+CHP+ADP+RUN-EXT+PW+DLK+SLC+TPE+NWS+,WAIT,55.0,3.13,0,0,0.00,0.00,0.00,0.00,0,0,0,1,5.4,70.75,-14.75,78.75,-291.75,237.00,G,12,TREND_UP,BRICK_CLOSE,src=primary color=G streak=12 o=27311.00 c=27327.00 hi=27327.00 lo=27311.00
2026-04-30 03:10:04,2224,27331.00,27276.99,27315.35,27299.67,77.17,17.32,31.3,50.0,0.0,50.0,0.0,0.00,0,0.0,0,0,0.00,0.00,0.00,0.00,,0.0,0,0,0.00,MANUAL,,AGGR+CHP+ADP+RUN-EXT+PW+DLK+SLC+TPE+NWS+,WAIT,55.0,3.12,0,0,0.00,0.00,0.00,0.00,0,0,0,1,5.4,70.75,-14.75,78.75,-291.75,237.00,G,12,TREND_UP,SIGNAL,
2026-04-30 03:10:11,2225,27335.00,27276.99,27319.28,27302.88,78.44,17.23,32.9,50.0,0.0,50.0,0.0,0.00,0,0.0,0,0,0.00,0.00,0.00,0.00,,0.0,0,0,0.00,MANUAL,,AGGR+CHP+ADP+RUN-EXT+PW+DLK+SLC+TPE+NWS+,WAIT,55.0,3.37,0,0,0.00,0.00,0.00,0.00,0,0,0,1,6.3,74.75,-10.75,82.75,-287.75,241.00,G,13,TREND_UP,BRICK_CLOSE,src=primary color=G streak=13 o=27315.00 c=27331.00 hi=27331.00 lo=27315.00
2026-04-30 03:10:11,2225,27335.00,27277.06,27319.28,27302.88,78.44,17.23,32.9,50.0,0.0,50.0,0.0,0.00,0,0.0,0,0,0.00,0.00,0.00,0.00,,0.0,0,0,0.00,MANUAL,,AGGR+CHP+ADP+RUN-EXT+PW+DLK+SLC+TPE+NWS+,WAIT,55.0,3.36,0,0,0.00,0.00,0.00,0.00,0,0,0,1,6.3,74.75,-10.75,82.75,-287.75,241.00,G,13,TREND_UP,SIGNAL,
2026-04-30 03:11:20,2226,27339.00,27277.06,27323.22,27306.17,79.66,17.14,34.6,50.0,0.0,50.0,0.0,0.00,0,0.0,0,0,0.00,0.00,0.00,0.00,,0.0,0,0,0.00,MANUAL,,AGGR+CHP+ADP+RUN-EXT+PW+DLK+SLC+TPE+NWS+,WAIT,55.0,3.61,0,0,0.00,0.00,0.00,0.00,0,0,0,1,7.1,78.75,-6.75,86.75,-283.75,245.00,G,14,TREND_UP,BRICK_CLOSE,src=primary color=G streak=14 o=27319.00 c=27335.00 hi=27335.00 lo=27319.00
2026-04-30 03:11:20,2226,27339.00,27277.66,27323.22,27306.17,79.66,17.14,34.6,50.0,0.0,50.0,0.0,0.00,0,0.0,0,0,0.00,0.00,0.00,0.00,,0.0,0,0,0.00,MANUAL,,AGGR+CHP+ADP+RUN-EXT+PW+DLK+SLC+TPE+NWS+,WAIT,55.0,3.58,0,0,0.00,0.00,0.00,0.00,0,0,0,1,7.1,78.75,-6.75,86.75,-283.75,245.00,G,14,TREND_UP,SIGNAL,
2026-04-30 03:17:25,2227,27311.00,27277.66,27320.78,27306.61,55.88,18.09,34.2,50.0,0.0,50.0,0.0,0.00,0,0.0,0,0,0.00,0.00,0.00,0.00,,0.0,0,0,0.00,MANUAL,,AGGR+CHP+ADP+RUN-EXT+PW+DLK+SLC+TPE+NWS+,WAIT,55.0,1.84,0,0,0.00,0.00,0.00,0.00,0,0,0,0,5.6,50.75,-34.75,58.75,-311.75,217.00,G,15,TREND_UP,BRICK_CLOSE,src=primary color=G streak=15 o=27323.00 c=27339.00 hi=27339.00 lo=27323.00
2026-04-30 03:17:25,2227,27311.00,27277.66,27320.78,27306.61,55.88,18.09,34.2,50.0,0.0,50.0,0.0,0.00,0,0.0,0,0,0.00,0.00,0.00,0.00,,0.0,0,0,0.00,MANUAL,,AGGR+CHP+ADP+RUN-EXT+PW+DLK+SLC+TPE+NWS+,WAIT,55.0,1.84,0,0,0.00,0.00,0.00,0.00,0,0,0,0,5.6,50.75,-34.75,58.75,-311.75,217.00,G,15,TREND_UP,HEARTBEAT,tradesToday=0 openDca=0
2026-04-30 03:17:25,2227,27311.00,27277.66,27320.78,27306.61,55.88,18.09,34.2,50.0,0.0,50.0,0.0,0.00,0,0.0,0,0,0.00,0.00,0.00,0.00,,0.0,0,0,0.00,MANUAL,,AGGR+CHP+ADP+RUN-EXT+PW+DLK+SLC+TPE+NWS+,WAIT,55.0,1.84,0,0,0.00,0.00,0.00,0.00,0,0,0,0,5.6,50.75,-34.75,58.75,-311.75,217.00,G,15,UNKNOWN,REGIME_CHANGE,from=TREND_UP to=UNKNOWN adx=34.2 slope=5.59 atr/avg=1.03 eStack=0 distVwapAtr=1.84 nr=Gx15 flips4=1
2026-04-30 03:17:25,2227,27311.00,27278.95,27320.78,27306.61,55.88,18.09,34.2,21.2,0.0,21.2,0.0,0.00,0,0.0,0,0,0.00,0.00,0.00,0.00,,0.0,0,0,0.00,MANUAL,,AGGR+CHP+ADP+RUN-EXT+PW+DLK+SLC+TPE+NWS+,WAIT,55.0,1.77,0,0,0.00,0.00,0.00,0.00,0,0,0,0,5.6,50.75,-34.75,58.75,-311.75,217.00,G,15,UNKNOWN,SIGNAL,
2026-04-30 03:17:33,2228,27307.00,27278.95,27318.02,27306.64,53.42,17.94,33.3,21.2,0.0,21.2,0.0,0.00,0,0.0,0,0,0.00,0.00,0.00,0.00,,0.0,0,0,0.00,MANUAL,,AGGR+CHP+ADP+RUN-EXT+PW+DLK+SLC+TPE+NWS+,WAIT,55.0,1.56,0,0,0.00,0.00,0.00,0.00,0,0,0,0,3.4,46.75,-38.75,54.75,-315.75,213.00,R,1,UNKNOWN,BRICK_CLOSE,src=primary color=R streak=1 o=27327.00 c=27311.00 hi=27341.50 lo=27311.00
2026-04-30 03:17:33,2228,27307.00,27278.95,27318.02,27306.64,53.42,17.94,33.3,21.2,0.0,21.2,0.0,0.00,0,0.0,0,0,0.00,0.00,0.00,0.00,,0.0,0,0,0.00,MANUAL,,AGGR+CHP+ADP+RUN-EXT+PW+DLK+SLC+TPE+NWS+,WAIT,55.0,1.56,0,0,0.00,0.00,0.00,0.00,0,0,0,0,3.4,46.75,-38.75,54.75,-315.75,213.00,R,1,UNKNOWN,RUN_END,color=G len=15 pts=44.0 maxFav=72.0 durSec=1343 startPx=27267.00 endPx=27311.00
2026-04-30 03:17:33,2228,27307.00,27278.98,27318.02,27306.64,53.42,17.94,33.3,11.7,0.0,11.7,0.0,0.00,0,0.0,0,0,0.00,0.00,0.00,0.00,,0.0,0,0,0.00,MANUAL,,AGGR+CHP+ADP+RUN-EXT+PW+DLK+SLC+TPE+NWS+,WAIT,55.0,1.56,0,0,0.00,0.00,0.00,0.00,0,0,0,0,3.4,46.75,-38.75,54.75,-315.75,213.00,R,1,UNKNOWN,SIGNAL,
2026-04-30 03:26:59,2229,27335.00,27278.98,27321.42,27309.22,65.01,18.86,33.3,11.7,0.0,11.7,0.0,0.00,0,0.0,0,0,0.00,0.00,0.00,0.00,,0.0,0,0,0.00,MANUAL,,AGGR+CHP+ADP+RUN-EXT+PW+DLK+SLC+TPE+NWS+,WAIT,55.0,2.97,0,0,0.00,0.00,0.00,0.00,0,0,0,1,2.0,74.75,-10.75,82.75,-287.75,241.00,R,2,UNKNOWN,BRICK_CLOSE,src=primary color=R streak=2 o=27323.00 c=27307.00 hi=27323.00 lo=27307.00
2026-04-30 03:26:59,2229,27335.00,27280.22,27321.42,27309.22,65.01,18.86,33.3,39.6,0.0,39.6,0.0,0.00,0,0.0,0,0,0.00,0.00,0.00,0.00,,0.0,0,0,0.00,MANUAL,,AGGR+CHP+ADP+RUN-EXT+PW+DLK+SLC+TPE+NWS+,WAIT,55.0,2.90,0,0,0.00,0.00,0.00,0.00,0,0,0,1,2.0,74.75,-10.75,82.75,-287.75,241.00,R,2,UNKNOWN,SIGNAL,
2026-04-30 03:27:10,2230,27339.00,27280.22,27324.93,27311.93,66.30,18.65,33.7,39.6,0.0,39.6,0.0,0.00,0,0.0,0,0,0.00,0.00,0.00,0.00,,0.0,0,0,0.00,MANUAL,,AGGR+CHP+ADP+RUN-EXT+PW+DLK+SLC+TPE+NWS+,WAIT,55.0,3.15,0,0,0.00,0.00,0.00,0.00,0,0,0,1,0.8,78.75,-6.75,86.75,-283.75,245.00,G,1,UNKNOWN,BRICK_CLOSE,src=primary color=G streak=1 o=27319.00 c=27335.00 hi=27335.00 lo=27304.25
2026-04-30 03:27:10,2230,27339.00,27280.22,27324.93,27311.93,66.30,18.65,33.7,39.6,0.0,39.6,0.0,0.00,0,0.0,0,0,0.00,0.00,0.00,0.00,,0.0,0,0,0.00,MANUAL,,AGGR+CHP+ADP+RUN-EXT+PW+DLK+SLC+TPE+NWS+,WAIT,55.0,3.15,0,0,0.00,0.00,0.00,0.00,0,0,0,1,0.8,78.75,-6.75,86.75,-283.75,245.00,G,1,UNKNOWN,RUN_END,color=R len=2 pts=8.0 maxFav=20.0 durSec=577 startPx=27327.00 endPx=27335.00
2026-04-30 03:27:10,2230,27339.00,27280.29,27324.93,27311.93,66.30,18.65,33.7,48.6,0.0,48.6,0.0,0.00,0,0.0,0,0,0.00,0.00,0.00,0.00,,0.0,0,0,0.00,MANUAL,,AGGR+CHP+ADP+RUN-EXT+PW+DLK+SLC+TPE+NWS+,WAIT,55.0,3.15,0,0,0.00,0.00,0.00,0.00,0,0,0,1,0.8,78.75,-6.75,86.75,-283.75,245.00,G,1,UNKNOWN,SIGNAL,
2026-04-30 03:27:10,2231,27343.00,27280.29,27328.55,27314.75,67.58,18.46,34.2,48.6,0.0,48.6,0.0,0.00,0,0.0,0,0,0.00,0.00,0.00,0.00,,0.0,0,0,0.00,MANUAL,,AGGR+CHP+ADP+RUN-EXT+PW+DLK+SLC+TPE+NWS+,WAIT,55.0,3.40,0,0,0.00,0.00,0.00,0.00,0,0,0,1,-0.4,82.75,-2.75,90.75,-279.75,249.00,G,2,UNKNOWN,BRICK_CLOSE,src=primary color=G streak=2 o=27323.00 c=27339.00 hi=27339.00 lo=27323.00
2026-04-30 03:27:10,2231,27343.00,27280.32,27328.55,27314.75,67.58,18.46,34.2,35.0,0.0,35.0,0.0,0.00,0,0.0,0,0,0.00,0.00,0.00,0.00,,0.0,0,0,0.00,MANUAL,,AGGR+CHP+ADP+RUN-EXT+PW+DLK+SLC+TPE+NWS+,WAIT,55.0,3.39,0,0,0.00,0.00,0.00,0.00,0,0,0,1,-0.4,82.75,-2.75,90.75,-279.75,249.00,G,2,UNKNOWN,SIGNAL,
2026-04-30 03:27:28,2232,27347.00,27280.32,27332.24,27317.68,68.86,18.29,34.9,35.0,0.0,35.0,0.0,0.00,0,0.0,0,0,0.00,0.00,0.00,0.00,,0.0,0,0,0.00,MANUAL,,AGGR+CHP+ADP+RUN-EXT+PW+DLK+SLC+TPE+NWS+,WAIT,55.0,3.65,0,0,0.00,0.00,0.00,0.00,0,0,0,1,0.7,86.75,1.25,94.75,-275.75,253.00,G,3,UNKNOWN,BRICK_CLOSE,src=primary color=G streak=3 o=27327.00 c=27343.00 hi=27343.00 lo=27327.00
2026-04-30 03:27:28,2232,27347.00,27280.32,27332.24,27317.68,68.86,18.29,34.9,35.0,0.0,35.0,0.0,0.00,0,0.0,0,0,0.00,0.00,0.00,0.00,,0.0,0,0,0.00,MANUAL,,AGGR+CHP+ADP+RUN-EXT+PW+DLK+SLC+TPE+NWS+,WAIT,55.0,3.65,0,0,0.00,0.00,0.00,0.00,0,0,0,1,0.7,86.75,1.25,94.75,-275.75,253.00,G,3,UNKNOWN,HEARTBEAT,tradesToday=0 openDca=0
2026-04-30 03:27:28,2232,27347.00,27280.32,27332.24,27317.68,68.86,18.29,34.9,35.0,0.0,35.0,0.0,0.00,0,0.0,0,0,0.00,0.00,0.00,0.00,,0.0,0,0,0.00,MANUAL,,AGGR+CHP+ADP+RUN-EXT+PW+DLK+SLC+TPE+NWS+,WAIT,55.0,3.65,0,0,0.00,0.00,0.00,0.00,0,0,0,1,0.7,86.75,1.25,94.75,-275.75,253.00,G,3,TREND_UP,REGIME_CHANGE,from=UNKNOWN to=TREND_UP adx=34.9 slope=0.73 atr/avg=1.02 eStack=1 distVwapAtr=3.65 nr=Gx3 flips4=1
2026-04-30 03:27:28,2232,27347.00,27280.57,27332.24,27317.68,68.86,18.29,34.9,50.0,0.0,50.0,0.0,0.00,0,0.0,0,0,0.00,0.00,0.00,0.00,,0.0,0,0,0.00,MANUAL,,AGGR+CHP+ADP+RUN-EXT+PW+DLK+SLC+TPE+NWS+,WAIT,55.0,3.63,0,0,0.00,0.00,0.00,0.00,0,0,0,1,0.7,86.75,1.25,94.75,-275.75,253.00,G,3,TREND_UP,SIGNAL,
2026-04-30 03:27:34,2233,27351.00,27280.57,27335.99,27320.71,70.13,18.12,35.8,50.0,0.0,50.0,0.0,0.00,0,0.0,0,0,0.00,0.00,0.00,0.00,,0.0,0,0,0.00,MANUAL,,AGGR+CHP+ADP+RUN-EXT+PW+DLK+SLC+TPE+NWS+,WAIT,55.0,3.89,0,0,0.00,0.00,0.00,0.00,0,0,0,1,2.5,90.75,5.25,98.75,-271.75,257.00,G,4,TREND_UP,BRICK_CLOSE,src=primary color=G streak=4 o=27331.00 c=27347.00 hi=27347.00 lo=27331.00
2026-04-30 03:27:34,2233,27351.00,27280.75,27335.99,27320.71,70.13,18.12,35.8,65.0,0.0,65.0,0.0,0.00,0,0.0,0,0,0.00,0.00,0.00,0.00,,0.0,0,0,0.00,MANUAL,,AGGR+CHP+ADP+RUN-EXT+PW+DLK+SLC+TPE+NWS+,WAIT,55.0,3.88,0,0,0.00,0.00,0.00,0.00,0,0,0,1,2.5,90.75,5.25,98.75,-271.75,257.00,G,4,TREND_UP,SIGNAL,
2026-04-30 03:27:37,2234,27355.00,27280.75,27339.79,27323.83,71.39,17.97,36.9,65.0,0.0,65.0,0.0,0.00,0,0.0,0,0,0.00,0.00,0.00,0.00,,0.0,0,0,0.00,MANUAL,,AGGR+CHP+ADP+RUN-EXT+PW+DLK+SLC+TPE+NWS+,BUY,55.0,4.13,0,0,0.00,0.00,0.00,0.00,0,0,0,1,3.5,94.75,9.25,102.75,-267.75,261.00,G,5,TREND_UP,BRICK_CLOSE,src=primary color=G streak=5 o=27335.00 c=27351.00 hi=27351.00 lo=27335.00
2026-04-30 03:27:37,2234,27355.00,27280.88,27339.79,27323.83,71.39,17.97,36.9,50.0,0.0,50.0,0.0,0.00,0,0.0,0,0,0.00,0.00,0.00,0.00,,0.0,0,0,0.00,MANUAL,,AGGR+CHP+ADP+RUN-EXT+PW+DLK+SLC+TPE+NWS+,BUY,55.0,4.12,0,0,0.00,0.00,0.00,0.00,0,0,0,1,3.5,94.75,9.25,102.75,-267.75,261.00,G,5,TREND_UP,SIGNAL,
2026-04-30 03:29:30,2235,27359.00,27280.88,27343.63,27327.03,72.63,17.83,38.1,50.0,0.0,50.0,0.0,0.00,0,0.0,0,0,0.00,0.00,0.00,0.00,,0.0,0,0,0.00,MANUAL,,AGGR+CHP+ADP+RUN-EXT+PW+DLK+SLC+TPE+NWS+,WAIT,55.0,4.38,0,0,0.00,0.00,0.00,0.00,0,0,0,1,4.4,98.75,13.25,106.75,-263.75,265.00,G,6,TREND_UP,BRICK_CLOSE,src=primary color=G streak=6 o=27339.00 c=27355.00 hi=27355.00 lo=27339.00
2026-04-30 03:29:30,2235,27359.00,27282.06,27343.63,27327.03,72.63,17.83,38.1,55.5,0.0,55.5,0.0,0.00,0,0.0,0,0,0.00,0.00,0.00,0.00,,0.0,0,0,0.00,MANUAL,,AGGR+CHP+ADP+RUN-EXT+PW+DLK+SLC+TPE+NWS+,WAIT,55.0,4.31,0,0,0.00,0.00,0.00,0.00,0,0,0,1,4.4,98.75,13.25,106.75,-263.75,265.00,G,6,TREND_UP,SIGNAL,
2026-04-30 03:29:43,2236,27363.00,27282.06,27347.51,27330.30,73.85,17.70,39.4,55.5,0.0,55.5,0.0,0.00,0,0.0,0,0,0.00,0.00,0.00,0.00,,0.0,0,0,0.00,MANUAL,,AGGR+CHP+ADP+RUN-EXT+PW+DLK+SLC+TPE+NWS+,BUY,55.0,4.57,0,0,0.00,0.00,0.00,0.00,0,0,0,1,5.2,102.75,17.25,110.75,-259.75,269.00,G,7,TREND_UP,BRICK_CLOSE,src=primary color=G streak=7 o=27343.00 c=27359.00 hi=27359.00 lo=27343.00
2026-04-30 03:29:43,2236,27363.00,27282.24,27347.51,27330.30,73.85,17.70,39.4,74.8,0.0,74.8,0.0,0.00,0,0.0,0,0,0.00,0.00,0.00,0.00,,0.0,0,0,0.00,MANUAL,,AGGR+CHP+ADP+RUN-EXT+PW+DLK+SLC+TPE+NWS+,BUY,55.0,4.56,0,0,0.00,0.00,0.00,0.00,0,0,0,1,5.2,102.75,17.25,110.75,-259.75,269.00,G,7,TREND_UP,SIGNAL,
2026-04-30 03:30:52,2237,27367.00,27282.24,27351.41,27333.63,75.05,17.58,40.8,74.8,0.0,74.8,0.0,0.00,0,0.0,0,0,0.00,0.00,0.00,0.00,,0.0,0,0,0.00,MANUAL,,AGGR+CHP+ADP+RUN-EXT+PW+DLK+SLC+TPE+NWS+,BUY,55.0,4.82,0,0,0.00,0.00,0.00,0.00,0,0,0,1,5.8,106.75,21.25,114.75,-255.75,273.00,G,8,TREND_UP,BRICK_CLOSE,src=primary color=G streak=8 o=27347.00 c=27363.00 hi=27363.00 lo=27347.00
2026-04-30 03:30:52,2237,27367.00,27282.92,27351.41,27333.63,75.05,17.58,40.8,50.0,0.0,50.0,0.0,0.00,0,0.0,0,0,0.00,0.00,0.00,0.00,,0.0,0,0,0.00,MANUAL,,AGGR+CHP+ADP+RUN-EXT+PW+DLK+SLC+TPE+NWS+,BUY,55.0,4.78,0,0,0.00,0.00,0.00,0.00,0,0,0,1,5.8,106.75,21.25,114.75,-255.75,273.00,G,8,TREND_UP,SIGNAL,
2026-04-30 03:33:39,2238,27371.00,27282.92,27355.32,27337.03,76.22,17.50,42.2,50.0,0.0,50.0,0.0,0.00,0,0.0,0,0,0.00,0.00,0.00,0.00,,0.0,0,0,0.00,MANUAL,,AGGR+CHP+ADP+RUN-EXT+PW+DLK+SLC+TPE+NWS+,WAIT,55.0,5.03,0,0,0.00,0.00,0.00,0.00,0,0,0,1,6.4,110.75,25.25,118.75,-251.75,277.00,G,9,TREND_UP,BRICK_CLOSE,src=primary color=G streak=9 o=27351.00 c=27367.00 hi=27367.00 lo=27351.00
2026-04-30 03:33:39,2238,27371.00,27283.87,27355.32,27337.03,76.22,17.50,42.2,75.0,0.0,75.0,0.0,0.00,0,0.0,0,0,0.00,0.00,0.00,0.00,,0.0,0,0,0.00,MANUAL,,AGGR+CHP+ADP+RUN-EXT+PW+DLK+SLC+TPE+NWS+,WAIT,55.0,4.98,0,0,0.00,0.00,0.00,0.00,0,0,0,1,6.4,110.75,25.25,118.75,-251.75,277.00,G,9,TREND_UP,SIGNAL,
2026-04-30 03:33:43,2239,27375.00,27283.87,27359.26,27340.48,77.37,17.40,43.8,75.0,0.0,75.0,0.0,0.00,0,0.0,0,0,0.00,0.00,0.00,0.00,,0.0,0,0,0.00,MANUAL,,AGGR+CHP+ADP+RUN-EXT+PW+DLK+SLC+TPE+NWS+,BUY,55.0,5.24,0,0,0.00,0.00,0.00,0.00,0,0,0,1,6.9,114.75,29.25,122.75,-247.75,281.00,G,10,TREND_UP,BRICK_CLOSE,src=primary color=G streak=10 o=27355.00 c=27371.00 hi=27371.00 lo=27354.50
2026-04-30 03:33:43,2239,27375.00,27283.97,27359.26,27340.48,77.37,17.40,43.8,65.0,0.0,65.0,0.0,0.00,0,0.0,0,0,0.00,0.00,0.00,0.00,,0.0,0,0,0.00,MANUAL,,AGGR+CHP+ADP+RUN-EXT+PW+DLK+SLC+TPE+NWS+,BUY,55.0,5.23,0,0,0.00,0.00,0.00,0.00,0,0,0,1,6.9,114.75,29.25,122.75,-247.75,281.00,G,10,TREND_UP,SIGNAL,
2026-04-30 03:50:13,2240,27347.00,27283.97,27356.81,27341.08,56.74,18.31,43.2,65.0,0.0,65.0,0.0,0.00,0,0.0,0,0,0.00,0.00,0.00,0.00,,0.0,0,0,0.00,MANUAL,,AGGR+CHP+ADP+RUN-EXT+PW+DLK+SLC+TPE+NWS+,BUY,55.0,3.44,0,0,0.00,0.00,0.00,0.00,0,0,0,0,5.2,86.75,1.25,94.75,-275.75,253.00,G,11,TREND_UP,BRICK_CLOSE,src=primary color=G streak=11 o=27359.00 c=27375.00 hi=27375.00 lo=27359.00
2026-04-30 03:50:13,2240,27347.00,27283.97,27356.81,27341.08,56.74,18.31,43.2,65.0,0.0,65.0,0.0,0.00,0,0.0,0,0,0.00,0.00,0.00,0.00,,0.0,0,0,0.00,MANUAL,,AGGR+CHP+ADP+RUN-EXT+PW+DLK+SLC+TPE+NWS+,BUY,55.0,3.44,0,0,0.00,0.00,0.00,0.00,0,0,0,0,5.2,86.75,1.25,94.75,-275.75,253.00,G,11,TREND_UP,HEARTBEAT,tradesToday=0 openDca=0
2026-04-30 03:50:13,2240,27347.00,27283.97,27356.81,27341.08,56.74,18.31,43.2,65.0,0.0,65.0,0.0,0.00,0,0.0,0,0,0.00,0.00,0.00,0.00,,0.0,0,0,0.00,MANUAL,,AGGR+CHP+ADP+RUN-EXT+PW+DLK+SLC+TPE+NWS+,BUY,55.0,3.44,0,0,0.00,0.00,0.00,0.00,0,0,0,0,5.2,86.75,1.25,94.75,-275.75,253.00,G,11,UNKNOWN,REGIME_CHANGE,from=TREND_UP to=UNKNOWN adx=43.2 slope=5.19 atr/avg=1.03 eStack=0 distVwapAtr=3.44 nr=Gx11 flips4=1
2026-04-30 03:50:13,2240,27347.00,27287.57,27356.81,27341.08,56.74,18.31,43.2,17.6,0.0,17.6,0.0,0.00,0,0.0,0,0,0.00,0.00,0.00,0.00,,0.0,0,0,0.00,MANUAL,,AGGR+CHP+ADP+RUN-EXT+PW+DLK+SLC+TPE+NWS+,BUY,55.0,3.25,0,0,0.00,0.00,0.00,0.00,0,0,0,0,5.2,86.75,34.75,142.00,-275.75,253.00,G,11,UNKNOWN,SIGNAL,
2026-04-30 03:50:53,2241,27343.00,27287.57,27354.05,27341.25,54.51,18.15,42.2,17.6,0.0,17.6,0.0,0.00,0,0.0,0,0,0.00,0.00,0.00,0.00,,0.0,0,0,0.00,MANUAL,,AGGR+CHP+ADP+RUN-EXT+PW+DLK+SLC+TPE+NWS+,WAIT,55.0,3.05,0,0,0.00,0.00,0.00,0.00,0,0,0,0,2.9,82.75,30.75,138.00,-279.75,249.00,R,1,UNKNOWN,BRICK_CLOSE,src=primary color=R streak=1 o=27363.00 c=27347.00 hi=27377.25 lo=27347.00
2026-04-30 03:50:53,2241,27343.00,27287.57,27354.05,27341.25,54.51,18.15,42.2,17.6,0.0,17.6,0.0,0.00,0,0.0,0,0,0.00,0.00,0.00,0.00,,0.0,0,0,0.00,MANUAL,,AGGR+CHP+ADP+RUN-EXT+PW+DLK+SLC+TPE+NWS+,WAIT,55.0,3.05,0,0,0.00,0.00,0.00,0.00,0,0,0,0,2.9,82.75,30.75,138.00,-279.75,249.00,R,1,UNKNOWN,RUN_END,color=G len=11 pts=28.0 maxFav=56.0 durSec=1423 startPx=27319.00 endPx=27347.00
2026-04-30 03:50:53,2241,27343.00,27287.73,27354.05,27341.25,54.51,18.15,42.2,11.8,0.0,11.8,0.0,0.00,0,0.0,0,0,0.00,0.00,0.00,0.00,,0.0,0,0,0.00,MANUAL,,AGGR+CHP+ADP+RUN-EXT+PW+DLK+SLC+TPE+NWS+,WAIT,55.0,3.05,0,0,0.00,0.00,0.00,0.00,0,0,0,0,2.9,82.75,30.75,138.00,-279.75,249.00,R,1,UNKNOWN,SIGNAL,
2026-04-30 03:50:54,2242,27339.00,27287.73,27351.04,27341.05,52.29,17.99,40.8,11.8,0.0,11.8,0.0,0.00,0,0.0,0,0,0.00,0.00,0.00,0.00,,0.0,0,0,0.00,MANUAL,,AGGR+CHP+ADP+RUN-EXT+PW+DLK+SLC+TPE+NWS+,WAIT,55.0,2.85,0,0,0.00,0.00,0.00,0.00,0,0,0,0,0.0,78.75,26.75,134.00,-283.75,245.00,R,2,UNKNOWN,BRICK_CLOSE,src=primary color=R streak=2 o=27359.00 c=27343.00 hi=27359.00 lo=27343.00
2026-04-30 03:50:54,2242,27339.00,27287.74,27351.04,27341.05,52.29,17.99,40.8,10.0,0.0,10.0,0.0,0.00,0,0.0,0,0,0.00,0.00,0.00,0.00,,0.0,0,0,0.00,MANUAL,,AGGR+CHP+ADP+RUN-EXT+PW+DLK+SLC+TPE+NWS+,WAIT,55.0,2.85,0,0,0.00,0.00,0.00,0.00,0,0,0,0,0.0,78.75,26.75,134.00,-283.75,245.00,R,2,UNKNOWN,SIGNAL,
2026-04-30 03:50:55,2243,27335.00,27287.74,27347.83,27340.50,50.10,17.85,38.9,10.0,0.0,10.0,0.0,0.00,0,0.0,0,0,0.00,0.00,0.00,0.00,,0.0,0,0,0.00,MANUAL,,AGGR+CHP+ADP+RUN-EXT+PW+DLK+SLC+TPE+NWS+,WAIT,55.0,2.65,0,0,0.00,0.00,0.00,0.00,0,0,0,0,-3.3,74.75,22.75,130.00,-287.75,241.00,R,3,UNKNOWN,BRICK_CLOSE,src=primary color=R streak=3 o=27355.00 c=27339.00 hi=27355.00 lo=27339.00
2026-04-30 03:50:55,2243,27335.00,27287.79,27347.83,27340.50,50.10,17.85,38.9,10.0,0.0,10.0,0.0,0.00,0,0.0,0,0,0.00,0.00,0.00,0.00,,0.0,0,0,0.00,MANUAL,,AGGR+CHP+ADP+RUN-EXT+PW+DLK+SLC+TPE+NWS+,WAIT,55.0,2.64,0,0,0.00,0.00,0.00,0.00,0,0,0,0,-3.3,74.75,22.75,130.00,-287.75,241.00,R,3,UNKNOWN,SIGNAL,
2026-04-30 04:01:19,2244,27363.00,27287.79,27350.86,27342.54,62.09,18.60,38.1,10.0,0.0,10.0,0.0,0.00,0,0.0,0,0,0.00,0.00,0.00,0.00,,0.0,0,0,0.00,MANUAL,,AGGR+CHP+ADP+RUN-EXT+PW+DLK+SLC+TPE+NWS+,WAIT,55.0,4.04,0,0,0.00,0.00,0.00,0.00,0,0,0,1,-5.6,102.75,50.75,158.00,-259.75,269.00,R,4,UNKNOWN,BRICK_CLOSE,src=primary color=R streak=4 o=27351.00 c=27335.00 hi=27351.00 lo=27335.00
2026-04-30 04:01:19,2244,27363.00,27287.79,27350.86,27342.54,62.09,18.60,38.1,10.0,0.0,10.0,0.0,0.00,0,0.0,0,0,0.00,0.00,0.00,0.00,,0.0,0,0,0.00,MANUAL,,AGGR+CHP+ADP+RUN-EXT+PW+DLK+SLC+TPE+NWS+,WAIT,55.0,4.04,0,0,0.00,0.00,0.00,0.00,0,0,0,1,-5.6,102.75,50.75,158.00,-259.75,269.00,R,4,UNKNOWN,HEARTBEAT,tradesToday=0 openDca=0
2026-04-30 04:01:19,2244,27363.00,27289.57,27350.86,27342.54,62.09,18.60,38.1,36.7,0.0,36.7,0.0,0.00,0,0.0,0,0,0.00,0.00,0.00,0.00,,0.0,0,0,0.00,MANUAL,,AGGR+CHP+ADP+RUN-EXT+PW+DLK+SLC+TPE+NWS+,WAIT,55.0,3.95,0,0,0.00,0.00,0.00,0.00,0,0,0,1,-5.6,102.75,50.75,158.00,-259.75,269.00,R,4,UNKNOWN,SIGNAL,
2026-04-30 04:01:23,2245,27367.00,27289.57,27354.09,27344.77,63.45,18.41,37.7,36.7,0.0,36.7,0.0,0.00,0,0.0,0,0,0.00,0.00,0.00,0.00,,0.0,0,0,0.00,MANUAL,,AGGR+CHP+ADP+RUN-EXT+PW+DLK+SLC+TPE+NWS+,WAIT,55.0,4.21,0,0,0.00,0.00,0.00,0.00,0,0,0,1,-5.6,106.75,54.75,162.00,-255.75,273.00,G,1,UNKNOWN,BRICK_CLOSE,src=primary color=G streak=1 o=27347.00 c=27363.00 hi=27363.00 lo=27334.75
2026-04-30 04:01:23,2245,27367.00,27289.57,27354.09,27344.77,63.45,18.41,37.7,36.7,0.0,36.7,0.0,0.00,0,0.0,0,0,0.00,0.00,0.00,0.00,,0.0,0,0,0.00,MANUAL,,AGGR+CHP+ADP+RUN-EXT+PW+DLK+SLC+TPE+NWS+,WAIT,55.0,4.21,0,0,0.00,0.00,0.00,0.00,0,0,0,1,-5.6,106.75,54.75,162.00,-255.75,273.00,G,1,UNKNOWN,RUN_END,color=R len=4 pts=0.0 maxFav=28.0 durSec=631 startPx=27363.00 endPx=27363.00
2026-04-30 04:01:23,2245,27367.00,27289.60,27354.09,27344.77,63.45,18.41,37.7,48.6,0.0,48.6,0.0,0.00,0,0.0,0,0,0.00,0.00,0.00,0.00,,0.0,0,0,0.00,MANUAL,,AGGR+CHP+ADP+RUN-EXT+PW+DLK+SLC+TPE+NWS+,WAIT,55.0,4.20,0,0,0.00,0.00,0.00,0.00,0,0,0,1,-5.6,106.75,54.75,162.00,-255.75,273.00,G,1,UNKNOWN,SIGNAL,
2026-04-30 04:01:26,2246,27371.00,27289.60,27357.47,27347.15,64.80,18.24,37.5,48.6,0.0,48.6,0.0,0.00,0,0.0,0,0,0.00,0.00,0.00,0.00,,0.0,0,0,0.00,MANUAL,,AGGR+CHP+ADP+RUN-EXT+PW+DLK+SLC+TPE+NWS+,WAIT,55.0,4.46,0,0,0.00,0.00,0.00,0.00,0,0,0,1,-4.7,110.75,58.75,166.00,-251.75,277.00,G,2,UNKNOWN,BRICK_CLOSE,src=primary color=G streak=2 o=27351.00 c=27367.00 hi=27367.00 lo=27351.00
2026-04-30 04:01:26,2246,27371.00,27289.65,27357.47,27347.15,64.80,18.24,37.5,32.5,0.0,32.5,0.0,0.00,0,0.0,0,0,0.00,0.00,0.00,0.00,,0.0,0,0,0.00,MANUAL,,AGGR+CHP+ADP+RUN-EXT+PW+DLK+SLC+TPE+NWS+,WAIT,55.0,4.46,0,0,0.00,0.00,0.00,0.00,0,0,0,1,-4.7,110.75,58.75,166.00,-251.75,277.00,G,2,UNKNOWN,SIGNAL,
2026-04-30 04:04:36,2247,27375.00,27289.65,27360.98,27349.68,66.15,18.83,36.5,32.5,0.0,32.5,0.0,0.00,0,0.0,0,0,0.00,0.00,0.00,0.00,,0.0,0,0,0.00,MANUAL,,AGGR+CHP+ADP+RUN-EXT+PW+DLK+SLC+TPE+NWS+,WAIT,55.0,4.53,0,0,0.00,0.00,0.00,0.00,0,0,0,1,-4.2,114.75,62.75,170.00,-247.75,281.00,G,3,UNKNOWN,BRICK_CLOSE,src=primary color=G streak=3 o=27355.00 c=27371.00 hi=27371.00 lo=27355.00
2026-04-30 04:04:36,2247,27375.00,27290.64,27360.98,27349.68,66.15,18.83,36.5,39.6,0.0,39.6,0.0,0.00,0,0.0,0,0,0.00,0.00,0.00,0.00,,0.0,0,0,0.00,MANUAL,,AGGR+CHP+ADP+RUN-EXT+PW+DLK+SLC+TPE+NWS+,WAIT,55.0,4.48,0,0,0.00,0.00,0.00,0.00,0,0,0,1,-4.2,114.75,62.75,170.00,-247.75,281.00,G,3,UNKNOWN,SIGNAL,
2026-04-30 04:05:15,2248,27379.00,27290.64,27364.58,27352.35,67.49,18.63,35.9,39.6,0.0,39.6,0.0,0.00,0,0.0,0,0,0.00,0.00,0.00,0.00,,0.0,0,0,0.00,MANUAL,,AGGR+CHP+ADP+RUN-EXT+PW+DLK+SLC+TPE+NWS+,WAIT,55.0,4.74,0,0,0.00,0.00,0.00,0.00,0,0,0,1,-3.0,118.75,66.75,174.00,-243.75,285.00,G,4,UNKNOWN,BRICK_CLOSE,src=primary color=G streak=4 o=27359.00 c=27375.00 hi=27375.00 lo=27348.50
2026-04-30 04:05:15,2248,27379.00,27290.91,27364.58,27352.35,67.49,18.63,35.9,45.5,0.0,45.5,0.0,0.00,0,0.0,0,0,0.00,0.00,0.00,0.00,,0.0,0,0,0.00,MANUAL,,AGGR+CHP+ADP+RUN-EXT+PW+DLK+SLC+TPE+NWS+,WAIT,55.0,4.73,0,0,0.00,0.00,0.00,0.00,0,0,0,1,-3.0,118.75,66.75,174.00,-243.75,285.00,G,4,UNKNOWN,SIGNAL,
2026-04-30 04:08:04,2249,27351.00,27290.91,27361.87,27352.22,51.97,19.56,34.0,45.5,0.0,45.5,0.0,0.00,0,0.0,0,0,0.00,0.00,0.00,0.00,,0.0,0,0,0.00,MANUAL,,AGGR+CHP+ADP+RUN-EXT+PW+DLK+SLC+TPE+NWS+,WAIT,55.0,3.07,0,0,0.00,0.00,0.00,0.00,0,0,0,0,-4.1,90.75,38.75,146.00,-271.75,257.00,G,5,UNKNOWN,BRICK_CLOSE,src=primary color=G streak=5 o=27363.00 c=27379.00 hi=27379.00 lo=27363.00
2026-04-30 04:08:04,2249,27351.00,27291.78,27361.87,27352.22,51.97,19.56,34.0,10.0,0.0,10.0,0.0,0.00,0,0.0,0,0,0.00,0.00,0.00,0.00,,0.0,0,0,0.00,MANUAL,,AGGR+CHP+ADP+RUN-EXT+PW+DLK+SLC+TPE+NWS+,WAIT,55.0,3.03,0,0,0.00,0.00,0.00,0.00,0,0,0,0,-4.1,90.75,38.75,146.00,-271.75,257.00,G,5,UNKNOWN,SIGNAL,
2026-04-30 04:08:42,2250,27347.00,27291.78,27358.89,27351.75,50.19,19.31,31.8,10.0,0.0,10.0,0.0,0.00,0,0.0,0,0,0.00,0.00,0.00,0.00,,0.0,0,0,0.00,MANUAL,,AGGR+CHP+ADP+RUN-EXT+PW+DLK+SLC+TPE+NWS+,WAIT,55.0,2.86,0,0,0.00,0.00,0.00,0.00,0,0,0,0,-5.9,86.75,34.75,142.00,-275.75,253.00,R,1,UNKNOWN,BRICK_CLOSE,src=primary color=R streak=1 o=27367.00 c=27351.00 hi=27382.75 lo=27351.00
2026-04-30 04:08:42,2250,27347.00,27291.78,27358.89,27351.75,50.19,19.31,31.8,10.0,0.0,10.0,0.0,0.00,0,0.0,0,0,0.00,0.00,0.00,0.00,,0.0,0,0,0.00,MANUAL,,AGGR+CHP+ADP+RUN-EXT+PW+DLK+SLC+TPE+NWS+,WAIT,55.0,2.86,0,0,0.00,0.00,0.00,0.00,0,0,0,0,-5.9,86.75,34.75,142.00,-275.75,253.00,R,1,UNKNOWN,RUN_END,color=G len=5 pts=4.0 maxFav=32.0 durSec=439 startPx=27347.00 endPx=27351.00
2026-04-30 04:08:42,2250,27347.00,27291.92,27358.89,27351.75,50.19,19.31,31.8,10.5,0.0,10.5,0.0,0.00,0,0.0,0,0,0.00,0.00,0.00,0.00,,0.0,0,0,0.00,MANUAL,,AGGR+CHP+ADP+RUN-EXT+PW+DLK+SLC+TPE+NWS+,WAIT,55.0,2.85,0,0,0.00,0.00,0.00,0.00,0,0,0,0,-5.9,86.75,34.75,142.00,-275.75,253.00,R,1,UNKNOWN,SIGNAL,
2026-04-30 04:09:21,2251,27343.00,27291.92,27355.71,27350.95,48.41,19.07,29.7,10.5,0.0,10.5,0.0,0.00,0,0.0,0,0,0.00,0.00,0.00,0.00,,0.0,0,0,0.00,MANUAL,,AGGR+CHP+ADP+RUN-EXT+PW+DLK+SLC+TPE+NWS+,WAIT,55.0,2.68,0,0,0.00,0.00,0.00,0.00,0,0,0,0,-7.8,82.75,30.75,138.00,-279.75,249.00,R,2,UNKNOWN,BRICK_CLOSE,src=primary color=R streak=2 o=27363.00 c=27347.00 hi=27363.00 lo=27347.00
2026-04-30 04:09:21,2251,27343.00,27292.14,27355.71,27350.95,48.41,19.07,29.7,10.0,0.0,10.0,0.0,0.00,0,0.0,0,0,0.00,0.00,0.00,0.00,,0.0,0,0,0.00,MANUAL,,AGGR+CHP+ADP+RUN-EXT+PW+DLK+SLC+TPE+NWS+,WAIT,55.0,2.67,0,0,0.00,0.00,0.00,0.00,0,0,0,0,-7.8,82.75,30.75,138.00,-279.75,249.00,R,2,UNKNOWN,SIGNAL,
2026-04-30 04:15:35,2252,27339.00,27292.14,27352.37,27349.87,46.63,19.75,28.2,10.0,0.0,10.0,0.0,0.00,0,0.0,0,0,0.00,0.00,0.00,0.00,,0.0,0,0,0.00,MANUAL,,AGGR+CHP+ADP+RUN-EXT+PW+DLK+SLC+TPE+NWS+,WAIT,55.0,2.37,0,0,0.00,0.00,0.00,0.00,0,0,0,0,-8.4,78.75,26.75,134.00,-283.75,245.00,R,3,UNKNOWN,BRICK_CLOSE,src=primary color=R streak=3 o=27359.00 c=27343.00 hi=27359.00 lo=27343.00
2026-04-30 04:15:35,2252,27339.00,27292.14,27352.37,27349.87,46.63,19.75,28.2,10.0,0.0,10.0,0.0,0.00,0,0.0,0,0,0.00,0.00,0.00,0.00,,0.0,0,0,0.00,MANUAL,,AGGR+CHP+ADP+RUN-EXT+PW+DLK+SLC+TPE+NWS+,WAIT,55.0,2.37,0,0,0.00,0.00,0.00,0.00,0,0,0,0,-8.4,78.75,26.75,134.00,-283.75,245.00,R,3,UNKNOWN,HEARTBEAT,tradesToday=0 openDca=0
2026-04-30 04:15:35,2252,27339.00,27293.35,27352.37,27349.87,46.63,19.75,28.2,13.2,0.0,13.2,0.0,0.00,0,0.0,0,0,0.00,0.00,0.00,0.00,,0.0,0,0,0.00,MANUAL,,AGGR+CHP+ADP+RUN-EXT+PW+DLK+SLC+TPE+NWS+,WAIT,55.0,2.31,0,0,0.00,0.00,0.00,0.00,0,0,0,0,-8.4,78.75,26.75,134.00,-283.75,245.00,R,3,UNKNOWN,SIGNAL,
2026-04-30 04:21:20,2253,27335.00,27293.35,27348.90,27348.52,44.85,19.59,26.4,13.2,0.0,13.2,0.0,0.00,0,0.0,0,0,0.00,0.00,0.00,0.00,,0.0,0,0,0.00,MANUAL,,AGGR+CHP+ADP+RUN-EXT+PW+DLK+SLC+TPE+NWS+,WAIT,55.0,2.13,0,0,0.00,0.00,0.00,0.00,0,0,0,0,-9.5,74.75,22.75,130.00,-287.75,241.00,R,4,UNKNOWN,BRICK_CLOSE,src=primary color=R streak=4 o=27355.00 c=27339.00 hi=27367.50 lo=27339.00
2026-04-30 04:21:20,2253,27335.00,27293.98,27348.90,27348.52,44.85,19.59,26.4,0.0,11.8,0.0,11.8,0.00,0,0.0,0,0,0.00,0.00,0.00,0.00,,0.0,0,0,0.00,MANUAL,,AGGR+CHP+ADP+RUN-EXT+PW+DLK+SLC+TPE+NWS+,WAIT,55.0,2.09,0,0,0.00,0.00,0.00,0.00,0,0,0,0,-9.5,74.75,22.75,130.00,-287.75,241.00,R,4,UNKNOWN,SIGNAL,
2026-04-30 04:21:30,2254,27331.00,27293.98,27345.32,27346.92,43.08,19.33,24.7,0.0,11.8,0.0,11.8,0.00,0,0.0,0,0,0.00,0.00,0.00,0.00,,0.0,0,0,0.00,MANUAL,,AGGR+CHP+ADP+RUN-EXT+PW+DLK+SLC+TPE+NWS+,WAIT,55.0,1.91,0,0,0.00,0.00,0.00,0.00,0,0,0,-1,-9.3,70.75,18.75,126.00,-291.75,237.00,R,5,UNKNOWN,BRICK_CLOSE,src=primary color=R streak=5 o=27351.00 c=27335.00 hi=27352.50 lo=27335.00
2026-04-30 04:21:30,2254,27331.00,27294.02,27345.32,27346.92,43.08,19.33,24.7,0.0,120.0,0.0,120.0,0.00,-1,0.0,0,0,0.00,0.00,0.00,0.00,,0.0,0,0,0.00,MANUAL,,AGGR+CHP+ADP+RUN-EXT+PW+DLK+SLC+TPE+NWS+,WAIT,55.0,1.91,0,0,0.00,0.00,0.00,0.00,0,0,0,-1,-9.3,70.75,18.75,126.00,-291.75,237.00,R,5,UNKNOWN,SIGNAL,
2026-04-30 04:21:32,2255,27327.00,27294.02,27341.65,27345.11,41.32,19.09,23.4,0.0,120.0,0.0,120.0,0.00,-1,0.0,0,0,0.00,0.00,0.00,0.00,,0.0,0,0,0.00,MANUAL,,AGGR+CHP+ADP+RUN-EXT+PW+DLK+SLC+TPE+NWS+,STRONG_SELL,55.0,1.73,0,0,0.00,0.00,0.00,0.00,0,0,0,-1,-8.4,66.75,14.75,122.00,-295.75,233.00,R,6,UNKNOWN,BRICK_CLOSE,src=primary color=R streak=6 o=27347.00 c=27331.00 hi=27347.00 lo=27331.00
2026-04-30 04:21:32,2255,27327.00,27294.05,27341.65,27345.11,41.32,19.09,23.4,0.0,97.0,0.0,97.0,0.00,-1,0.0,0,0,0.00,0.00,0.00,0.00,,0.0,0,0,0.00,MANUAL,,AGGR+CHP+ADP+RUN-EXT+PW+DLK+SLC+TPE+NWS+,STRONG_SELL,55.0,1.73,0,0,0.00,0.00,0.00,0.00,0,0,0,-1,-8.4,66.75,14.75,122.00,-295.75,233.00,R,6,UNKNOWN,SIGNAL,
2026-04-30 04:25:25,2256,27355.00,27294.05,27344.32,27346.01,55.11,19.89,22.4,0.0,97.0,0.0,97.0,0.00,-1,0.0,0,0,0.00,0.00,0.00,0.00,,0.0,0,0,0.00,MANUAL,,AGGR+CHP+ADP+RUN-EXT+PW+DLK+SLC+TPE+NWS+,STRONG_SELL,55.0,3.06,0,0,0.00,0.00,0.00,0.00,0,0,0,0,-7.3,94.75,42.75,150.00,-267.75,261.00,R,7,UNKNOWN,BRICK_CLOSE,src=primary color=R streak=7 o=27343.00 c=27327.00 hi=27343.00 lo=27327.00
2026-04-30 04:25:25,2256,27355.00,27294.61,27344.32,27346.01,55.11,19.89,22.4,0.0,29.5,0.0,29.5,0.00,-1,0.0,0,0,0.00,0.00,0.00,0.00,,0.0,0,0,0.00,MANUAL,,AGGR+CHP+ADP+RUN-EXT+PW+DLK+SLC+TPE+NWS+,STRONG_SELL,55.0,3.04,0,0,0.00,0.00,0.00,0.00,0,0,0,0,-7.3,94.75,42.75,150.00,-267.75,261.00,R,7,UNKNOWN,SIGNAL,
2026-04-30 04:29:33,2257,27359.00,27294.61,27347.26,27347.19,56.68,19.61,21.7,0.0,29.5,0.0,29.5,0.00,-1,0.0,0,0,0.00,0.00,0.00,0.00,,0.0,0,0,0.00,MANUAL,,AGGR+CHP+ADP+RUN-EXT+PW+DLK+SLC+TPE+NWS+,WAIT,55.0,3.28,0,0,0.00,0.00,0.00,0.00,0,0,0,1,-6.5,98.75,46.75,154.00,-263.75,265.00,G,1,UNKNOWN,BRICK_CLOSE,src=primary color=G streak=1 o=27339.00 c=27355.00 hi=27355.00 lo=27324.75
2026-04-30 04:29:33,2257,27359.00,27294.61,27347.26,27347.19,56.68,19.61,21.7,0.0,29.5,0.0,29.5,0.00,-1,0.0,0,0,0.00,0.00,0.00,0.00,,0.0,0,0,0.00,MANUAL,,AGGR+CHP+ADP+RUN-EXT+PW+DLK+SLC+TPE+NWS+,WAIT,55.0,3.28,0,0,0.00,0.00,0.00,0.00,0,0,0,1,-6.5,98.75,46.75,154.00,-263.75,265.00,G,1,UNKNOWN,RUN_END,color=R len=7 pts=12.0 maxFav=40.0 durSec=1250 startPx=27367.00 endPx=27355.00
2026-04-30 04:29:33,2257,27359.00,27294.61,27347.26,27347.19,56.68,19.61,21.7,0.0,29.5,0.0,29.5,0.00,-1,0.0,0,0,0.00,0.00,0.00,0.00,,0.0,0,0,0.00,MANUAL,,AGGR+CHP+ADP+RUN-EXT+PW+DLK+SLC+TPE+NWS+,WAIT,55.0,3.28,0,0,0.00,0.00,0.00,0.00,0,0,0,1,-6.5,98.75,46.75,154.00,-263.75,265.00,G,1,UNKNOWN,HEARTBEAT,tradesToday=0 openDca=0
2026-04-30 04:29:33,2257,27359.00,27295.11,27347.26,27347.19,56.68,19.61,21.7,67.3,0.0,67.3,0.0,0.00,0,0.0,0,0,0.00,0.00,0.00,0.00,,0.0,0,0,0.00,MANUAL,,AGGR+CHP+ADP+RUN-EXT+PW+DLK+SLC+TPE+NWS+,WAIT,55.0,3.26,0,0,0.00,0.00,0.00,0.00,0,0,0,1,-6.5,98.75,46.75,154.00,-263.75,265.00,G,1,UNKNOWN,SIGNAL,
2026-04-30 04:30:01,2258,27363.00,27295.11,27350.41,27348.63,58.25,19.35,21.4,67.3,0.0,67.3,0.0,0.00,0,0.0,0,0,0.00,0.00,0.00,0.00,,0.0,0,0,0.00,MANUAL,,AGGR+CHP+ADP+RUN-EXT+PW+DLK+SLC+TPE+NWS+,BUY,55.0,3.51,0,0,0.00,0.00,0.00,0.00,0,0,0,1,-5.0,102.75,50.75,158.00,-259.75,269.00,G,2,UNKNOWN,BRICK_CLOSE,src=primary color=G streak=2 o=27343.00 c=27359.00 hi=27359.00 lo=27343.00
2026-04-30 04:30:01,2258,27363.00,27295.20,27350.41,27348.63,58.25,19.35,21.4,77.3,0.0,77.3,0.0,0.00,0,0.0,0,0,0.00,0.00,0.00,0.00,,0.0,0,0,0.00,MANUAL,,AGGR+CHP+ADP+RUN-EXT+PW+DLK+SLC+TPE+NWS+,BUY,55.0,3.50,0,0,0.00,0.00,0.00,0.00,0,0,0,1,-5.0,102.75,50.75,158.00,-259.75,269.00,G,2,UNKNOWN,SIGNAL,
2026-04-30 04:30:09,2259,27367.00,27295.20,27353.73,27350.30,59.82,19.11,21.4,77.3,0.0,77.3,0.0,0.00,0,0.0,0,0,0.00,0.00,0.00,0.00,,0.0,0,0,0.00,MANUAL,,AGGR+CHP+ADP+RUN-EXT+PW+DLK+SLC+TPE+NWS+,STRONG_BUY,55.0,3.76,0,0,0.00,0.00,0.00,0.00,0,0,0,1,-3.3,106.75,54.75,162.00,-255.75,273.00,G,3,UNKNOWN,BRICK_CLOSE,src=primary color=G streak=3 o=27347.00 c=27363.00 hi=27363.00 lo=27347.00
2026-04-30 04:30:09,2259,27367.00,27295.25,27353.73,27350.30,59.82,19.11,21.4,47.5,0.0,47.5,0.0,0.00,0,0.0,0,0,0.00,0.00,0.00,0.00,,0.0,0,0,0.00,MANUAL,,AGGR+CHP+ADP+RUN-EXT+PW+DLK+SLC+TPE+NWS+,STRONG_BUY,55.0,3.75,0,0,0.00,0.00,0.00,0.00,0,0,0,1,-3.3,106.75,54.75,162.00,-255.75,273.00,G,3,UNKNOWN,SIGNAL,
2026-04-30 04:30:24,2260,27371.00,27295.25,27357.18,27352.18,61.38,18.89,21.7,47.5,0.0,47.5,0.0,0.00,0,0.0,0,0,0.00,0.00,0.00,0.00,,0.0,0,0,0.00,MANUAL,,AGGR+CHP+ADP+RUN-EXT+PW+DLK+SLC+TPE+NWS+,WAIT,55.0,4.01,0,0,0.00,0.00,0.00,0.00,0,0,0,1,-1.7,110.75,58.75,166.00,-251.75,277.00,G,4,UNKNOWN,BRICK_CLOSE,src=primary color=G streak=4 o=27351.00 c=27367.00 hi=27367.00 lo=27351.00
2026-04-30 04:30:24,2260,27371.00,27295.30,27357.18,27352.18,61.38,18.89,21.7,47.5,0.0,47.5,0.0,0.00,0,0.0,0,0,0.00,0.00,0.00,0.00,,0.0,0,0,0.00,MANUAL,,AGGR+CHP+ADP+RUN-EXT+PW+DLK+SLC+TPE+NWS+,WAIT,55.0,4.01,0,0,0.00,0.00,0.00,0.00,0,0,0,1,-1.7,110.75,43.00,178.75,-251.75,277.00,G,4,UNKNOWN,SIGNAL,
2026-04-30 04:30:38,2261,27375.00,27295.30,27360.74,27354.26,62.93,18.68,22.3,47.5,0.0,47.5,0.0,0.00,0,0.0,0,0,0.00,0.00,0.00,0.00,,0.0,0,0,0.00,MANUAL,,AGGR+CHP+ADP+RUN-EXT+PW+DLK+SLC+TPE+NWS+,WAIT,55.0,4.27,0,0,0.00,0.00,0.00,0.00,0,0,0,1,-0.1,114.75,47.00,182.75,-247.75,281.00,G,5,UNKNOWN,BRICK_CLOSE,src=primary color=G streak=5 o=27355.00 c=27371.00 hi=27371.00 lo=27355.00
2026-04-30 04:30:38,2261,27375.00,27295.36,27360.74,27354.26,62.93,18.68,22.3,32.5,0.0,32.5,0.0,0.00,0,0.0,0,0,0.00,0.00,0.00,0.00,,0.0,0,0,0.00,MANUAL,,AGGR+CHP+ADP+RUN-EXT+PW+DLK+SLC+TPE+NWS+,WAIT,55.0,4.26,0,0,0.00,0.00,0.00,0.00,0,0,0,1,-0.1,114.75,47.00,182.75,-247.75,281.00,G,5,UNKNOWN,SIGNAL,
2026-04-30 04:33:35,2262,27379.00,27295.36,27364.40,27356.51,64.47,18.49,23.1,32.5,0.0,32.5,0.0,0.00,0,0.0,0,0,0.00,0.00,0.00,0.00,,0.0,0,0,0.00,MANUAL,,AGGR+CHP+ADP+RUN-EXT+PW+DLK+SLC+TPE+NWS+,WAIT,55.0,4.52,0,0,0.00,0.00,0.00,0.00,0,0,0,1,1.4,118.75,51.00,186.75,-243.75,285.00,G,6,UNKNOWN,BRICK_CLOSE,src=primary color=G streak=6 o=27359.00 c=27375.00 hi=27375.00 lo=27359.00
2026-04-30 04:33:35,2262,27379.00,27295.36,27364.40,27356.51,64.47,18.49,23.1,32.5,0.0,32.5,0.0,0.00,0,0.0,0,0,0.00,0.00,0.00,0.00,,0.0,0,0,0.00,MANUAL,,AGGR+CHP+ADP+RUN-EXT+PW+DLK+SLC+TPE+NWS+,WAIT,55.0,4.52,0,0,0.00,0.00,0.00,0.00,0,0,0,1,1.4,118.75,51.00,186.75,-243.75,285.00,G,6,TREND_UP,REGIME_CHANGE,from=UNKNOWN to=TREND_UP adx=23.1 slope=1.44 atr/avg=0.97 eStack=1 distVwapAtr=4.52 nr=Gx6 flips4=0
2026-04-30 04:33:35,2262,27379.00,27295.97,27364.40,27356.51,64.47,18.49,23.1,32.5,0.0,32.5,0.0,0.00,0,0.0,0,0,0.00,0.00,0.00,0.00,,0.0,0,0,0.00,MANUAL,,AGGR+CHP+ADP+RUN-EXT+PW+DLK+SLC+TPE+NWS+,WAIT,55.0,4.49,0,0,0.00,0.00,0.00,0.00,0,0,0,1,1.4,118.75,51.00,186.75,-243.75,285.00,G,6,TREND_UP,SIGNAL,
2026-04-30 04:34:03,2263,27383.00,27295.97,27368.12,27358.91,65.99,18.31,24.2,32.5,0.0,32.5,0.0,0.00,0,0.0,0,0,0.00,0.00,0.00,0.00,,0.0,0,0,0.00,MANUAL,,AGGR+CHP+ADP+RUN-EXT+PW+DLK+SLC+TPE+NWS+,WAIT,55.0,4.75,0,0,0.00,0.00,0.00,0.00,0,0,0,1,2.8,122.75,55.00,190.75,-239.75,289.00,G,7,TREND_UP,BRICK_CLOSE,src=primary color=G streak=7 o=27363.00 c=27379.00 hi=27379.00 lo=27363.00
2026-04-30 04:34:03,2263,27383.00,27296.30,27368.12,27358.91,65.99,18.31,24.2,45.5,0.0,45.5,0.0,0.00,0,0.0,0,0,0.00,0.00,0.00,0.00,,0.0,0,0,0.00,MANUAL,,AGGR+CHP+ADP+RUN-EXT+PW+DLK+SLC+TPE+NWS+,WAIT,55.0,4.73,0,0,0.00,0.00,0.00,0.00,0,0,0,1,2.8,122.75,55.00,190.75,-239.75,289.00,G,7,TREND_UP,SIGNAL,
2026-04-30 04:39:21,2264,27387.00,27296.30,27371.89,27361.47,67.48,18.99,24.1,45.5,0.0,45.5,0.0,0.00,0,0.0,0,0,0.00,0.00,0.00,0.00,,0.0,0,0,0.00,MANUAL,,AGGR+CHP+ADP+RUN-EXT+PW+DLK+SLC+TPE+NWS+,WAIT,55.0,4.78,0,0,0.00,0.00,0.00,0.00,0,0,0,1,2.7,126.75,59.00,194.75,-235.75,293.00,G,8,TREND_UP,BRICK_CLOSE,src=primary color=G streak=8 o=27367.00 c=27383.00 hi=27383.00 lo=27367.00
2026-04-30 04:39:21,2264,27387.00,27297.34,27371.89,27361.47,67.48,18.99,24.1,75.0,0.0,75.0,0.0,0.00,0,0.0,0,0,0.00,0.00,0.00,0.00,,0.0,0,0,0.00,MANUAL,,AGGR+CHP+ADP+RUN-EXT+PW+DLK+SLC+TPE+NWS+,WAIT,55.0,4.72,0,0,0.00,0.00,0.00,0.00,0,0,0,1,2.7,126.75,59.00,194.75,-235.75,293.00,G,8,TREND_UP,SIGNAL,
2026-04-30 04:40:00,2265,27391.00,27297.34,27375.71,27364.15,68.95,18.78,24.3,75.0,0.0,75.0,0.0,0.00,0,0.0,0,0,0.00,0.00,0.00,0.00,,0.0,0,0,0.00,MANUAL,,AGGR+CHP+ADP+RUN-EXT+PW+DLK+SLC+TPE+NWS+,BUY,55.0,4.99,0,0,0.00,0.00,0.00,0.00,0,0,0,1,2.6,130.75,63.00,198.75,-231.75,297.00,G,9,TREND_UP,BRICK_CLOSE,src=primary color=G streak=9 o=27371.00 c=27387.00 hi=27387.00 lo=27359.25
2026-04-30 04:40:00,2265,27391.00,27297.34,27375.71,27364.15,68.95,18.78,24.3,75.0,0.0,75.0,0.0,0.00,0,0.0,0,0,0.00,0.00,0.00,0.00,,0.0,0,0,0.00,MANUAL,,AGGR+CHP+ADP+RUN-EXT+PW+DLK+SLC+TPE+NWS+,BUY,55.0,4.99,0,0,0.00,0.00,0.00,0.00,0,0,0,1,2.6,130.75,63.00,198.75,-231.75,297.00,G,9,TREND_UP,HEARTBEAT,tradesToday=0 openDca=0
2026-04-30 04:40:00,2265,27391.00,27297.78,27375.71,27364.15,68.95,18.78,24.3,74.8,0.0,74.8,0.0,0.00,0,0.0,0,0,0.00,0.00,0.00,0.00,,0.0,0,0,0.00,MANUAL,,AGGR+CHP+ADP+RUN-EXT+PW+DLK+SLC+TPE+NWS+,BUY,55.0,4.97,0,0,0.00,0.00,0.00,0.00,0,0,0,1,2.6,130.75,63.00,198.75,-231.75,297.00,G,9,TREND_UP,SIGNAL,
2026-04-30 04:40:48,2266,27395.00,27297.78,27379.57,27366.96,70.40,18.58,24.8,74.8,0.0,74.8,0.0,0.00,0,0.0,0,0,0.00,0.00,0.00,0.00,,0.0,0,0,0.00,MANUAL,,AGGR+CHP+ADP+RUN-EXT+PW+DLK+SLC+TPE+NWS+,BUY,55.0,5.23,0,0,0.00,0.00,0.00,0.00,0,0,0,1,2.5,134.75,67.00,202.75,-227.75,301.00,G,10,TREND_UP,BRICK_CLOSE,src=primary color=G streak=10 o=27375.00 c=27391.00 hi=27391.00 lo=27375.00
2026-04-30 04:40:48,2266,27395.00,27298.08,27379.57,27366.96,70.40,18.58,24.8,65.0,0.0,65.0,0.0,0.00,0,0.0,0,0,0.00,0.00,0.00,0.00,,0.0,0,0,0.00,MANUAL,,AGGR+CHP+ADP+RUN-EXT+PW+DLK+SLC+TPE+NWS+,BUY,55.0,5.22,0,0,0.00,0.00,0.00,0.00,0,0,0,1,2.5,134.75,67.00,202.75,-227.75,301.00,G,10,TREND_UP,SIGNAL,
2026-04-30 04:55:34,2267,27367.00,27298.08,27377.06,27366.96,52.13,19.37,23.8,65.0,0.0,65.0,0.0,0.00,0,0.0,0,0,0.00,0.00,0.00,0.00,,0.0,0,0,0.00,MANUAL,,AGGR+CHP+ADP+RUN-EXT+PW+DLK+SLC+TPE+NWS+,BUY,55.0,3.56,0,0,0.00,0.00,0.00,0.00,0,0,0,0,0.7,106.75,39.00,174.75,-255.75,273.00,G,11,TREND_UP,BRICK_CLOSE,src=primary color=G streak=11 o=27379.00 c=27395.00 hi=27395.00 lo=27379.00
2026-04-30 04:55:34,2267,27367.00,27298.08,27377.06,27366.96,52.13,19.37,23.8,65.0,0.0,65.0,0.0,0.00,0,0.0,0,0,0.00,0.00,0.00,0.00,,0.0,0,0,0.00,MANUAL,,AGGR+CHP+ADP+RUN-EXT+PW+DLK+SLC+TPE+NWS+,BUY,55.0,3.56,0,0,0.00,0.00,0.00,0.00,0,0,0,0,0.7,106.75,39.00,174.75,-255.75,273.00,G,11,TREND_UP,HEARTBEAT,tradesToday=0 openDca=0
2026-04-30 04:55:34,2267,27367.00,27298.08,27377.06,27366.96,52.13,19.37,23.8,65.0,0.0,65.0,0.0,0.00,0,0.0,0,0,0.00,0.00,0.00,0.00,,0.0,0,0,0.00,MANUAL,,AGGR+CHP+ADP+RUN-EXT+PW+DLK+SLC+TPE+NWS+,BUY,55.0,3.56,0,0,0.00,0.00,0.00,0.00,0,0,0,0,0.7,106.75,39.00,174.75,-255.75,273.00,G,11,UNKNOWN,REGIME_CHANGE,from=TREND_UP to=UNKNOWN adx=23.8 slope=0.72 atr/avg=1.01 eStack=0 distVwapAtr=3.56 nr=Gx11 flips4=1
2026-04-30 04:55:34,2267,27367.00,27300.30,27377.06,27366.96,52.13,19.37,23.8,21.5,0.0,21.5,0.0,0.00,0,0.0,0,0,0.00,0.00,0.00,0.00,,0.0,0,0,0.00,MANUAL,,AGGR+CHP+ADP+RUN-EXT+PW+DLK+SLC+TPE+NWS+,BUY,55.0,3.44,0,0,0.00,0.00,0.00,0.00,0,0,0,0,0.7,106.75,39.00,174.75,-255.75,273.00,G,11,UNKNOWN,SIGNAL,
2026-04-30 04:57:19,2268,27363.00,27300.30,27374.25,27366.60,50.13,19.13,22.5,21.5,0.0,21.5,0.0,0.00,0,0.0,0,0,0.00,0.00,0.00,0.00,,0.0,0,0,0.00,MANUAL,,AGGR+CHP+ADP+RUN-EXT+PW+DLK+SLC+TPE+NWS+,WAIT,55.0,3.28,0,0,0.00,0.00,0.00,0.00,0,0,0,0,-1.6,102.75,35.00,170.75,-259.75,269.00,R,1,UNKNOWN,BRICK_CLOSE,src=primary color=R streak=1 o=27383.00 c=27367.00 hi=27396.75 lo=27367.00
2026-04-30 04:57:19,2268,27363.00,27300.30,27374.25,27366.60,50.13,19.13,22.5,21.5,0.0,21.5,0.0,0.00,0,0.0,0,0,0.00,0.00,0.00,0.00,,0.0,0,0,0.00,MANUAL,,AGGR+CHP+ADP+RUN-EXT+PW+DLK+SLC+TPE+NWS+,WAIT,55.0,3.28,0,0,0.00,0.00,0.00,0.00,0,0,0,0,-1.6,102.75,35.00,170.75,-259.75,269.00,R,1,UNKNOWN,RUN_END,color=G len=11 pts=28.0 maxFav=56.0 durSec=1666 startPx=27339.00 endPx=27367.00
2026-04-30 04:57:19,2268,27363.00,27300.53,27374.25,27366.60,50.13,19.13,22.5,12.1,0.0,12.1,0.0,0.00,0,0.0,0,0,0.00,0.00,0.00,0.00,,0.0,0,0,0.00,MANUAL,,AGGR+CHP+ADP+RUN-EXT+PW+DLK+SLC+TPE+NWS+,WAIT,55.0,3.26,0,0,0.00,0.00,0.00,0.00,0,0,0,0,-1.6,102.75,35.00,170.75,-259.75,269.00,R,1,UNKNOWN,SIGNAL,
2026-04-30 05:08:16,2269,27359.00,27300.53,27371.20,27365.91,48.14,19.20,20.9,12.1,0.0,12.1,0.0,0.00,0,0.0,0,0,0.00,0.00,0.00,0.00,,0.0,0,0,0.00,MANUAL,,AGGR+CHP+ADP+RUN-EXT+PW+DLK+SLC+TPE+NWS+,WAIT,55.0,3.05,0,0,0.00,0.00,0.00,0.00,0,0,0,0,-3.1,98.75,31.00,166.75,-263.75,265.00,R,2,UNKNOWN,BRICK_CLOSE,src=primary color=R streak=2 o=27379.00 c=27363.00 hi=27379.00 lo=27363.00
2026-04-30 05:08:16,2269,27359.00,27300.53,27371.20,27365.91,48.14,19.20,20.9,12.1,0.0,12.1,0.0,0.00,0,0.0,0,0,0.00,0.00,0.00,0.00,,0.0,0,0,0.00,MANUAL,,AGGR+CHP+ADP+RUN-EXT+PW+DLK+SLC+TPE+NWS+,WAIT,55.0,3.05,0,0,0.00,0.00,0.00,0.00,0,0,0,0,-3.1,98.75,31.00,166.75,-263.75,265.00,R,2,UNKNOWN,HEARTBEAT,tradesToday=0 openDca=0
2026-04-30 05:08:16,2269,27359.00,27301.72,27371.20,27365.91,48.14,19.20,20.9,15.7,0.0,15.7,0.0,0.00,0,0.0,0,0,0.00,0.00,0.00,0.00,,0.0,0,0,0.00,MANUAL,,AGGR+CHP+ADP+RUN-EXT+PW+DLK+SLC+TPE+NWS+,WAIT,55.0,2.98,0,0,0.00,0.00,0.00,0.00,0,0,0,0,-3.1,98.75,31.00,166.75,-263.75,265.00,R,2,UNKNOWN,SIGNAL,
2026-04-30 05:08:17,2270,27355.00,27301.72,27367.96,27364.92,46.17,18.97,19.8,15.7,0.0,15.7,0.0,0.00,0,0.0,0,0,0.00,0.00,0.00,0.00,,0.0,0,0,0.00,MANUAL,,AGGR+CHP+ADP+RUN-EXT+PW+DLK+SLC+TPE+NWS+,WAIT,55.0,2.81,0,0,0.00,0.00,0.00,0.00,0,0,0,0,-4.5,94.75,27.00,162.75,-267.75,261.00,R,3,UNKNOWN,BRICK_CLOSE,src=primary color=R streak=3 o=27375.00 c=27359.00 hi=27379.00 lo=27359.00
2026-04-30 05:08:17,2270,27355.00,27301.73,27367.96,27364.92,46.17,18.97,19.8,10.0,0.0,10.0,0.0,0.00,0,0.0,0,0,0.00,0.00,0.00,0.00,,0.0,0,0,0.00,MANUAL,,AGGR+CHP+ADP+RUN-EXT+PW+DLK+SLC+TPE+NWS+,WAIT,55.0,2.81,0,0,0.00,0.00,0.00,0.00,0,0,0,0,-4.5,94.75,27.00,162.75,-267.75,261.00,R,3,UNKNOWN,SIGNAL,
2026-04-30 05:10:18,2271,27351.00,27301.73,27364.57,27363.65,44.22,19.40,18.5,10.0,0.0,10.0,0.0,0.00,0,0.0,0,0,0.00,0.00,0.00,0.00,,0.0,0,0,0.00,MANUAL,,AGGR+CHP+ADP+RUN-EXT+PW+DLK+SLC+TPE+NWS+,WAIT,55.0,2.54,0,0,0.00,0.00,0.00,0.00,0,0,0,0,-6.3,90.75,23.00,158.75,-271.75,257.00,R,4,UNKNOWN,BRICK_CLOSE,src=primary color=R streak=4 o=27371.00 c=27355.00 hi=27371.00 lo=27355.00
2026-04-30 05:10:18,2271,27351.00,27302.28,27364.57,27363.65,44.22,19.40,18.5,10.0,0.0,10.0,0.0,0.00,0,0.0,0,0,0.00,0.00,0.00,0.00,,0.0,0,0,0.00,MANUAL,,AGGR+CHP+ADP+RUN-EXT+PW+DLK+SLC+TPE+NWS+,WAIT,55.0,2.51,0,0,0.00,0.00,0.00,0.00,0,0,0,0,-6.3,90.75,23.00,158.75,-271.75,257.00,R,4,UNKNOWN,SIGNAL,
2026-04-30 05:10:25,2272,27347.00,27302.28,27361.05,27362.14,42.29,19.16,17.5,10.0,0.0,10.0,0.0,0.00,0,0.0,0,0,0.00,0.00,0.00,0.00,,0.0,0,0,0.00,MANUAL,,AGGR+CHP+ADP+RUN-EXT+PW+DLK+SLC+TPE+NWS+,WAIT,55.0,2.33,0,0,0.00,0.00,0.00,0.00,0,0,0,-1,-6.4,86.75,19.00,154.75,-275.75,253.00,R,5,UNKNOWN,BRICK_CLOSE,src=primary color=R streak=5 o=27367.00 c=27351.00 hi=27376.00 lo=27351.00
2026-04-30 05:10:25,2272,27347.00,27302.38,27361.05,27362.14,42.29,19.16,17.5,0.0,96.5,0.0,96.5,0.00,-1,0.0,0,0,0.00,0.00,0.00,0.00,,0.0,0,0,0.00,MANUAL,,AGGR+CHP+ADP+RUN-EXT+PW+DLK+SLC+TPE+NWS+,WAIT,55.0,2.33,0,0,0.00,0.00,0.00,0.00,0,0,0,-1,-6.4,86.75,19.00,154.75,-275.75,253.00,R,5,UNKNOWN,SIGNAL,
2026-04-30 05:13:41,2273,27343.00,27302.38,27357.44,27360.40,40.40,18.93,16.9,0.0,96.5,0.0,96.5,0.00,-1,0.0,0,0,0.00,0.00,0.00,0.00,,0.0,0,0,0.00,MANUAL,,AGGR+CHP+ADP+RUN-EXT+PW+DLK+SLC+TPE+NWS+,STRONG_SELL,55.0,2.15,0,0,0.00,0.00,0.00,0.00,0,0,0,-1,-5.6,82.75,15.00,150.75,-279.75,249.00,R,6,UNKNOWN,BRICK_CLOSE,src=primary color=R streak=6 o=27363.00 c=27347.00 hi=27363.00 lo=27347.00
2026-04-30 05:13:41,2273,27343.00,27302.64,27357.44,27360.40,40.40,18.93,16.9,0.0,85.1,0.0,85.1,0.00,-1,0.0,0,0,0.00,0.00,0.00,0.00,,0.0,0,0,0.00,MANUAL,,AGGR+CHP+ADP+RUN-EXT+PW+DLK+SLC+TPE+NWS+,STRONG_SELL,55.0,2.13,0,0,0.00,0.00,0.00,0.00,0,0,0,-1,-5.6,82.75,15.00,150.75,-279.75,249.00,R,6,UNKNOWN,SIGNAL,
2026-04-30 05:20:15,2274,27339.00,27302.64,27353.75,27358.45,38.54,19.67,16.0,0.0,85.1,0.0,85.1,0.00,-1,0.0,0,0,0.00,0.00,0.00,0.00,,0.0,0,0,0.00,MANUAL,,AGGR+CHP+ADP+RUN-EXT+PW+DLK+SLC+TPE+NWS+,STRONG_SELL,55.0,1.85,0,0,0.00,0.00,0.00,0.00,0,0,0,-1,-4.9,78.75,11.00,146.75,-283.75,245.00,R,7,UNKNOWN,BRICK_CLOSE,src=primary color=R streak=7 o=27359.00 c=27343.00 hi=27359.00 lo=27343.00
2026-04-30 05:20:15,2274,27339.00,27302.64,27353.75,27358.45,38.54,19.67,16.0,0.0,85.1,0.0,85.1,0.00,-1,0.0,0,0,0.00,0.00,0.00,0.00,,0.0,0,0,0.00,MANUAL,,AGGR+CHP+ADP+RUN-EXT+PW+DLK+SLC+TPE+NWS+,STRONG_SELL,55.0,1.85,0,0,0.00,0.00,0.00,0.00,0,0,0,-1,-4.9,78.75,11.00,146.75,-283.75,245.00,R,7,UNKNOWN,HEARTBEAT,tradesToday=0 openDca=0
2026-04-30 05:20:15,2274,27339.00,27303.10,27353.75,27358.45,38.54,19.67,16.0,0.0,86.5,0.0,86.5,0.00,-1,0.0,0,0,0.00,0.00,0.00,0.00,,0.0,0,0,0.00,MANUAL,,AGGR+CHP+ADP+RUN-EXT+PW+DLK+SLC+TPE+NWS+,STRONG_SELL,55.0,1.83,0,0,0.00,0.00,0.00,0.00,0,0,0,-1,-4.9,78.75,11.00,146.75,-283.75,245.00,R,7,UNKNOWN,SIGNAL,
2026-04-30 05:20:42,2275,27335.00,27303.10,27350.00,27356.32,36.72,19.41,15.0,0.0,86.5,0.0,86.5,0.00,-1,0.0,0,0,0.00,0.00,0.00,0.00,,0.0,0,0,0.00,MANUAL,,AGGR+CHP+ADP+RUN-EXT+PW+DLK+SLC+TPE+NWS+,STRONG_SELL,55.0,1.64,0,0,0.00,0.00,0.00,0.00,0,0,0,-1,-4.9,74.75,7.00,142.75,-287.75,241.00,R,8,UNKNOWN,BRICK_CLOSE,src=primary color=R streak=8 o=27355.00 c=27339.00 hi=27368.25 lo=27339.00
2026-04-30 05:20:42,2275,27335.00,27303.14,27350.00,27356.32,36.72,19.41,15.0,0.0,86.5,0.0,86.5,0.00,-1,0.0,0,0,0.00,0.00,0.00,0.00,,0.0,0,0,0.00,MANUAL,,AGGR+CHP+ADP+RUN-EXT+PW+DLK+SLC+TPE+NWS+,STRONG_SELL,55.0,1.64,0,0,0.00,0.00,0.00,0.00,0,0,0,-1,-4.9,74.75,7.00,142.75,-287.75,241.00,R,8,UNKNOWN,SIGNAL,
2026-04-30 05:20:43,2276,27331.00,27303.14,27346.20,27354.02,34.94,19.16,14.4,0.0,86.5,0.0,86.5,0.00,-1,0.0,0,0,0.00,0.00,0.00,0.00,,0.0,0,0,0.00,MANUAL,,AGGR+CHP+ADP+RUN-EXT+PW+DLK+SLC+TPE+NWS+,STRONG_SELL,55.0,1.45,0,0,0.00,0.00,0.00,0.00,0,0,0,-1,-4.1,70.75,3.00,138.75,-291.75,237.00,R,9,UNKNOWN,BRICK_CLOSE,src=primary color=R streak=9 o=27351.00 c=27335.00 hi=27351.00 lo=27335.00
2026-04-30 05:20:43,2276,27331.00,27303.15,27346.20,27354.02,34.94,19.16,14.4,0.0,50.1,0.0,50.1,0.00,-1,0.0,0,0,0.00,0.00,0.00,0.00,,0.0,0,0,0.00,MANUAL,,AGGR+CHP+ADP+RUN-EXT+PW+DLK+SLC+TPE+NWS+,STRONG_SELL,55.0,1.45,0,0,0.00,0.00,0.00,0.00,0,0,0,-1,-4.1,70.75,3.00,138.75,-291.75,237.00,R,9,UNKNOWN,SIGNAL,
2026-04-30 05:27:55,2277,27359.00,27303.15,27348.76,27354.47,52.33,19.81,14.0,0.0,50.1,0.0,50.1,0.00,-1,0.0,0,0,0.00,0.00,0.00,0.00,,0.0,0,0,0.00,MANUAL,,AGGR+CHP+ADP+RUN-EXT+PW+DLK+SLC+TPE+NWS+,WAIT,55.0,2.82,0,0,0.00,0.00,0.00,0.00,0,0,0,0,-3.5,98.75,31.00,166.75,-263.75,265.00,R,10,UNKNOWN,BRICK_CLOSE,src=primary color=R streak=10 o=27347.00 c=27331.00 hi=27347.00 lo=27331.00
2026-04-30 05:27:55,2277,27359.00,27303.86,27348.76,27354.47,52.33,19.81,14.0,0.0,14.4,0.0,14.4,0.00,-1,0.0,0,0,0.00,0.00,0.00,0.00,,0.0,0,0,0.00,MANUAL,,AGGR+CHP+ADP+RUN-EXT+PW+DLK+SLC+TPE+NWS+,WAIT,55.0,2.78,0,0,0.00,0.00,0.00,0.00,0,0,0,0,-3.5,98.75,31.00,166.75,-263.75,265.00,R,10,UNKNOWN,SIGNAL,
2026-04-30 05:28:15,2278,27363.00,27303.86,27351.61,27355.25,54.21,19.54,14.0,0.0,14.4,0.0,14.4,0.00,-1,0.0,0,0,0.00,0.00,0.00,0.00,,0.0,0,0,0.00,MANUAL,,AGGR+CHP+ADP+RUN-EXT+PW+DLK+SLC+TPE+NWS+,WAIT,55.0,3.03,0,0,0.00,0.00,0.00,0.00,0,0,0,0,-2.9,102.75,35.00,170.75,-259.75,269.00,G,1,UNKNOWN,BRICK_CLOSE,src=primary color=G streak=1 o=27343.00 c=27359.00 hi=27359.00 lo=27330.75
2026-04-30 05:28:15,2278,27363.00,27303.86,27351.61,27355.25,54.21,19.54,14.0,0.0,14.4,0.0,14.4,0.00,-1,0.0,0,0,0.00,0.00,0.00,0.00,,0.0,0,0,0.00,MANUAL,,AGGR+CHP+ADP+RUN-EXT+PW+DLK+SLC+TPE+NWS+,WAIT,55.0,3.03,0,0,0.00,0.00,0.00,0.00,0,0,0,0,-2.9,102.75,35.00,170.75,-259.75,269.00,G,1,UNKNOWN,RUN_END,color=R len=10 pts=24.0 maxFav=52.0 durSec=1856 startPx=27383.00 endPx=27359.00
2026-04-30 05:28:15,2278,27363.00,27303.93,27351.61,27355.25,54.21,19.54,14.0,0.0,20.6,0.0,20.6,0.00,-1,0.0,0,0,0.00,0.00,0.00,0.00,,0.0,0,0,0.00,MANUAL,,AGGR+CHP+ADP+RUN-EXT+PW+DLK+SLC+TPE+NWS+,WAIT,55.0,3.02,0,0,0.00,0.00,0.00,0.00,0,0,0,0,-2.9,102.75,35.00,170.75,-259.75,269.00,G,1,UNKNOWN,SIGNAL,
2026-04-30 05:28:37,2279,27367.00,27303.93,27354.69,27356.32,56.08,19.29,14.3,0.0,20.6,0.0,20.6,0.00,-1,0.0,0,0,0.00,0.00,0.00,0.00,,0.0,0,0,0.00,MANUAL,,AGGR+CHP+ADP+RUN-EXT+PW+DLK+SLC+TPE+NWS+,WAIT,55.0,3.27,0,0,0.00,0.00,0.00,0.00,0,0,0,0,-1.7,106.75,39.00,174.75,-255.75,273.00,G,2,UNKNOWN,BRICK_CLOSE,src=primary color=G streak=2 o=27347.00 c=27363.00 hi=27363.00 lo=27347.00
2026-04-30 05:28:37,2279,27367.00,27303.97,27354.69,27356.32,56.08,19.29,14.3,0.0,10.5,0.0,10.5,0.00,-1,0.0,0,0,0.00,0.00,0.00,0.00,,0.0,0,0,0.00,MANUAL,,AGGR+CHP+ADP+RUN-EXT+PW+DLK+SLC+TPE+NWS+,WAIT,55.0,3.27,0,0,0.00,0.00,0.00,0.00,0,0,0,0,-1.7,106.75,39.00,174.75,-255.75,273.00,G,2,UNKNOWN,SIGNAL,
2026-04-30 05:28:46,2280,27371.00,27303.97,27357.95,27357.65,57.93,19.05,14.9,0.0,10.5,0.0,10.5,0.00,-1,0.0,0,0,0.00,0.00,0.00,0.00,,0.0,0,0,0.00,MANUAL,,AGGR+CHP+ADP+RUN-EXT+PW+DLK+SLC+TPE+NWS+,WAIT,55.0,3.52,0,0,0.00,0.00,0.00,0.00,0,0,0,1,0.0,110.75,43.00,178.75,-251.75,277.00,G,3,UNKNOWN,BRICK_CLOSE,src=primary color=G streak=3 o=27351.00 c=27367.00 hi=27367.00 lo=27351.00
2026-04-30 05:28:46,2280,27371.00,27304.00,27357.95,27357.65,57.93,19.05,14.9,57.5,0.0,57.5,0.0,0.00,0,0.0,0,0,0.00,0.00,0.00,0.00,,0.0,0,0,0.00,MANUAL,,AGGR+CHP+ADP+RUN-EXT+PW+DLK+SLC+TPE+NWS+,WAIT,55.0,3.52,0,0,0.00,0.00,0.00,0.00,0,0,0,1,0.0,110.75,22.75,178.75,-251.75,277.00,G,3,UNKNOWN,SIGNAL,
2026-04-30 05:28:47,2281,27375.00,27304.00,27361.36,27359.23,59.76,18.83,15.8,57.5,0.0,57.5,0.0,0.00,0,0.0,0,0,0.00,0.00,0.00,0.00,,0.0,0,0,0.00,MANUAL,,AGGR+CHP+ADP+RUN-EXT+PW+DLK+SLC+TPE+NWS+,BUY,55.0,3.77,0,0,0.00,0.00,0.00,0.00,0,0,0,1,1.4,114.75,26.75,182.75,-247.75,281.00,G,4,UNKNOWN,BRICK_CLOSE,src=primary color=G streak=4 o=27355.00 c=27371.00 hi=27371.00 lo=27355.00
2026-04-30 05:28:47,2281,27375.00,27304.03,27361.36,27359.23,59.76,18.83,15.8,67.5,0.0,67.5,0.0,0.00,0,0.0,0,0,0.00,0.00,0.00,0.00,,0.0,0,0,0.00,MANUAL,,AGGR+CHP+ADP+RUN-EXT+PW+DLK+SLC+TPE+NWS+,BUY,55.0,3.77,0,0,0.00,0.00,0.00,0.00,0,0,0,1,1.4,114.75,26.75,182.75,-247.75,281.00,G,4,UNKNOWN,SIGNAL,
2026-04-30 05:28:55,2282,27379.00,27304.03,27364.89,27361.03,61.55,18.63,16.9,67.5,0.0,67.5,0.0,0.00,0,0.0,0,0,0.00,0.00,0.00,0.00,,0.0,0,0,0.00,MANUAL,,AGGR+CHP+ADP+RUN-EXT+PW+DLK+SLC+TPE+NWS+,BUY,55.0,4.02,0,0,0.00,0.00,0.00,0.00,0,0,0,1,2.8,118.75,30.75,186.75,-243.75,285.00,G,5,UNKNOWN,BRICK_CLOSE,src=primary color=G streak=5 o=27359.00 c=27375.00 hi=27375.00 lo=27359.00
2026-04-30 05:28:55,2282,27379.00,27304.10,27364.89,27361.03,61.55,18.63,16.9,47.5,0.0,47.5,0.0,0.00,0,0.0,0,0,0.00,0.00,0.00,0.00,,0.0,0,0,0.00,MANUAL,,AGGR+CHP+ADP+RUN-EXT+PW+DLK+SLC+TPE+NWS+,BUY,55.0,4.02,0,0,0.00,0.00,0.00,0.00,0,0,0,1,2.8,118.75,30.75,186.75,-243.75,285.00,G,5,UNKNOWN,SIGNAL,
2026-04-30 05:29:01,2283,27383.00,27304.10,27368.51,27363.02,63.31,18.44,18.1,47.5,0.0,47.5,0.0,0.00,0,0.0,0,0,0.00,0.00,0.00,0.00,,0.0,0,0,0.00,MANUAL,,AGGR+CHP+ADP+RUN-EXT+PW+DLK+SLC+TPE+NWS+,WAIT,55.0,4.28,0,0,0.00,0.00,0.00,0.00,0,0,0,1,4.1,122.75,34.75,190.75,-239.75,289.00,G,6,UNKNOWN,BRICK_CLOSE,src=primary color=G streak=6 o=27363.00 c=27379.00 hi=27379.00 lo=27363.00
2026-04-30 05:29:01,2283,27383.00,27304.15,27368.51,27363.02,63.31,18.44,18.1,47.5,0.0,47.5,0.0,0.00,0,0.0,0,0,0.00,0.00,0.00,0.00,,0.0,0,0,0.00,MANUAL,,AGGR+CHP+ADP+RUN-EXT+PW+DLK+SLC+TPE+NWS+,WAIT,55.0,4.28,0,0,0.00,0.00,0.00,0.00,0,0,0,1,4.1,122.75,34.75,190.75,-239.75,289.00,G,6,UNKNOWN,SIGNAL,
2026-04-30 05:29:03,2284,27387.00,27304.15,27372.21,27365.20,65.04,18.27,19.6,47.5,0.0,47.5,0.0,0.00,0,0.0,0,0,0.00,0.00,0.00,0.00,,0.0,0,0,0.00,MANUAL,,AGGR+CHP+ADP+RUN-EXT+PW+DLK+SLC+TPE+NWS+,WAIT,55.0,4.53,0,0,0.00,0.00,0.00,0.00,0,0,0,1,5.3,126.75,38.75,194.75,-235.75,293.00,G,7,UNKNOWN,BRICK_CLOSE,src=primary color=G streak=7 o=27367.00 c=27383.00 hi=27383.00 lo=27367.00
2026-04-30 05:29:03,2284,27387.00,27304.18,27372.21,27365.20,65.04,18.27,19.6,32.5,0.0,32.5,0.0,0.00,0,0.0,0,0,0.00,0.00,0.00,0.00,,0.0,0,0,0.00,MANUAL,,AGGR+CHP+ADP+RUN-EXT+PW+DLK+SLC+TPE+NWS+,WAIT,55.0,4.53,0,0,0.00,0.00,0.00,0.00,0,0,0,1,5.3,126.75,38.75,194.75,-235.75,293.00,G,7,UNKNOWN,SIGNAL,
2026-04-30 05:29:38,2285,27391.00,27304.18,27375.97,27367.55,66.73,18.11,21.2,32.5,0.0,32.5,0.0,0.00,0,0.0,0,0,0.00,0.00,0.00,0.00,,0.0,0,0,0.00,MANUAL,,AGGR+CHP+ADP+RUN-EXT+PW+DLK+SLC+TPE+NWS+,WAIT,55.0,4.79,0,0,0.00,0.00,0.00,0.00,0,0,0,1,6.3,130.75,42.75,198.75,-231.75,297.00,G,8,UNKNOWN,BRICK_CLOSE,src=primary color=G streak=8 o=27371.00 c=27387.00 hi=27387.00 lo=27371.00
2026-04-30 05:29:38,2285,27391.00,27304.38,27375.97,27367.55,66.73,18.11,21.2,32.5,0.0,32.5,0.0,0.00,0,0.0,0,0,0.00,0.00,0.00,0.00,,0.0,0,0,0.00,MANUAL,,AGGR+CHP+ADP+RUN-EXT+PW+DLK+SLC+TPE+NWS+,WAIT,55.0,4.78,0,0,0.00,0.00,0.00,0.00,0,0,0,1,6.3,130.75,42.75,198.75,-231.75,297.00,G,8,UNKNOWN,SIGNAL,
2026-04-30 05:29:45,2286,27395.00,27304.38,27379.77,27370.04,68.37,17.96,22.9,32.5,0.0,32.5,0.0,0.00,0,0.0,0,0,0.00,0.00,0.00,0.00,,0.0,0,0,0.00,MANUAL,,AGGR+CHP+ADP+RUN-EXT+PW+DLK+SLC+TPE+NWS+,WAIT,55.0,5.05,0,0,0.00,0.00,0.00,0.00,0,0,0,1,7.2,134.75,46.75,202.75,-227.75,301.00,G,9,UNKNOWN,BRICK_CLOSE,src=primary color=G streak=9 o=27375.00 c=27391.00 hi=27391.00 lo=27375.00
2026-04-30 05:29:45,2286,27395.00,27304.38,27379.77,27370.04,68.37,17.96,22.9,32.5,0.0,32.5,0.0,0.00,0,0.0,0,0,0.00,0.00,0.00,0.00,,0.0,0,0,0.00,MANUAL,,AGGR+CHP+ADP+RUN-EXT+PW+DLK+SLC+TPE+NWS+,WAIT,55.0,5.05,0,0,0.00,0.00,0.00,0.00,0,0,0,1,7.2,134.75,46.75,202.75,-227.75,301.00,G,9,TREND_UP,REGIME_CHANGE,from=UNKNOWN to=TREND_UP adx=22.9 slope=7.17 atr/avg=0.94 eStack=1 distVwapAtr=5.05 nr=Gx9 flips4=0
2026-04-30 05:29:45,2286,27395.00,27304.41,27379.77,27370.04,68.37,17.96,22.9,32.5,0.0,32.5,0.0,0.00,0,0.0,0,0,0.00,0.00,0.00,0.00,,0.0,0,0,0.00,MANUAL,,AGGR+CHP+ADP+RUN-EXT+PW+DLK+SLC+TPE+NWS+,WAIT,55.0,5.05,0,0,0.00,0.00,0.00,0.00,0,0,0,1,7.2,134.75,46.75,202.75,-227.75,301.00,G,9,TREND_UP,SIGNAL,
2026-04-30 05:30:00,2287,27399.00,27304.41,27383.62,27372.68,69.97,17.82,24.8,32.5,0.0,32.5,0.0,0.00,0,0.0,0,0,0.00,0.00,0.00,0.00,,0.0,0,0,0.00,MANUAL,,AGGR+CHP+ADP+RUN-EXT+PW+DLK+SLC+TPE+NWS+,WAIT,55.0,5.31,0,0,0.00,0.00,0.00,0.00,0,0,0,1,7.9,138.75,50.75,206.75,-223.75,305.00,G,10,TREND_UP,BRICK_CLOSE,src=primary color=G streak=10 o=27379.00 c=27395.00 hi=27395.00 lo=27379.00
2026-04-30 05:30:00,2287,27399.00,27304.55,27383.62,27372.68,69.97,17.82,24.8,35.0,0.0,35.0,0.0,0.00,0,0.0,0,0,0.00,0.00,0.00,0.00,,0.0,0,0,0.00,MANUAL,,AGGR+CHP+ADP+RUN-EXT+PW+DLK+SLC+TPE+NWS+,WAIT,55.0,5.30,0,0,0.00,0.00,0.00,0.00,0,0,0,1,7.9,138.75,50.75,206.75,-223.75,305.00,G,10,TREND_UP,SIGNAL,
2026-04-30 05:30:01,2288,27403.00,27304.55,27387.49,27375.43,71.51,17.69,26.7,35.0,0.0,35.0,0.0,0.00,0,0.0,0,0,0.00,0.00,0.00,0.00,,0.0,0,0,0.00,MANUAL,,AGGR+CHP+ADP+RUN-EXT+PW+DLK+SLC+TPE+NWS+,WAIT,55.0,5.57,0,0,0.00,0.00,0.00,0.00,0,0,0,1,8.6,142.75,54.75,210.75,-219.75,309.00,G,11,TREND_UP,BRICK_CLOSE,src=primary color=G streak=11 o=27383.00 c=27399.00 hi=27399.00 lo=27383.00
2026-04-30 05:30:01,2288,27403.00,27304.64,27387.49,27375.43,71.51,17.69,26.7,50.0,0.0,50.0,0.0,0.00,0,0.0,0,0,0.00,0.00,0.00,0.00,,0.0,0,0,0.00,MANUAL,,AGGR+CHP+ADP+RUN-EXT+PW+DLK+SLC+TPE+NWS+,WAIT,55.0,5.56,0,0,0.00,0.00,0.00,0.00,0,0,0,1,8.6,142.75,54.75,210.75,-219.75,309.00,G,11,TREND_UP,SIGNAL,
2026-04-30 05:30:36,2289,27407.00,27304.64,27391.40,27378.30,73.01,17.57,28.7,50.0,0.0,50.0,0.0,0.00,0,0.0,0,0,0.00,0.00,0.00,0.00,,0.0,0,0,0.00,MANUAL,,AGGR+CHP+ADP+RUN-EXT+PW+DLK+SLC+TPE+NWS+,WAIT,55.0,5.83,0,0,0.00,0.00,0.00,0.00,0,0,0,1,9.1,146.75,58.75,214.75,-215.75,313.00,G,12,TREND_UP,BRICK_CLOSE,src=primary color=G streak=12 o=27387.00 c=27403.00 hi=27403.00 lo=27387.00
2026-04-30 05:30:36,2289,27407.00,27304.64,27391.40,27378.30,73.01,17.57,28.7,50.0,0.0,50.0,0.0,0.00,0,0.0,0,0,0.00,0.00,0.00,0.00,,0.0,0,0,0.00,MANUAL,,AGGR+CHP+ADP+RUN-EXT+PW+DLK+SLC+TPE+NWS+,WAIT,55.0,5.83,0,0,0.00,0.00,0.00,0.00,0,0,0,1,9.1,146.75,58.75,214.75,-215.75,313.00,G,12,TREND_UP,HEARTBEAT,tradesToday=0 openDca=0
2026-04-30 05:30:36,2289,27407.00,27305.10,27391.40,27378.30,73.01,17.57,28.7,50.0,0.0,50.0,0.0,0.00,0,0.0,0,0,0.00,0.00,0.00,0.00,,0.0,0,0,0.00,MANUAL,,AGGR+CHP+ADP+RUN-EXT+PW+DLK+SLC+TPE+NWS+,WAIT,55.0,5.80,0,0,0.00,0.00,0.00,0.00,0,0,0,1,9.1,146.75,58.75,214.75,-215.75,313.00,G,12,TREND_UP,SIGNAL,
2026-04-30 05:30:41,2290,27411.00,27305.10,27395.32,27381.27,74.46,17.45,30.8,50.0,0.0,50.0,0.0,0.00,0,0.0,0,0,0.00,0.00,0.00,0.00,,0.0,0,0,0.00,MANUAL,,AGGR+CHP+ADP+RUN-EXT+PW+DLK+SLC+TPE+NWS+,WAIT,55.0,6.07,0,0,0.00,0.00,0.00,0.00,0,0,0,1,9.6,150.75,62.75,218.75,-211.75,317.00,G,13,TREND_UP,BRICK_CLOSE,src=primary color=G streak=13 o=27391.00 c=27407.00 hi=27407.00 lo=27391.00
2026-04-30 05:30:41,2290,27411.00,27305.17,27395.32,27381.27,74.46,17.45,30.8,65.0,0.0,65.0,0.0,0.00,0,0.0,0,0,0.00,0.00,0.00,0.00,,0.0,0,0,0.00,MANUAL,,AGGR+CHP+ADP+RUN-EXT+PW+DLK+SLC+TPE+NWS+,WAIT,55.0,6.06,0,0,0.00,0.00,0.00,0.00,0,0,0,1,9.6,150.75,62.75,218.75,-211.75,317.00,G,13,TREND_UP,SIGNAL,
2026-04-30 05:30:47,2291,27415.00,27305.17,27399.25,27384.34,75.85,17.35,32.9,65.0,0.0,65.0,0.0,0.00,0,0.0,0,0,0.00,0.00,0.00,0.00,,0.0,0,0,0.00,MANUAL,,AGGR+CHP+ADP+RUN-EXT+PW+DLK+SLC+TPE+NWS+,BUY,55.0,6.33,0,0,0.00,0.00,0.00,0.00,0,0,0,1,9.9,154.75,66.75,222.75,-207.75,321.00,G,14,TREND_UP,BRICK_CLOSE,src=primary color=G streak=14 o=27395.00 c=27411.00 hi=27411.00 lo=27395.00
2026-04-30 05:30:47,2291,27415.00,27305.25,27399.25,27384.34,75.85,17.35,32.9,77.0,0.0,77.0,0.0,0.00,1,0.0,0,0,0.00,0.00,0.00,0.00,,0.0,0,0,0.00,MANUAL,,AGGR+CHP+ADP+RUN-EXT+PW+DLK+SLC+TPE+NWS+,BUY,55.0,6.33,0,0,0.00,0.00,0.00,0.00,0,0,0,1,9.9,154.75,66.75,222.75,-207.75,321.00,G,14,TREND_UP,SIGNAL,
2026-04-30 05:30:58,2292,27419.00,27305.25,27403.20,27387.49,77.19,17.25,35.0,77.0,0.0,77.0,0.0,0.00,1,0.0,0,0,0.00,0.00,0.00,0.00,,0.0,0,0,0.00,MANUAL,,AGGR+CHP+ADP+RUN-EXT+PW+DLK+SLC+TPE+NWS+,BUY,55.0,6.59,0,0,0.00,0.00,0.00,0.00,0,0,0,1,10.2,158.75,70.75,226.75,-203.75,325.00,G,15,TREND_UP,BRICK_CLOSE,src=primary color=G streak=15 o=27399.00 c=27415.00 hi=27415.00 lo=27399.00
2026-04-30 05:30:58,2292,27419.00,27305.37,27403.20,27387.49,77.19,17.25,35.0,77.0,0.0,77.0,0.0,0.00,1,0.0,0,0,0.00,0.00,0.00,0.00,,0.0,0,0,0.00,MANUAL,,AGGR+CHP+ADP+RUN-EXT+PW+DLK+SLC+TPE+NWS+,BUY,55.0,6.59,0,0,0.00,0.00,0.00,0.00,0,0,0,1,10.2,158.75,70.75,226.75,-203.75,325.00,G,15,TREND_UP,SIGNAL,
2026-04-30 05:31:00,2293,27423.00,27305.37,27407.16,27390.72,78.48,17.16,37.2,77.0,0.0,77.0,0.0,0.00,1,0.0,0,0,0.00,0.00,0.00,0.00,,0.0,0,0,0.00,MANUAL,,AGGR+CHP+ADP+RUN-EXT+PW+DLK+SLC+TPE+NWS+,BUY,55.0,6.85,0,0,0.00,0.00,0.00,0.00,0,0,0,1,10.4,162.75,74.75,230.75,-199.75,329.00,G,16,TREND_UP,BRICK_CLOSE,src=primary color=G streak=16 o=27403.00 c=27419.00 hi=27419.00 lo=27403.00
2026-04-30 05:31:00,2293,27423.00,27305.42,27407.16,27390.72,78.48,17.16,37.2,77.0,0.0,77.0,0.0,0.00,1,0.0,0,0,0.00,0.00,0.00,0.00,,0.0,0,0,0.00,MANUAL,,AGGR+CHP+ADP+RUN-EXT+PW+DLK+SLC+TPE+NWS+,BUY,55.0,6.85,0,0,0.00,0.00,0.00,0.00,0,0,0,1,10.4,162.75,74.75,230.75,-199.75,329.00,G,16,TREND_UP,SIGNAL,
2026-04-30 05:31:01,2294,27427.00,27305.42,27411.13,27394.02,79.71,17.08,39.3,77.0,0.0,77.0,0.0,0.00,1,0.0,0,0,0.00,0.00,0.00,0.00,,0.0,0,0,0.00,MANUAL,,AGGR+CHP+ADP+RUN-EXT+PW+DLK+SLC+TPE+NWS+,BUY,55.0,7.12,0,0,0.00,0.00,0.00,0.00,0,0,0,1,10.6,166.75,78.75,234.75,-195.75,333.00,G,17,TREND_UP,BRICK_CLOSE,src=primary color=G streak=17 o=27407.00 c=27423.00 hi=27423.00 lo=27407.00
2026-04-30 05:31:01,2294,27427.00,27305.48,27411.13,27394.02,79.71,17.08,39.3,77.0,0.0,77.0,0.0,0.00,1,0.0,0,0,0.00,0.00,0.00,0.00,,0.0,0,0,0.00,MANUAL,,AGGR+CHP+ADP+RUN-EXT+PW+DLK+SLC+TPE+NWS+,BUY,55.0,7.11,0,0,0.00,0.00,0.00,0.00,0,0,0,1,10.6,166.75,78.75,234.75,-195.75,333.00,G,17,TREND_UP,SIGNAL,
2026-04-30 05:31:01,2295,27431.00,27305.48,27415.10,27397.38,80.89,17.00,41.5,77.0,0.0,77.0,0.0,0.00,1,0.0,0,0,0.00,0.00,0.00,0.00,,0.0,0,0,0.00,MANUAL,,AGGR+CHP+ADP+RUN-EXT+PW+DLK+SLC+TPE+NWS+,BUY,55.0,7.38,0,0,0.00,0.00,0.00,0.00,0,0,0,1,10.7,170.75,82.75,238.75,-191.75,337.00,G,18,TREND_UP,BRICK_CLOSE,src=primary color=G streak=18 o=27411.00 c=27427.00 hi=27427.00 lo=27411.00
2026-04-30 05:31:01,2295,27431.00,27305.52,27415.10,27397.38,80.89,17.00,41.5,77.0,0.0,77.0,0.0,0.00,1,0.0,0,0,0.00,0.00,0.00,0.00,,0.0,0,0,0.00,MANUAL,,AGGR+CHP+ADP+RUN-EXT+PW+DLK+SLC+TPE+NWS+,BUY,55.0,7.38,0,0,0.00,0.00,0.00,0.00,0,0,0,1,10.7,170.75,82.75,238.75,-191.75,337.00,G,18,TREND_UP,SIGNAL,
2026-04-30 05:31:02,2296,27435.00,27305.52,27419.08,27400.80,82.02,16.93,43.6,77.0,0.0,77.0,0.0,0.00,1,0.0,0,0,0.00,0.00,0.00,0.00,,0.0,0,0,0.00,MANUAL,,AGGR+CHP+ADP+RUN-EXT+PW+DLK+SLC+TPE+NWS+,BUY,55.0,7.65,0,0,0.00,0.00,0.00,0.00,0,0,0,1,10.7,174.75,86.75,242.75,-187.75,341.00,G,19,TREND_UP,BRICK_CLOSE,src=primary color=G streak=19 o=27415.00 c=27431.00 hi=27431.00 lo=27415.00
2026-04-30 05:31:02,2296,27435.00,27305.59,27419.08,27400.80,82.02,16.93,43.6,77.0,0.0,77.0,0.0,0.00,1,0.0,0,0,0.00,0.00,0.00,0.00,,0.0,0,0,0.00,MANUAL,,AGGR+CHP+ADP+RUN-EXT+PW+DLK+SLC+TPE+NWS+,BUY,55.0,7.64,0,0,0.00,0.00,0.00,0.00,0,0,0,1,10.7,174.75,86.75,242.75,-187.75,341.00,G,19,TREND_UP,SIGNAL,
2026-04-30 05:31:09,2297,27439.00,27305.59,27423.07,27404.27,83.09,16.87,45.7,77.0,0.0,77.0,0.0,0.00,1,0.0,0,0,0.00,0.00,0.00,0.00,,0.0,0,0,0.00,MANUAL,,AGGR+CHP+ADP+RUN-EXT+PW+DLK+SLC+TPE+NWS+,BUY,55.0,7.91,0,0,0.00,0.00,0.00,0.00,0,0,0,1,10.7,178.75,90.75,246.75,-183.75,345.00,G,20,TREND_UP,BRICK_CLOSE,src=primary color=G streak=20 o=27419.00 c=27435.00 hi=27435.00 lo=27419.00
2026-04-30 05:31:09,2297,27439.00,27306.01,27423.07,27404.27,83.09,16.87,45.7,77.0,0.0,77.0,0.0,0.00,1,0.0,0,0,0.00,0.00,0.00,0.00,,0.0,0,0,0.00,MANUAL,,AGGR+CHP+ADP+RUN-EXT+PW+DLK+SLC+TPE+NWS+,BUY,55.0,7.89,0,0,0.00,0.00,0.00,0.00,0,0,0,1,10.7,178.75,90.75,246.75,-183.75,345.00,G,20,TREND_UP,SIGNAL,
2026-04-30 05:32:14,2298,27411.00,27306.01,27420.65,27404.88,57.32,17.88,45.5,77.0,0.0,77.0,0.0,0.00,1,0.0,0,0,0.00,0.00,0.00,0.00,,0.0,0,0,0.00,MANUAL,,AGGR+CHP+ADP+RUN-EXT+PW+DLK+SLC+TPE+NWS+,BUY,55.0,5.87,0,0,0.00,0.00,0.00,0.00,0,0,0,0,8.4,150.75,62.75,218.75,-211.75,317.00,G,21,TREND_UP,BRICK_CLOSE,src=primary color=G streak=21 o=27423.00 c=27439.00 hi=27439.00 lo=27423.00
2026-04-30 05:32:14,2298,27411.00,27306.01,27420.65,27404.88,57.32,17.88,45.5,77.0,0.0,77.0,0.0,0.00,1,0.0,0,0,0.00,0.00,0.00,0.00,,0.0,0,0,0.00,MANUAL,,AGGR+CHP+ADP+RUN-EXT+PW+DLK+SLC+TPE+NWS+,BUY,55.0,5.87,0,0,0.00,0.00,0.00,0.00,0,0,0,0,8.4,150.75,62.75,218.75,-211.75,317.00,G,21,UNKNOWN,REGIME_CHANGE,from=TREND_UP to=UNKNOWN adx=45.5 slope=8.37 atr/avg=1.00 eStack=0 distVwapAtr=5.87 nr=Gx21 flips4=1
2026-04-30 05:32:14,2298,27411.00,27307.03,27420.65,27404.88,57.32,17.88,45.5,31.4,0.0,31.4,0.0,0.00,0,0.0,0,0,0.00,0.00,0.00,0.00,,0.0,0,0,0.00,MANUAL,,AGGR+CHP+ADP+RUN-EXT+PW+DLK+SLC+TPE+NWS+,BUY,55.0,5.82,0,0,0.00,0.00,0.00,0.00,0,0,0,0,8.4,150.75,62.75,218.75,-211.75,317.00,G,21,UNKNOWN,SIGNAL,
2026-04-30 05:32:15,2299,27407.00,27307.03,27417.92,27405.08,54.71,17.74,44.8,31.4,0.0,31.4,0.0,0.00,0,0.0,0,0,0.00,0.00,0.00,0.00,,0.0,0,0,0.00,MANUAL,,AGGR+CHP+ADP+RUN-EXT+PW+DLK+SLC+TPE+NWS+,WAIT,55.0,5.63,0,0,0.00,0.00,0.00,0.00,0,0,0,0,5.4,146.75,58.75,214.75,-215.75,313.00,R,1,UNKNOWN,BRICK_CLOSE,src=primary color=R streak=1 o=27427.00 c=27411.00 hi=27442.00 lo=27411.00
2026-04-30 05:32:15,2299,27407.00,27307.03,27417.92,27405.08,54.71,17.74,44.8,31.4,0.0,31.4,0.0,0.00,0,0.0,0,0,0.00,0.00,0.00,0.00,,0.0,0,0,0.00,MANUAL,,AGGR+CHP+ADP+RUN-EXT+PW+DLK+SLC+TPE+NWS+,WAIT,55.0,5.63,0,0,0.00,0.00,0.00,0.00,0,0,0,0,5.4,146.75,58.75,214.75,-215.75,313.00,R,1,UNKNOWN,RUN_END,color=G len=21 pts=68.0 maxFav=96.0 durSec=241 startPx=27343.00 endPx=27411.00
2026-04-30 05:32:15,2299,27407.00,27307.03,27417.92,27405.08,54.71,17.74,44.8,31.4,0.0,31.4,0.0,0.00,0,0.0,0,0,0.00,0.00,0.00,0.00,,0.0,0,0,0.00,MANUAL,,AGGR+CHP+ADP+RUN-EXT+PW+DLK+SLC+TPE+NWS+,WAIT,55.0,5.63,0,0,0.00,0.00,0.00,0.00,0,0,0,0,5.4,146.75,58.75,214.75,-215.75,313.00,R,1,UNKNOWN,PULLBACK_ARM,dir=1 runLen=21 runPts=68.0 maxFav=96.0 extremePx=27411.00 windowSec=900
2026-04-30 05:32:15,2299,27407.00,27307.04,27417.92,27405.08,54.71,17.74,44.8,18.9,0.0,18.9,0.0,0.00,0,0.0,0,0,0.00,0.00,0.00,0.00,,0.0,0,0,0.00,MANUAL,,AGGR+CHP+ADP+RUN-EXT+PW+DLK+SLC+TPE+NWS+,WAIT,55.0,5.63,0,0,0.00,0.00,0.00,0.00,0,0,0,0,5.4,146.75,58.75,214.75,-215.75,313.00,R,1,UNKNOWN,SIGNAL,
2026-04-30 05:32:29,2300,27403.00,27307.04,27414.94,27404.89,52.15,17.62,43.5,18.9,0.0,18.9,0.0,0.00,0,0.0,0,0,0.00,0.00,0.00,0.00,,0.0,0,0,0.00,MANUAL,,AGGR+CHP+ADP+RUN-EXT+PW+DLK+SLC+TPE+NWS+,WAIT,55.0,5.45,0,0,0.00,0.00,0.00,0.00,0,0,0,0,2.0,142.75,54.75,210.75,-219.75,309.00,R,2,UNKNOWN,BRICK_CLOSE,src=primary color=R streak=2 o=27423.00 c=27407.00 hi=27423.00 lo=27407.00
2026-04-30 05:32:29,2300,27403.00,27307.19,27414.94,27404.89,52.15,17.62,43.5,10.0,0.0,10.0,0.0,0.00,0,0.0,0,0,0.00,0.00,0.00,0.00,,0.0,0,0,0.00,MANUAL,,AGGR+CHP+ADP+RUN-EXT+PW+DLK+SLC+TPE+NWS+,WAIT,55.0,5.44,0,0,0.00,0.00,0.00,0.00,0,0,0,0,2.0,142.75,54.50,210.75,-219.75,309.00,R,2,UNKNOWN,SIGNAL,
2026-04-30 05:32:36,2301,27399.00,27307.19,27411.75,27404.35,49.65,17.50,41.7,10.0,0.0,10.0,0.0,0.00,0,0.0,0,0,0.00,0.00,0.00,0.00,,0.0,0,0,0.00,MANUAL,,AGGR+CHP+ADP+RUN-EXT+PW+DLK+SLC+TPE+NWS+,WAIT,55.0,5.25,0,0,0.00,0.00,0.00,0.00,0,0,0,0,-1.9,138.75,50.50,206.75,-223.75,305.00,R,3,UNKNOWN,BRICK_CLOSE,src=primary color=R streak=3 o=27419.00 c=27403.00 hi=27419.00 lo=27403.00
2026-04-30 05:32:36,2301,27399.00,27307.24,27411.75,27404.35,49.65,17.50,41.7,10.6,0.0,10.6,0.0,0.00,0,0.0,0,0,0.00,0.00,0.00,0.00,,0.0,0,0,0.00,MANUAL,,AGGR+CHP+ADP+RUN-EXT+PW+DLK+SLC+TPE+NWS+,WAIT,55.0,5.24,0,0,0.00,0.00,0.00,0.00,0,0,0,0,-1.9,138.75,50.50,206.75,-223.75,305.00,R,3,UNKNOWN,SIGNAL,
2026-04-30 05:39:03,2302,27395.00,27307.24,27408.40,27403.50,47.22,17.75,39.6,10.6,0.0,10.6,0.0,0.00,0,0.0,0,0,0.00,0.00,0.00,0.00,,0.0,0,0,0.00,MANUAL,,AGGR+CHP+ADP+RUN-EXT+PW+DLK+SLC+TPE+NWS+,WAIT,55.0,4.94,0,0,0.00,0.00,0.00,0.00,0,0,0,0,-6.1,134.75,46.50,202.75,-227.75,301.00,R,4,UNKNOWN,BRICK_CLOSE,src=primary color=R streak=4 o=27415.00 c=27399.00 hi=27415.00 lo=27399.00
2026-04-30 05:39:03,2302,27395.00,27308.82,27408.40,27403.50,47.22,17.75,39.6,12.4,0.0,12.4,0.0,0.00,0,0.0,0,0,0.00,0.00,0.00,0.00,,0.0,0,0,0.00,MANUAL,,AGGR+CHP+ADP+RUN-EXT+PW+DLK+SLC+TPE+NWS+,WAIT,55.0,4.85,0,0,0.00,0.00,0.00,0.00,0,0,0,0,-6.1,134.75,46.50,202.75,-227.75,301.00,R,4,UNKNOWN,SIGNAL,
2026-04-30 05:42:12,2303,27391.00,27308.82,27404.92,27402.37,44.84,17.77,37.1,12.4,0.0,12.4,0.0,0.00,0,0.0,0,0,0.00,0.00,0.00,0.00,,0.0,0,0,0.00,MANUAL,,AGGR+CHP+ADP+RUN-EXT+PW+DLK+SLC+TPE+NWS+,WAIT,55.0,4.62,0,0,0.00,0.00,0.00,0.00,0,0,0,0,-8.4,130.75,42.50,198.75,-231.75,297.00,R,5,UNKNOWN,BRICK_CLOSE,src=primary color=R streak=5 o=27411.00 c=27395.00 hi=27416.00 lo=27395.00
2026-04-30 05:42:12,2303,27391.00,27308.82,27404.92,27402.37,44.84,17.77,37.1,12.4,0.0,12.4,0.0,0.00,0,0.0,0,0,0.00,0.00,0.00,0.00,,0.0,0,0,0.00,MANUAL,,AGGR+CHP+ADP+RUN-EXT+PW+DLK+SLC+TPE+NWS+,WAIT,55.0,4.62,0,0,0.00,0.00,0.00,0.00,0,0,0,0,-8.4,130.75,42.50,198.75,-231.75,297.00,R,5,UNKNOWN,HEARTBEAT,tradesToday=0 openDca=0
2026-04-30 05:42:12,2303,27391.00,27309.49,27404.92,27402.37,44.84,17.77,37.1,18.9,0.0,18.9,0.0,0.00,0,0.0,0,0,0.00,0.00,0.00,0.00,,0.0,0,0,0.00,MANUAL,,AGGR+CHP+ADP+RUN-EXT+PW+DLK+SLC+TPE+NWS+,WAIT,55.0,4.59,0,0,0.00,0.00,0.00,0.00,0,0,0,0,-8.4,130.75,42.50,198.75,-231.75,297.00,R,5,UNKNOWN,SIGNAL,
2026-04-30 05:43:01,2304,27387.00,27309.49,27401.34,27400.97,42.54,17.64,34.6,18.9,0.0,18.9,0.0,0.00,0,0.0,0,0,0.00,0.00,0.00,0.00,,0.0,0,0,0.00,MANUAL,,AGGR+CHP+ADP+RUN-EXT+PW+DLK+SLC+TPE+NWS+,WAIT,55.0,4.39,0,0,0.00,0.00,0.00,0.00,0,0,0,0,-10.2,126.75,38.50,194.75,-235.75,293.00,R,6,UNKNOWN,BRICK_CLOSE,src=primary color=R streak=6 o=27407.00 c=27391.00 hi=27409.00 lo=27391.00
2026-04-30 05:43:01,2304,27387.00,27309.60,27401.34,27400.97,42.54,17.64,34.6,18.8,0.0,18.8,0.0,0.00,0,0.0,0,0,0.00,0.00,0.00,0.00,,0.0,0,0,0.00,MANUAL,,AGGR+CHP+ADP+RUN-EXT+PW+DLK+SLC+TPE+NWS+,WAIT,55.0,4.39,0,0,0.00,0.00,0.00,0.00,0,0,0,0,-10.2,126.75,38.50,194.75,-235.75,293.00,R,6,UNKNOWN,SIGNAL,
2026-04-30 05:43:35,2305,27383.00,27309.60,27397.67,27399.34,40.32,17.53,32.7,18.8,0.0,18.8,0.0,0.00,0,0.0,0,0,0.00,0.00,0.00,0.00,,0.0,0,0,0.00,MANUAL,,AGGR+CHP+ADP+RUN-EXT+PW+DLK+SLC+TPE+NWS+,WAIT,55.0,4.19,0,0,0.00,0.00,0.00,0.00,0,0,0,-1,-10.8,122.75,34.50,190.75,-239.75,289.00,R,7,UNKNOWN,BRICK_CLOSE,src=primary color=R streak=7 o=27403.00 c=27387.00 hi=27403.00 lo=27387.00
2026-04-30 05:43:35,2305,27383.00,27309.70,27397.67,27399.34,40.32,17.53,32.7,0.0,96.5,0.0,96.5,0.00,-1,0.0,0,0,0.00,0.00,0.00,0.00,,0.0,0,0,0.00,MANUAL,,AGGR+CHP+ADP+RUN-EXT+PW+DLK+SLC+TPE+NWS+,WAIT,55.0,4.18,0,0,0.00,0.00,0.00,0.00,0,0,0,-1,-10.8,122.75,34.50,190.75,-239.75,289.00,R,7,UNKNOWN,SIGNAL,
2026-04-30 05:44:00,2306,27379.00,27309.70,27393.94,27397.49,38.17,17.42,31.3,0.0,96.5,0.0,96.5,0.00,-1,0.0,0,0,0.00,0.00,0.00,0.00,,0.0,0,0,0.00,MANUAL,,AGGR+CHP+ADP+RUN-EXT+PW+DLK+SLC+TPE+NWS+,STRONG_SELL,55.0,3.98,0,0,0.00,0.00,0.00,0.00,0,0,0,-1,-10.4,118.75,30.50,186.75,-243.75,285.00,R,8,UNKNOWN,BRICK_CLOSE,src=primary color=R streak=8 o=27399.00 c=27383.00 hi=27399.00 lo=27383.00
2026-04-30 05:44:00,2306,27379.00,27309.81,27393.94,27397.49,38.17,17.42,31.3,0.0,85.1,0.0,85.1,0.00,-1,0.0,0,0,0.00,0.00,0.00,0.00,,0.0,0,0,0.00,MANUAL,,AGGR+CHP+ADP+RUN-EXT+PW+DLK+SLC+TPE+NWS+,STRONG_SELL,55.0,3.97,0,0,0.00,0.00,0.00,0.00,0,0,0,-1,-10.4,118.75,30.50,186.75,-243.75,285.00,R,8,UNKNOWN,SIGNAL,
2026-04-30 05:44:05,2307,27375.00,27309.81,27390.15,27395.44,36.09,17.32,30.4,0.0,85.1,0.0,85.1,0.00,-1,0.0,0,0,0.00,0.00,0.00,0.00,,0.0,0,0,0.00,MANUAL,,AGGR+CHP+ADP+RUN-EXT+PW+DLK+SLC+TPE+NWS+,STRONG_SELL,55.0,3.76,0,0,0.00,0.00,0.00,0.00,0,0,0,-1,-9.2,114.75,26.50,182.75,-247.75,281.00,R,9,UNKNOWN,BRICK_CLOSE,src=primary color=R streak=9 o=27395.00 c=27379.00 hi=27395.00 lo=27379.00
2026-04-30 05:44:05,2307,27375.00,27309.84,27390.15,27395.44,36.09,17.32,30.4,0.0,120.0,0.0,120.0,0.00,-1,0.0,0,0,0.00,0.00,0.00,0.00,,0.0,0,0,0.00,MANUAL,,AGGR+CHP+ADP+RUN-EXT+PW+DLK+SLC+TPE+NWS+,STRONG_SELL,55.0,3.76,0,0,0.00,0.00,0.00,0.00,0,0,0,-1,-9.2,114.75,26.50,182.75,-247.75,281.00,R,9,UNKNOWN,SIGNAL,
2026-04-30 05:51:16,2308,27371.00,27309.84,27386.32,27393.22,34.10,17.54,30.0,0.0,120.0,0.0,120.0,0.00,-1,0.0,0,0,0.00,0.00,0.00,0.00,,0.0,0,0,0.00,MANUAL,,AGGR+CHP+ADP+RUN-EXT+PW+DLK+SLC+TPE+NWS+,STRONG_SELL,55.0,3.49,0,0,0.00,0.00,0.00,0.00,0,0,0,-1,-7.1,110.75,22.50,178.75,-251.75,277.00,R,10,UNKNOWN,BRICK_CLOSE,src=primary color=R streak=10 o=27391.00 c=27375.00 hi=27391.00 lo=27375.00
2026-04-30 05:51:16,2308,27371.00,27310.94,27386.32,27393.22,34.10,17.54,30.0,5.1,87.0,5.1,87.0,0.00,-1,0.0,0,0,0.00,0.00,0.00,0.00,,0.0,0,0,0.00,MANUAL,,AGGR+CHP+ADP+RUN-EXT+PW+DLK+SLC+TPE+NWS+,STRONG_SELL,55.0,3.42,0,0,0.00,0.00,0.00,0.00,0,0,0,-1,-7.1,110.75,22.50,178.75,-251.75,277.00,R,10,UNKNOWN,SIGNAL,
2026-04-30 05:51:19,2309,27367.00,27310.94,27382.45,27390.84,32.18,17.43,29.9,5.1,87.0,5.1,87.0,0.00,-1,0.0,0,0,0.00,0.00,0.00,0.00,,0.0,0,0,0.00,MANUAL,,AGGR+CHP+ADP+RUN-EXT+PW+DLK+SLC+TPE+NWS+,STRONG_SELL,55.0,3.22,0,0,0.00,0.00,0.00,0.00,0,0,0,-1,-4.6,106.75,18.50,174.75,-255.75,273.00,R,11,UNKNOWN,BRICK_CLOSE,src=primary color=R streak=11 o=27387.00 c=27371.00 hi=27391.50 lo=27371.00
2026-04-30 05:51:19,2309,27367.00,27310.96,27382.45,27390.84,32.18,17.43,29.9,0.0,120.0,0.0,120.0,0.00,-1,0.0,0,0,0.00,0.00,0.00,0.00,,0.0,0,0,0.00,MANUAL,,AGGR+CHP+ADP+RUN-EXT+PW+DLK+SLC+TPE+NWS+,STRONG_SELL,55.0,3.21,0,0,0.00,0.00,0.00,0.00,0,0,0,-1,-4.6,106.75,18.50,174.75,-255.75,273.00,R,11,UNKNOWN,SIGNAL,
2026-04-30 05:52:17,2310,27363.00,27310.96,27378.56,27388.31,30.34,17.33,30.2,0.0,120.0,0.0,120.0,0.00,-1,0.0,0,0,0.00,0.00,0.00,0.00,,0.0,0,0,0.00,MANUAL,,AGGR+CHP+ADP+RUN-EXT+PW+DLK+SLC+TPE+NWS+,SELL,55.0,3.00,0,0,0.00,0.00,0.00,0.00,0,0,0,-1,-2.4,102.75,14.50,170.75,-259.75,269.00,R,12,UNKNOWN,BRICK_CLOSE,src=primary color=R streak=12 o=27383.00 c=27367.00 hi=27383.00 lo=27367.00
2026-04-30 05:52:17,2310,27363.00,27310.96,27378.56,27388.31,30.34,17.33,30.2,0.0,120.0,0.0,120.0,0.00,-1,0.0,0,0,0.00,0.00,0.00,0.00,,0.0,0,0,0.00,MANUAL,,AGGR+CHP+ADP+RUN-EXT+PW+DLK+SLC+TPE+NWS+,SELL,55.0,3.00,0,0,0.00,0.00,0.00,0.00,0,0,0,-1,-2.4,102.75,14.50,170.75,-259.75,269.00,R,12,UNKNOWN,HEARTBEAT,tradesToday=0 openDca=0
2026-04-30 05:52:17,2310,27363.00,27311.10,27378.56,27388.31,30.34,17.33,30.2,0.0,77.0,0.0,77.0,0.00,-1,0.0,0,0,0.00,0.00,0.00,0.00,,0.0,0,0,0.00,MANUAL,,AGGR+CHP+ADP+RUN-EXT+PW+DLK+SLC+TPE+NWS+,SELL,55.0,2.99,0,0,0.00,0.00,0.00,0.00,0,0,0,-1,-2.4,102.75,14.50,170.75,-259.75,269.00,R,12,UNKNOWN,SIGNAL,
2026-04-30 05:57:04,2311,27359.00,27311.10,27374.65,27385.64,28.59,17.52,30.8,0.0,77.0,0.0,77.0,0.00,-1,0.0,0,0,0.00,0.00,0.00,0.00,,0.0,0,0,0.00,MANUAL,,AGGR+CHP+ADP+RUN-EXT+PW+DLK+SLC+TPE+NWS+,SELL,55.0,2.73,0,0,0.00,0.00,0.00,0.00,0,0,0,-1,-0.5,98.75,10.50,166.75,-263.75,265.00,R,13,UNKNOWN,BRICK_CLOSE,src=primary color=R streak=13 o=27379.00 c=27363.00 hi=27379.00 lo=27363.00
2026-04-30 05:57:04,2311,27359.00,27311.65,27374.65,27385.64,28.59,17.52,30.8,0.0,110.0,0.0,110.0,0.00,-1,0.0,0,0,0.00,0.00,0.00,0.00,,0.0,0,0,0.00,MANUAL,,AGGR+CHP+ADP+RUN-EXT+PW+DLK+SLC+TPE+NWS+,SELL,55.0,2.70,0,0,0.00,0.00,0.00,0.00,0,0,0,-1,-0.5,98.75,10.50,166.75,-263.75,265.00,R,13,UNKNOWN,SIGNAL,
2026-04-30 06:01:23,2312,27387.00,27311.65,27377.12,27385.77,50.29,18.48,30.1,0.0,110.0,0.0,110.0,0.00,-1,0.0,0,0,0.00,0.00,0.00,0.00,,0.0,0,0,0.00,MANUAL,,AGGR+CHP+ADP+RUN-EXT+PW+DLK+SLC+TPE+NWS+,SELL,55.0,4.08,0,0,0.00,0.00,0.00,0.00,0,0,0,0,-0.3,126.75,38.50,194.75,-235.75,293.00,R,14,UNKNOWN,BRICK_CLOSE,src=primary color=R streak=14 o=27375.00 c=27359.00 hi=27379.00 lo=27359.00
2026-04-30 06:01:23,2312,27387.00,27312.42,27377.12,27385.77,50.29,18.48,30.1,0.0,23.4,0.0,23.4,0.00,-1,0.0,0,0,0.00,0.00,0.00,0.00,,0.0,0,0,0.00,MANUAL,,AGGR+CHP+ADP+RUN-EXT+PW+DLK+SLC+TPE+NWS+,SELL,55.0,4.03,0,0,0.00,0.00,0.00,0.00,0,0,0,0,-0.3,126.75,38.50,194.75,-235.75,293.00,R,14,UNKNOWN,SIGNAL,
2026-04-30 06:01:57,2313,27391.00,27312.42,27379.90,27386.24,52.51,18.31,28.9,0.0,23.4,0.0,23.4,0.00,-1,0.0,0,0,0.00,0.00,0.00,0.00,,0.0,0,0,0.00,MANUAL,,AGGR+CHP+ADP+RUN-EXT+PW+DLK+SLC+TPE+NWS+,WAIT,55.0,4.29,0,0,0.00,0.00,0.00,0.00,0,0,0,0,-1.1,130.75,42.50,198.75,-231.75,297.00,G,1,UNKNOWN,BRICK_CLOSE,src=primary color=G streak=1 o=27371.00 c=27387.00 hi=27387.00 lo=27356.00
2026-04-30 06:01:57,2313,27391.00,27312.42,27379.90,27386.24,52.51,18.31,28.9,0.0,23.4,0.0,23.4,0.00,-1,0.0,0,0,0.00,0.00,0.00,0.00,,0.0,0,0,0.00,MANUAL,,AGGR+CHP+ADP+RUN-EXT+PW+DLK+SLC+TPE+NWS+,WAIT,55.0,4.29,0,0,0.00,0.00,0.00,0.00,0,0,0,0,-1.1,130.75,42.50,198.75,-231.75,297.00,G,1,UNKNOWN,RUN_END,color=R len=14 pts=40.0 maxFav=68.0 durSec=1782 startPx=27427.00 endPx=27387.00
2026-04-30 06:01:57,2313,27391.00,27312.63,27379.90,27386.24,52.51,18.31,28.9,0.0,20.0,0.0,20.0,0.00,-1,0.0,0,0,0.00,0.00,0.00,0.00,,0.0,0,0,0.00,MANUAL,,AGGR+CHP+ADP+RUN-EXT+PW+DLK+SLC+TPE+NWS+,WAIT,55.0,4.28,0,0,0.00,0.00,0.00,0.00,0,0,0,0,-1.1,130.75,42.50,198.75,-231.75,297.00,G,1,UNKNOWN,SIGNAL,
2026-04-30 06:02:04,2314,27395.00,27312.63,27382.92,27387.04,54.69,18.14,27.3,0.0,20.0,0.0,20.0,0.00,-1,0.0,0,0,0.00,0.00,0.00,0.00,,0.0,0,0,0.00,MANUAL,,AGGR+CHP+ADP+RUN-EXT+PW+DLK+SLC+TPE+NWS+,WAIT,55.0,4.54,0,0,0.00,0.00,0.00,0.00,0,0,0,0,-2.6,134.75,46.50,202.75,-227.75,301.00,G,2,UNKNOWN,BRICK_CLOSE,src=primary color=G streak=2 o=27375.00 c=27391.00 hi=27391.00 lo=27375.00
2026-04-30 06:02:04,2314,27395.00,27312.69,27382.92,27387.04,54.69,18.14,27.3,0.0,14.5,0.0,14.5,0.00,-1,0.0,0,0,0.00,0.00,0.00,0.00,,0.0,0,0,0.00,MANUAL,,AGGR+CHP+ADP+RUN-EXT+PW+DLK+SLC+TPE+NWS+,WAIT,55.0,4.54,0,0,0.00,0.00,0.00,0.00,0,0,0,0,-2.6,134.75,46.50,202.75,-227.75,301.00,G,2,UNKNOWN,SIGNAL,
2026-04-30 06:12:43,2315,27399.00,27312.69,27386.13,27388.13,56.82,18.38,25.4,0.0,14.5,0.0,14.5,0.00,-1,0.0,0,0,0.00,0.00,0.00,0.00,,0.0,0,0,0.00,MANUAL,,AGGR+CHP+ADP+RUN-EXT+PW+DLK+SLC+TPE+NWS+,WAIT,55.0,4.70,0,0,0.00,0.00,0.00,0.00,0,0,0,0,-4.8,138.75,50.50,206.75,-223.75,305.00,G,3,UNKNOWN,BRICK_CLOSE,src=primary color=G streak=3 o=27379.00 c=27395.00 hi=27395.00 lo=27379.00
2026-04-30 06:12:43,2315,27399.00,27312.69,27386.13,27388.13,56.82,18.38,25.4,0.0,14.5,0.0,14.5,0.00,-1,0.0,0,0,0.00,0.00,0.00,0.00,,0.0,0,0,0.00,MANUAL,,AGGR+CHP+ADP+RUN-EXT+PW+DLK+SLC+TPE+NWS+,WAIT,55.0,4.70,0,0,0.00,0.00,0.00,0.00,0,0,0,0,-4.8,138.75,50.50,206.75,-223.75,305.00,G,3,UNKNOWN,HEARTBEAT,tradesToday=0 openDca=0
2026-04-30 06:12:43,2315,27399.00,27314.33,27386.13,27388.13,56.82,18.38,25.4,6.5,10.0,6.5,10.0,0.00,-1,0.0,0,0,0.00,0.00,0.00,0.00,,0.0,0,0,0.00,MANUAL,,AGGR+CHP+ADP+RUN-EXT+PW+DLK+SLC+TPE+NWS+,WAIT,55.0,4.61,0,0,0.00,0.00,0.00,0.00,0,0,0,0,-4.8,138.75,50.50,206.75,-223.75,305.00,G,3,UNKNOWN,SIGNAL,
2026-04-30 06:22:01,2316,27403.00,27314.33,27389.51,27389.48,58.90,19.34,24.2,6.5,10.0,6.5,10.0,0.00,-1,0.0,0,0,0.00,0.00,0.00,0.00,,0.0,0,0,0.00,MANUAL,,AGGR+CHP+ADP+RUN-EXT+PW+DLK+SLC+TPE+NWS+,WAIT,55.0,4.59,0,0,0.00,0.00,0.00,0.00,0,0,0,1,-6.6,142.75,54.50,210.75,-219.75,309.00,G,4,UNKNOWN,BRICK_CLOSE,src=primary color=G streak=4 o=27383.00 c=27399.00 hi=27399.00 lo=27377.50
2026-04-30 06:22:01,2316,27403.00,27315.61,27389.51,27389.48,58.90,19.34,24.2,83.6,0.0,83.6,0.0,0.00,0,0.0,0,0,0.00,0.00,0.00,0.00,,0.0,0,0,0.00,MANUAL,,AGGR+CHP+ADP+RUN-EXT+PW+DLK+SLC+TPE+NWS+,WAIT,55.0,4.52,0,0,0.00,0.00,0.00,0.00,0,0,0,1,-6.6,142.75,54.50,210.75,-219.75,309.00,G,4,UNKNOWN,SIGNAL,
2026-04-30 06:22:18,2317,27407.00,27315.61,27393.01,27391.07,60.93,19.10,22.7,83.6,0.0,83.6,0.0,0.00,0,0.0,0,0,0.00,0.00,0.00,0.00,,0.0,0,0,0.00,MANUAL,,AGGR+CHP+ADP+RUN-EXT+PW+DLK+SLC+TPE+NWS+,STRONG_BUY,55.0,4.79,0,0,0.00,0.00,0.00,0.00,0,0,0,1,-7.4,146.75,58.50,214.75,-215.75,313.00,G,5,UNKNOWN,BRICK_CLOSE,src=primary color=G streak=5 o=27387.00 c=27403.00 hi=27403.00 lo=27371.25
2026-04-30 06:22:18,2317,27407.00,27315.69,27393.01,27391.07,60.93,19.10,22.7,83.6,0.0,83.6,0.0,0.00,0,0.0,0,0,0.00,0.00,0.00,0.00,,0.0,0,0,0.00,MANUAL,,AGGR+CHP+ADP+RUN-EXT+PW+DLK+SLC+TPE+NWS+,STRONG_BUY,55.0,4.78,0,0,0.00,0.00,0.00,0.00,0,0,0,1,-7.4,146.75,58.50,214.75,-215.75,313.00,G,5,UNKNOWN,SIGNAL,
2026-04-30 06:26:55,2318,27411.00,27315.69,27396.60,27392.88,62.91,18.91,21.3,83.6,0.0,83.6,0.0,0.00,0,0.0,0,0,0.00,0.00,0.00,0.00,,0.0,0,0,0.00,MANUAL,,AGGR+CHP+ADP+RUN-EXT+PW+DLK+SLC+TPE+NWS+,STRONG_BUY,55.0,5.04,0,0,0.00,0.00,0.00,0.00,0,0,0,1,-7.6,150.75,62.50,218.75,-211.75,317.00,G,6,UNKNOWN,BRICK_CLOSE,src=primary color=G streak=6 o=27391.00 c=27407.00 hi=27407.00 lo=27391.00
2026-04-30 06:26:55,2318,27411.00,27315.69,27396.60,27392.88,62.91,18.91,21.3,83.6,0.0,83.6,0.0,0.00,0,0.0,0,0,0.00,0.00,0.00,0.00,,0.0,0,0,0.00,MANUAL,,AGGR+CHP+ADP+RUN-EXT+PW+DLK+SLC+TPE+NWS+,STRONG_BUY,55.0,5.04,0,0,0.00,0.00,0.00,0.00,0,0,0,1,-7.6,150.75,62.50,218.75,-211.75,317.00,G,6,UNKNOWN,HEARTBEAT,tradesToday=0 openDca=0
2026-04-30 06:26:55,2318,27411.00,27316.39,27396.60,27392.88,62.91,18.91,21.3,47.5,0.0,47.5,0.0,0.00,0,0.0,0,0,0.00,0.00,0.00,0.00,,0.0,0,0,0.00,MANUAL,,AGGR+CHP+ADP+RUN-EXT+PW+DLK+SLC+TPE+NWS+,STRONG_BUY,55.0,5.00,0,0,0.00,0.00,0.00,0.00,0,0,0,1,-7.6,150.75,62.50,218.75,-211.75,317.00,G,6,UNKNOWN,SIGNAL,
2026-04-30 06:27:07,2319,27415.00,27316.39,27400.28,27394.89,64.82,18.70,20.5,47.5,0.0,47.5,0.0,0.00,0,0.0,0,0,0.00,0.00,0.00,0.00,,0.0,0,0,0.00,MANUAL,,AGGR+CHP+ADP+RUN-EXT+PW+DLK+SLC+TPE+NWS+,WAIT,55.0,5.27,0,0,0.00,0.00,0.00,0.00,0,0,0,1,-6.8,154.75,66.50,222.75,-207.75,321.00,G,7,UNKNOWN,BRICK_CLOSE,src=primary color=G streak=7 o=27395.00 c=27411.00 hi=27411.00 lo=27394.50
2026-04-30 06:27:07,2319,27415.00,27316.50,27400.28,27394.89,64.82,18.70,20.5,57.3,0.0,57.3,0.0,0.00,0,0.0,0,0,0.00,0.00,0.00,0.00,,0.0,0,0,0.00,MANUAL,,AGGR+CHP+ADP+RUN-EXT+PW+DLK+SLC+TPE+NWS+,WAIT,55.0,5.27,0,0,0.00,0.00,0.00,0.00,0,0,0,1,-6.8,154.75,66.50,222.75,-207.75,321.00,G,7,UNKNOWN,SIGNAL,
2026-04-30 06:27:07,2320,27419.00,27316.50,27404.03,27397.08,66.67,18.51,20.2,57.3,0.0,57.3,0.0,0.00,0,0.0,0,0,0.00,0.00,0.00,0.00,,0.0,0,0,0.00,MANUAL,,AGGR+CHP+ADP+RUN-EXT+PW+DLK+SLC+TPE+NWS+,BUY,55.0,5.54,0,0,0.00,0.00,0.00,0.00,0,0,0,1,-5.2,158.75,70.50,226.75,-203.75,325.00,G,8,UNKNOWN,BRICK_CLOSE,src=primary color=G streak=8 o=27399.00 c=27415.00 hi=27415.00 lo=27399.00
2026-04-30 06:27:07,2320,27419.00,27316.54,27404.03,27397.08,66.67,18.51,20.2,50.1,0.0,50.1,0.0,0.00,1,0.0,0,0,0.00,0.00,0.00,0.00,,0.0,0,0,0.00,MANUAL,,AGGR+CHP+ADP+RUN-EXT+PW+DLK+SLC+TPE+NWS+,BUY,55.0,5.53,0,0,0.00,0.00,0.00,0.00,0,0,0,1,-5.2,158.75,62.00,226.75,-203.75,325.00,G,8,UNKNOWN,SIGNAL,
2026-04-30 06:30:00,2321,27423.00,27316.54,27407.82,27399.44,68.46,18.33,20.3,50.1,0.0,50.1,0.0,0.00,1,0.0,0,0,0.00,0.00,0.00,0.00,,0.0,0,0,0.00,MANUAL,,AGGR+CHP+ADP+RUN-EXT+PW+DLK+SLC+TPE+NWS+,WAIT,55.0,5.81,0,0,0.00,0.00,0.00,0.00,0,0,0,1,-4.0,162.75,66.00,230.75,-199.75,329.00,G,9,UNKNOWN,BRICK_CLOSE,src=primary color=G streak=9 o=27403.00 c=27419.00 hi=27419.00 lo=27403.00
2026-04-30 06:30:00,2321,27423.00,27317.76,27407.82,27399.44,68.46,18.33,20.3,87.0,0.0,87.0,0.0,0.00,1,0.0,0,0,0.00,0.00,0.00,0.00,,0.0,0,0,0.00,MANUAL,,AGGR+CHP+ADP+RUN-EXT+PW+DLK+SLC+TPE+NWS+,WAIT,55.0,5.74,0,0,0.00,0.00,0.00,0.00,0,0,0,1,-4.0,162.75,66.00,230.75,-199.75,329.00,G,9,UNKNOWN,SIGNAL,
2026-04-30 06:30:02,2322,27427.00,27317.76,27411.66,27401.95,70.18,18.17,20.7,87.0,0.0,87.0,0.0,0.00,1,0.0,0,0,0.00,0.00,0.00,0.00,,0.0,0,0,0.00,MANUAL,,AGGR+CHP+ADP+RUN-EXT+PW+DLK+SLC+TPE+NWS+,BUY,55.0,6.01,0,0,0.00,0.00,0.00,0.00,0,0,0,1,-2.0,166.75,70.00,234.75,-195.75,333.00,G,10,UNKNOWN,BRICK_CLOSE,src=primary color=G streak=10 o=27407.00 c=27423.00 hi=27423.00 lo=27407.00
2026-04-30 06:30:02,2322,27427.00,27318.01,27411.66,27401.95,70.18,18.17,20.7,110.0,0.0,110.0,0.0,0.00,1,0.0,0,0,0.00,0.00,0.00,0.00,,0.0,0,0,0.00,MANUAL,,AGGR+CHP+ADP+RUN-EXT+PW+DLK+SLC+TPE+NWS+,BUY,55.0,6.00,0,0,0.00,0.00,0.00,0.00,0,0,0,1,-2.0,166.75,70.00,234.75,-195.75,333.00,G,10,UNKNOWN,SIGNAL,
2026-04-30 06:30:02,2323,27431.00,27318.01,27415.53,27404.59,71.84,18.01,21.5,110.0,0.0,110.0,0.0,0.00,1,0.0,0,0,0.00,0.00,0.00,0.00,,0.0,0,0,0.00,MANUAL,,AGGR+CHP+ADP+RUN-EXT+PW+DLK+SLC+TPE+NWS+,BUY,55.0,6.27,0,0,0.00,0.00,0.00,0.00,0,0,0,1,0.1,170.75,74.00,238.75,-191.75,337.00,G,11,UNKNOWN,BRICK_CLOSE,src=primary color=G streak=11 o=27411.00 c=27427.00 hi=27427.00 lo=27411.00
2026-04-30 06:30:02,2323,27431.00,27318.05,27415.53,27404.59,71.84,18.01,21.5,77.0,0.0,77.0,0.0,0.00,1,0.0,0,0,0.00,0.00,0.00,0.00,,0.0,0,0,0.00,MANUAL,,AGGR+CHP+ADP+RUN-EXT+PW+DLK+SLC+TPE+NWS+,BUY,55.0,6.27,0,0,0.00,0.00,0.00,0.00,0,0,0,1,0.1,170.75,74.00,238.75,-191.75,337.00,G,11,UNKNOWN,SIGNAL,
2026-04-30 06:32:02,2324,27403.00,27318.05,27413.02,27404.44,50.63,18.85,20.5,77.0,0.0,77.0,0.0,0.00,1,0.0,0,0,0.00,0.00,0.00,0.00,,0.0,0,0,0.00,MANUAL,,AGGR+CHP+ADP+RUN-EXT+PW+DLK+SLC+TPE+NWS+,BUY,55.0,4.51,0,0,0.00,0.00,0.00,0.00,0,0,0,0,0.0,142.75,46.00,210.75,-219.75,309.00,G,12,UNKNOWN,BRICK_CLOSE,src=primary color=G streak=12 o=27415.00 c=27431.00 hi=27431.00 lo=27415.00
2026-04-30 06:32:02,2324,27403.00,27319.44,27413.02,27404.44,50.63,18.85,20.5,17.7,0.0,17.7,0.0,0.00,0,0.0,0,0,0.00,0.00,0.00,0.00,,0.0,0,0,0.00,MANUAL,,AGGR+CHP+ADP+RUN-EXT+PW+DLK+SLC+TPE+NWS+,BUY,55.0,4.43,0,0,0.00,0.00,0.00,0.00,0,0,0,0,0.0,142.75,46.00,210.75,-219.75,309.00,G,12,UNKNOWN,SIGNAL,
2026-04-30 06:35:09,2325,27399.00,27319.44,27410.22,27403.95,48.43,19.13,19.2,17.7,0.0,17.7,0.0,0.00,0,0.0,0,0,0.00,0.00,0.00,0.00,,0.0,0,0,0.00,MANUAL,,AGGR+CHP+ADP+RUN-EXT+PW+DLK+SLC+TPE+NWS+,WAIT,55.0,4.16,0,0,0.00,0.00,0.00,0.00,0,0,0,0,-1.0,138.75,42.00,206.75,-223.75,305.00,R,1,UNKNOWN,BRICK_CLOSE,src=primary color=R streak=1 o=27419.00 c=27403.00 hi=27432.75 lo=27403.00
2026-04-30 06:35:09,2325,27399.00,27319.44,27410.22,27403.95,48.43,19.13,19.2,17.7,0.0,17.7,0.0,0.00,0,0.0,0,0,0.00,0.00,0.00,0.00,,0.0,0,0,0.00,MANUAL,,AGGR+CHP+ADP+RUN-EXT+PW+DLK+SLC+TPE+NWS+,WAIT,55.0,4.16,0,0,0.00,0.00,0.00,0.00,0,0,0,0,-1.0,138.75,42.00,206.75,-223.75,305.00,R,1,UNKNOWN,RUN_END,color=G len=12 pts=32.0 maxFav=60.0 durSec=1992 startPx=27371.00 endPx=27403.00
2026-04-30 06:35:09,2325,27399.00,27320.19,27410.22,27403.95,48.43,19.13,19.2,12.1,0.0,12.1,0.0,0.00,0,0.0,0,0,0.00,0.00,0.00,0.00,,0.0,0,0,0.00,MANUAL,,AGGR+CHP+ADP+RUN-EXT+PW+DLK+SLC+TPE+NWS+,WAIT,55.0,4.12,0,0,0.00,0.00,0.00,0.00,0,0,0,0,-1.0,138.75,42.00,206.75,-223.75,305.00,R,1,UNKNOWN,SIGNAL,
2026-04-30 06:36:57,2326,27395.00,27320.19,27407.17,27403.13,46.27,19.48,18.1,12.1,0.0,12.1,0.0,0.00,0,0.0,0,0,0.00,0.00,0.00,0.00,,0.0,0,0,0.00,MANUAL,,AGGR+CHP+ADP+RUN-EXT+PW+DLK+SLC+TPE+NWS+,WAIT,55.0,3.84,0,0,0.00,0.00,0.00,0.00,0,0,0,0,-2.2,134.75,38.00,202.75,-227.75,301.00,R,2,UNKNOWN,BRICK_CLOSE,src=primary color=R streak=2 o=27415.00 c=27399.00 hi=27421.75 lo=27399.00
2026-04-30 06:36:57,2326,27395.00,27320.19,27407.17,27403.13,46.27,19.48,18.1,12.1,0.0,12.1,0.0,0.00,0,0.0,0,0,0.00,0.00,0.00,0.00,,0.0,0,0,0.00,MANUAL,,AGGR+CHP+ADP+RUN-EXT+PW+DLK+SLC+TPE+NWS+,WAIT,55.0,3.84,0,0,0.00,0.00,0.00,0.00,0,0,0,0,-2.2,134.75,38.00,202.75,-227.75,301.00,R,2,UNKNOWN,HEARTBEAT,tradesToday=0 openDca=0
2026-04-30 06:36:57,2326,27395.00,27320.87,27407.17,27403.13,46.27,19.48,18.1,10.0,0.0,10.0,0.0,0.00,0,0.0,0,0,0.00,0.00,0.00,0.00,,0.0,0,0,0.00,MANUAL,,AGGR+CHP+ADP+RUN-EXT+PW+DLK+SLC+TPE+NWS+,WAIT,55.0,3.81,0,0,0.00,0.00,0.00,0.00,0,0,0,0,-2.2,134.75,38.00,202.75,-227.75,301.00,R,2,UNKNOWN,SIGNAL,
2026-04-30 06:37:02,2327,27391.00,27320.87,27403.94,27402.03,44.15,19.23,17.5,10.0,0.0,10.0,0.0,0.00,0,0.0,0,0,0.00,0.00,0.00,0.00,,0.0,0,0,0.00,MANUAL,,AGGR+CHP+ADP+RUN-EXT+PW+DLK+SLC+TPE+NWS+,WAIT,55.0,3.65,0,0,0.00,0.00,0.00,0.00,0,0,0,0,-3.2,130.75,34.00,198.75,-231.75,297.00,R,3,UNKNOWN,BRICK_CLOSE,src=primary color=R streak=3 o=27411.00 c=27395.00 hi=27419.00 lo=27395.00
2026-04-30 06:37:02,2327,27391.00,27320.90,27403.94,27402.03,44.15,19.23,17.5,0.0,10.2,0.0,10.2,0.00,0,0.0,0,0,0.00,0.00,0.00,0.00,,0.0,0,0,0.00,MANUAL,,AGGR+CHP+ADP+RUN-EXT+PW+DLK+SLC+TPE+NWS+,WAIT,55.0,3.65,0,0,0.00,0.00,0.00,0.00,0,0,0,0,-3.2,130.75,34.00,198.75,-231.75,297.00,R,3,UNKNOWN,SIGNAL,
2026-04-30 06:37:11,2328,27387.00,27320.90,27400.55,27400.66,42.07,19.00,17.4,0.0,10.2,0.0,10.2,0.00,0,0.0,0,0,0.00,0.00,0.00,0.00,,0.0,0,0,0.00,MANUAL,,AGGR+CHP+ADP+RUN-EXT+PW+DLK+SLC+TPE+NWS+,WAIT,55.0,3.48,0,0,0.00,0.00,0.00,0.00,0,0,0,-1,-4.1,126.75,30.00,194.75,-235.75,293.00,R,4,UNKNOWN,BRICK_CLOSE,src=primary color=R streak=4 o=27407.00 c=27391.00 hi=27407.00 lo=27391.00
2026-04-30 06:37:11,2328,27387.00,27320.94,27400.55,27400.66,42.07,19.00,17.4,0.0,90.1,0.0,90.1,0.00,-1,0.0,0,0,0.00,0.00,0.00,0.00,,0.0,0,0,0.00,MANUAL,,AGGR+CHP+ADP+RUN-EXT+PW+DLK+SLC+TPE+NWS+,WAIT,55.0,3.48,0,0,0.00,0.00,0.00,0.00,0,0,0,-1,-4.1,126.75,30.00,194.75,-235.75,293.00,R,4,UNKNOWN,SIGNAL,
2026-04-30 06:37:17,2329,27383.00,27320.94,27397.04,27399.06,40.03,18.78,17.6,0.0,90.1,0.0,90.1,0.00,-1,0.0,0,0,0.00,0.00,0.00,0.00,,0.0,0,0,0.00,MANUAL,,AGGR+CHP+ADP+RUN-EXT+PW+DLK+SLC+TPE+NWS+,STRONG_SELL,55.0,3.30,0,0,0.00,0.00,0.00,0.00,0,0,0,-1,-2.9,122.75,26.00,190.75,-239.75,289.00,R,5,UNKNOWN,BRICK_CLOSE,src=primary color=R streak=5 o=27403.00 c=27387.00 hi=27403.00 lo=27387.00
2026-04-30 06:37:17,2329,27383.00,27320.99,27397.04,27399.06,40.03,18.78,17.6,0.0,70.1,0.0,70.1,0.00,-1,0.0,0,0,0.00,0.00,0.00,0.00,,0.0,0,0,0.00,MANUAL,,AGGR+CHP+ADP+RUN-EXT+PW+DLK+SLC+TPE+NWS+,STRONG_SELL,55.0,3.30,0,0,0.00,0.00,0.00,0.00,0,0,0,-1,-2.9,122.75,26.00,190.75,-239.75,289.00,R,5,UNKNOWN,SIGNAL,
2026-04-30 06:37:29,2330,27379.00,27320.99,27393.43,27397.24,38.05,18.58,18.2,0.0,70.1,0.0,70.1,0.00,-1,0.0,0,0,0.00,0.00,0.00,0.00,,0.0,0,0,0.00,MANUAL,,AGGR+CHP+ADP+RUN-EXT+PW+DLK+SLC+TPE+NWS+,STRONG_SELL,55.0,3.12,0,0,0.00,0.00,0.00,0.00,0,0,0,-1,-1.0,118.75,22.00,186.75,-243.75,285.00,R,6,UNKNOWN,BRICK_CLOSE,src=primary color=R streak=6 o=27399.00 c=27383.00 hi=27399.00 lo=27383.00
2026-04-30 06:37:29,2330,27379.00,27321.07,27393.43,27397.24,38.05,18.58,18.2,0.0,65.1,0.0,65.1,0.00,-1,0.0,0,0,0.00,0.00,0.00,0.00,,0.0,0,0,0.00,MANUAL,,AGGR+CHP+ADP+RUN-EXT+PW+DLK+SLC+TPE+NWS+,STRONG_SELL,55.0,3.12,0,0,0.00,0.00,0.00,0.00,0,0,0,-1,-1.0,118.75,22.00,186.75,-243.75,285.00,R,6,UNKNOWN,SIGNAL,
2026-04-30 06:39:20,2331,27375.00,27321.07,27389.75,27395.21,36.13,18.40,19.1,0.0,65.1,0.0,65.1,0.00,-1,0.0,0,0,0.00,0.00,0.00,0.00,,0.0,0,0,0.00,MANUAL,,AGGR+CHP+ADP+RUN-EXT+PW+DLK+SLC+TPE+NWS+,SELL,55.0,2.93,0,0,0.00,0.00,0.00,0.00,0,0,0,-1,0.9,114.75,18.00,182.75,-247.75,281.00,R,7,UNKNOWN,BRICK_CLOSE,src=primary color=R streak=7 o=27395.00 c=27379.00 hi=27395.00 lo=27379.00
2026-04-30 06:39:20,2331,27375.00,27321.45,27389.75,27395.21,36.13,18.40,19.1,0.0,65.1,0.0,65.1,0.00,-1,0.0,0,0,0.00,0.00,0.00,0.00,,0.0,0,0,0.00,MANUAL,,AGGR+CHP+ADP+RUN-EXT+PW+DLK+SLC+TPE+NWS+,SELL,55.0,2.91,0,0,0.00,0.00,0.00,0.00,0,0,0,-1,0.9,114.75,18.00,182.75,-247.75,281.00,R,7,UNKNOWN,SIGNAL,
2026-04-30 06:50:10,2332,27371.00,27321.45,27386.00,27393.01,34.27,19.30,18.4,0.0,65.1,0.0,65.1,0.00,-1,0.0,0,0,0.00,0.00,0.00,0.00,,0.0,0,0,0.00,MANUAL,,AGGR+CHP+ADP+RUN-EXT+PW+DLK+SLC+TPE+NWS+,SELL,55.0,2.57,0,0,0.00,0.00,0.00,0.00,0,0,0,-1,0.9,110.75,14.00,178.75,-251.75,277.00,R,8,UNKNOWN,BRICK_CLOSE,src=primary color=R streak=8 o=27391.00 c=27375.00 hi=27391.00 lo=27375.00
2026-04-30 06:50:10,2332,27371.00,27321.45,27386.00,27393.01,34.27,19.30,18.4,0.0,65.1,0.0,65.1,0.00,-1,0.0,0,0,0.00,0.00,0.00,0.00,,0.0,0,0,0.00,MANUAL,,AGGR+CHP+ADP+RUN-EXT+PW+DLK+SLC+TPE+NWS+,SELL,55.0,2.57,0,0,0.00,0.00,0.00,0.00,0,0,0,-1,0.9,110.75,14.00,178.75,-251.75,277.00,R,8,UNKNOWN,HEARTBEAT,tradesToday=0 openDca=0
2026-04-30 06:50:10,2332,27371.00,27323.10,27386.00,27393.01,34.27,19.30,18.4,5.3,66.5,5.3,66.5,0.00,-1,0.0,0,0,0.00,0.00,0.00,0.00,,0.0,0,0,0.00,MANUAL,,AGGR+CHP+ADP+RUN-EXT+PW+DLK+SLC+TPE+NWS+,SELL,55.0,2.48,0,0,0.00,0.00,0.00,0.00,0,0,0,-1,0.9,110.75,14.00,178.75,-251.75,277.00,R,8,UNKNOWN,SIGNAL,
2026-04-30 06:50:35,2333,27367.00,27323.10,27382.20,27390.65,32.46,19.06,18.2,5.3,66.5,5.3,66.5,0.00,-1,0.0,0,0,0.00,0.00,0.00,0.00,,0.0,0,0,0.00,MANUAL,,AGGR+CHP+ADP+RUN-EXT+PW+DLK+SLC+TPE+NWS+,SELL,55.0,2.30,0,0,0.00,0.00,0.00,0.00,0,0,0,-1,0.8,106.75,10.00,174.75,-255.75,273.00,R,9,UNKNOWN,BRICK_CLOSE,src=primary color=R streak=9 o=27387.00 c=27371.00 hi=27402.00 lo=27371.00
2026-04-30 06:50:35,2333,27367.00,27323.17,27382.20,27390.65,32.46,19.06,18.2,0.0,120.0,0.0,120.0,0.00,-1,0.0,0,0,0.00,0.00,0.00,0.00,,0.0,0,0,0.00,MANUAL,,AGGR+CHP+ADP+RUN-EXT+PW+DLK+SLC+TPE+NWS+,SELL,55.0,2.30,0,0,0.00,0.00,0.00,0.00,0,0,0,-1,0.8,106.75,10.00,174.75,-255.75,273.00,R,9,UNKNOWN,SIGNAL,
2026-04-30 06:50:50,2334,27363.00,27323.17,27378.36,27388.13,30.72,18.85,18.3,0.0,120.0,0.0,120.0,0.00,-1,0.0,0,0,0.00,0.00,0.00,0.00,,0.0,0,0,0.00,MANUAL,,AGGR+CHP+ADP+RUN-EXT+PW+DLK+SLC+TPE+NWS+,SELL,55.0,2.11,0,0,0.00,0.00,0.00,0.00,0,0,0,-1,0.7,102.75,6.00,170.75,-259.75,269.00,R,10,UNKNOWN,BRICK_CLOSE,src=primary color=R streak=10 o=27383.00 c=27367.00 hi=27383.00 lo=27367.00
2026-04-30 06:50:50,2334,27363.00,27323.20,27378.36,27388.13,30.72,18.85,18.3,0.0,77.0,0.0,77.0,0.00,-1,0.0,0,0,0.00,0.00,0.00,0.00,,0.0,0,0,0.00,MANUAL,,AGGR+CHP+ADP+RUN-EXT+PW+DLK+SLC+TPE+NWS+,SELL,55.0,2.11,0,0,0.00,0.00,0.00,0.00,0,0,0,-1,0.7,102.75,6.00,170.75,-259.75,269.00,R,10,UNKNOWN,SIGNAL,
2026-04-30 06:52:59,2335,27359.00,27323.20,27374.49,27385.49,29.04,18.80,18.8,0.0,77.0,0.0,77.0,0.00,-1,0.0,0,0,0.00,0.00,0.00,0.00,,0.0,0,0,0.00,MANUAL,,AGGR+CHP+ADP+RUN-EXT+PW+DLK+SLC+TPE+NWS+,SELL,55.0,1.90,0,0,0.00,0.00,0.00,0.00,0,0,0,-1,0.6,98.75,2.00,166.75,-263.75,265.00,R,11,UNKNOWN,BRICK_CLOSE,src=primary color=R streak=11 o=27379.00 c=27363.00 hi=27379.00 lo=27363.00
2026-04-30 06:52:59,2335,27359.00,27323.41,27374.49,27385.49,29.04,18.80,18.8,0.0,77.0,0.0,77.0,0.00,-1,0.0,0,0,0.00,0.00,0.00,0.00,,0.0,0,0,0.00,MANUAL,,AGGR+CHP+ADP+RUN-EXT+PW+DLK+SLC+TPE+NWS+,SELL,55.0,1.89,0,0,0.00,0.00,0.00,0.00,0,0,0,-1,0.6,98.75,2.00,166.75,-263.75,265.00,R,11,UNKNOWN,SIGNAL,
2026-04-30 06:52:59,2336,27355.00,27323.41,27370.59,27382.71,27.43,18.60,19.5,0.0,77.0,0.0,77.0,0.00,-1,0.0,0,0,0.00,0.00,0.00,0.00,,0.0,0,0,0.00,MANUAL,,AGGR+CHP+ADP+RUN-EXT+PW+DLK+SLC+TPE+NWS+,SELL,55.0,1.70,0,0,0.00,0.00,0.00,0.00,0,0,0,-1,0.5,94.75,-2.00,162.75,-267.75,261.00,R,12,UNKNOWN,BRICK_CLOSE,src=primary color=R streak=12 o=27375.00 c=27359.00 hi=27377.25 lo=27359.00
2026-04-30 06:52:59,2336,27355.00,27323.42,27370.59,27382.71,27.43,18.60,19.5,0.0,110.0,0.0,110.0,0.00,-1,0.0,0,0,0.00,0.00,0.00,0.00,,0.0,0,0,0.00,MANUAL,,AGGR+CHP+ADP+RUN-EXT+PW+DLK+SLC+TPE+NWS+,SELL,55.0,1.70,0,0,0.00,0.00,0.00,0.00,0,0,0,-1,0.5,94.75,-2.00,162.75,-267.75,261.00,R,12,UNKNOWN,SIGNAL,
2026-04-30 06:52:59,2337,27351.00,27323.42,27366.67,27379.83,25.88,18.42,20.5,0.0,110.0,0.0,110.0,0.00,-1,0.0,0,0,0.00,0.00,0.00,0.00,,0.0,0,0,0.00,MANUAL,,AGGR+CHP+ADP+RUN-EXT+PW+DLK+SLC+TPE+NWS+,SELL,55.0,1.50,0,0,0.00,0.00,0.00,0.00,0,0,0,-1,2.1,90.75,-6.00,158.75,-271.75,257.00,R,13,UNKNOWN,BRICK_CLOSE,src=primary color=R streak=13 o=27371.00 c=27355.00 hi=27371.00 lo=27355.00
2026-04-30 06:52:59,2337,27351.00,27323.43,27366.67,27379.83,25.88,18.42,20.5,0.0,77.0,0.0,77.0,0.00,-1,0.0,0,0,0.00,0.00,0.00,0.00,,0.0,0,0,0.00,MANUAL,,AGGR+CHP+ADP+RUN-EXT+PW+DLK+SLC+TPE+NWS+,SELL,55.0,1.50,0,0,0.00,0.00,0.00,0.00,0,0,0,-1,2.1,90.75,-6.00,158.75,-271.75,257.00,R,13,UNKNOWN,SIGNAL,
2026-04-30 06:59:15,2338,27379.00,27323.43,27369.14,27379.76,48.01,19.14,19.9,0.0,77.0,0.0,77.0,0.00,-1,0.0,0,0,0.00,0.00,0.00,0.00,,0.0,0,0,0.00,MANUAL,,AGGR+CHP+ADP+RUN-EXT+PW+DLK+SLC+TPE+NWS+,SELL,55.0,2.90,0,0,0.00,0.00,0.00,0.00,0,0,0,0,1.7,118.75,22.00,186.75,-243.75,285.00,R,14,UNKNOWN,BRICK_CLOSE,src=primary color=R streak=14 o=27367.00 c=27351.00 hi=27367.00 lo=27351.00
2026-04-30 06:59:15,2338,27379.00,27324.06,27369.14,27379.76,48.01,19.14,19.9,0.0,14.4,0.0,14.4,0.00,-1,0.0,0,0,0.00,0.00,0.00,0.00,,0.0,0,0,0.00,MANUAL,,AGGR+CHP+ADP+RUN-EXT+PW+DLK+SLC+TPE+NWS+,SELL,55.0,2.87,0,0,0.00,0.00,0.00,0.00,0,0,0,0,1.7,118.75,22.00,186.75,-243.75,285.00,R,14,UNKNOWN,SIGNAL,
2026-04-30 07:00:00,2339,27383.00,27324.06,27371.91,27380.05,50.29,18.91,18.9,0.0,14.4,0.0,14.4,0.00,-1,0.0,0,0,0.00,0.00,0.00,0.00,,0.0,0,0,0.00,MANUAL,,AGGR+CHP+ADP+RUN-EXT+PW+DLK+SLC+TPE+NWS+,WAIT,55.0,3.12,0,0,0.00,0.00,0.00,0.00,0,0,0,0,0.6,122.75,26.00,190.75,-239.75,289.00,G,1,UNKNOWN,BRICK_CLOSE,src=primary color=G streak=1 o=27363.00 c=27379.00 hi=27379.00 lo=27350.50
2026-04-30 07:00:00,2339,27383.00,27324.06,27371.91,27380.05,50.29,18.91,18.9,0.0,14.4,0.0,14.4,0.00,-1,0.0,0,0,0.00,0.00,0.00,0.00,,0.0,0,0,0.00,MANUAL,,AGGR+CHP+ADP+RUN-EXT+PW+DLK+SLC+TPE+NWS+,WAIT,55.0,3.12,0,0,0.00,0.00,0.00,0.00,0,0,0,0,0.6,122.75,26.00,190.75,-239.75,289.00,G,1,UNKNOWN,RUN_END,color=R len=14 pts=40.0 maxFav=68.0 durSec=1491 startPx=27419.00 endPx=27379.00
2026-04-30 07:00:00,2339,27383.00,27324.15,27371.91,27380.05,50.29,18.91,18.9,0.0,20.3,0.0,20.3,0.00,-1,0.0,0,0,0.00,0.00,0.00,0.00,,0.0,0,0,0.00,MANUAL,,AGGR+CHP+ADP+RUN-EXT+PW+DLK+SLC+TPE+NWS+,WAIT,55.0,3.11,0,0,0.00,0.00,0.00,0.00,0,0,0,0,0.6,122.75,26.00,190.75,-239.75,289.00,G,1,UNKNOWN,SIGNAL,
2026-04-30 07:00:06,2340,27387.00,27324.15,27374.93,27380.68,52.54,18.70,17.5,0.0,20.3,0.0,20.3,0.00,-1,0.0,0,0,0.00,0.00,0.00,0.00,,0.0,0,0,0.00,MANUAL,,AGGR+CHP+ADP+RUN-EXT+PW+DLK+SLC+TPE+NWS+,WAIT,55.0,3.36,0,0,0.00,0.00,0.00,0.00,0,0,0,0,-1.2,126.75,30.00,194.75,-235.75,293.00,G,2,UNKNOWN,BRICK_CLOSE,src=primary color=G streak=2 o=27367.00 c=27383.00 hi=27383.00 lo=27367.00
2026-04-30 07:00:06,2340,27387.00,27324.17,27374.93,27380.68,52.54,18.70,17.5,0.0,10.3,0.0,10.3,0.00,-1,0.0,0,0,0.00,0.00,0.00,0.00,,0.0,0,0,0.00,MANUAL,,AGGR+CHP+ADP+RUN-EXT+PW+DLK+SLC+TPE+NWS+,WAIT,55.0,3.36,0,0,0.00,0.00,0.00,0.00,0,0,0,0,-1.2,126.75,21.25,194.75,-235.75,293.00,G,2,UNKNOWN,SIGNAL,
2026-04-30 07:04:43,2341,27391.00,27324.17,27378.14,27381.62,54.74,18.76,16.7,0.0,10.3,0.0,10.3,0.00,-1,0.0,0,0,0.00,0.00,0.00,0.00,,0.0,0,0,0.00,MANUAL,,AGGR+CHP+ADP+RUN-EXT+PW+DLK+SLC+TPE+NWS+,WAIT,55.0,3.56,0,0,0.00,0.00,0.00,0.00,0,0,0,0,-2.8,130.75,25.25,198.75,-231.75,297.00,G,3,UNKNOWN,BRICK_CLOSE,src=primary color=G streak=3 o=27371.00 c=27387.00 hi=27387.00 lo=27371.00
2026-04-30 07:04:43,2341,27391.00,27324.17,27378.14,27381.62,54.74,18.76,16.7,0.0,10.3,0.0,10.3,0.00,-1,0.0,0,0,0.00,0.00,0.00,0.00,,0.0,0,0,0.00,MANUAL,,AGGR+CHP+ADP+RUN-EXT+PW+DLK+SLC+TPE+NWS+,WAIT,55.0,3.56,0,0,0.00,0.00,0.00,0.00,0,0,0,0,-2.8,130.75,25.25,198.75,-231.75,297.00,G,3,UNKNOWN,HEARTBEAT,tradesToday=0 openDca=0
2026-04-30 07:04:43,2341,27391.00,27324.68,27378.14,27381.62,54.74,18.76,16.7,0.0,10.0,0.0,10.0,0.00,-1,0.0,0,0,0.00,0.00,0.00,0.00,,0.0,0,0,0.00,MANUAL,,AGGR+CHP+ADP+RUN-EXT+PW+DLK+SLC+TPE+NWS+,WAIT,55.0,3.54,0,0,0.00,0.00,0.00,0.00,0,0,0,0,-2.8,130.75,25.25,198.75,-231.75,297.00,G,3,UNKNOWN,SIGNAL,
2026-04-30 07:05:16,2342,27395.00,27324.68,27381.51,27382.84,56.89,18.56,16.4,0.0,10.0,0.0,10.0,0.00,-1,0.0,0,0,0.00,0.00,0.00,0.00,,0.0,0,0,0.00,MANUAL,,AGGR+CHP+ADP+RUN-EXT+PW+DLK+SLC+TPE+NWS+,WAIT,55.0,3.79,0,0,0.00,0.00,0.00,0.00,0,0,0,0,-4.1,134.75,29.25,202.75,-227.75,301.00,G,4,UNKNOWN,BRICK_CLOSE,src=primary color=G streak=4 o=27375.00 c=27391.00 hi=27391.00 lo=27371.50
2026-04-30 07:05:16,2342,27395.00,27324.75,27381.51,27382.84,56.89,18.56,16.4,0.0,11.0,0.0,11.0,0.00,-1,0.0,0,0,0.00,0.00,0.00,0.00,,0.0,0,0,0.00,MANUAL,,AGGR+CHP+ADP+RUN-EXT+PW+DLK+SLC+TPE+NWS+,WAIT,55.0,3.78,0,0,0.00,0.00,0.00,0.00,0,0,0,0,-4.1,134.75,29.25,202.75,-227.75,301.00,G,4,UNKNOWN,SIGNAL,
2026-04-30 07:09:01,2343,27399.00,27324.75,27385.01,27384.31,58.99,18.49,16.4,0.0,11.0,0.0,11.0,0.00,-1,0.0,0,0,0.00,0.00,0.00,0.00,,0.0,0,0,0.00,MANUAL,,AGGR+CHP+ADP+RUN-EXT+PW+DLK+SLC+TPE+NWS+,WAIT,55.0,4.02,0,0,0.00,0.00,0.00,0.00,0,0,0,1,-3.5,138.75,33.25,206.75,-223.75,305.00,G,5,UNKNOWN,BRICK_CLOSE,src=primary color=G streak=5 o=27379.00 c=27395.00 hi=27395.00 lo=27379.00
2026-04-30 07:09:01,2343,27399.00,27325.13,27385.01,27384.31,58.99,18.49,16.4,57.5,0.0,57.5,0.0,0.00,0,0.0,0,0,0.00,0.00,0.00,0.00,,0.0,0,0,0.00,MANUAL,,AGGR+CHP+ADP+RUN-EXT+PW+DLK+SLC+TPE+NWS+,WAIT,55.0,4.00,0,0,0.00,0.00,0.00,0.00,0,0,0,1,-3.5,138.75,33.25,206.75,-223.75,305.00,G,5,UNKNOWN,SIGNAL,
2026-04-30 07:09:12,2344,27403.00,27325.13,27388.61,27386.01,61.04,18.31,16.8,57.5,0.0,57.5,0.0,0.00,0,0.0,0,0,0.00,0.00,0.00,0.00,,0.0,0,0,0.00,MANUAL,,AGGR+CHP+ADP+RUN-EXT+PW+DLK+SLC+TPE+NWS+,BUY,55.0,4.25,0,0,0.00,0.00,0.00,0.00,0,0,0,1,-2.0,142.75,37.25,210.75,-219.75,309.00,G,6,UNKNOWN,BRICK_CLOSE,src=primary color=G streak=6 o=27383.00 c=27399.00 hi=27399.00 lo=27381.50
2026-04-30 07:09:12,2344,27403.00,27325.20,27388.61,27386.01,61.04,18.31,16.8,77.3,0.0,77.3,0.0,0.00,0,0.0,0,0,0.00,0.00,0.00,0.00,,0.0,0,0,0.00,MANUAL,,AGGR+CHP+ADP+RUN-EXT+PW+DLK+SLC+TPE+NWS+,BUY,55.0,4.25,0,0,0.00,0.00,0.00,0.00,0,0,0,1,-2.0,142.75,37.25,210.75,-219.75,309.00,G,6,UNKNOWN,SIGNAL,
2026-04-30 07:09:29,2345,27407.00,27325.20,27392.29,27387.91,63.03,18.15,17.5,77.3,0.0,77.3,0.0,0.00,0,0.0,0,0,0.00,0.00,0.00,0.00,,0.0,0,0,0.00,MANUAL,,AGGR+CHP+ADP+RUN-EXT+PW+DLK+SLC+TPE+NWS+,STRONG_BUY,55.0,4.51,0,0,0.00,0.00,0.00,0.00,0,0,0,1,0.0,146.75,41.25,214.75,-215.75,313.00,G,7,UNKNOWN,BRICK_CLOSE,src=primary color=G streak=7 o=27387.00 c=27403.00 hi=27403.00 lo=27387.00
2026-04-30 07:09:29,2345,27407.00,27325.28,27392.29,27387.91,63.03,18.15,17.5,47.5,0.0,47.5,0.0,0.00,0,0.0,0,0,0.00,0.00,0.00,0.00,,0.0,0,0,0.00,MANUAL,,AGGR+CHP+ADP+RUN-EXT+PW+DLK+SLC+TPE+NWS+,STRONG_BUY,55.0,4.50,0,0,0.00,0.00,0.00,0.00,0,0,0,1,0.0,146.75,41.25,214.75,-215.75,313.00,G,7,UNKNOWN,SIGNAL,
2026-04-30 07:09:33,2346,27411.00,27325.28,27396.03,27390.01,64.95,17.99,18.5,47.5,0.0,47.5,0.0,0.00,0,0.0,0,0,0.00,0.00,0.00,0.00,,0.0,0,0,0.00,MANUAL,,AGGR+CHP+ADP+RUN-EXT+PW+DLK+SLC+TPE+NWS+,WAIT,55.0,4.76,0,0,0.00,0.00,0.00,0.00,0,0,0,1,1.7,150.75,45.25,218.75,-211.75,317.00,G,8,UNKNOWN,BRICK_CLOSE,src=primary color=G streak=8 o=27391.00 c=27407.00 hi=27407.00 lo=27391.00
2026-04-30 07:09:33,2346,27411.00,27325.33,27396.03,27390.01,64.95,17.99,18.5,47.5,0.0,47.5,0.0,0.00,0,0.0,0,0,0.00,0.00,0.00,0.00,,0.0,0,0,0.00,MANUAL,,AGGR+CHP+ADP+RUN-EXT+PW+DLK+SLC+TPE+NWS+,WAIT,55.0,4.76,0,0,0.00,0.00,0.00,0.00,0,0,0,1,1.7,150.75,45.25,218.75,-211.75,317.00,G,8,UNKNOWN,SIGNAL,
2026-04-30 07:09:33,2347,27415.00,27325.33,27399.82,27392.28,66.81,17.85,19.7,47.5,0.0,47.5,0.0,0.00,0,0.0,0,0,0.00,0.00,0.00,0.00,,0.0,0,0,0.00,MANUAL,,AGGR+CHP+ADP+RUN-EXT+PW+DLK+SLC+TPE+NWS+,WAIT,55.0,5.02,0,0,0.00,0.00,0.00,0.00,0,0,0,1,3.3,154.75,49.25,222.75,-207.75,321.00,G,9,UNKNOWN,BRICK_CLOSE,src=primary color=G streak=9 o=27395.00 c=27411.00 hi=27411.00 lo=27395.00
2026-04-30 07:09:33,2347,27415.00,27325.36,27399.82,27392.28,66.81,17.85,19.7,50.0,0.0,50.0,0.0,0.00,0,0.0,0,0,0.00,0.00,0.00,0.00,,0.0,0,0,0.00,MANUAL,,AGGR+CHP+ADP+RUN-EXT+PW+DLK+SLC+TPE+NWS+,WAIT,55.0,5.02,0,0,0.00,0.00,0.00,0.00,0,0,0,1,3.3,154.75,49.25,222.75,-207.75,321.00,G,9,UNKNOWN,SIGNAL,
2026-04-30 07:09:33,2348,27419.00,27325.36,27403.66,27394.71,68.60,17.72,21.1,50.0,0.0,50.0,0.0,0.00,0,0.0,0,0,0.00,0.00,0.00,0.00,,0.0,0,0,0.00,MANUAL,,AGGR+CHP+ADP+RUN-EXT+PW+DLK+SLC+TPE+NWS+,WAIT,55.0,5.29,0,0,0.00,0.00,0.00,0.00,0,0,0,1,4.7,158.75,53.25,226.75,-203.75,325.00,G,10,UNKNOWN,BRICK_CLOSE,src=primary color=G streak=10 o=27399.00 c=27415.00 hi=27415.00 lo=27399.00
2026-04-30 07:09:33,2348,27419.00,27325.42,27403.66,27394.71,68.60,17.72,21.1,77.0,0.0,77.0,0.0,0.00,1,0.0,0,0,0.00,0.00,0.00,0.00,,0.0,0,0,0.00,MANUAL,,AGGR+CHP+ADP+RUN-EXT+PW+DLK+SLC+TPE+NWS+,WAIT,55.0,5.28,0,0,0.00,0.00,0.00,0.00,0,0,0,1,4.7,158.75,53.25,226.75,-203.75,325.00,G,10,UNKNOWN,SIGNAL,
2026-04-30 07:09:33,2349,27423.00,27325.42,27407.53,27397.28,70.33,17.60,22.7,77.0,0.0,77.0,0.0,0.00,1,0.0,0,0,0.00,0.00,0.00,0.00,,0.0,0,0,0.00,MANUAL,,AGGR+CHP+ADP+RUN-EXT+PW+DLK+SLC+TPE+NWS+,BUY,55.0,5.55,0,0,0.00,0.00,0.00,0.00,0,0,0,1,5.9,162.75,57.25,230.75,-199.75,329.00,G,11,UNKNOWN,BRICK_CLOSE,src=primary color=G streak=11 o=27403.00 c=27419.00 hi=27419.00 lo=27403.00
2026-04-30 07:09:33,2349,27423.00,27325.42,27407.53,27397.28,70.33,17.60,22.7,77.0,0.0,77.0,0.0,0.00,1,0.0,0,0,0.00,0.00,0.00,0.00,,0.0,0,0,0.00,MANUAL,,AGGR+CHP+ADP+RUN-EXT+PW+DLK+SLC+TPE+NWS+,BUY,55.0,5.55,0,0,0.00,0.00,0.00,0.00,0,0,0,1,5.9,162.75,57.25,230.75,-199.75,329.00,G,11,TREND_UP,REGIME_CHANGE,from=UNKNOWN to=TREND_UP adx=22.7 slope=5.86 atr/avg=0.95 eStack=1 distVwapAtr=5.55 nr=Gx11 flips4=0
2026-04-30 07:09:33,2349,27423.00,27325.45,27407.53,27397.28,70.33,17.60,22.7,77.0,0.0,77.0,0.0,0.00,1,0.0,0,0,0.00,0.00,0.00,0.00,,0.0,0,0,0.00,MANUAL,,AGGR+CHP+ADP+RUN-EXT+PW+DLK+SLC+TPE+NWS+,BUY,55.0,5.54,0,0,0.00,0.00,0.00,0.00,0,0,0,1,5.9,162.75,57.25,230.75,-199.75,329.00,G,11,TREND_UP,SIGNAL,
2026-04-30 07:09:33,2350,27427.00,27325.45,27411.42,27399.99,71.99,17.48,24.4,77.0,0.0,77.0,0.0,0.00,1,0.0,0,0,0.00,0.00,0.00,0.00,,0.0,0,0,0.00,MANUAL,,AGGR+CHP+ADP+RUN-EXT+PW+DLK+SLC+TPE+NWS+,BUY,55.0,5.81,0,0,0.00,0.00,0.00,0.00,0,0,0,1,6.9,166.75,61.25,234.75,-195.75,333.00,G,12,TREND_UP,BRICK_CLOSE,src=primary color=G streak=12 o=27407.00 c=27423.00 hi=27423.00 lo=27407.00
2026-04-30 07:09:33,2350,27427.00,27325.48,27411.42,27399.99,71.99,17.48,24.4,77.0,0.0,77.0,0.0,0.00,1,0.0,0,0,0.00,0.00,0.00,0.00,,0.0,0,0,0.00,MANUAL,,AGGR+CHP+ADP+RUN-EXT+PW+DLK+SLC+TPE+NWS+,BUY,55.0,5.81,0,0,0.00,0.00,0.00,0.00,0,0,0,1,6.9,166.75,61.25,234.75,-195.75,333.00,G,12,TREND_UP,SIGNAL,
2026-04-30 07:09:33,2351,27431.00,27325.48,27415.34,27402.81,73.58,17.38,26.2,77.0,0.0,77.0,0.0,0.00,1,0.0,0,0,0.00,0.00,0.00,0.00,,0.0,0,0,0.00,MANUAL,,AGGR+CHP+ADP+RUN-EXT+PW+DLK+SLC+TPE+NWS+,BUY,55.0,6.07,0,0,0.00,0.00,0.00,0.00,0,0,0,1,7.8,170.75,65.25,238.75,-191.75,337.00,G,13,TREND_UP,BRICK_CLOSE,src=primary color=G streak=13 o=27411.00 c=27427.00 hi=27427.00 lo=27411.00
2026-04-30 07:09:33,2351,27431.00,27325.49,27415.34,27402.81,73.58,17.38,26.2,77.0,0.0,77.0,0.0,0.00,1,0.0,0,0,0.00,0.00,0.00,0.00,,0.0,0,0,0.00,MANUAL,,AGGR+CHP+ADP+RUN-EXT+PW+DLK+SLC+TPE+NWS+,BUY,55.0,6.07,0,0,0.00,0.00,0.00,0.00,0,0,0,1,7.8,170.75,65.25,238.75,-191.75,337.00,G,13,TREND_UP,SIGNAL,
2026-04-30 07:09:33,2352,27435.00,27325.49,27419.27,27405.73,75.10,17.28,28.2,77.0,0.0,77.0,0.0,0.00,1,0.0,0,0,0.00,0.00,0.00,0.00,,0.0,0,0,0.00,MANUAL,,AGGR+CHP+ADP+RUN-EXT+PW+DLK+SLC+TPE+NWS+,BUY,55.0,6.34,0,0,0.00,0.00,0.00,0.00,0,0,0,1,8.5,174.75,69.25,242.75,-187.75,341.00,G,14,TREND_UP,BRICK_CLOSE,src=primary color=G streak=14 o=27415.00 c=27431.00 hi=27431.00 lo=27415.00
2026-04-30 07:09:33,2352,27435.00,27325.50,27419.27,27405.73,75.10,17.28,28.2,77.0,0.0,77.0,0.0,0.00,1,0.0,0,0,0.00,0.00,0.00,0.00,,0.0,0,0,0.00,MANUAL,,AGGR+CHP+ADP+RUN-EXT+PW+DLK+SLC+TPE+NWS+,BUY,55.0,6.34,0,0,0.00,0.00,0.00,0.00,0,0,0,1,8.5,174.75,69.25,242.75,-187.75,341.00,G,14,TREND_UP,SIGNAL,
2026-04-30 07:09:33,2353,27439.00,27325.50,27423.22,27408.76,76.56,17.19,30.2,77.0,0.0,77.0,0.0,0.00,1,0.0,0,0,0.00,0.00,0.00,0.00,,0.0,0,0,0.00,MANUAL,,AGGR+CHP+ADP+RUN-EXT+PW+DLK+SLC+TPE+NWS+,BUY,55.0,6.60,0,0,0.00,0.00,0.00,0.00,0,0,0,1,9.1,178.75,73.25,246.75,-183.75,345.00,G,15,TREND_UP,BRICK_CLOSE,src=primary color=G streak=15 o=27419.00 c=27435.00 hi=27435.00 lo=27419.00
2026-04-30 07:09:33,2353,27439.00,27325.54,27423.22,27408.76,76.56,17.19,30.2,77.0,0.0,77.0,0.0,0.00,1,0.0,0,0,0.00,0.00,0.00,0.00,,0.0,0,0,0.00,MANUAL,,AGGR+CHP+ADP+RUN-EXT+PW+DLK+SLC+TPE+NWS+,BUY,55.0,6.60,0,0,0.00,0.00,0.00,0.00,0,0,0,1,9.1,178.75,73.25,246.75,-183.75,345.00,G,15,TREND_UP,SIGNAL,
2026-04-30 07:09:37,2354,27411.00,27325.54,27420.77,27408.96,53.14,18.03,30.1,77.0,0.0,77.0,0.0,0.00,1,0.0,0,0,0.00,0.00,0.00,0.00,,0.0,0,0,0.00,MANUAL,,AGGR+CHP+ADP+RUN-EXT+PW+DLK+SLC+TPE+NWS+,BUY,55.0,4.74,0,0,0.00,0.00,0.00,0.00,0,0,0,0,7.5,150.75,45.25,218.75,-211.75,317.00,G,16,TREND_UP,BRICK_CLOSE,src=primary color=G streak=16 o=27423.00 c=27439.00 hi=27439.00 lo=27423.00
2026-04-30 07:09:37,2354,27411.00,27325.54,27420.77,27408.96,53.14,18.03,30.1,77.0,0.0,77.0,0.0,0.00,1,0.0,0,0,0.00,0.00,0.00,0.00,,0.0,0,0,0.00,MANUAL,,AGGR+CHP+ADP+RUN-EXT+PW+DLK+SLC+TPE+NWS+,BUY,55.0,4.74,0,0,0.00,0.00,0.00,0.00,0,0,0,0,7.5,150.75,45.25,218.75,-211.75,317.00,G,16,UNKNOWN,REGIME_CHANGE,from=TREND_UP to=UNKNOWN adx=30.1 slope=7.47 atr/avg=0.99 eStack=0 distVwapAtr=4.74 nr=Gx16 flips4=1
2026-04-30 07:09:37,2354,27411.00,27325.93,27420.77,27408.96,53.14,18.03,30.1,13.5,0.0,13.5,0.0,0.00,0,0.0,0,0,0.00,0.00,0.00,0.00,,0.0,0,0,0.00,MANUAL,,AGGR+CHP+ADP+RUN-EXT+PW+DLK+SLC+TPE+NWS+,BUY,55.0,4.72,0,0,0.00,0.00,0.00,0.00,0,0,0,0,7.5,150.75,45.25,218.75,-211.75,317.00,G,16,UNKNOWN,SIGNAL,
2026-04-30 07:19:25,2355,27439.00,27325.93,27424.42,27411.69,64.75,18.99,29.6,13.5,0.0,13.5,0.0,0.00,0,0.0,0,0,0.00,0.00,0.00,0.00,,0.0,0,0,0.00,MANUAL,,AGGR+CHP+ADP+RUN-EXT+PW+DLK+SLC+TPE+NWS+,WAIT,55.0,5.95,0,0,0.00,0.00,0.00,0.00,0,0,0,1,5.2,178.75,73.25,246.75,-183.75,345.00,R,1,UNKNOWN,BRICK_CLOSE,src=primary color=R streak=1 o=27427.00 c=27411.00 hi=27440.00 lo=27411.00
2026-04-30 07:19:25,2355,27439.00,27325.93,27424.42,27411.69,64.75,18.99,29.6,13.5,0.0,13.5,0.0,0.00,0,0.0,0,0,0.00,0.00,0.00,0.00,,0.0,0,0,0.00,MANUAL,,AGGR+CHP+ADP+RUN-EXT+PW+DLK+SLC+TPE+NWS+,WAIT,55.0,5.95,0,0,0.00,0.00,0.00,0.00,0,0,0,1,5.2,178.75,73.25,246.75,-183.75,345.00,R,1,UNKNOWN,RUN_END,color=G len=16 pts=48.0 maxFav=76.0 durSec=1165 startPx=27363.00 endPx=27411.00
2026-04-30 07:19:25,2355,27439.00,27325.93,27424.42,27411.69,64.75,18.99,29.6,13.5,0.0,13.5,0.0,0.00,0,0.0,0,0,0.00,0.00,0.00,0.00,,0.0,0,0,0.00,MANUAL,,AGGR+CHP+ADP+RUN-EXT+PW+DLK+SLC+TPE+NWS+,WAIT,55.0,5.95,0,0,0.00,0.00,0.00,0.00,0,0,0,1,5.2,178.75,73.25,246.75,-183.75,345.00,R,1,UNKNOWN,HEARTBEAT,tradesToday=0 openDca=0
2026-04-30 07:19:25,2355,27439.00,27327.98,27424.42,27411.69,64.75,18.99,29.6,43.0,7.0,43.0,7.0,0.00,1,0.0,0,0,0.00,0.00,0.00,0.00,,0.0,0,0,0.00,MANUAL,,AGGR+CHP+ADP+RUN-EXT+PW+DLK+SLC+TPE+NWS+,WAIT,55.0,5.85,0,0,0.00,0.00,0.00,0.00,0,0,0,1,5.2,178.75,73.25,246.75,-183.75,345.00,R,1,UNKNOWN,SIGNAL,
2026-04-30 07:19:27,2356,27443.00,27327.98,27428.13,27414.54,66.05,18.78,29.4,43.0,7.0,43.0,7.0,0.00,1,0.0,0,0,0.00,0.00,0.00,0.00,,0.0,0,0,0.00,MANUAL,,AGGR+CHP+ADP+RUN-EXT+PW+DLK+SLC+TPE+NWS+,WAIT,55.0,6.13,0,0,0.00,0.00,0.00,0.00,0,0,0,1,3.2,182.75,77.25,250.75,-179.75,349.00,G,1,UNKNOWN,BRICK_CLOSE,src=primary color=G streak=1 o=27423.00 c=27439.00 hi=27439.00 lo=27407.50
2026-04-30 07:19:27,2356,27443.00,27327.98,27428.13,27414.54,66.05,18.78,29.4,43.0,7.0,43.0,7.0,0.00,1,0.0,0,0,0.00,0.00,0.00,0.00,,0.0,0,0,0.00,MANUAL,,AGGR+CHP+ADP+RUN-EXT+PW+DLK+SLC+TPE+NWS+,WAIT,55.0,6.13,0,0,0.00,0.00,0.00,0.00,0,0,0,1,3.2,182.75,77.25,250.75,-179.75,349.00,G,1,UNKNOWN,RUN_END,color=R len=1 pts=12.0 maxFav=0.0 durSec=3 startPx=27427.00 endPx=27439.00
2026-04-30 07:19:27,2356,27443.00,27328.01,27428.13,27414.54,66.05,18.78,29.4,120.0,10.0,120.0,10.0,0.00,1,0.0,0,0,0.00,0.00,0.00,0.00,,0.0,0,0,0.00,MANUAL,,AGGR+CHP+ADP+RUN-EXT+PW+DLK+SLC+TPE+NWS+,WAIT,55.0,6.12,0,0,0.00,0.00,0.00,0.00,0,0,0,1,3.2,182.75,77.25,250.75,-179.75,349.00,G,1,UNKNOWN,SIGNAL,
2026-04-30 07:21:42,2357,27447.00,27328.01,27431.91,27417.49,67.34,18.58,29.6,120.0,10.0,120.0,10.0,0.00,1,0.0,0,0,0.00,0.00,0.00,0.00,,0.0,0,0,0.00,MANUAL,,AGGR+CHP+ADP+RUN-EXT+PW+DLK+SLC+TPE+NWS+,BUY,55.0,6.40,0,0,0.00,0.00,0.00,0.00,0,0,0,1,1.4,186.75,81.25,254.75,-175.75,353.00,G,2,UNKNOWN,BRICK_CLOSE,src=primary color=G streak=2 o=27427.00 c=27443.00 hi=27443.00 lo=27427.00
2026-04-30 07:21:42,2357,27447.00,27328.61,27431.91,27417.49,67.34,18.58,29.6,77.0,10.0,77.0,10.0,0.00,1,0.0,0,0,0.00,0.00,0.00,0.00,,0.0,0,0,0.00,MANUAL,,AGGR+CHP+ADP+RUN-EXT+PW+DLK+SLC+TPE+NWS+,BUY,55.0,6.37,0,0,0.00,0.00,0.00,0.00,0,0,0,1,1.4,186.75,81.25,254.75,-175.75,353.00,G,2,UNKNOWN,SIGNAL,
2026-04-30 07:21:59,2358,27451.00,27328.61,27435.73,27420.54,68.62,18.40,30.0,77.0,10.0,77.0,10.0,0.00,1,0.0,0,0,0.00,0.00,0.00,0.00,,0.0,0,0,0.00,MANUAL,,AGGR+CHP+ADP+RUN-EXT+PW+DLK+SLC+TPE+NWS+,BUY,55.0,6.65,0,0,0.00,0.00,0.00,0.00,0,0,0,1,-0.2,190.75,85.25,258.75,-171.75,357.00,G,3,UNKNOWN,BRICK_CLOSE,src=primary color=G streak=3 o=27431.00 c=27447.00 hi=27447.00 lo=27431.00
2026-04-30 07:21:59,2358,27451.00,27328.83,27435.73,27420.54,68.62,18.40,30.0,110.0,0.0,110.0,0.0,0.00,1,0.0,0,0,0.00,0.00,0.00,0.00,,0.0,0,0,0.00,MANUAL,,AGGR+CHP+ADP+RUN-EXT+PW+DLK+SLC+TPE+NWS+,BUY,55.0,6.64,0,0,0.00,0.00,0.00,0.00,0,0,0,1,-0.2,190.75,85.25,258.75,-171.75,357.00,G,3,UNKNOWN,SIGNAL,
2026-04-30 07:22:21,2359,27455.00,27328.83,27439.58,27423.67,69.90,18.22,30.7,110.0,0.0,110.0,0.0,0.00,1,0.0,0,0,0.00,0.00,0.00,0.00,,0.0,0,0,0.00,MANUAL,,AGGR+CHP+ADP+RUN-EXT+PW+DLK+SLC+TPE+NWS+,BUY,55.0,6.92,0,0,0.00,0.00,0.00,0.00,0,0,0,1,0.6,194.75,89.25,262.75,-167.75,361.00,G,4,UNKNOWN,BRICK_CLOSE,src=primary color=G streak=4 o=27435.00 c=27451.00 hi=27451.00 lo=27435.00
2026-04-30 07:22:21,2359,27455.00,27328.83,27439.58,27423.67,69.90,18.22,30.7,110.0,0.0,110.0,0.0,0.00,1,0.0,0,0,0.00,0.00,0.00,0.00,,0.0,0,0,0.00,MANUAL,,AGGR+CHP+ADP+RUN-EXT+PW+DLK+SLC+TPE+NWS+,BUY,55.0,6.92,0,0,0.00,0.00,0.00,0.00,0,0,0,1,0.6,194.75,89.25,262.75,-167.75,361.00,G,4,TREND_UP,REGIME_CHANGE,from=UNKNOWN to=TREND_UP adx=30.7 slope=0.60 atr/avg=1.01 eStack=1 distVwapAtr=6.92 nr=Gx4 flips4=0
2026-04-30 07:22:21,2359,27455.00,27328.99,27439.58,27423.67,69.90,18.22,30.7,110.0,0.0,110.0,0.0,0.00,1,0.0,0,0,0.00,0.00,0.00,0.00,,0.0,0,0,0.00,MANUAL,,AGGR+CHP+ADP+RUN-EXT+PW+DLK+SLC+TPE+NWS+,BUY,55.0,6.91,0,0,0.00,0.00,0.00,0.00,0,0,0,1,0.6,194.75,89.25,262.75,-167.75,361.00,G,4,TREND_UP,SIGNAL,
2026-04-30 07:26:13,2360,27459.00,27328.99,27443.46,27426.88,71.16,18.30,31.7,110.0,0.0,110.0,0.0,0.00,1,0.0,0,0,0.00,0.00,0.00,0.00,,0.0,0,0,0.00,MANUAL,,AGGR+CHP+ADP+RUN-EXT+PW+DLK+SLC+TPE+NWS+,BUY,55.0,7.11,0,0,0.00,0.00,0.00,0.00,0,0,0,1,2.1,198.75,93.25,266.75,-163.75,365.00,G,5,TREND_UP,BRICK_CLOSE,src=primary color=G streak=5 o=27439.00 c=27455.00 hi=27455.00 lo=27439.00
2026-04-30 07:26:13,2360,27459.00,27330.02,27443.46,27426.88,71.16,18.30,31.7,120.0,0.0,120.0,0.0,0.00,1,0.0,0,0,0.00,0.00,0.00,0.00,,0.0,0,0,0.00,MANUAL,,AGGR+CHP+ADP+RUN-EXT+PW+DLK+SLC+TPE+NWS+,BUY,55.0,7.05,0,0,0.00,0.00,0.00,0.00,0,0,0,1,2.1,198.75,85.25,266.75,-163.75,365.00,G,5,TREND_UP,SIGNAL,
2026-04-30 07:26:13,2361,27463.00,27330.02,27447.37,27430.16,72.41,18.13,32.8,120.0,0.0,120.0,0.0,0.00,1,0.0,0,0,0.00,0.00,0.00,0.00,,0.0,0,0,0.00,MANUAL,,AGGR+CHP+ADP+RUN-EXT+PW+DLK+SLC+TPE+NWS+,BUY,55.0,7.33,0,0,0.00,0.00,0.00,0.00,0,0,0,1,3.3,202.75,89.25,270.75,-159.75,369.00,G,6,TREND_UP,BRICK_CLOSE,src=primary color=G streak=6 o=27443.00 c=27459.00 hi=27459.00 lo=27439.75
2026-04-30 07:26:13,2361,27463.00,27330.09,27447.37,27430.16,72.41,18.13,32.8,120.0,0.0,120.0,0.0,0.00,1,0.0,0,0,0.00,0.00,0.00,0.00,,0.0,0,0,0.00,MANUAL,,AGGR+CHP+ADP+RUN-EXT+PW+DLK+SLC+TPE+NWS+,BUY,55.0,7.33,0,0,0.00,0.00,0.00,0.00,0,0,0,1,3.3,202.75,89.25,270.75,-159.75,369.00,G,6,TREND_UP,SIGNAL,
2026-04-30 07:27:24,2362,27467.00,27330.09,27451.30,27433.51,73.64,17.98,34.0,120.0,0.0,120.0,0.0,0.00,1,0.0,0,0,0.00,0.00,0.00,0.00,,0.0,0,0,0.00,MANUAL,,AGGR+CHP+ADP+RUN-EXT+PW+DLK+SLC+TPE+NWS+,BUY,55.0,7.61,0,0,0.00,0.00,0.00,0.00,0,0,0,1,4.4,206.75,93.25,274.75,-155.75,373.00,G,7,TREND_UP,BRICK_CLOSE,src=primary color=G streak=7 o=27447.00 c=27463.00 hi=27463.00 lo=27447.00
2026-04-30 07:27:24,2362,27467.00,27330.66,27451.30,27433.51,73.64,17.98,34.0,77.0,0.0,77.0,0.0,0.00,1,0.0,0,0,0.00,0.00,0.00,0.00,,0.0,0,0,0.00,MANUAL,,AGGR+CHP+ADP+RUN-EXT+PW+DLK+SLC+TPE+NWS+,BUY,55.0,7.58,0,0,0.00,0.00,0.00,0.00,0,0,0,1,4.4,206.75,93.25,274.75,-155.75,373.00,G,7,TREND_UP,SIGNAL,
2026-04-30 07:28:06,2363,27471.00,27330.66,27455.24,27436.92,74.84,17.84,35.4,77.0,0.0,77.0,0.0,0.00,1,0.0,0,0,0.00,0.00,0.00,0.00,,0.0,0,0,0.00,MANUAL,,AGGR+CHP+ADP+RUN-EXT+PW+DLK+SLC+TPE+NWS+,BUY,55.0,7.87,0,0,0.00,0.00,0.00,0.00,0,0,0,1,5.4,210.75,97.25,278.75,-151.75,377.00,G,8,TREND_UP,BRICK_CLOSE,src=primary color=G streak=8 o=27451.00 c=27467.00 hi=27467.00 lo=27451.00
2026-04-30 07:28:06,2363,27471.00,27331.38,27455.24,27436.92,74.84,17.84,35.4,110.0,0.0,110.0,0.0,0.00,1,0.0,0,0,0.00,0.00,0.00,0.00,,0.0,0,0,0.00,MANUAL,,AGGR+CHP+ADP+RUN-EXT+PW+DLK+SLC+TPE+NWS+,BUY,55.0,7.83,0,0,0.00,0.00,0.00,0.00,0,0,0,1,5.4,210.75,97.25,278.75,-151.75,377.00,G,8,TREND_UP,SIGNAL,
2026-04-30 07:28:29,2364,27475.00,27331.38,27459.19,27440.38,76.02,17.71,36.9,110.0,0.0,110.0,0.0,0.00,1,0.0,0,0,0.00,0.00,0.00,0.00,,0.0,0,0,0.00,MANUAL,,AGGR+CHP+ADP+RUN-EXT+PW+DLK+SLC+TPE+NWS+,BUY,55.0,8.11,0,0,0.00,0.00,0.00,0.00,0,0,0,1,6.2,214.75,101.25,282.75,-147.75,381.00,G,9,TREND_UP,BRICK_CLOSE,src=primary color=G streak=9 o=27455.00 c=27471.00 hi=27471.00 lo=27455.00
2026-04-30 07:28:29,2364,27475.00,27331.63,27459.19,27440.38,76.02,17.71,36.9,110.0,0.0,110.0,0.0,0.00,1,0.0,0,0,0.00,0.00,0.00,0.00,,0.0,0,0,0.00,MANUAL,,AGGR+CHP+ADP+RUN-EXT+PW+DLK+SLC+TPE+NWS+,BUY,55.0,8.10,0,0,0.00,0.00,0.00,0.00,0,0,0,1,6.2,214.75,101.25,282.75,-147.75,381.00,G,9,TREND_UP,SIGNAL,
2026-04-30 07:28:40,2365,27479.00,27331.63,27463.15,27443.89,77.17,17.59,38.5,110.0,0.0,110.0,0.0,0.00,1,0.0,0,0,0.00,0.00,0.00,0.00,,0.0,0,0,0.00,MANUAL,,AGGR+CHP+ADP+RUN-EXT+PW+DLK+SLC+TPE+NWS+,BUY,55.0,8.38,0,0,0.00,0.00,0.00,0.00,0,0,0,1,6.9,218.75,105.25,286.75,-143.75,385.00,G,10,TREND_UP,BRICK_CLOSE,src=primary color=G streak=10 o=27459.00 c=27475.00 hi=27475.00 lo=27459.00
2026-04-30 07:28:40,2365,27479.00,27331.69,27463.15,27443.89,77.17,17.59,38.5,110.0,0.0,110.0,0.0,0.00,1,0.0,0,0,0.00,0.00,0.00,0.00,,0.0,0,0,0.00,MANUAL,,AGGR+CHP+ADP+RUN-EXT+PW+DLK+SLC+TPE+NWS+,BUY,55.0,8.38,0,0,0.00,0.00,0.00,0.00,0,0,0,1,6.9,218.75,105.25,286.75,-143.75,385.00,G,10,TREND_UP,SIGNAL,
2026-04-30 07:28:54,2366,27483.00,27331.69,27467.12,27447.45,78.30,17.47,40.2,110.0,0.0,110.0,0.0,0.00,1,0.0,0,0,0.00,0.00,0.00,0.00,,0.0,0,0,0.00,MANUAL,,AGGR+CHP+ADP+RUN-EXT+PW+DLK+SLC+TPE+NWS+,BUY,55.0,8.66,0,0,0.00,0.00,0.00,0.00,0,0,0,1,7.5,222.75,109.25,290.75,-139.75,389.00,G,11,TREND_UP,BRICK_CLOSE,src=primary color=G streak=11 o=27463.00 c=27479.00 hi=27479.00 lo=27463.00
2026-04-30 07:28:54,2366,27483.00,27331.94,27467.12,27447.45,78.30,17.47,40.2,77.0,0.0,77.0,0.0,0.00,1,0.0,0,0,0.00,0.00,0.00,0.00,,0.0,0,0,0.00,MANUAL,,AGGR+CHP+ADP+RUN-EXT+PW+DLK+SLC+TPE+NWS+,BUY,55.0,8.65,0,0,0.00,0.00,0.00,0.00,0,0,0,1,7.5,222.75,109.25,290.75,-139.75,389.00,G,11,TREND_UP,SIGNAL,
2026-04-30 07:29:04,2367,27487.00,27331.94,27471.10,27451.04,79.39,17.37,42.0,77.0,0.0,77.0,0.0,0.00,1,0.0,0,0,0.00,0.00,0.00,0.00,,0.0,0,0,0.00,MANUAL,,AGGR+CHP+ADP+RUN-EXT+PW+DLK+SLC+TPE+NWS+,BUY,55.0,8.93,0,0,0.00,0.00,0.00,0.00,0,0,0,1,7.9,226.75,113.25,294.75,-135.75,393.00,G,12,TREND_UP,BRICK_CLOSE,src=primary color=G streak=12 o=27467.00 c=27483.00 hi=27483.00 lo=27467.00
2026-04-30 07:29:04,2367,27487.00,27332.12,27471.10,27451.04,79.39,17.37,42.0,110.0,0.0,110.0,0.0,0.00,1,0.0,0,0,0.00,0.00,0.00,0.00,,0.0,0,0,0.00,MANUAL,,AGGR+CHP+ADP+RUN-EXT+PW+DLK+SLC+TPE+NWS+,BUY,55.0,8.92,0,0,0.00,0.00,0.00,0.00,0,0,0,1,7.9,226.75,113.25,294.75,-135.75,393.00,G,12,TREND_UP,SIGNAL,
2026-04-30 07:30:14,2368,27491.00,27332.12,27475.08,27454.68,80.45,17.27,43.8,110.0,0.0,110.0,0.0,0.00,1,0.0,0,0,0.00,0.00,0.00,0.00,,0.0,0,0,0.00,MANUAL,,AGGR+CHP+ADP+RUN-EXT+PW+DLK+SLC+TPE+NWS+,BUY,55.0,9.20,0,0,0.00,0.00,0.00,0.00,0,0,0,1,8.3,230.75,117.25,298.75,-131.75,397.00,G,13,TREND_UP,BRICK_CLOSE,src=primary color=G streak=13 o=27471.00 c=27487.00 hi=27487.00 lo=27471.00
2026-04-30 07:30:14,2368,27491.00,27332.12,27475.08,27454.68,80.45,17.27,43.8,110.0,0.0,110.0,0.0,0.00,1,0.0,0,0,0.00,0.00,0.00,0.00,,0.0,0,0,0.00,MANUAL,,AGGR+CHP+ADP+RUN-EXT+PW+DLK+SLC+TPE+NWS+,BUY,55.0,9.20,0,0,0.00,0.00,0.00,0.00,0,0,0,1,8.3,230.75,117.25,298.75,-131.75,397.00,G,13,TREND_UP,HEARTBEAT,tradesToday=0 openDca=0
2026-04-30 07:30:14,2368,27491.00,27333.06,27475.08,27454.68,80.45,17.27,43.8,87.0,0.0,87.0,0.0,0.00,1,0.0,0,0,0.00,0.00,0.00,0.00,,0.0,0,0,0.00,MANUAL,,AGGR+CHP+ADP+RUN-EXT+PW+DLK+SLC+TPE+NWS+,BUY,55.0,9.15,0,0,0.00,0.00,0.00,0.00,0,0,0,1,8.3,230.75,117.25,298.75,-131.75,397.00,G,13,TREND_UP,SIGNAL,
2026-04-30 07:40:04,2369,27463.00,27333.06,27472.66,27455.43,57.97,18.27,43.3,87.0,0.0,87.0,0.0,0.00,1,0.0,0,0,0.00,0.00,0.00,0.00,,0.0,0,0,0.00,MANUAL,,AGGR+CHP+ADP+RUN-EXT+PW+DLK+SLC+TPE+NWS+,BUY,55.0,7.11,0,0,0.00,0.00,0.00,0.00,0,0,0,0,6.4,202.75,89.25,270.75,-159.75,369.00,G,14,TREND_UP,BRICK_CLOSE,src=primary color=G streak=14 o=27475.00 c=27491.00 hi=27491.00 lo=27475.00
2026-04-30 07:40:04,2369,27463.00,27333.06,27472.66,27455.43,57.97,18.27,43.3,87.0,0.0,87.0,0.0,0.00,1,0.0,0,0,0.00,0.00,0.00,0.00,,0.0,0,0,0.00,MANUAL,,AGGR+CHP+ADP+RUN-EXT+PW+DLK+SLC+TPE+NWS+,BUY,55.0,7.11,0,0,0.00,0.00,0.00,0.00,0,0,0,0,6.4,202.75,89.25,270.75,-159.75,369.00,G,14,UNKNOWN,REGIME_CHANGE,from=TREND_UP to=UNKNOWN adx=43.3 slope=6.37 atr/avg=1.02 eStack=0 distVwapAtr=7.11 nr=Gx14 flips4=1
2026-04-30 07:40:04,2369,27463.00,27337.45,27472.66,27455.43,57.97,18.27,43.3,29.5,0.0,29.5,0.0,0.00,1,0.0,0,0,0.00,0.00,0.00,0.00,,0.0,0,0,0.00,MANUAL,,AGGR+CHP+ADP+RUN-EXT+PW+DLK+SLC+TPE+NWS+,BUY,55.0,6.87,0,0,0.00,0.00,0.00,0.00,0,0,0,0,6.4,202.75,89.25,270.75,-159.75,369.00,G,14,UNKNOWN,SIGNAL,
2026-04-30 07:40:05,2370,27459.00,27337.45,27469.93,27455.76,55.58,18.11,42.3,29.5,0.0,29.5,0.0,0.00,1,0.0,0,0,0.00,0.00,0.00,0.00,,0.0,0,0,0.00,MANUAL,,AGGR+CHP+ADP+RUN-EXT+PW+DLK+SLC+TPE+NWS+,WAIT,55.0,6.71,0,0,0.00,0.00,0.00,0.00,0,0,0,0,3.8,198.75,85.25,266.75,-163.75,365.00,R,1,UNKNOWN,BRICK_CLOSE,src=primary color=R streak=1 o=27479.00 c=27463.00 hi=27494.25 lo=27463.00
2026-04-30 07:40:05,2370,27459.00,27337.45,27469.93,27455.76,55.58,18.11,42.3,29.5,0.0,29.5,0.0,0.00,1,0.0,0,0,0.00,0.00,0.00,0.00,,0.0,0,0,0.00,MANUAL,,AGGR+CHP+ADP+RUN-EXT+PW+DLK+SLC+TPE+NWS+,WAIT,55.0,6.71,0,0,0.00,0.00,0.00,0.00,0,0,0,0,3.8,198.75,85.25,266.75,-163.75,365.00,R,1,UNKNOWN,RUN_END,color=G len=14 pts=40.0 maxFav=68.0 durSec=1237 startPx=27423.00 endPx=27463.00
2026-04-30 07:40:05,2370,27459.00,27337.53,27469.93,27455.76,55.58,18.11,42.3,20.0,0.0,20.0,0.0,0.00,1,0.0,0,0,0.00,0.00,0.00,0.00,,0.0,0,0,0.00,MANUAL,,AGGR+CHP+ADP+RUN-EXT+PW+DLK+SLC+TPE+NWS+,WAIT,55.0,6.71,0,0,0.00,0.00,0.00,0.00,0,0,0,0,3.8,198.75,85.25,266.75,-163.75,365.00,R,1,UNKNOWN,SIGNAL,
2026-04-30 07:40:37,2371,27455.00,27337.53,27466.94,27455.69,53.22,17.96,40.8,20.0,0.0,20.0,0.0,0.00,1,0.0,0,0,0.00,0.00,0.00,0.00,,0.0,0,0,0.00,MANUAL,,AGGR+CHP+ADP+RUN-EXT+PW+DLK+SLC+TPE+NWS+,WAIT,55.0,6.54,0,0,0.00,0.00,0.00,0.00,0,0,0,0,0.6,194.75,81.25,262.75,-167.75,361.00,R,2,UNKNOWN,BRICK_CLOSE,src=primary color=R streak=2 o=27475.00 c=27459.00 hi=27475.00 lo=27459.00
2026-04-30 07:40:37,2371,27455.00,27337.53,27466.94,27455.69,53.22,17.96,40.8,20.0,0.0,20.0,0.0,0.00,1,0.0,0,0,0.00,0.00,0.00,0.00,,0.0,0,0,0.00,MANUAL,,AGGR+CHP+ADP+RUN-EXT+PW+DLK+SLC+TPE+NWS+,WAIT,55.0,6.54,0,0,0.00,0.00,0.00,0.00,0,0,0,0,0.6,194.75,81.25,262.75,-167.75,361.00,R,2,UNKNOWN,HEARTBEAT,tradesToday=0 openDca=0
2026-04-30 07:40:37,2371,27455.00,27337.87,27466.94,27455.69,53.22,17.96,40.8,10.0,0.0,10.0,0.0,0.00,1,0.0,0,0,0.00,0.00,0.00,0.00,,0.0,0,0,0.00,MANUAL,,AGGR+CHP+ADP+RUN-EXT+PW+DLK+SLC+TPE+NWS+,WAIT,55.0,6.52,0,0,0.00,0.00,0.00,0.00,0,0,0,0,0.6,194.75,81.25,262.75,-167.75,361.00,R,2,UNKNOWN,SIGNAL,
2026-04-30 07:43:19,2372,27451.00,27337.87,27463.76,27455.26,50.89,17.82,38.9,10.0,0.0,10.0,0.0,0.00,1,0.0,0,0,0.00,0.00,0.00,0.00,,0.0,0,0,0.00,MANUAL,,AGGR+CHP+ADP+RUN-EXT+PW+DLK+SLC+TPE+NWS+,WAIT,55.0,6.35,0,0,0.00,0.00,0.00,0.00,0,0,0,0,-3.0,190.75,77.25,258.75,-171.75,357.00,R,3,UNKNOWN,BRICK_CLOSE,src=primary color=R streak=3 o=27471.00 c=27455.00 hi=27471.00 lo=27455.00
2026-04-30 07:43:19,2372,27451.00,27338.40,27463.76,27455.26,50.89,17.82,38.9,11.3,0.0,11.3,0.0,0.00,1,0.0,0,0,0.00,0.00,0.00,0.00,,0.0,0,0,0.00,MANUAL,,AGGR+CHP+ADP+RUN-EXT+PW+DLK+SLC+TPE+NWS+,WAIT,55.0,6.32,0,0,0.00,0.00,0.00,0.00,0,0,0,0,-3.0,190.75,77.25,258.75,-171.75,357.00,R,3,UNKNOWN,SIGNAL,
2026-04-30 07:45:11,2373,27447.00,27338.40,27460.40,27454.51,48.60,17.69,36.7,11.3,0.0,11.3,0.0,0.00,1,0.0,0,0,0.00,0.00,0.00,0.00,,0.0,0,0,0.00,MANUAL,,AGGR+CHP+ADP+RUN-EXT+PW+DLK+SLC+TPE+NWS+,WAIT,55.0,6.14,0,0,0.00,0.00,0.00,0.00,0,0,0,0,-7.1,186.75,73.25,254.75,-175.75,353.00,R,4,UNKNOWN,BRICK_CLOSE,src=primary color=R streak=4 o=27467.00 c=27451.00 hi=27467.00 lo=27451.00
2026-04-30 07:45:11,2373,27447.00,27338.75,27460.40,27454.51,48.60,17.69,36.7,11.0,0.0,11.0,0.0,0.00,1,0.0,0,0,0.00,0.00,0.00,0.00,,0.0,0,0,0.00,MANUAL,,AGGR+CHP+ADP+RUN-EXT+PW+DLK+SLC+TPE+NWS+,WAIT,55.0,6.12,0,0,0.00,0.00,0.00,0.00,0,0,0,0,-7.1,186.75,73.25,254.75,-175.75,353.00,R,4,UNKNOWN,SIGNAL,
2026-04-30 07:45:53,2374,27443.00,27338.75,27456.92,27453.46,46.35,17.57,34.1,11.0,0.0,11.0,0.0,0.00,1,0.0,0,0,0.00,0.00,0.00,0.00,,0.0,0,0,0.00,MANUAL,,AGGR+CHP+ADP+RUN-EXT+PW+DLK+SLC+TPE+NWS+,WAIT,55.0,5.93,0,0,0.00,0.00,0.00,0.00,0,0,0,0,-9.2,182.75,69.25,250.75,-179.75,349.00,R,5,UNKNOWN,BRICK_CLOSE,src=primary color=R streak=5 o=27463.00 c=27447.00 hi=27463.00 lo=27447.00
2026-04-30 07:45:53,2374,27443.00,27338.88,27456.92,27453.46,46.35,17.57,34.1,17.1,0.0,17.1,0.0,0.00,1,0.0,0,0,0.00,0.00,0.00,0.00,,0.0,0,0,0.00,MANUAL,,AGGR+CHP+ADP+RUN-EXT+PW+DLK+SLC+TPE+NWS+,WAIT,55.0,5.93,0,0,0.00,0.00,0.00,0.00,0,0,0,0,-9.2,182.75,69.25,250.75,-179.75,349.00,R,5,UNKNOWN,SIGNAL,
2026-04-30 07:53:22,2375,27439.00,27338.88,27453.34,27452.15,44.15,18.20,32.4,17.1,0.0,17.1,0.0,0.00,1,0.0,0,0,0.00,0.00,0.00,0.00,,0.0,0,0,0.00,MANUAL,,AGGR+CHP+ADP+RUN-EXT+PW+DLK+SLC+TPE+NWS+,WAIT,55.0,5.50,0,0,0.00,0.00,0.00,0.00,0,0,0,0,-9.9,178.75,65.25,246.75,-183.75,345.00,R,6,UNKNOWN,BRICK_CLOSE,src=primary color=R streak=6 o=27459.00 c=27443.00 hi=27459.00 lo=27443.00
2026-04-30 07:53:22,2375,27439.00,27338.88,27453.34,27452.15,44.15,18.20,32.4,17.1,0.0,17.1,0.0,0.00,1,0.0,0,0,0.00,0.00,0.00,0.00,,0.0,0,0,0.00,MANUAL,,AGGR+CHP+ADP+RUN-EXT+PW+DLK+SLC+TPE+NWS+,WAIT,55.0,5.50,0,0,0.00,0.00,0.00,0.00,0,0,0,0,-9.9,178.75,65.25,246.75,-183.75,345.00,R,6,UNKNOWN,HEARTBEAT,tradesToday=0 openDca=0
2026-04-30 07:53:22,2375,27439.00,27340.85,27453.34,27452.15,44.15,18.20,32.4,20.1,0.0,20.1,0.0,0.00,1,0.0,0,0,0.00,0.00,0.00,0.00,,0.0,0,0,0.00,MANUAL,,AGGR+CHP+ADP+RUN-EXT+PW+DLK+SLC+TPE+NWS+,WAIT,55.0,5.39,0,0,0.00,0.00,0.00,0.00,0,0,0,0,-9.9,178.75,65.25,246.75,-183.75,345.00,R,6,UNKNOWN,SIGNAL,
2026-04-30 07:54:27,2376,27435.00,27340.85,27449.67,27450.59,42.01,18.05,30.3,20.1,0.0,20.1,0.0,0.00,1,0.0,0,0,0.00,0.00,0.00,0.00,,0.0,0,0,0.00,MANUAL,,AGGR+CHP+ADP+RUN-EXT+PW+DLK+SLC+TPE+NWS+,WAIT,55.0,5.22,0,0,0.00,0.00,0.00,0.00,0,0,0,-1,-10.5,174.75,61.25,242.75,-187.75,341.00,R,7,UNKNOWN,BRICK_CLOSE,src=primary color=R streak=7 o=27455.00 c=27439.00 hi=27465.50 lo=27439.00
2026-04-30 07:54:27,2376,27435.00,27341.02,27449.67,27450.59,42.01,18.05,30.3,0.0,73.6,0.0,73.6,0.00,0,0.0,0,0,0.00,0.00,0.00,0.00,,0.0,0,0,0.00,MANUAL,,AGGR+CHP+ADP+RUN-EXT+PW+DLK+SLC+TPE+NWS+,WAIT,55.0,5.21,0,0,0.00,0.00,0.00,0.00,0,0,0,-1,-10.5,174.75,61.25,242.75,-187.75,341.00,R,7,UNKNOWN,SIGNAL,
2026-04-30 08:07:38,2377,27463.00,27341.02,27452.34,27451.72,57.56,18.79,29.5,0.0,73.6,0.0,73.6,0.00,0,0.0,0,0,0.00,0.00,0.00,0.00,,0.0,0,0,0.00,MANUAL,,AGGR+CHP+ADP+RUN-EXT+PW+DLK+SLC+TPE+NWS+,STRONG_SELL,55.0,6.49,0,0,0.00,0.00,0.00,0.00,0,0,0,1,-9.4,202.75,89.25,270.75,-159.75,369.00,R,8,UNKNOWN,BRICK_CLOSE,src=primary color=R streak=8 o=27451.00 c=27435.00 hi=27451.00 lo=27435.00
2026-04-30 08:07:38,2377,27463.00,27341.02,27452.34,27451.72,57.56,18.79,29.5,0.0,73.6,0.0,73.6,0.00,0,0.0,0,0,0.00,0.00,0.00,0.00,,0.0,0,0,0.00,MANUAL,,AGGR+CHP+ADP+RUN-EXT+PW+DLK+SLC+TPE+NWS+,STRONG_SELL,55.0,6.49,0,0,0.00,0.00,0.00,0.00,0,0,0,1,-9.4,202.75,89.25,270.75,-159.75,369.00,R,8,UNKNOWN,HEARTBEAT,tradesToday=0 openDca=0
2026-04-30 08:07:38,2377,27463.00,27343.97,27452.34,27451.72,57.56,18.79,29.5,100.1,0.0,100.1,0.0,0.00,1,0.0,0,0,0.00,0.00,0.00,0.00,,0.0,0,0,0.00,MANUAL,,AGGR+CHP+ADP+RUN-EXT+PW+DLK+SLC+TPE+NWS+,STRONG_SELL,55.0,6.33,0,0,0.00,0.00,0.00,0.00,0,0,0,1,-9.4,202.75,89.25,270.75,-159.75,369.00,R,8,UNKNOWN,SIGNAL,
2026-04-30 08:10:28,2378,27467.00,27343.97,27455.27,27453.11,59.24,18.59,29.1,100.1,0.0,100.1,0.0,0.00,1,0.0,0,0,0.00,0.00,0.00,0.00,,0.0,0,0,0.00,MANUAL,,AGGR+CHP+ADP+RUN-EXT+PW+DLK+SLC+TPE+NWS+,STRONG_BUY,55.0,6.62,0,0,0.00,0.00,0.00,0.00,0,0,0,1,-7.5,206.75,93.25,274.75,-155.75,373.00,G,1,UNKNOWN,BRICK_CLOSE,src=primary color=G streak=1 o=27447.00 c=27463.00 hi=27463.00 lo=27434.50
2026-04-30 08:10:28,2378,27467.00,27343.97,27455.27,27453.11,59.24,18.59,29.1,100.1,0.0,100.1,0.0,0.00,1,0.0,0,0,0.00,0.00,0.00,0.00,,0.0,0,0,0.00,MANUAL,,AGGR+CHP+ADP+RUN-EXT+PW+DLK+SLC+TPE+NWS+,STRONG_BUY,55.0,6.62,0,0,0.00,0.00,0.00,0.00,0,0,0,1,-7.5,206.75,93.25,274.75,-155.75,373.00,G,1,UNKNOWN,RUN_END,color=R len=8 pts=16.0 maxFav=44.0 durSec=1823 startPx=27479.00 endPx=27463.00
2026-04-30 08:10:28,2378,27467.00,27344.75,27455.27,27453.11,59.24,18.59,29.1,117.2,0.0,117.2,0.0,0.00,1,0.0,0,0,0.00,0.00,0.00,0.00,,0.0,0,0,0.00,MANUAL,,AGGR+CHP+ADP+RUN-EXT+PW+DLK+SLC+TPE+NWS+,STRONG_BUY,55.0,6.57,0,0,0.00,0.00,0.00,0.00,0,0,0,1,-7.5,206.75,93.25,274.75,-155.75,373.00,G,1,UNKNOWN,SIGNAL,
2026-04-30 08:11:01,2379,27471.00,27344.75,27458.42,27454.73,60.91,18.41,29.1,117.2,0.0,117.2,0.0,0.00,1,0.0,0,0,0.00,0.00,0.00,0.00,,0.0,0,0,0.00,MANUAL,,AGGR+CHP+ADP+RUN-EXT+PW+DLK+SLC+TPE+NWS+,STRONG_BUY,55.0,6.86,0,0,0.00,0.00,0.00,0.00,0,0,0,1,-5.0,210.75,97.25,278.75,-151.75,377.00,G,2,UNKNOWN,BRICK_CLOSE,src=primary color=G streak=2 o=27451.00 c=27467.00 hi=27467.00 lo=27451.00
2026-04-30 08:11:01,2379,27471.00,27344.86,27458.42,27454.73,60.91,18.41,29.1,86.5,0.0,86.5,0.0,0.00,1,0.0,0,0,0.00,0.00,0.00,0.00,,0.0,0,0,0.00,MANUAL,,AGGR+CHP+ADP+RUN-EXT+PW+DLK+SLC+TPE+NWS+,STRONG_BUY,55.0,6.85,0,0,0.00,0.00,0.00,0.00,0,0,0,1,-5.0,210.75,97.25,278.75,-151.75,377.00,G,2,UNKNOWN,SIGNAL,
2026-04-30 08:11:03,2380,27475.00,27344.86,27461.73,27456.58,62.56,18.24,29.3,86.5,0.0,86.5,0.0,0.00,1,0.0,0,0,0.00,0.00,0.00,0.00,,0.0,0,0,0.00,MANUAL,,AGGR+CHP+ADP+RUN-EXT+PW+DLK+SLC+TPE+NWS+,STRONG_BUY,55.0,7.14,0,0,0.00,0.00,0.00,0.00,0,0,0,1,-3.1,214.75,101.25,282.75,-147.75,381.00,G,3,UNKNOWN,BRICK_CLOSE,src=primary color=G streak=3 o=27455.00 c=27471.00 hi=27471.00 lo=27455.00
2026-04-30 08:11:03,2380,27475.00,27344.90,27461.73,27456.58,62.56,18.24,29.3,65.1,0.0,65.1,0.0,0.00,1,0.0,0,0,0.00,0.00,0.00,0.00,,0.0,0,0,0.00,MANUAL,,AGGR+CHP+ADP+RUN-EXT+PW+DLK+SLC+TPE+NWS+,STRONG_BUY,55.0,7.13,0,0,0.00,0.00,0.00,0.00,0,0,0,1,-3.1,1.50,-10.75,185.25,-147.75,381.00,G,3,UNKNOWN,SIGNAL,
2026-04-30 08:11:41,2381,27479.00,27344.90,27465.19,27458.62,64.18,18.08,29.8,65.1,0.0,65.1,0.0,0.00,1,0.0,0,0,0.00,0.00,0.00,0.00,,0.0,0,0,0.00,MANUAL,,AGGR+CHP+ADP+RUN-EXT+PW+DLK+SLC+TPE+NWS+,BUY,55.0,7.42,0,0,0.00,0.00,0.00,0.00,0,0,0,1,-0.5,5.50,-6.75,189.25,-143.75,385.00,G,4,UNKNOWN,BRICK_CLOSE,src=primary color=G streak=4 o=27459.00 c=27475.00 hi=27475.00 lo=27459.00
2026-04-30 08:11:41,2381,27479.00,27345.12,27465.19,27458.62,64.18,18.08,29.8,50.1,0.0,50.1,0.0,0.00,1,0.0,0,0,0.00,0.00,0.00,0.00,,0.0,0,0,0.00,MANUAL,,AGGR+CHP+ADP+RUN-EXT+PW+DLK+SLC+TPE+NWS+,BUY,55.0,7.41,0,0,0.00,0.00,0.00,0.00,0,0,0,1,-0.5,5.50,-6.75,189.25,-143.75,385.00,G,4,UNKNOWN,SIGNAL,
2026-04-30 08:13:27,2382,27483.00,27345.12,27468.75,27460.83,65.79,17.93,30.5,50.1,0.0,50.1,0.0,0.00,1,0.0,0,0,0.00,0.00,0.00,0.00,,0.0,0,0,0.00,MANUAL,,AGGR+CHP+ADP+RUN-EXT+PW+DLK+SLC+TPE+NWS+,WAIT,55.0,7.69,0,0,0.00,0.00,0.00,0.00,0,0,0,1,1.0,9.50,-2.75,193.25,-139.75,389.00,G,5,UNKNOWN,BRICK_CLOSE,src=primary color=G streak=5 o=27463.00 c=27479.00 hi=27479.00 lo=27463.00
2026-04-30 08:13:27,2382,27483.00,27345.12,27468.75,27460.83,65.79,17.93,30.5,50.1,0.0,50.1,0.0,0.00,1,0.0,0,0,0.00,0.00,0.00,0.00,,0.0,0,0,0.00,MANUAL,,AGGR+CHP+ADP+RUN-EXT+PW+DLK+SLC+TPE+NWS+,WAIT,55.0,7.69,0,0,0.00,0.00,0.00,0.00,0,0,0,1,1.0,9.50,-2.75,193.25,-139.75,389.00,G,5,TREND_UP,REGIME_CHANGE,from=UNKNOWN to=TREND_UP adx=30.5 slope=1.00 atr/avg=1.00 eStack=1 distVwapAtr=7.69 nr=Gx5 flips4=0
2026-04-30 08:13:27,2382,27483.00,27345.62,27468.75,27460.83,65.79,17.93,30.5,50.1,0.0,50.1,0.0,0.00,1,0.0,0,0,0.00,0.00,0.00,0.00,,0.0,0,0,0.00,MANUAL,,AGGR+CHP+ADP+RUN-EXT+PW+DLK+SLC+TPE+NWS+,WAIT,55.0,7.66,0,0,0.00,0.00,0.00,0.00,0,0,0,1,1.0,9.50,-2.75,193.25,-139.75,389.00,G,5,TREND_UP,SIGNAL,
2026-04-30 08:13:29,2383,27487.00,27345.62,27472.40,27463.21,67.36,17.79,31.5,50.1,0.0,50.1,0.0,0.00,1,0.0,0,0,0.00,0.00,0.00,0.00,,0.0,0,0,0.00,MANUAL,,AGGR+CHP+ADP+RUN-EXT+PW+DLK+SLC+TPE+NWS+,WAIT,55.0,7.95,0,0,0.00,0.00,0.00,0.00,0,0,0,1,2.3,13.50,1.25,197.25,-135.75,393.00,G,6,TREND_UP,BRICK_CLOSE,src=primary color=G streak=6 o=27467.00 c=27483.00 hi=27483.00 lo=27467.00
2026-04-30 08:13:29,2383,27487.00,27345.65,27472.40,27463.21,67.36,17.79,31.5,71.5,0.0,71.5,0.0,0.00,1,0.0,0,0,0.00,0.00,0.00,0.00,,0.0,0,0,0.00,MANUAL,,AGGR+CHP+ADP+RUN-EXT+PW+DLK+SLC+TPE+NWS+,WAIT,55.0,7.95,0,0,0.00,0.00,0.00,0.00,0,0,0,1,2.3,13.50,1.25,197.25,-135.75,393.00,G,6,TREND_UP,SIGNAL,
2026-04-30 08:14:18,2384,27491.00,27345.65,27476.12,27465.74,68.90,17.66,32.6,71.5,0.0,71.5,0.0,0.00,1,0.0,0,0,0.00,0.00,0.00,0.00,,0.0,0,0,0.00,MANUAL,,AGGR+CHP+ADP+RUN-EXT+PW+DLK+SLC+TPE+NWS+,BUY,55.0,8.23,0,0,0.00,0.00,0.00,0.00,0,0,0,1,3.5,17.50,5.25,201.25,-131.75,397.00,G,7,TREND_UP,BRICK_CLOSE,src=primary color=G streak=7 o=27471.00 c=27487.00 hi=27487.00 lo=27471.00
2026-04-30 08:14:18,2384,27491.00,27345.87,27476.12,27465.74,68.90,17.66,32.6,50.1,0.0,50.1,0.0,0.00,1,0.0,0,0,0.00,0.00,0.00,0.00,,0.0,0,0,0.00,MANUAL,,AGGR+CHP+ADP+RUN-EXT+PW+DLK+SLC+TPE+NWS+,BUY,55.0,8.22,0,0,0.00,0.00,0.00,0.00,0,0,0,1,3.5,17.50,5.25,201.25,-131.75,397.00,G,7,TREND_UP,SIGNAL,
2026-04-30 08:15:02,2385,27495.00,27345.87,27479.90,27468.40,70.40,17.54,33.9,50.1,0.0,50.1,0.0,0.00,1,0.0,0,0,0.00,0.00,0.00,0.00,,0.0,0,0,0.00,MANUAL,,AGGR+CHP+ADP+RUN-EXT+PW+DLK+SLC+TPE+NWS+,WAIT,55.0,8.50,0,0,0.00,0.00,0.00,0.00,0,0,0,1,4.5,21.50,9.25,205.25,-127.75,401.00,G,8,TREND_UP,BRICK_CLOSE,src=primary color=G streak=8 o=27475.00 c=27491.00 hi=27491.00 lo=27475.00
2026-04-30 08:15:02,2385,27495.00,27346.12,27479.90,27468.40,70.40,17.54,33.9,53.9,0.0,53.9,0.0,0.00,1,0.0,0,0,0.00,0.00,0.00,0.00,,0.0,0,0,0.00,MANUAL,,AGGR+CHP+ADP+RUN-EXT+PW+DLK+SLC+TPE+NWS+,WAIT,55.0,8.49,0,0,0.00,0.00,0.00,0.00,0,0,0,1,4.5,21.50,9.25,205.25,-127.75,401.00,G,8,TREND_UP,SIGNAL,
2026-04-30 08:15:05,2386,27499.00,27346.12,27483.72,27471.18,71.86,17.43,35.3,53.9,0.0,53.9,0.0,0.00,1,0.0,0,0,0.00,0.00,0.00,0.00,,0.0,0,0,0.00,MANUAL,,AGGR+CHP+ADP+RUN-EXT+PW+DLK+SLC+TPE+NWS+,WAIT,55.0,8.77,0,0,0.00,0.00,0.00,0.00,0,0,0,1,5.4,25.50,13.25,209.25,-123.75,405.00,G,9,TREND_UP,BRICK_CLOSE,src=primary color=G streak=9 o=27479.00 c=27495.00 hi=27495.00 lo=27479.00
2026-04-30 08:15:05,2386,27499.00,27346.23,27483.72,27471.18,71.86,17.43,35.3,77.0,0.0,77.0,0.0,0.00,1,0.0,0,0,0.00,0.00,0.00,0.00,,0.0,0,0,0.00,MANUAL,,AGGR+CHP+ADP+RUN-EXT+PW+DLK+SLC+TPE+NWS+,WAIT,55.0,8.76,0,0,0.00,0.00,0.00,0.00,0,0,0,1,5.4,25.50,13.25,209.25,-123.75,405.00,G,9,TREND_UP,SIGNAL,
2026-04-30 08:15:05,2387,27503.00,27346.23,27487.57,27474.07,73.29,17.33,36.8,77.0,0.0,77.0,0.0,0.00,1,0.0,0,0,0.00,0.00,0.00,0.00,,0.0,0,0,0.00,MANUAL,,AGGR+CHP+ADP+RUN-EXT+PW+DLK+SLC+TPE+NWS+,BUY,55.0,9.05,0,0,0.00,0.00,0.00,0.00,0,0,0,1,6.2,29.50,17.25,213.25,-119.75,409.00,G,10,TREND_UP,BRICK_CLOSE,src=primary color=G streak=10 o=27483.00 c=27499.00 hi=27499.00 lo=27483.00
2026-04-30 08:15:05,2387,27503.00,27346.30,27487.57,27474.07,73.29,17.33,36.8,77.0,0.0,77.0,0.0,0.00,1,0.0,0,0,0.00,0.00,0.00,0.00,,0.0,0,0,0.00,MANUAL,,AGGR+CHP+ADP+RUN-EXT+PW+DLK+SLC+TPE+NWS+,BUY,55.0,9.04,0,0,0.00,0.00,0.00,0.00,0,0,0,1,6.2,29.50,17.25,213.25,-119.75,409.00,G,10,TREND_UP,SIGNAL,
2026-04-30 08:15:05,2388,27507.00,27346.30,27491.46,27477.07,74.67,17.24,38.3,77.0,0.0,77.0,0.0,0.00,1,0.0,0,0,0.00,0.00,0.00,0.00,,0.0,0,0,0.00,MANUAL,,AGGR+CHP+ADP+RUN-EXT+PW+DLK+SLC+TPE+NWS+,BUY,55.0,9.32,0,0,0.00,0.00,0.00,0.00,0,0,0,1,6.9,33.50,21.25,217.25,-115.75,413.00,G,11,TREND_UP,BRICK_CLOSE,src=primary color=G streak=11 o=27487.00 c=27503.00 hi=27503.00 lo=27487.00
2026-04-30 08:15:05,2388,27507.00,27346.33,27491.46,27477.07,74.67,17.24,38.3,77.0,0.0,77.0,0.0,0.00,1,0.0,0,0,0.00,0.00,0.00,0.00,,0.0,0,0,0.00,MANUAL,,AGGR+CHP+ADP+RUN-EXT+PW+DLK+SLC+TPE+NWS+,BUY,55.0,9.32,0,0,0.00,0.00,0.00,0.00,0,0,0,1,6.9,33.50,21.25,217.25,-115.75,413.00,G,11,TREND_UP,SIGNAL,
2026-04-30 08:17:30,2389,27511.00,27346.33,27495.37,27480.15,76.00,17.79,38.9,77.0,0.0,77.0,0.0,0.00,1,0.0,0,0,0.00,0.00,0.00,0.00,,0.0,0,0,0.00,MANUAL,,AGGR+CHP+ADP+RUN-EXT+PW+DLK+SLC+TPE+NWS+,BUY,55.0,9.26,0,0,0.00,0.00,0.00,0.00,0,0,0,1,6.3,37.50,25.25,221.25,-111.75,417.00,G,12,TREND_UP,BRICK_CLOSE,src=primary color=G streak=12 o=27491.00 c=27507.00 hi=27507.00 lo=27491.00
2026-04-30 08:17:30,2389,27511.00,27348.22,27495.37,27480.15,76.00,17.79,38.9,87.0,0.0,87.0,0.0,0.00,1,0.0,0,0,0.00,0.00,0.00,0.00,,0.0,0,0,0.00,MANUAL,,AGGR+CHP+ADP+RUN-EXT+PW+DLK+SLC+TPE+NWS+,BUY,55.0,9.15,0,0,0.00,0.00,0.00,0.00,0,0,0,1,6.3,37.50,25.25,221.25,-111.75,417.00,G,12,TREND_UP,SIGNAL,
2026-04-30 08:18:45,2390,27515.00,27348.22,27499.29,27483.32,77.29,17.66,39.7,87.0,0.0,87.0,0.0,0.00,1,0.0,0,0,0.00,0.00,0.00,0.00,,0.0,0,0,0.00,MANUAL,,AGGR+CHP+ADP+RUN-EXT+PW+DLK+SLC+TPE+NWS+,BUY,55.0,9.44,0,0,0.00,0.00,0.00,0.00,0,0,0,1,5.9,41.50,29.25,225.25,-107.75,421.00,G,13,TREND_UP,BRICK_CLOSE,src=primary color=G streak=13 o=27495.00 c=27511.00 hi=27511.00 lo=27486.00
2026-04-30 08:18:45,2390,27515.00,27348.22,27499.29,27483.32,77.29,17.66,39.7,87.0,0.0,87.0,0.0,0.00,1,0.0,0,0,0.00,0.00,0.00,0.00,,0.0,0,0,0.00,MANUAL,,AGGR+CHP+ADP+RUN-EXT+PW+DLK+SLC+TPE+NWS+,BUY,55.0,9.44,0,0,0.00,0.00,0.00,0.00,0,0,0,1,5.9,41.50,29.25,225.25,-107.75,421.00,G,13,TREND_UP,HEARTBEAT,tradesToday=0 openDca=0
2026-04-30 08:18:45,2390,27515.00,27348.88,27499.29,27483.32,77.29,17.66,39.7,120.0,0.0,120.0,0.0,0.00,1,0.0,0,0,0.00,0.00,0.00,0.00,,0.0,0,0,0.00,MANUAL,,AGGR+CHP+ADP+RUN-EXT+PW+DLK+SLC+TPE+NWS+,BUY,55.0,9.41,0,0,0.00,0.00,0.00,0.00,0,0,0,1,5.9,41.50,29.25,225.25,-107.75,421.00,G,13,TREND_UP,SIGNAL,
2026-04-30 08:18:46,2391,27519.00,27348.88,27503.23,27486.56,78.53,17.54,40.7,120.0,0.0,120.0,0.0,0.00,1,0.0,0,0,0.00,0.00,0.00,0.00,,0.0,0,0,0.00,MANUAL,,AGGR+CHP+ADP+RUN-EXT+PW+DLK+SLC+TPE+NWS+,BUY,55.0,9.70,0,0,0.00,0.00,0.00,0.00,0,0,0,1,5.4,45.50,33.25,229.25,-103.75,425.00,G,14,TREND_UP,BRICK_CLOSE,src=primary color=G streak=14 o=27499.00 c=27515.00 hi=27515.00 lo=27499.00
2026-04-30 08:18:46,2391,27519.00,27349.29,27503.23,27486.56,78.53,17.54,40.7,110.0,0.0,110.0,0.0,0.00,1,0.0,0,0,0.00,0.00,0.00,0.00,,0.0,0,0,0.00,MANUAL,,AGGR+CHP+ADP+RUN-EXT+PW+DLK+SLC+TPE+NWS+,BUY,55.0,9.67,0,0,0.00,0.00,0.00,0.00,0,0,0,1,5.4,45.50,33.25,229.25,-103.75,425.00,G,14,TREND_UP,SIGNAL,
2026-04-30 08:18:46,2392,27523.00,27349.29,27507.19,27489.88,79.73,17.43,41.8,110.0,0.0,110.0,0.0,0.00,1,0.0,0,0,0.00,0.00,0.00,0.00,,0.0,0,0,0.00,MANUAL,,AGGR+CHP+ADP+RUN-EXT+PW+DLK+SLC+TPE+NWS+,BUY,55.0,9.96,0,0,0.00,0.00,0.00,0.00,0,0,0,1,5.0,49.50,37.25,233.25,-99.75,429.00,G,15,TREND_UP,BRICK_CLOSE,src=primary color=G streak=15 o=27503.00 c=27519.00 hi=27519.00 lo=27503.00
2026-04-30 08:18:46,2392,27523.00,27349.34,27507.19,27489.88,79.73,17.43,41.8,110.0,0.0,110.0,0.0,0.00,1,0.0,0,0,0.00,0.00,0.00,0.00,,0.0,0,0,0.00,MANUAL,,AGGR+CHP+ADP+RUN-EXT+PW+DLK+SLC+TPE+NWS+,BUY,55.0,9.96,0,0,0.00,0.00,0.00,0.00,0,0,0,1,5.0,49.50,37.25,233.25,-99.75,429.00,G,15,TREND_UP,SIGNAL,
2026-04-30 08:21:05,2393,27527.00,27349.34,27511.15,27493.25,80.87,17.55,43.0,110.0,0.0,110.0,0.0,0.00,1,0.0,0,0,0.00,0.00,0.00,0.00,,0.0,0,0,0.00,MANUAL,,AGGR+CHP+ADP+RUN-EXT+PW+DLK+SLC+TPE+NWS+,BUY,55.0,10.13,0,0,0.00,0.00,0.00,0.00,0,0,0,1,4.7,53.50,41.25,237.25,-95.75,433.00,G,16,TREND_UP,BRICK_CLOSE,src=primary color=G streak=16 o=27507.00 c=27523.00 hi=27523.00 lo=27507.00
2026-04-30 08:21:05,2393,27527.00,27350.93,27511.15,27493.25,80.87,17.55,43.0,87.0,0.0,87.0,0.0,0.00,1,0.0,0,0,0.00,0.00,0.00,0.00,,0.0,0,0,0.00,MANUAL,,AGGR+CHP+ADP+RUN-EXT+PW+DLK+SLC+TPE+NWS+,BUY,55.0,10.04,0,0,0.00,0.00,0.00,0.00,0,0,0,1,4.7,53.50,41.25,237.25,-95.75,433.00,G,16,TREND_UP,SIGNAL,
2026-04-30 08:21:16,2394,27531.00,27350.93,27515.12,27496.68,81.97,17.44,44.4,87.0,0.0,87.0,0.0,0.00,1,0.0,0,0,0.00,0.00,0.00,0.00,,0.0,0,0,0.00,MANUAL,,AGGR+CHP+ADP+RUN-EXT+PW+DLK+SLC+TPE+NWS+,BUY,55.0,10.33,0,0,0.00,0.00,0.00,0.00,0,0,0,1,5.4,57.50,45.25,241.25,-91.75,437.00,G,17,TREND_UP,BRICK_CLOSE,src=primary color=G streak=17 o=27511.00 c=27527.00 hi=27527.00 lo=27508.00
2026-04-30 08:21:16,2394,27531.00,27351.96,27515.12,27496.68,81.97,17.44,44.4,120.0,0.0,120.0,0.0,0.00,1,0.0,0,0,0.00,0.00,0.00,0.00,,0.0,0,0,0.00,MANUAL,,AGGR+CHP+ADP+RUN-EXT+PW+DLK+SLC+TPE+NWS+,BUY,55.0,10.27,0,0,0.00,0.00,0.00,0.00,0,0,0,1,5.4,57.50,45.25,241.25,-91.75,437.00,G,17,TREND_UP,SIGNAL,
2026-04-30 08:27:08,2395,27535.00,27351.96,27519.10,27500.17,83.02,18.01,44.6,120.0,0.0,120.0,0.0,0.00,1,0.0,0,0,0.00,0.00,0.00,0.00,,0.0,0,0,0.00,MANUAL,,AGGR+CHP+ADP+RUN-EXT+PW+DLK+SLC+TPE+NWS+,BUY,55.0,10.16,0,0,0.00,0.00,0.00,0.00,0,0,0,1,4.8,61.50,49.25,245.25,-87.75,441.00,G,18,TREND_UP,BRICK_CLOSE,src=primary color=G streak=18 o=27515.00 c=27531.00 hi=27531.00 lo=27515.00
2026-04-30 08:27:08,2395,27535.00,27354.36,27519.10,27500.17,83.02,18.01,44.6,120.0,0.0,120.0,0.0,0.00,1,0.0,0,0,0.00,0.00,0.00,0.00,,0.0,0,0,0.00,MANUAL,,AGGR+CHP+ADP+RUN-EXT+PW+DLK+SLC+TPE+NWS+,BUY,55.0,10.03,0,0,0.00,0.00,0.00,0.00,0,0,0,1,4.8,61.50,49.25,245.25,-87.75,441.00,G,18,TREND_UP,SIGNAL,
2026-04-30 08:29:58,2396,27539.00,27354.36,27523.08,27503.70,84.02,18.08,45.0,120.0,0.0,120.0,0.0,0.00,1,0.0,0,0,0.00,0.00,0.00,0.00,,0.0,0,0,0.00,MANUAL,,AGGR+CHP+ADP+RUN-EXT+PW+DLK+SLC+TPE+NWS+,BUY,55.0,10.21,0,0,0.00,0.00,0.00,0.00,0,0,0,1,4.3,65.50,53.25,249.25,-83.75,445.00,G,19,TREND_UP,BRICK_CLOSE,src=primary color=G streak=19 o=27519.00 c=27535.00 hi=27535.00 lo=27509.50
2026-04-30 08:29:58,2396,27539.00,27354.36,27523.08,27503.70,84.02,18.08,45.0,120.0,0.0,120.0,0.0,0.00,1,0.0,0,0,0.00,0.00,0.00,0.00,,0.0,0,0,0.00,MANUAL,,AGGR+CHP+ADP+RUN-EXT+PW+DLK+SLC+TPE+NWS+,BUY,55.0,10.21,0,0,0.00,0.00,0.00,0.00,0,0,0,1,4.3,65.50,53.25,249.25,-83.75,445.00,G,19,TREND_UP,HEARTBEAT,tradesToday=0 openDca=0
2026-04-30 08:29:58,2396,27539.00,27355.58,27523.08,27503.70,84.02,18.08,45.0,120.0,0.0,120.0,0.0,0.00,1,0.0,0,0,0.00,0.00,0.00,0.00,,0.0,0,0,0.00,MANUAL,,AGGR+CHP+ADP+RUN-EXT+PW+DLK+SLC+TPE+NWS+,BUY,55.0,10.14,0,0,0.00,0.00,0.00,0.00,0,0,0,1,4.3,65.50,53.25,249.25,-83.75,445.00,G,19,TREND_UP,SIGNAL,
2026-04-30 08:30:02,2397,27543.00,27355.58,27527.06,27507.27,84.97,17.93,45.7,120.0,0.0,120.0,0.0,0.00,1,0.0,0,0,0.00,0.00,0.00,0.00,,0.0,0,0,0.00,MANUAL,,AGGR+CHP+ADP+RUN-EXT+PW+DLK+SLC+TPE+NWS+,BUY,55.0,10.45,0,0,0.00,0.00,0.00,0.00,0,0,0,1,3.9,69.50,57.25,253.25,-79.75,449.00,G,20,TREND_UP,BRICK_CLOSE,src=primary color=G streak=20 o=27523.00 c=27539.00 hi=27539.00 lo=27520.00
2026-04-30 08:30:02,2397,27543.00,27355.70,27527.06,27507.27,84.97,17.93,45.7,110.0,0.0,110.0,0.0,0.00,1,0.0,0,0,0.00,0.00,0.00,0.00,,0.0,0,0,0.00,MANUAL,,AGGR+CHP+ADP+RUN-EXT+PW+DLK+SLC+TPE+NWS+,BUY,55.0,10.44,0,0,0.00,0.00,0.00,0.00,0,0,0,1,3.9,69.50,57.25,253.25,-79.75,449.00,G,20,TREND_UP,SIGNAL,
2026-04-30 08:30:02,2398,27547.00,27355.70,27531.05,27510.88,85.88,17.80,46.5,110.0,0.0,110.0,0.0,0.00,1,0.0,0,0,0.00,0.00,0.00,0.00,,0.0,0,0,0.00,MANUAL,,AGGR+CHP+ADP+RUN-EXT+PW+DLK+SLC+TPE+NWS+,BUY,55.0,10.75,0,0,0.00,0.00,0.00,0.00,0,0,0,1,3.5,73.50,61.25,257.25,-75.75,453.00,G,21,TREND_UP,BRICK_CLOSE,src=primary color=G streak=21 o=27527.00 c=27543.00 hi=27543.00 lo=27527.00
2026-04-30 08:30:02,2398,27547.00,27355.73,27531.05,27510.88,85.88,17.80,46.5,77.0,0.0,77.0,0.0,0.00,1,0.0,0,0,0.00,0.00,0.00,0.00,,0.0,0,0,0.00,MANUAL,,AGGR+CHP+ADP+RUN-EXT+PW+DLK+SLC+TPE+NWS+,BUY,55.0,10.75,0,0,0.00,0.00,0.00,0.00,0,0,0,1,3.5,73.50,61.25,257.25,-75.75,453.00,G,21,TREND_UP,SIGNAL,
2026-04-30 08:32:10,2399,27519.00,27355.73,27528.64,27511.62,59.01,18.74,45.3,77.0,0.0,77.0,0.0,0.00,1,0.0,0,0,0.00,0.00,0.00,0.00,,0.0,0,0,0.00,MANUAL,,AGGR+CHP+ADP+RUN-EXT+PW+DLK+SLC+TPE+NWS+,BUY,55.0,8.71,0,0,0.00,0.00,0.00,0.00,0,0,0,0,0.9,45.50,33.25,229.25,-103.75,425.00,G,22,TREND_UP,BRICK_CLOSE,src=primary color=G streak=22 o=27531.00 c=27547.00 hi=27547.00 lo=27531.00
2026-04-30 08:32:10,2399,27519.00,27355.73,27528.64,27511.62,59.01,18.74,45.3,77.0,0.0,77.0,0.0,0.00,1,0.0,0,0,0.00,0.00,0.00,0.00,,0.0,0,0,0.00,MANUAL,,AGGR+CHP+ADP+RUN-EXT+PW+DLK+SLC+TPE+NWS+,BUY,55.0,8.71,0,0,0.00,0.00,0.00,0.00,0,0,0,0,0.9,45.50,33.25,229.25,-103.75,425.00,G,22,UNKNOWN,REGIME_CHANGE,from=TREND_UP to=UNKNOWN adx=45.3 slope=0.93 atr/avg=1.06 eStack=0 distVwapAtr=8.71 nr=Gx22 flips4=1
2026-04-30 08:32:10,2399,27519.00,27357.42,27528.64,27511.62,59.01,18.74,45.3,23.6,0.0,23.6,0.0,0.00,1,0.0,0,0,0.00,0.00,0.00,0.00,,0.0,0,0,0.00,MANUAL,,AGGR+CHP+ADP+RUN-EXT+PW+DLK+SLC+TPE+NWS+,BUY,55.0,8.62,0,0,0.00,0.00,0.00,0.00,0,0,0,0,0.9,45.50,33.25,229.25,-103.75,425.00,G,22,UNKNOWN,SIGNAL,
2026-04-30 08:32:15,2400,27515.00,27357.42,27525.91,27511.93,56.30,18.54,43.6,23.6,0.0,23.6,0.0,0.00,1,0.0,0,0,0.00,0.00,0.00,0.00,,0.0,0,0,0.00,MANUAL,,AGGR+CHP+ADP+RUN-EXT+PW+DLK+SLC+TPE+NWS+,WAIT,55.0,8.50,0,0,0.00,0.00,0.00,0.00,0,0,0,0,-1.0,41.50,29.25,225.25,-107.75,421.00,R,1,UNKNOWN,BRICK_CLOSE,src=primary color=R streak=1 o=27535.00 c=27519.00 hi=27550.00 lo=27519.00
2026-04-30 08:32:15,2400,27515.00,27357.42,27525.91,27511.93,56.30,18.54,43.6,23.6,0.0,23.6,0.0,0.00,1,0.0,0,0,0.00,0.00,0.00,0.00,,0.0,0,0,0.00,MANUAL,,AGGR+CHP+ADP+RUN-EXT+PW+DLK+SLC+TPE+NWS+,WAIT,55.0,8.50,0,0,0.00,0.00,0.00,0.00,0,0,0,0,-1.0,41.50,29.25,225.25,-107.75,421.00,R,1,UNKNOWN,RUN_END,color=G len=22 pts=72.0 maxFav=100.0 durSec=1307 startPx=27447.00 endPx=27519.00
2026-04-30 08:32:15,2400,27515.00,27357.42,27525.91,27511.93,56.30,18.54,43.6,23.6,0.0,23.6,0.0,0.00,1,0.0,0,0,0.00,0.00,0.00,0.00,,0.0,0,0,0.00,MANUAL,,AGGR+CHP+ADP+RUN-EXT+PW+DLK+SLC+TPE+NWS+,WAIT,55.0,8.50,0,0,0.00,0.00,0.00,0.00,0,0,0,0,-1.0,41.50,29.25,225.25,-107.75,421.00,R,1,UNKNOWN,PULLBACK_ARM,dir=1 runLen=22 runPts=72.0 maxFav=100.0 extremePx=27519.00 windowSec=900
2026-04-30 08:32:15,2400,27515.00,27357.57,27525.91,27511.93,56.30,18.54,43.6,20.1,0.0,20.1,0.0,0.00,1,0.0,0,0,0.00,0.00,0.00,0.00,,0.0,0,0,0.00,MANUAL,,AGGR+CHP+ADP+RUN-EXT+PW+DLK+SLC+TPE+NWS+,WAIT,55.0,8.49,0,0,0.00,0.00,0.00,0.00,0,0,0,0,-1.0,41.50,-26.75,221.25,-107.75,421.00,R,1,UNKNOWN,SIGNAL,
2026-04-30 08:32:25,2401,27511.00,27357.57,27522.93,27511.84,53.65,18.36,41.6,20.1,0.0,20.1,0.0,0.00,1,0.0,0,0,0.00,0.00,0.00,0.00,,0.0,0,0,0.00,MANUAL,,AGGR+CHP+ADP+RUN-EXT+PW+DLK+SLC+TPE+NWS+,WAIT,55.0,8.36,0,0,0.00,0.00,0.00,0.00,0,0,0,0,-3.5,37.50,-30.75,217.25,-111.75,417.00,R,2,UNKNOWN,BRICK_CLOSE,src=primary color=R streak=2 o=27531.00 c=27515.00 hi=27531.00 lo=27515.00
2026-04-30 08:32:25,2401,27511.00,27357.75,27522.93,27511.84,53.65,18.36,41.6,10.2,0.0,10.2,0.0,0.00,1,0.0,0,0,0.00,0.00,0.00,0.00,,0.0,0,0,0.00,MANUAL,,AGGR+CHP+ADP+RUN-EXT+PW+DLK+SLC+TPE+NWS+,WAIT,55.0,8.35,0,0,0.00,0.00,0.00,0.00,0,0,0,0,-3.5,37.50,-30.75,217.25,-111.75,417.00,R,2,UNKNOWN,SIGNAL,
2026-04-30 08:32:37,2402,27507.00,27357.75,27519.74,27511.40,51.05,18.19,39.2,10.2,0.0,10.2,0.0,0.00,1,0.0,0,0,0.00,0.00,0.00,0.00,,0.0,0,0,0.00,MANUAL,,AGGR+CHP+ADP+RUN-EXT+PW+DLK+SLC+TPE+NWS+,WAIT,55.0,8.20,0,0,0.00,0.00,0.00,0.00,0,0,0,0,-6.5,33.50,-34.75,213.25,-115.75,413.00,R,3,UNKNOWN,BRICK_CLOSE,src=primary color=R streak=3 o=27527.00 c=27511.00 hi=27527.00 lo=27511.00
2026-04-30 08:32:37,2402,27507.00,27357.87,27519.74,27511.40,51.05,18.19,39.2,10.0,0.0,10.0,0.0,0.00,1,0.0,0,0,0.00,0.00,0.00,0.00,,0.0,0,0,0.00,MANUAL,,AGGR+CHP+ADP+RUN-EXT+PW+DLK+SLC+TPE+NWS+,WAIT,55.0,8.20,0,0,0.00,0.00,0.00,0.00,0,0,0,0,-6.5,33.50,-34.75,213.25,-115.75,413.00,R,3,UNKNOWN,SIGNAL,
2026-04-30 08:34:06,2403,27503.00,27357.87,27516.39,27510.64,48.53,18.04,36.4,10.0,0.0,10.0,0.0,0.00,1,0.0,0,0,0.00,0.00,0.00,0.00,,0.0,0,0,0.00,MANUAL,,AGGR+CHP+ADP+RUN-EXT+PW+DLK+SLC+TPE+NWS+,WAIT,55.0,8.05,0,0,0.00,0.00,0.00,0.00,0,0,0,0,-10.0,29.50,-38.75,209.25,-119.75,409.00,R,4,UNKNOWN,BRICK_CLOSE,src=primary color=R streak=4 o=27523.00 c=27507.00 hi=27523.00 lo=27507.00
2026-04-30 08:34:06,2403,27503.00,27358.99,27516.39,27510.64,48.53,18.04,36.4,12.7,0.0,12.7,0.0,0.00,1,0.0,0,0,0.00,0.00,0.00,0.00,,0.0,0,0,0.00,MANUAL,,AGGR+CHP+ADP+RUN-EXT+PW+DLK+SLC+TPE+NWS+,WAIT,55.0,7.98,0,0,0.00,0.00,0.00,0.00,0,0,0,0,-10.0,29.50,-38.75,209.25,-119.75,409.00,R,4,UNKNOWN,SIGNAL,
2026-04-30 08:34:59,2404,27499.00,27358.99,27512.92,27509.58,46.08,17.89,34.2,12.7,0.0,12.7,0.0,0.00,1,0.0,0,0,0.00,0.00,0.00,0.00,,0.0,0,0,0.00,MANUAL,,AGGR+CHP+ADP+RUN-EXT+PW+DLK+SLC+TPE+NWS+,WAIT,55.0,7.83,0,0,0.00,0.00,0.00,0.00,0,0,0,0,-11.1,25.50,-42.75,205.25,-123.75,405.00,R,5,UNKNOWN,BRICK_CLOSE,src=primary color=R streak=5 o=27519.00 c=27503.00 hi=27519.00 lo=27503.00
2026-04-30 08:34:59,2404,27499.00,27359.44,27512.92,27509.58,46.08,17.89,34.2,17.3,0.0,17.3,0.0,0.00,1,0.0,0,0,0.00,0.00,0.00,0.00,,0.0,0,0,0.00,MANUAL,,AGGR+CHP+ADP+RUN-EXT+PW+DLK+SLC+TPE+NWS+,WAIT,55.0,7.80,0,0,0.00,0.00,0.00,0.00,0,0,0,0,-11.1,25.50,-42.75,205.25,-123.75,405.00,R,5,UNKNOWN,SIGNAL,
2026-04-30 08:36:44,2405,27495.00,27359.44,27509.33,27508.25,43.70,17.76,32.5,17.3,0.0,17.3,0.0,0.00,1,0.0,0,0,0.00,0.00,0.00,0.00,,0.0,0,0,0.00,MANUAL,,AGGR+CHP+ADP+RUN-EXT+PW+DLK+SLC+TPE+NWS+,WAIT,55.0,7.64,0,0,0.00,0.00,0.00,0.00,0,0,0,0,-11.1,21.50,-46.75,201.25,-127.75,401.00,R,6,UNKNOWN,BRICK_CLOSE,src=primary color=R streak=6 o=27515.00 c=27499.00 hi=27515.00 lo=27499.00
2026-04-30 08:36:44,2405,27495.00,27360.25,27509.33,27508.25,43.70,17.76,32.5,17.2,0.0,17.2,0.0,0.00,1,0.0,0,0,0.00,0.00,0.00,0.00,,0.0,0,0,0.00,MANUAL,,AGGR+CHP+ADP+RUN-EXT+PW+DLK+SLC+TPE+NWS+,WAIT,55.0,7.59,0,0,0.00,0.00,0.00,0.00,0,0,0,0,-11.1,21.50,-46.75,201.25,-127.75,401.00,R,6,UNKNOWN,SIGNAL,
2026-04-30 08:37:03,2406,27491.00,27360.25,27505.67,27506.69,41.39,17.63,31.4,17.2,0.0,17.2,0.0,0.00,1,0.0,0,0,0.00,0.00,0.00,0.00,,0.0,0,0,0.00,MANUAL,,AGGR+CHP+ADP+RUN-EXT+PW+DLK+SLC+TPE+NWS+,WAIT,55.0,7.42,0,0,0.00,0.00,0.00,0.00,0,0,0,-1,-10.2,17.50,-50.75,197.25,-131.75,397.00,R,7,UNKNOWN,BRICK_CLOSE,src=primary color=R streak=7 o=27511.00 c=27495.00 hi=27511.00 lo=27495.00
2026-04-30 08:37:03,2406,27491.00,27360.45,27505.67,27506.69,41.39,17.63,31.4,0.0,67.3,0.0,67.3,0.00,0,0.0,0,0,0.00,0.00,0.00,0.00,,0.0,0,0,0.00,MANUAL,,AGGR+CHP+ADP+RUN-EXT+PW+DLK+SLC+TPE+NWS+,WAIT,55.0,7.41,0,0,0.00,0.00,0.00,0.00,0,0,0,-1,-10.2,17.50,-50.75,197.25,-131.75,397.00,R,7,UNKNOWN,SIGNAL,
2026-04-30 08:44:07,2407,27487.00,27360.45,27501.93,27504.90,39.17,17.82,30.7,0.0,67.3,0.0,67.3,0.00,0,0.0,0,0,0.00,0.00,0.00,0.00,,0.0,0,0,0.00,MANUAL,,AGGR+CHP+ADP+RUN-EXT+PW+DLK+SLC+TPE+NWS+,SELL,55.0,7.10,0,0,0.00,0.00,0.00,0.00,0,0,0,-1,-8.5,13.50,-54.75,193.25,-135.75,393.00,R,8,UNKNOWN,BRICK_CLOSE,src=primary color=R streak=8 o=27507.00 c=27491.00 hi=27507.00 lo=27491.00
2026-04-30 08:44:07,2407,27487.00,27360.45,27501.93,27504.90,39.17,17.82,30.7,0.0,67.3,0.0,67.3,0.00,0,0.0,0,0,0.00,0.00,0.00,0.00,,0.0,0,0,0.00,MANUAL,,AGGR+CHP+ADP+RUN-EXT+PW+DLK+SLC+TPE+NWS+,SELL,55.0,7.10,0,0,0.00,0.00,0.00,0.00,0,0,0,-1,-8.5,13.50,-54.75,193.25,-135.75,393.00,R,8,UNKNOWN,HEARTBEAT,tradesToday=0 openDca=0
2026-04-30 08:44:07,2407,27487.00,27362.94,27501.93,27504.90,39.17,17.82,30.7,5.1,67.5,5.1,67.5,0.00,0,0.0,0,0,0.00,0.00,0.00,0.00,,0.0,0,0,0.00,MANUAL,,AGGR+CHP+ADP+RUN-EXT+PW+DLK+SLC+TPE+NWS+,SELL,55.0,6.96,0,0,0.00,0.00,0.00,0.00,0,0,0,-1,-8.5,13.50,-54.75,193.25,-135.75,393.00,R,8,UNKNOWN,SIGNAL,
2026-04-30 08:44:07,2408,27483.00,27362.94,27498.15,27502.91,37.03,17.69,30.4,5.1,67.5,5.1,67.5,0.00,0,0.0,0,0,0.00,0.00,0.00,0.00,,0.0,0,0,0.00,MANUAL,,AGGR+CHP+ADP+RUN-EXT+PW+DLK+SLC+TPE+NWS+,SELL,55.0,6.79,0,0,0.00,0.00,0.00,0.00,0,0,0,-1,-6.0,9.50,-58.75,189.25,-139.75,389.00,R,9,UNKNOWN,BRICK_CLOSE,src=primary color=R streak=9 o=27503.00 c=27487.00 hi=27507.25 lo=27487.00
2026-04-30 08:44:07,2408,27483.00,27363.05,27498.15,27502.91,37.03,17.69,30.4,0.0,89.8,0.0,89.8,0.00,0,0.0,0,0,0.00,0.00,0.00,0.00,,0.0,0,0,0.00,MANUAL,,AGGR+CHP+ADP+RUN-EXT+PW+DLK+SLC+TPE+NWS+,SELL,55.0,6.78,0,0,0.00,0.00,0.00,0.00,0,0,0,-1,-6.0,9.50,-58.75,189.25,-139.75,389.00,R,9,UNKNOWN,SIGNAL,
2026-04-30 08:44:07,2409,27479.00,27363.05,27494.32,27500.73,34.97,17.57,30.5,0.0,89.8,0.0,89.8,0.00,0,0.0,0,0,0.00,0.00,0.00,0.00,,0.0,0,0,0.00,MANUAL,,AGGR+CHP+ADP+RUN-EXT+PW+DLK+SLC+TPE+NWS+,STRONG_SELL,55.0,6.60,0,0,0.00,0.00,0.00,0.00,0,0,0,-1,-3.7,5.50,-62.75,185.25,-143.75,385.00,R,10,UNKNOWN,BRICK_CLOSE,src=primary color=R streak=10 o=27499.00 c=27483.00 hi=27499.00 lo=27483.00
2026-04-30 08:44:07,2409,27479.00,27363.07,27494.32,27500.73,34.97,17.57,30.5,0.0,65.0,0.0,65.0,0.00,0,0.0,0,0,0.00,0.00,0.00,0.00,,0.0,0,0,0.00,MANUAL,,AGGR+CHP+ADP+RUN-EXT+PW+DLK+SLC+TPE+NWS+,STRONG_SELL,55.0,6.60,0,0,0.00,0.00,0.00,0.00,0,0,0,-1,-3.7,5.50,-62.75,185.25,-143.75,385.00,R,10,UNKNOWN,SIGNAL,
2026-04-30 08:44:08,2410,27475.00,27363.07,27490.45,27498.39,33.00,17.45,30.9,0.0,65.0,0.0,65.0,0.00,0,0.0,0,0,0.00,0.00,0.00,0.00,,0.0,0,0,0.00,MANUAL,,AGGR+CHP+ADP+RUN-EXT+PW+DLK+SLC+TPE+NWS+,SELL,55.0,6.41,0,0,0.00,0.00,0.00,0.00,0,0,0,-1,-1.7,1.50,-66.75,181.25,-147.75,381.00,R,11,UNKNOWN,BRICK_CLOSE,src=primary color=R streak=11 o=27495.00 c=27479.00 hi=27495.00 lo=27479.00
2026-04-30 08:44:08,2410,27475.00,27363.27,27490.45,27498.39,33.00,17.45,30.9,0.0,50.0,0.0,50.0,0.00,0,0.0,0,0,0.00,0.00,0.00,0.00,,0.0,0,0,0.00,MANUAL,,AGGR+CHP+ADP+RUN-EXT+PW+DLK+SLC+TPE+NWS+,SELL,55.0,6.40,0,0,0.00,0.00,0.00,0.00,0,0,0,-1,-1.7,1.50,-66.75,181.25,-147.75,381.00,R,11,UNKNOWN,SIGNAL,
2026-04-30 08:44:08,2411,27471.00,27363.27,27486.56,27495.90,31.11,17.35,31.5,0.0,50.0,0.0,50.0,0.00,0,0.0,0,0,0.00,0.00,0.00,0.00,,0.0,0,0,0.00,MANUAL,,AGGR+CHP+ADP+RUN-EXT+PW+DLK+SLC+TPE+NWS+,WAIT,55.0,6.21,0,0,0.00,0.00,0.00,0.00,0,0,0,-1,0.2,-2.50,-70.75,177.25,-151.75,377.00,R,12,UNKNOWN,BRICK_CLOSE,src=primary color=R streak=12 o=27491.00 c=27475.00 hi=27491.00 lo=27475.00
2026-04-30 08:44:08,2411,27471.00,27363.28,27486.56,27495.90,31.11,17.35,31.5,0.0,50.0,0.0,50.0,0.00,0,0.0,0,0,0.00,0.00,0.00,0.00,,0.0,0,0,0.00,MANUAL,,AGGR+CHP+ADP+RUN-EXT+PW+DLK+SLC+TPE+NWS+,WAIT,55.0,6.21,0,0,0.00,0.00,0.00,0.00,0,0,0,-1,0.2,-2.50,-70.75,177.25,-151.75,377.00,R,12,UNKNOWN,SIGNAL,
2026-04-30 08:44:09,2412,27467.00,27363.28,27482.65,27493.28,29.30,17.25,32.4,0.0,50.0,0.0,50.0,0.00,0,0.0,0,0,0.00,0.00,0.00,0.00,,0.0,0,0,0.00,MANUAL,,AGGR+CHP+ADP+RUN-EXT+PW+DLK+SLC+TPE+NWS+,WAIT,55.0,6.01,0,0,0.00,0.00,0.00,0.00,0,0,0,-1,1.7,-6.50,-74.75,173.25,-155.75,373.00,R,13,UNKNOWN,BRICK_CLOSE,src=primary color=R streak=13 o=27487.00 c=27471.00 hi=27487.00 lo=27471.00
2026-04-30 08:44:09,2412,27467.00,27363.42,27482.65,27493.28,29.30,17.25,32.4,0.0,50.0,0.0,50.0,0.00,0,0.0,0,0,0.00,0.00,0.00,0.00,,0.0,0,0,0.00,MANUAL,,AGGR+CHP+ADP+RUN-EXT+PW+DLK+SLC+TPE+NWS+,WAIT,55.0,6.00,0,0,0.00,0.00,0.00,0.00,0,0,0,-1,1.7,-6.50,-74.75,173.25,-155.75,373.00,R,13,UNKNOWN,SIGNAL,
2026-04-30 08:45:54,2413,27495.00,27363.42,27485.12,27493.43,50.85,18.08,31.5,0.0,50.0,0.0,50.0,0.00,0,0.0,0,0,0.00,0.00,0.00,0.00,,0.0,0,0,0.00,MANUAL,,AGGR+CHP+ADP+RUN-EXT+PW+DLK+SLC+TPE+NWS+,WAIT,55.0,7.28,0,0,0.00,0.00,0.00,0.00,0,0,0,0,1.0,21.50,-46.75,201.25,-127.75,401.00,R,14,UNKNOWN,BRICK_CLOSE,src=primary color=R streak=14 o=27483.00 c=27467.00 hi=27483.00 lo=27467.00
2026-04-30 08:45:54,2413,27495.00,27364.21,27485.12,27493.43,50.85,18.08,31.5,0.0,10.0,0.0,10.0,0.00,0,0.0,0,0,0.00,0.00,0.00,0.00,,0.0,0,0,0.00,MANUAL,,AGGR+CHP+ADP+RUN-EXT+PW+DLK+SLC+TPE+NWS+,WAIT,55.0,7.24,0,0,0.00,0.00,0.00,0.00,0,0,0,0,1.0,21.50,-46.75,201.25,-127.75,401.00,R,14,UNKNOWN,SIGNAL,
2026-04-30 08:46:09,2414,27499.00,27364.21,27487.90,27493.94,53.05,17.93,30.1,0.0,10.0,0.0,10.0,0.00,0,0.0,0,0,0.00,0.00,0.00,0.00,,0.0,0,0,0.00,MANUAL,,AGGR+CHP+ADP+RUN-EXT+PW+DLK+SLC+TPE+NWS+,WAIT,55.0,7.52,0,0,0.00,0.00,0.00,0.00,0,0,0,0,-0.4,25.50,-42.75,205.25,-123.75,405.00,G,1,UNKNOWN,BRICK_CLOSE,src=primary color=G streak=1 o=27479.00 c=27495.00 hi=27495.00 lo=27466.25
2026-04-30 08:46:09,2414,27499.00,27364.21,27487.90,27493.94,53.05,17.93,30.1,0.0,10.0,0.0,10.0,0.00,0,0.0,0,0,0.00,0.00,0.00,0.00,,0.0,0,0,0.00,MANUAL,,AGGR+CHP+ADP+RUN-EXT+PW+DLK+SLC+TPE+NWS+,WAIT,55.0,7.52,0,0,0.00,0.00,0.00,0.00,0,0,0,0,-0.4,25.50,-42.75,205.25,-123.75,405.00,G,1,UNKNOWN,RUN_END,color=R len=14 pts=40.0 maxFav=68.0 durSec=834 startPx=27535.00 endPx=27495.00
2026-04-30 08:46:09,2414,27499.00,27364.29,27487.90,27493.94,53.05,17.93,30.1,0.0,10.2,0.0,10.2,0.00,0,0.0,0,0,0.00,0.00,0.00,0.00,,0.0,0,0,0.00,MANUAL,,AGGR+CHP+ADP+RUN-EXT+PW+DLK+SLC+TPE+NWS+,WAIT,55.0,7.51,0,0,0.00,0.00,0.00,0.00,0,0,0,0,-0.4,25.50,-42.75,205.25,-123.75,405.00,G,1,UNKNOWN,SIGNAL,
2026-04-30 08:46:21,2415,27503.00,27364.29,27490.92,27494.76,55.21,17.79,28.3,0.0,10.2,0.0,10.2,0.00,0,0.0,0,0,0.00,0.00,0.00,0.00,,0.0,0,0,0.00,MANUAL,,AGGR+CHP+ADP+RUN-EXT+PW+DLK+SLC+TPE+NWS+,WAIT,55.0,7.80,0,0,0.00,0.00,0.00,0.00,0,0,0,0,-2.6,29.50,-38.75,209.25,-119.75,409.00,G,2,UNKNOWN,BRICK_CLOSE,src=primary color=G streak=2 o=27483.00 c=27499.00 hi=27499.00 lo=27483.00
2026-04-30 08:46:21,2415,27503.00,27364.37,27490.92,27494.76,55.21,17.79,28.3,0.0,10.0,0.0,10.0,0.00,0,0.0,0,0,0.00,0.00,0.00,0.00,,0.0,0,0,0.00,MANUAL,,AGGR+CHP+ADP+RUN-EXT+PW+DLK+SLC+TPE+NWS+,WAIT,55.0,7.79,0,0,0.00,0.00,0.00,0.00,0,0,0,0,-2.6,29.50,-38.75,209.25,-119.75,409.00,G,2,UNKNOWN,SIGNAL,
2026-04-30 08:47:57,2416,27507.00,27364.37,27494.13,27495.87,57.32,17.66,26.3,0.0,10.0,0.0,10.0,0.00,0,0.0,0,0,0.00,0.00,0.00,0.00,,0.0,0,0,0.00,MANUAL,,AGGR+CHP+ADP+RUN-EXT+PW+DLK+SLC+TPE+NWS+,WAIT,55.0,8.08,0,0,0.00,0.00,0.00,0.00,0,0,0,0,-5.2,33.50,-34.75,213.25,-115.75,413.00,G,3,UNKNOWN,BRICK_CLOSE,src=primary color=G streak=3 o=27487.00 c=27503.00 hi=27503.00 lo=27487.00
2026-04-30 08:47:57,2416,27507.00,27364.97,27494.13,27495.87,57.32,17.66,26.3,0.0,10.0,0.0,10.0,0.00,0,0.0,0,0,0.00,0.00,0.00,0.00,,0.0,0,0,0.00,MANUAL,,AGGR+CHP+ADP+RUN-EXT+PW+DLK+SLC+TPE+NWS+,WAIT,55.0,8.04,0,0,0.00,0.00,0.00,0.00,0,0,0,0,-5.2,33.50,-34.75,213.25,-115.75,413.00,G,3,UNKNOWN,SIGNAL,
2026-04-30 08:51:00,2417,27511.00,27364.97,27497.51,27497.25,59.39,17.54,25.0,0.0,10.0,0.0,10.0,0.00,0,0.0,0,0,0.00,0.00,0.00,0.00,,0.0,0,0,0.00,MANUAL,,AGGR+CHP+ADP+RUN-EXT+PW+DLK+SLC+TPE+NWS+,WAIT,55.0,8.32,0,0,0.00,0.00,0.00,0.00,0,0,0,1,-7.4,37.50,-30.75,217.25,-111.75,417.00,G,4,UNKNOWN,BRICK_CLOSE,src=primary color=G streak=4 o=27491.00 c=27507.00 hi=27507.00 lo=27491.00
2026-04-30 08:51:00,2417,27511.00,27366.36,27497.51,27497.25,59.39,17.54,25.0,106.5,0.0,106.5,0.0,0.00,1,0.0,0,0,0.00,0.00,0.00,0.00,,0.0,0,0,0.00,MANUAL,,AGGR+CHP+ADP+RUN-EXT+PW+DLK+SLC+TPE+NWS+,WAIT,55.0,8.24,0,0,0.00,0.00,0.00,0.00,0,0,0,1,-7.4,37.50,-30.75,217.25,-111.75,417.00,G,4,UNKNOWN,SIGNAL,
2026-04-30 08:51:20,2418,27515.00,27366.36,27501.01,27498.86,61.40,17.43,24.1,106.5,0.0,106.5,0.0,0.00,1,0.0,0,0,0.00,0.00,0.00,0.00,,0.0,0,0,0.00,MANUAL,,AGGR+CHP+ADP+RUN-EXT+PW+DLK+SLC+TPE+NWS+,STRONG_BUY,55.0,8.53,0,0,0.00,0.00,0.00,0.00,0,0,0,1,-7.3,41.50,-26.75,221.25,-107.75,421.00,G,5,UNKNOWN,BRICK_CLOSE,src=primary color=G streak=5 o=27495.00 c=27511.00 hi=27511.00 lo=27495.00
2026-04-30 08:51:20,2418,27515.00,27366.60,27501.01,27498.86,61.40,17.43,24.1,117.2,0.0,117.2,0.0,0.00,1,0.0,0,0,0.00,0.00,0.00,0.00,,0.0,0,0,0.00,MANUAL,,AGGR+CHP+ADP+RUN-EXT+PW+DLK+SLC+TPE+NWS+,STRONG_BUY,55.0,8.51,0,0,0.00,0.00,0.00,0.00,0,0,0,1,-7.3,41.50,-26.75,221.25,-107.75,421.00,G,5,UNKNOWN,SIGNAL,
2026-04-30 08:51:45,2419,27519.00,27366.60,27504.60,27500.69,63.35,17.33,23.7,117.2,0.0,117.2,0.0,0.00,1,0.0,0,0,0.00,0.00,0.00,0.00,,0.0,0,0,0.00,MANUAL,,AGGR+CHP+ADP+RUN-EXT+PW+DLK+SLC+TPE+NWS+,STRONG_BUY,55.0,8.79,0,0,0.00,0.00,0.00,0.00,0,0,0,1,-6.3,45.50,-22.75,225.25,-103.75,425.00,G,6,UNKNOWN,BRICK_CLOSE,src=primary color=G streak=6 o=27499.00 c=27515.00 hi=27515.00 lo=27499.00
2026-04-30 08:51:45,2419,27519.00,27366.88,27504.60,27500.69,63.35,17.33,23.7,65.1,0.0,65.1,0.0,0.00,1,0.0,0,0,0.00,0.00,0.00,0.00,,0.0,0,0,0.00,MANUAL,,AGGR+CHP+ADP+RUN-EXT+PW+DLK+SLC+TPE+NWS+,STRONG_BUY,55.0,8.78,0,0,0.00,0.00,0.00,0.00,0,0,0,1,-6.3,45.50,-22.75,225.25,-103.75,425.00,G,6,UNKNOWN,SIGNAL,
2026-04-30 08:52:25,2420,27523.00,27366.88,27508.28,27502.72,65.25,17.24,23.7,65.1,0.0,65.1,0.0,0.00,1,0.0,0,0,0.00,0.00,0.00,0.00,,0.0,0,0,0.00,MANUAL,,AGGR+CHP+ADP+RUN-EXT+PW+DLK+SLC+TPE+NWS+,BUY,55.0,9.06,0,0,0.00,0.00,0.00,0.00,0,0,0,1,-4.6,49.50,-18.75,229.25,-99.75,429.00,G,7,UNKNOWN,BRICK_CLOSE,src=primary color=G streak=7 o=27503.00 c=27519.00 hi=27519.00 lo=27503.00
2026-04-30 08:52:25,2420,27523.00,27367.36,27508.28,27502.72,65.25,17.24,23.7,86.5,0.0,86.5,0.0,0.00,1,0.0,0,0,0.00,0.00,0.00,0.00,,0.0,0,0,0.00,MANUAL,,AGGR+CHP+ADP+RUN-EXT+PW+DLK+SLC+TPE+NWS+,BUY,55.0,9.03,0,0,0.00,0.00,0.00,0.00,0,0,0,1,-4.6,49.50,-18.75,217.25,-99.75,429.00,G,7,UNKNOWN,SIGNAL,
2026-04-30 08:52:41,2421,27527.00,27367.36,27512.03,27504.93,67.08,17.15,24.1,86.5,0.0,86.5,0.0,0.00,1,0.0,0,0,0.00,0.00,0.00,0.00,,0.0,0,0,0.00,MANUAL,,AGGR+CHP+ADP+RUN-EXT+PW+DLK+SLC+TPE+NWS+,STRONG_BUY,55.0,9.31,0,0,0.00,0.00,0.00,0.00,0,0,0,1,-2.3,53.50,-14.75,221.25,-95.75,433.00,G,8,UNKNOWN,BRICK_CLOSE,src=primary color=G streak=8 o=27507.00 c=27523.00 hi=27523.00 lo=27507.00
2026-04-30 08:52:41,2421,27527.00,27367.59,27512.03,27504.93,67.08,17.15,24.1,71.5,0.0,71.5,0.0,0.00,1,0.0,0,0,0.00,0.00,0.00,0.00,,0.0,0,0,0.00,MANUAL,,AGGR+CHP+ADP+RUN-EXT+PW+DLK+SLC+TPE+NWS+,STRONG_BUY,55.0,9.30,0,0,0.00,0.00,0.00,0.00,0,0,0,1,-2.3,53.50,-14.75,221.25,-95.75,433.00,G,8,UNKNOWN,SIGNAL,
2026-04-30 08:56:28,2422,27531.00,27367.59,27515.82,27507.30,68.85,17.07,24.7,71.5,0.0,71.5,0.0,0.00,1,0.0,0,0,0.00,0.00,0.00,0.00,,0.0,0,0,0.00,MANUAL,,AGGR+CHP+ADP+RUN-EXT+PW+DLK+SLC+TPE+NWS+,BUY,55.0,9.58,0,0,0.00,0.00,0.00,0.00,0,0,0,1,-0.3,57.50,-10.75,225.25,-91.75,437.00,G,9,UNKNOWN,BRICK_CLOSE,src=primary color=G streak=9 o=27511.00 c=27527.00 hi=27527.00 lo=27511.00
2026-04-30 08:56:28,2422,27531.00,27367.59,27515.82,27507.30,68.85,17.07,24.7,71.5,0.0,71.5,0.0,0.00,1,0.0,0,0,0.00,0.00,0.00,0.00,,0.0,0,0,0.00,MANUAL,,AGGR+CHP+ADP+RUN-EXT+PW+DLK+SLC+TPE+NWS+,BUY,55.0,9.58,0,0,0.00,0.00,0.00,0.00,0,0,0,1,-0.3,57.50,-10.75,225.25,-91.75,437.00,G,9,UNKNOWN,HEARTBEAT,tradesToday=0 openDca=0
2026-04-30 08:56:28,2422,27531.00,27369.19,27515.82,27507.30,68.85,17.07,24.7,87.0,0.0,87.0,0.0,0.00,1,0.0,0,0,0.00,0.00,0.00,0.00,,0.0,0,0,0.00,MANUAL,,AGGR+CHP+ADP+RUN-EXT+PW+DLK+SLC+TPE+NWS+,BUY,55.0,9.48,0,0,0.00,0.00,0.00,0.00,0,0,0,1,-0.3,57.50,-10.75,225.25,-91.75,437.00,G,9,UNKNOWN,SIGNAL,
2026-04-30 09:01:40,2423,27535.00,27369.19,27519.66,27509.82,70.56,16.99,25.6,87.0,0.0,87.0,0.0,0.00,1,0.0,0,0,0.00,0.00,0.00,0.00,,0.0,0,0,0.00,MANUAL,,AGGR+CHP+ADP+RUN-EXT+PW+DLK+SLC+TPE+NWS+,BUY,55.0,9.76,0,0,0.00,0.00,0.00,0.00,0,0,0,1,1.5,61.50,-6.75,229.25,-87.75,441.00,G,10,UNKNOWN,BRICK_CLOSE,src=primary color=G streak=10 o=27515.00 c=27531.00 hi=27531.00 lo=27515.00
2026-04-30 09:01:40,2423,27535.00,27369.19,27519.66,27509.82,70.56,16.99,25.6,87.0,0.0,87.0,0.0,0.00,1,0.0,0,0,0.00,0.00,0.00,0.00,,0.0,0,0,0.00,MANUAL,,AGGR+CHP+ADP+RUN-EXT+PW+DLK+SLC+TPE+NWS+,BUY,55.0,9.76,0,0,0.00,0.00,0.00,0.00,0,0,0,1,1.5,61.50,-6.75,229.25,-87.75,441.00,G,10,TREND_UP,REGIME_CHANGE,from=UNKNOWN to=TREND_UP adx=25.6 slope=1.47 atr/avg=0.97 eStack=1 distVwapAtr=9.76 nr=Gx10 flips4=0
2026-04-30 09:01:40,2423,27535.00,27370.98,27519.66,27509.82,70.56,16.99,25.6,120.0,0.0,120.0,0.0,0.00,1,0.0,0,0,0.00,0.00,0.00,0.00,,0.0,0,0,0.00,MANUAL,,AGGR+CHP+ADP+RUN-EXT+PW+DLK+SLC+TPE+NWS+,BUY,55.0,9.65,0,0,0.00,0.00,0.00,0.00,0,0,0,1,1.5,61.50,-6.75,229.25,-87.75,441.00,G,10,TREND_UP,SIGNAL,
2026-04-30 09:04:11,2424,27539.00,27370.98,27523.53,27512.47,72.20,16.92,26.7,120.0,0.0,120.0,0.0,0.00,1,0.0,0,0,0.00,0.00,0.00,0.00,,0.0,0,0,0.00,MANUAL,,AGGR+CHP+ADP+RUN-EXT+PW+DLK+SLC+TPE+NWS+,BUY,55.0,9.93,0,0,0.00,0.00,0.00,0.00,0,0,0,1,3.0,65.50,-2.75,233.25,-83.75,445.00,G,11,TREND_UP,BRICK_CLOSE,src=primary color=G streak=11 o=27519.00 c=27535.00 hi=27535.00 lo=27519.00
2026-04-30 09:04:11,2424,27539.00,27371.64,27523.53,27512.47,72.20,16.92,26.7,120.0,0.0,120.0,0.0,0.00,1,0.0,0,0,0.00,0.00,0.00,0.00,,0.0,0,0,0.00,MANUAL,,AGGR+CHP+ADP+RUN-EXT+PW+DLK+SLC+TPE+NWS+,BUY,55.0,9.89,0,0,0.00,0.00,0.00,0.00,0,0,0,1,3.0,65.50,-2.75,233.25,-83.75,445.00,G,11,TREND_UP,SIGNAL,
2026-04-30 09:10:34,2425,27511.00,27371.64,27521.02,27512.34,50.86,17.78,26.0,120.0,0.0,120.0,0.0,0.00,1,0.0,0,0,0.00,0.00,0.00,0.00,,0.0,0,0,0.00,MANUAL,,AGGR+CHP+ADP+RUN-EXT+PW+DLK+SLC+TPE+NWS+,BUY,55.0,7.84,0,0,0.00,0.00,0.00,0.00,0,0,0,0,2.3,37.50,-30.75,205.25,-111.75,417.00,G,12,TREND_UP,BRICK_CLOSE,src=primary color=G streak=12 o=27523.00 c=27539.00 hi=27539.00 lo=27523.00
2026-04-30 09:10:34,2425,27511.00,27371.64,27521.02,27512.34,50.86,17.78,26.0,120.0,0.0,120.0,0.0,0.00,1,0.0,0,0,0.00,0.00,0.00,0.00,,0.0,0,0,0.00,MANUAL,,AGGR+CHP+ADP+RUN-EXT+PW+DLK+SLC+TPE+NWS+,BUY,55.0,7.84,0,0,0.00,0.00,0.00,0.00,0,0,0,0,2.3,37.50,-30.75,205.25,-111.75,417.00,G,12,TREND_UP,HEARTBEAT,tradesToday=0 openDca=0
2026-04-30 09:10:34,2425,27511.00,27371.64,27521.02,27512.34,50.86,17.78,26.0,120.0,0.0,120.0,0.0,0.00,1,0.0,0,0,0.00,0.00,0.00,0.00,,0.0,0,0,0.00,MANUAL,,AGGR+CHP+ADP+RUN-EXT+PW+DLK+SLC+TPE+NWS+,BUY,55.0,7.84,0,0,0.00,0.00,0.00,0.00,0,0,0,0,2.3,37.50,-30.75,205.25,-111.75,417.00,G,12,UNKNOWN,REGIME_CHANGE,from=TREND_UP to=UNKNOWN adx=26.0 slope=2.31 atr/avg=1.02 eStack=0 distVwapAtr=7.84 nr=Gx12 flips4=1
2026-04-30 09:10:34,2425,27511.00,27373.95,27521.02,27512.34,50.86,17.78,26.0,29.4,0.0,29.4,0.0,0.00,1,0.0,0,0,0.00,0.00,0.00,0.00,,0.0,0,0,0.00,MANUAL,,AGGR+CHP+ADP+RUN-EXT+PW+DLK+SLC+TPE+NWS+,BUY,55.0,7.71,0,0,0.00,0.00,0.00,0.00,0,0,0,0,2.3,37.50,-30.75,205.25,-111.75,417.00,G,12,UNKNOWN,SIGNAL,
2026-04-30 09:10:40,2426,27507.00,27373.95,27518.22,27511.85,48.65,17.65,24.9,29.4,0.0,29.4,0.0,0.00,1,0.0,0,0,0.00,0.00,0.00,0.00,,0.0,0,0,0.00,MANUAL,,AGGR+CHP+ADP+RUN-EXT+PW+DLK+SLC+TPE+NWS+,WAIT,55.0,7.54,0,0,0.00,0.00,0.00,0.00,0,0,0,0,0.8,33.50,-34.75,201.25,-115.75,413.00,R,1,UNKNOWN,BRICK_CLOSE,src=primary color=R streak=1 o=27527.00 c=27511.00 hi=27540.00 lo=27511.00
2026-04-30 09:10:40,2426,27507.00,27373.95,27518.22,27511.85,48.65,17.65,24.9,29.4,0.0,29.4,0.0,0.00,1,0.0,0,0,0.00,0.00,0.00,0.00,,0.0,0,0,0.00,MANUAL,,AGGR+CHP+ADP+RUN-EXT+PW+DLK+SLC+TPE+NWS+,WAIT,55.0,7.54,0,0,0.00,0.00,0.00,0.00,0,0,0,0,0.8,33.50,-34.75,201.25,-115.75,413.00,R,1,UNKNOWN,RUN_END,color=G len=12 pts=32.0 maxFav=60.0 durSec=1471 startPx=27479.00 endPx=27511.00
2026-04-30 09:10:40,2426,27507.00,27374.09,27518.22,27511.85,48.65,17.65,24.9,19.7,0.0,19.7,0.0,0.00,1,0.0,0,0,0.00,0.00,0.00,0.00,,0.0,0,0,0.00,MANUAL,,AGGR+CHP+ADP+RUN-EXT+PW+DLK+SLC+TPE+NWS+,WAIT,55.0,7.53,0,0,0.00,0.00,0.00,0.00,0,0,0,0,0.8,33.50,-34.75,201.25,-115.75,413.00,R,1,UNKNOWN,SIGNAL,
2026-04-30 09:10:45,2427,27503.00,27374.09,27515.17,27511.05,46.47,17.54,23.4,19.7,0.0,19.7,0.0,0.00,1,0.0,0,0,0.00,0.00,0.00,0.00,,0.0,0,0,0.00,MANUAL,,AGGR+CHP+ADP+RUN-EXT+PW+DLK+SLC+TPE+NWS+,WAIT,55.0,7.35,0,0,0.00,0.00,0.00,0.00,0,0,0,0,-1.3,29.50,-38.75,197.25,-119.75,409.00,R,2,UNKNOWN,BRICK_CLOSE,src=primary color=R streak=2 o=27523.00 c=27507.00 hi=27523.00 lo=27507.00
2026-04-30 09:10:45,2427,27503.00,27374.22,27515.17,27511.05,46.47,17.54,23.4,10.0,0.0,10.0,0.0,0.00,1,0.0,0,0,0.00,0.00,0.00,0.00,,0.0,0,0,0.00,MANUAL,,AGGR+CHP+ADP+RUN-EXT+PW+DLK+SLC+TPE+NWS+,WAIT,55.0,7.34,0,0,0.00,0.00,0.00,0.00,0,0,0,0,-1.3,29.50,-38.75,197.25,-119.75,409.00,R,2,UNKNOWN,SIGNAL,
2026-04-30 09:10:46,2428,27499.00,27374.22,27511.94,27509.95,44.33,17.43,21.9,10.0,0.0,10.0,0.0,0.00,1,0.0,0,0,0.00,0.00,0.00,0.00,,0.0,0,0,0.00,MANUAL,,AGGR+CHP+ADP+RUN-EXT+PW+DLK+SLC+TPE+NWS+,WAIT,55.0,7.16,0,0,0.00,0.00,0.00,0.00,0,0,0,0,-3.7,25.50,-42.75,193.25,-123.75,405.00,R,3,UNKNOWN,BRICK_CLOSE,src=primary color=R streak=3 o=27519.00 c=27503.00 hi=27519.00 lo=27503.00
2026-04-30 09:10:46,2428,27499.00,27374.25,27511.94,27509.95,44.33,17.43,21.9,10.0,0.0,10.0,0.0,0.00,1,0.0,0,0,0.00,0.00,0.00,0.00,,0.0,0,0,0.00,MANUAL,,AGGR+CHP+ADP+RUN-EXT+PW+DLK+SLC+TPE+NWS+,WAIT,55.0,7.16,0,0,0.00,0.00,0.00,0.00,0,0,0,0,-3.7,25.50,-42.75,193.25,-123.75,405.00,R,3,UNKNOWN,SIGNAL,
2026-04-30 09:28:00,2429,27495.00,27374.25,27508.55,27508.59,42.24,17.61,20.9,10.0,0.0,10.0,0.0,0.00,1,0.0,0,0,0.00,0.00,0.00,0.00,,0.0,0,0,0.00,MANUAL,,AGGR+CHP+ADP+RUN-EXT+PW+DLK+SLC+TPE+NWS+,WAIT,55.0,6.86,0,0,0.00,0.00,0.00,0.00,0,0,0,-1,-5.8,21.50,-46.75,189.25,-127.75,401.00,R,4,UNKNOWN,BRICK_CLOSE,src=primary color=R streak=4 o=27515.00 c=27499.00 hi=27515.00 lo=27499.00
2026-04-30 09:28:00,2429,27495.00,27374.25,27508.55,27508.59,42.24,17.61,20.9,10.0,0.0,10.0,0.0,0.00,1,0.0,0,0,0.00,0.00,0.00,0.00,,0.0,0,0,0.00,MANUAL,,AGGR+CHP+ADP+RUN-EXT+PW+DLK+SLC+TPE+NWS+,WAIT,55.0,6.86,0,0,0.00,0.00,0.00,0.00,0,0,0,-1,-5.8,21.50,-46.75,189.25,-127.75,401.00,R,4,UNKNOWN,HEARTBEAT,tradesToday=0 openDca=0
2026-04-30 09:28:00,2429,27495.00,27379.17,27508.55,27508.59,42.24,17.61,20.9,3.3,57.5,3.3,57.5,0.00,0,0.0,0,0,0.00,0.00,0.00,0.00,,0.0,0,0,0.00,MANUAL,,AGGR+CHP+ADP+RUN-EXT+PW+DLK+SLC+TPE+NWS+,WAIT,55.0,6.58,0,0,0.00,0.00,0.00,0.00,0,0,0,-1,-5.8,21.50,-46.75,189.25,-127.75,401.00,R,4,UNKNOWN,SIGNAL,
2026-04-30 09:29:59,2430,27491.00,27379.17,27505.04,27506.99,40.20,17.50,20.5,3.3,57.5,3.3,57.5,0.00,0,0.0,0,0,0.00,0.00,0.00,0.00,,0.0,0,0,0.00,MANUAL,,AGGR+CHP+ADP+RUN-EXT+PW+DLK+SLC+TPE+NWS+,SELL,55.0,6.39,0,0,0.00,0.00,0.00,0.00,0,0,0,-1,-5.6,17.50,-50.75,185.25,-131.75,397.00,R,5,UNKNOWN,BRICK_CLOSE,src=primary color=R streak=5 o=27511.00 c=27495.00 hi=27515.00 lo=27495.00
2026-04-30 09:29:59,2430,27491.00,27380.70,27505.04,27506.99,40.20,17.50,20.5,5.1,78.6,5.1,78.6,0.00,0,0.0,0,0,0.00,0.00,0.00,0.00,,0.0,0,0,0.00,MANUAL,,AGGR+CHP+ADP+RUN-EXT+PW+DLK+SLC+TPE+NWS+,SELL,55.0,6.30,0,0,0.00,0.00,0.00,0.00,0,0,0,-1,-5.6,17.50,-50.75,185.25,-131.75,397.00,R,5,UNKNOWN,SIGNAL,
2026-04-30 09:29:59,2431,27487.00,27380.70,27501.43,27505.18,38.21,17.39,20.4,5.1,78.6,5.1,78.6,0.00,0,0.0,0,0,0.00,0.00,0.00,0.00,,0.0,0,0,0.00,MANUAL,,AGGR+CHP+ADP+RUN-EXT+PW+DLK+SLC+TPE+NWS+,STRONG_SELL,55.0,6.11,0,0,0.00,0.00,0.00,0.00,0,0,0,-1,-4.5,13.50,-54.75,181.25,-135.75,393.00,R,6,UNKNOWN,BRICK_CLOSE,src=primary color=R streak=6 o=27507.00 c=27491.00 hi=27507.00 lo=27491.00
2026-04-30 09:29:59,2431,27487.00,27380.75,27501.43,27505.18,38.21,17.39,20.4,0.0,63.6,0.0,63.6,0.00,0,0.0,0,0,0.00,0.00,0.00,0.00,,0.0,0,0,0.00,MANUAL,,AGGR+CHP+ADP+RUN-EXT+PW+DLK+SLC+TPE+NWS+,STRONG_SELL,55.0,6.11,0,0,0.00,0.00,0.00,0.00,0,0,0,-1,-4.5,13.50,-54.75,181.25,-135.75,393.00,R,6,UNKNOWN,SIGNAL,
2026-04-30 09:30:00,2432,27483.00,27380.75,27497.75,27503.16,36.28,17.29,20.7,0.0,63.6,0.0,63.6,0.00,0,0.0,0,0,0.00,0.00,0.00,0.00,,0.0,0,0,0.00,MANUAL,,AGGR+CHP+ADP+RUN-EXT+PW+DLK+SLC+TPE+NWS+,SELL,55.0,5.91,0,0,0.00,0.00,0.00,0.00,0,0,0,-1,-2.7,9.50,-58.75,177.25,-139.75,389.00,R,7,UNKNOWN,BRICK_CLOSE,src=primary color=R streak=7 o=27503.00 c=27487.00 hi=27503.00 lo=27487.00
2026-04-30 09:30:00,2432,27483.00,27381.07,27497.75,27503.16,36.28,17.29,20.7,0.0,15.0,0.0,15.0,0.00,0,0.0,0,0,0.00,0.00,0.00,0.00,,0.0,0,0,0.00,MANUAL,,AGGR+CHP+ADP+RUN-EXT+PW+DLK+SLC+TPE+NWS+,SELL,55.0,5.90,0,0,0.00,0.00,0.00,0.00,0,0,0,-1,-2.7,9.50,-58.75,177.25,-139.75,389.00,R,7,UNKNOWN,SIGNAL,
2026-04-30 09:30:01,2433,27479.00,27381.07,27494.00,27500.96,34.40,17.20,21.3,0.0,15.0,0.0,15.0,0.00,0,0.0,0,0,0.00,0.00,0.00,0.00,,0.0,0,0,0.00,MANUAL,,AGGR+CHP+ADP+RUN-EXT+PW+DLK+SLC+TPE+NWS+,WAIT,55.0,5.69,0,0,0.00,0.00,0.00,0.00,0,0,0,-1,-0.6,5.50,-62.75,173.25,-143.75,385.00,R,8,UNKNOWN,BRICK_CLOSE,src=primary color=R streak=8 o=27499.00 c=27483.00 hi=27499.00 lo=27483.00
2026-04-30 09:30:01,2433,27479.00,27381.20,27494.00,27500.96,34.40,17.20,21.3,0.0,0.0,0.0,0.0,0.00,0,0.0,0,0,0.00,0.00,0.00,0.00,,0.0,0,0,0.00,MANUAL,,AGGR+CHP+ADP+RUN-EXT+PW+DLK+SLC+TPE+NWS+,WAIT,55.0,5.69,0,0,0.00,0.00,0.00,0.00,0,0,0,-1,-0.6,5.50,-62.75,173.25,-143.75,385.00,R,8,UNKNOWN,SIGNAL,
2026-04-30 09:30:01,2434,27475.00,27381.20,27490.20,27498.60,32.59,17.11,22.2,0.0,0.0,0.0,0.0,0.00,0,0.0,0,0,0.00,0.00,0.00,0.00,,0.0,0,0,0.00,MANUAL,,AGGR+CHP+ADP+RUN-EXT+PW+DLK+SLC+TPE+NWS+,WAIT,55.0,5.48,0,0,0.00,0.00,0.00,0.00,0,0,0,-1,1.3,1.50,-66.75,169.25,-147.75,381.00,R,9,UNKNOWN,BRICK_CLOSE,src=primary color=R streak=9 o=27495.00 c=27479.00 hi=27495.00 lo=27479.00
2026-04-30 09:30:01,2434,27475.00,27381.23,27490.20,27498.60,32.59,17.11,22.2,0.0,0.0,0.0,0.0,0.00,0,0.0,0,0,0.00,0.00,0.00,0.00,,0.0,0,0,0.00,MANUAL,,AGGR+CHP+ADP+RUN-EXT+PW+DLK+SLC+TPE+NWS+,WAIT,55.0,5.48,0,0,0.00,0.00,0.00,0.00,0,0,0,-1,1.3,1.50,-66.75,169.25,-147.75,381.00,R,9,UNKNOWN,SIGNAL,
2026-04-30 09:30:02,2435,27471.00,27381.23,27486.36,27496.09,30.84,17.03,23.4,0.0,0.0,0.0,0.0,0.00,0,0.0,0,0,0.00,0.00,0.00,0.00,,0.0,0,0,0.00,MANUAL,,AGGR+CHP+ADP+RUN-EXT+PW+DLK+SLC+TPE+NWS+,WAIT,55.0,5.27,0,0,0.00,0.00,0.00,0.00,0,0,0,-1,2.9,-2.50,-70.75,165.25,-151.75,377.00,R,10,UNKNOWN,BRICK_CLOSE,src=primary color=R streak=10 o=27491.00 c=27475.00 hi=27491.00 lo=27475.00
2026-04-30 09:30:02,2435,27471.00,27381.55,27486.36,27496.09,30.84,17.03,23.4,0.0,0.0,0.0,0.0,0.00,0,0.0,0,0,0.00,0.00,0.00,0.00,,0.0,0,0,0.00,MANUAL,,AGGR+CHP+ADP+RUN-EXT+PW+DLK+SLC+TPE+NWS+,WAIT,55.0,5.25,0,0,0.00,0.00,0.00,0.00,0,0,0,-1,2.9,-2.50,-70.75,165.25,-151.75,377.00,R,10,UNKNOWN,SIGNAL,
2026-04-30 09:30:02,2436,27467.00,27381.55,27482.49,27493.45,29.15,16.96,24.7,0.0,0.0,0.0,0.0,0.00,0,0.0,0,0,0.00,0.00,0.00,0.00,,0.0,0,0,0.00,MANUAL,,AGGR+CHP+ADP+RUN-EXT+PW+DLK+SLC+TPE+NWS+,WAIT,55.0,5.04,0,0,0.00,0.00,0.00,0.00,0,0,0,-1,4.3,-6.50,-74.75,161.25,-155.75,373.00,R,11,UNKNOWN,BRICK_CLOSE,src=primary color=R streak=11 o=27487.00 c=27471.00 hi=27487.00 lo=27471.00
2026-04-30 09:30:02,2436,27467.00,27381.65,27482.49,27493.45,29.15,16.96,24.7,0.0,0.0,0.0,0.0,0.00,0,0.0,0,0,0.00,0.00,0.00,0.00,,0.0,0,0,0.00,MANUAL,,AGGR+CHP+ADP+RUN-EXT+PW+DLK+SLC+TPE+NWS+,WAIT,55.0,5.03,0,0,0.00,0.00,0.00,0.00,0,0,0,-1,4.3,-6.50,-74.75,161.25,-155.75,373.00,R,11,UNKNOWN,SIGNAL,
2026-04-30 09:30:02,2437,27463.00,27381.65,27478.59,27490.68,27.53,16.89,26.2,0.0,0.0,0.0,0.0,0.00,0,0.0,0,0,0.00,0.00,0.00,0.00,,0.0,0,0,0.00,MANUAL,,AGGR+CHP+ADP+RUN-EXT+PW+DLK+SLC+TPE+NWS+,WAIT,55.0,4.82,0,0,0.00,0.00,0.00,0.00,0,0,0,-1,5.5,-10.50,-78.75,157.25,-159.75,369.00,R,12,UNKNOWN,BRICK_CLOSE,src=primary color=R streak=12 o=27483.00 c=27467.00 hi=27483.00 lo=27467.00
2026-04-30 09:30:02,2437,27463.00,27381.67,27478.59,27490.68,27.53,16.89,26.2,0.0,0.0,0.0,0.0,0.00,0,0.0,0,0,0.00,0.00,0.00,0.00,,0.0,0,0,0.00,MANUAL,,AGGR+CHP+ADP+RUN-EXT+PW+DLK+SLC+TPE+NWS+,WAIT,55.0,4.82,0,0,0.00,0.00,0.00,0.00,0,0,0,-1,5.5,-10.50,-78.75,157.25,-159.75,369.00,R,12,UNKNOWN,SIGNAL,
2026-04-30 09:30:15,2438,27459.00,27381.67,27474.67,27487.80,25.98,17.42,26.9,0.0,0.0,0.0,0.0,0.00,0,0.0,0,0,0.00,0.00,0.00,0.00,,0.0,0,0,0.00,MANUAL,,AGGR+CHP+ADP+RUN-EXT+PW+DLK+SLC+TPE+NWS+,WAIT,55.0,4.44,0,0,0.00,0.00,0.00,0.00,0,0,0,-1,5.6,-14.50,-82.75,153.25,-163.75,365.00,R,13,UNKNOWN,BRICK_CLOSE,src=primary color=R streak=13 o=27479.00 c=27463.00 hi=27479.00 lo=27463.00
2026-04-30 09:30:15,2438,27459.00,27382.97,27474.67,27487.80,25.98,17.42,26.9,5.0,0.0,5.0,0.0,0.00,0,0.0,0,0,0.00,0.00,0.00,0.00,,0.0,0,0,0.00,MANUAL,,AGGR+CHP+ADP+RUN-EXT+PW+DLK+SLC+TPE+NWS+,WAIT,55.0,4.37,0,0,0.00,0.00,0.00,0.00,0,0,0,-1,5.6,-14.50,-82.75,153.25,-163.75,365.00,R,13,UNKNOWN,SIGNAL,
2026-04-30 09:30:17,2439,27455.00,27382.97,27470.74,27484.82,24.49,17.31,27.8,5.0,0.0,5.0,0.0,0.00,0,0.0,0,0,0.00,0.00,0.00,0.00,,0.0,0,0,0.00,MANUAL,,AGGR+CHP+ADP+RUN-EXT+PW+DLK+SLC+TPE+NWS+,WAIT,55.0,4.16,0,0,0.00,0.00,0.00,0.00,0,0,0,-1,5.6,-18.50,-86.75,149.25,-167.75,361.00,R,14,UNKNOWN,BRICK_CLOSE,src=primary color=R streak=14 o=27475.00 c=27459.00 hi=27483.25 lo=27459.00
2026-04-30 09:30:17,2439,27455.00,27383.06,27470.74,27484.82,24.49,17.31,27.8,0.0,0.0,0.0,0.0,0.00,0,0.0,0,0,0.00,0.00,0.00,0.00,,0.0,0,0,0.00,MANUAL,,AGGR+CHP+ADP+RUN-EXT+PW+DLK+SLC+TPE+NWS+,WAIT,55.0,4.15,0,0,0.00,0.00,0.00,0.00,0,0,0,-1,5.6,-18.50,-86.75,149.25,-167.75,361.00,R,14,UNKNOWN,SIGNAL,
2026-04-30 09:30:22,2440,27451.00,27383.06,27466.79,27481.74,23.06,17.22,29.0,0.0,0.0,0.0,0.0,0.00,0,0.0,0,0,0.00,0.00,0.00,0.00,,0.0,0,0,0.00,MANUAL,,AGGR+CHP+ADP+RUN-EXT+PW+DLK+SLC+TPE+NWS+,WAIT,55.0,3.95,0,0,0.00,0.00,0.00,0.00,0,0,0,-1,5.6,-22.50,-90.75,145.25,-171.75,357.00,R,15,UNKNOWN,BRICK_CLOSE,src=primary color=R streak=15 o=27471.00 c=27455.00 hi=27471.00 lo=27455.00
2026-04-30 09:30:22,2440,27451.00,27383.32,27466.79,27481.74,23.06,17.22,29.0,0.0,0.0,0.0,0.0,0.00,0,0.0,0,0,0.00,0.00,0.00,0.00,,0.0,0,0,0.00,MANUAL,,AGGR+CHP+ADP+RUN-EXT+PW+DLK+SLC+TPE+NWS+,WAIT,55.0,3.93,0,0,0.00,0.00,0.00,0.00,0,0,0,-1,5.6,-50.75,-90.75,123.00,-171.75,357.00,R,15,UNKNOWN,SIGNAL,
2026-04-30 09:30:23,2441,27447.00,27383.32,27462.83,27478.59,21.70,17.13,30.3,0.0,0.0,0.0,0.0,0.00,0,0.0,0,0,0.00,0.00,0.00,0.00,,0.0,0,0,0.00,MANUAL,,AGGR+CHP+ADP+RUN-EXT+PW+DLK+SLC+TPE+NWS+,WAIT,55.0,3.72,0,0,0.00,0.00,0.00,0.00,0,0,0,-1,5.6,-54.75,-94.75,119.00,-175.75,353.00,R,16,UNKNOWN,BRICK_CLOSE,src=primary color=R streak=16 o=27467.00 c=27451.00 hi=27467.00 lo=27451.00
2026-04-30 09:30:23,2441,27447.00,27383.36,27462.83,27478.59,21.70,17.13,30.3,0.0,0.0,0.0,0.0,0.00,0,0.0,0,0,0.00,0.00,0.00,0.00,,0.0,0,0,0.00,MANUAL,,AGGR+CHP+ADP+RUN-EXT+PW+DLK+SLC+TPE+NWS+,WAIT,55.0,3.71,0,0,0.00,0.00,0.00,0.00,0,0,0,-1,5.6,-54.75,-94.75,119.00,-175.75,353.00,R,16,UNKNOWN,SIGNAL,
2026-04-30 09:30:24,2442,27443.00,27383.36,27458.87,27475.35,20.41,17.05,31.8,0.0,0.0,0.0,0.0,0.00,0,0.0,0,0,0.00,0.00,0.00,0.00,,0.0,0,0,0.00,MANUAL,,AGGR+CHP+ADP+RUN-EXT+PW+DLK+SLC+TPE+NWS+,WAIT,55.0,3.50,0,0,0.00,0.00,0.00,0.00,0,0,0,-1,5.6,-58.75,-98.75,115.00,-179.75,349.00,R,17,UNKNOWN,BRICK_CLOSE,src=primary color=R streak=17 o=27463.00 c=27447.00 hi=27463.00 lo=27447.00
2026-04-30 09:30:24,2442,27443.00,27383.40,27458.87,27475.35,20.41,17.05,31.8,0.0,0.0,0.0,0.0,0.00,0,0.0,0,0,0.00,0.00,0.00,0.00,,0.0,0,0,0.00,MANUAL,,AGGR+CHP+ADP+RUN-EXT+PW+DLK+SLC+TPE+NWS+,WAIT,55.0,3.50,0,0,0.00,0.00,0.00,0.00,0,0,0,-1,5.6,-58.75,-98.75,115.00,-179.75,349.00,R,17,UNKNOWN,SIGNAL,
2026-04-30 09:30:29,2443,27439.00,27383.40,27454.89,27472.05,19.17,16.98,33.4,0.0,0.0,0.0,0.0,0.00,0,0.0,0,0,0.00,0.00,0.00,0.00,,0.0,0,0,0.00,MANUAL,,AGGR+CHP+ADP+RUN-EXT+PW+DLK+SLC+TPE+NWS+,WAIT,55.0,3.28,0,0,0.00,0.00,0.00,0.00,0,0,0,-1,6.5,-62.75,-102.75,111.00,-183.75,345.00,R,18,UNKNOWN,BRICK_CLOSE,src=primary color=R streak=18 o=27459.00 c=27443.00 hi=27459.00 lo=27443.00
2026-04-30 09:30:29,2443,27439.00,27383.57,27454.89,27472.05,19.17,16.98,33.4,0.0,0.0,0.0,0.0,0.00,0,0.0,0,0,0.00,0.00,0.00,0.00,,0.0,0,0,0.00,MANUAL,,AGGR+CHP+ADP+RUN-EXT+PW+DLK+SLC+TPE+NWS+,WAIT,55.0,3.27,0,0,0.00,0.00,0.00,0.00,0,0,0,-1,6.5,-62.75,-102.75,111.00,-183.75,345.00,R,18,UNKNOWN,SIGNAL,
2026-04-30 09:30:30,2444,27435.00,27383.57,27450.91,27468.68,18.00,16.91,35.1,0.0,0.0,0.0,0.0,0.00,0,0.0,0,0,0.00,0.00,0.00,0.00,,0.0,0,0,0.00,MANUAL,,AGGR+CHP+ADP+RUN-EXT+PW+DLK+SLC+TPE+NWS+,WAIT,55.0,3.04,0,0,0.00,0.00,0.00,0.00,0,0,0,-1,7.3,-66.75,-106.75,107.00,-187.75,341.00,R,19,UNKNOWN,BRICK_CLOSE,src=primary color=R streak=19 o=27455.00 c=27439.00 hi=27455.00 lo=27439.00
2026-04-30 09:30:30,2444,27435.00,27383.62,27450.91,27468.68,18.00,16.91,35.1,0.0,0.0,0.0,0.0,0.00,0,0.0,0,0,0.00,0.00,0.00,0.00,,0.0,0,0,0.00,MANUAL,,AGGR+CHP+ADP+RUN-EXT+PW+DLK+SLC+TPE+NWS+,WAIT,55.0,3.04,0,0,0.00,0.00,0.00,0.00,0,0,0,-1,7.3,-66.75,-106.75,107.00,-187.75,341.00,R,19,UNKNOWN,SIGNAL,
2026-04-30 09:30:41,2445,27448.75,27383.62,27450.48,27466.87,33.13,17.45,35.4,0.0,0.0,0.0,0.0,0.00,0,0.0,0,0,0.00,0.00,0.00,0.00,,0.0,0,0,0.00,MANUAL,,AGGR+CHP+ADP+RUN-EXT+PW+DLK+SLC+TPE+NWS+,WAIT,55.0,3.73,0,0,0.00,0.00,0.00,0.00,0,0,0,-1,6.4,-53.00,-93.00,120.75,-174.00,354.75,R,20,UNKNOWN,BRICK_CLOSE,src=primary color=R streak=20 o=27451.00 c=27435.00 hi=27451.00 lo=27435.00
2026-04-30 09:30:41,2445,27448.75,27384.07,27450.48,27466.87,33.13,17.45,35.4,0.0,0.0,0.0,0.0,0.00,0,0.0,0,0,0.00,0.00,0.00,0.00,,0.0,0,0,0.00,MANUAL,,AGGR+CHP+ADP+RUN-EXT+PW+DLK+SLC+TPE+NWS+,WAIT,55.0,3.71,0,0,0.00,0.00,0.00,0.00,0,0,0,-1,6.4,-53.00,-93.00,120.75,-174.00,354.75,R,20,UNKNOWN,SIGNAL,
2026-04-26 18:00:00,2445,27407.25,27384.07,27407.25,27407.25,0.00,4.00,50.0,0.0,0.0,0.0,0.0,0.00,0,0.0,0,0,0.00,0.00,0.00,0.00,,0.0,0,0,0.00,AUTO,,AGGR+CHP+ADP+RUN-EXT+PW+DLK+SLC+TPE+NWS+,WAIT,55.0,5.80,0,0,0.00,0.00,27448.50,27449.25,3,0,0,0,0.0,-94.50,-134.50,79.25,-215.50,313.25,R,20,UNKNOWN,MODE_CHANGE,AUTO
2026-04-30 09:30:46,2446,27430.75,27384.18,27443.69,27462.12,16.82,17.29,35.6,0.0,0.0,0.0,0.0,-0.46,0,0.0,0,0,0.00,0.00,0.00,0.00,,0.0,0,0,0.00,AUTO,,AGGR+CHP+ADP+RUN-EXT+PW+DLK+SLC+TPE+NWS+,WAIT,55.0,2.69,0,0,0.00,0.00,27431.50,27432.25,3,206,558,-1,5.3,-71.00,-111.00,102.75,-192.00,336.75,R,21,UNKNOWN,BRICK_CLOSE,src=primary color=R streak=21 o=27447.00 c=27431.00 hi=27458.75 lo=27431.00
2026-04-30 09:30:46,2446,27430.75,27384.19,27443.69,27462.12,16.82,17.29,35.6,0.0,10.0,0.0,10.0,-0.46,0,0.0,0,0,0.00,0.00,0.00,0.00,,0.0,0,0,0.00,AUTO,,AGGR+CHP+ADP+RUN-EXT+PW+DLK+SLC+TPE+NWS+,WAIT,55.0,2.69,0,0,0.00,0.00,27431.50,27432.25,3,206,558,-1,5.3,-71.00,-111.00,102.75,-192.00,336.75,R,21,UNKNOWN,SIGNAL,
2026-04-30 09:30:48,2447,27426.50,27384.25,27439.66,27458.57,15.71,17.20,36.3,0.0,10.0,0.0,10.0,-0.38,0,0.0,0,0,0.00,0.00,0.00,0.00,,0.0,0,0,0.00,AUTO,,AGGR+CHP+ADP+RUN-EXT+PW+DLK+SLC+TPE+NWS+,WAIT,55.0,2.46,0,0,0.00,0.00,27426.50,27427.50,4,344,774,-1,4.5,-75.25,-115.25,98.50,-196.25,332.50,R,22,UNKNOWN,BRICK_CLOSE,src=primary color=R streak=22 o=27443.00 c=27427.00 hi=27443.00 lo=27427.00
2026-04-30 09:30:48,2447,27426.50,27384.25,27439.66,27458.57,15.71,17.20,36.3,0.0,10.0,0.0,10.0,-0.38,0,0.0,0,0,0.00,0.00,0.00,0.00,,0.0,0,0,0.00,AUTO,,AGGR+CHP+ADP+RUN-EXT+PW+DLK+SLC+TPE+NWS+,WAIT,55.0,2.46,0,0,0.00,0.00,27426.50,27427.50,4,344,774,-1,4.5,-75.25,-115.25,98.50,-196.25,332.50,R,22,UNKNOWN,SIGNAL,
2026-04-30 09:30:50,2448,27422.75,27384.30,27435.71,27455.02,14.78,17.08,37.2,0.0,10.0,0.0,10.0,-0.39,0,0.0,0,0,0.00,0.00,0.00,0.00,,0.0,0,0,0.00,AUTO,,AGGR+CHP+ADP+RUN-EXT+PW+DLK+SLC+TPE+NWS+,WAIT,55.0,2.25,0,0,0.00,0.00,27422.25,27423.25,4,422,968,-1,3.8,-79.00,-119.00,94.75,-200.00,328.75,R,23,UNKNOWN,BRICK_CLOSE,src=primary color=R streak=23 o=27439.00 c=27423.00 hi=27439.00 lo=27423.00
2026-04-30 09:30:50,2448,27422.75,27384.30,27435.71,27455.02,14.78,17.08,37.2,0.0,10.0,0.0,10.0,-0.39,-1,0.0,0,0,0.00,0.00,0.00,0.00,,0.0,0,0,0.00,AUTO,,AGGR+CHP+ADP+RUN-EXT+PW+DLK+SLC+TPE+NWS+,WAIT,55.0,2.25,0,0,0.00,0.00,27422.25,27423.25,4,422,968,-1,3.8,-79.00,-119.00,94.75,-200.00,328.75,R,23,UNKNOWN,SIGNAL,
2026-04-30 09:31:07,2449,27418.75,27384.69,27431.72,27451.42,13.84,17.41,38.3,0.0,10.0,0.0,10.0,-0.19,-1,0.0,0,0,0.00,0.00,0.00,0.00,,0.0,0,0,0.00,AUTO,,AGGR+CHP+ADP+RUN-EXT+PW+DLK+SLC+TPE+NWS+,WAIT,55.0,1.96,0,0,0.00,0.00,27421.50,27422.25,3,1532,2240,-1,3.2,-83.00,-123.00,90.75,-204.00,324.75,R,24,UNKNOWN,BRICK_CLOSE,src=primary color=R streak=24 o=27435.00 c=27419.00 hi=27441.50 lo=27419.00
2026-04-30 09:31:07,2449,27418.75,27384.69,27431.72,27451.42,13.84,17.41,38.3,0.0,0.0,0.0,0.0,-0.19,-1,0.0,0,0,0.00,0.00,0.00,0.00,,0.0,0,0,0.00,AUTO,,AGGR+CHP+ADP+RUN-EXT+PW+DLK+SLC+TPE+NWS+,WAIT,55.0,1.96,0,0,0.00,0.00,27421.50,27422.25,3,1532,2240,-1,3.2,-83.00,-123.00,90.75,-204.00,324.75,R,24,UNKNOWN,SIGNAL,
2026-04-30 09:31:11,2450,27414.75,27384.78,27427.73,27447.77,12.95,17.29,39.6,0.0,0.0,0.0,0.0,-0.17,-1,0.0,0,0,0.00,0.00,0.00,0.00,,0.0,0,0,0.00,AUTO,,AGGR+CHP+ADP+RUN-EXT+PW+DLK+SLC+TPE+NWS+,WAIT,55.0,1.73,0,0,0.00,0.00,27417.25,27418.00,3,1854,2596,-1,4.2,-87.00,-127.00,86.75,-208.00,320.75,R,25,UNKNOWN,BRICK_CLOSE,src=primary color=R streak=25 o=27431.00 c=27415.00 hi=27431.00 lo=27415.00
2026-04-30 09:31:11,2450,27414.75,27384.78,27427.73,27447.77,12.95,17.29,39.6,0.0,0.0,0.0,0.0,-0.17,-1,0.0,0,0,0.00,0.00,0.00,0.00,,0.0,0,0,0.00,AUTO,,AGGR+CHP+ADP+RUN-EXT+PW+DLK+SLC+TPE+NWS+,WAIT,55.0,1.73,0,0,0.00,0.00,27417.25,27418.00,3,1854,2596,-1,4.2,-87.00,-127.00,86.75,-208.00,320.75,R,25,UNKNOWN,SIGNAL,
2026-04-30 09:31:20,2451,27410.75,27384.93,27423.73,27444.10,12.12,17.23,40.9,0.0,0.0,0.0,0.0,-0.11,-1,0.0,0,0,0.00,0.00,0.00,0.00,,0.0,0,0,0.00,AUTO,,AGGR+CHP+ADP+RUN-EXT+PW+DLK+SLC+TPE+NWS+,WAIT,55.0,1.50,0,0,0.00,0.00,27410.00,27410.75,3,2528,3182,-1,5.1,-91.00,-131.00,82.75,-212.00,316.75,R,26,UNKNOWN,BRICK_CLOSE,src=primary color=R streak=26 o=27427.00 c=27411.00 hi=27427.75 lo=27411.00
2026-04-30 09:31:20,2451,27410.75,27384.93,27423.73,27444.10,12.12,17.23,40.9,0.0,0.0,0.0,0.0,-0.11,-1,0.0,0,0,0.00,0.00,0.00,0.00,,0.0,0,0,0.00,AUTO,,AGGR+CHP+ADP+RUN-EXT+PW+DLK+SLC+TPE+NWS+,WAIT,55.0,1.50,0,0,0.00,0.00,27410.00,27410.75,3,2528,3182,-1,5.1,-91.00,-131.00,82.75,-212.00,316.75,R,26,UNKNOWN,SIGNAL,
2026-04-30 09:31:23,2452,27406.75,27384.97,27419.74,27440.39,11.33,17.12,42.4,0.0,0.0,0.0,0.0,-0.11,-1,0.0,0,0,0.00,0.00,0.00,0.00,,0.0,0,0,0.00,AUTO,,AGGR+CHP+ADP+RUN-EXT+PW+DLK+SLC+TPE+NWS+,WAIT,55.0,1.27,0,0,0.00,0.00,27405.25,27406.25,4,2694,3358,-1,5.8,-95.00,-135.00,78.75,-216.00,312.75,R,27,UNKNOWN,BRICK_CLOSE,src=primary color=R streak=27 o=27423.00 c=27407.00 hi=27423.00 lo=27407.00
2026-04-30 09:31:23,2452,27406.75,27384.97,27419.74,27440.39,11.33,17.12,42.4,0.0,0.0,0.0,0.0,-0.11,-1,0.0,0,0,0.00,0.00,0.00,0.00,,0.0,0,0,0.00,AUTO,,AGGR+CHP+ADP+RUN-EXT+PW+DLK+SLC+TPE+NWS+,WAIT,55.0,1.27,0,0,0.00,0.00,27405.25,27406.25,4,2694,3358,-1,5.8,-95.00,-135.00,78.75,-216.00,312.75,R,27,UNKNOWN,SIGNAL,
2026-04-30 09:31:45,2453,27402.75,27385.21,27415.74,27436.66,10.59,17.47,43.9,0.0,0.0,0.0,0.0,-0.11,-1,0.0,0,0,0.00,0.00,0.00,0.00,,0.0,0,0,0.00,AUTO,,AGGR+CHP+ADP+RUN-EXT+PW+DLK+SLC+TPE+NWS+,WAIT,55.0,1.00,0,0,0.00,0.00,27402.75,27403.50,3,3788,4760,-1,6.5,-99.00,-139.00,74.75,-220.00,308.75,R,28,UNKNOWN,BRICK_CLOSE,src=primary color=R streak=28 o=27419.00 c=27403.00 hi=27425.75 lo=27403.00
2026-04-30 09:31:45,2453,27402.75,27385.21,27415.74,27436.66,10.59,17.47,43.9,0.0,0.0,0.0,0.0,-0.11,-1,0.0,0,0,0.00,0.00,0.00,0.00,,0.0,0,0,0.00,AUTO,,AGGR+CHP+ADP+RUN-EXT+PW+DLK+SLC+TPE+NWS+,WAIT,55.0,1.00,0,0,0.00,0.00,27402.75,27403.50,3,3788,4760,-1,6.5,-99.00,-139.00,74.75,-220.00,308.75,R,28,UNKNOWN,SIGNAL,
2026-04-30 09:31:49,2454,27398.75,27385.24,27411.74,27432.90,9.90,17.35,45.5,0.0,0.0,0.0,0.0,-0.11,-1,0.0,0,0,0.00,0.00,0.00,0.00,,0.0,0,0,0.00,AUTO,,AGGR+CHP+ADP+RUN-EXT+PW+DLK+SLC+TPE+NWS+,WAIT,55.0,0.78,0,0,0.00,0.00,27398.00,27398.75,3,3956,4972,-1,7.0,-103.00,-143.00,70.75,-224.00,304.75,R,29,UNKNOWN,BRICK_CLOSE,src=primary color=R streak=29 o=27415.00 c=27399.00 hi=27415.00 lo=27399.00
2026-04-30 09:31:49,2454,27398.75,27385.24,27411.74,27432.90,9.90,17.35,45.5,0.0,0.0,0.0,0.0,-0.11,-1,0.0,0,0,0.00,0.00,0.00,0.00,,0.0,0,0,0.00,AUTO,,AGGR+CHP+ADP+RUN-EXT+PW+DLK+SLC+TPE+NWS+,WAIT,55.0,0.78,0,0,0.00,0.00,27398.00,27398.75,3,3956,4972,-1,7.0,-103.00,-143.00,70.75,-224.00,304.75,R,29,UNKNOWN,SIGNAL,
2026-04-30 09:31:51,2455,27394.75,27385.26,27407.74,27429.13,9.24,17.23,47.2,0.0,0.0,0.0,0.0,-0.12,-1,0.0,0,0,0.00,0.00,0.00,0.00,,0.0,0,0,0.00,AUTO,,AGGR+CHP+ADP+RUN-EXT+PW+DLK+SLC+TPE+NWS+,WAIT,55.0,0.55,0,0,0.00,0.00,27394.25,27395.00,3,4080,5202,-1,7.4,-107.00,-147.00,66.75,-228.00,300.75,R,30,UNKNOWN,BRICK_CLOSE,src=primary color=R streak=30 o=27411.00 c=27395.00 hi=27411.00 lo=27395.00
2026-04-30 09:31:51,2455,27394.75,27385.26,27407.74,27429.13,9.24,17.23,47.2,0.0,0.0,0.0,0.0,-0.12,-1,0.0,0,0,0.00,0.00,0.00,0.00,,0.0,0,0,0.00,AUTO,,AGGR+CHP+ADP+RUN-EXT+PW+DLK+SLC+TPE+NWS+,WAIT,55.0,0.55,0,0,0.00,0.00,27394.25,27395.00,3,4080,5202,-1,7.4,-107.00,-147.00,66.75,-228.00,300.75,R,30,UNKNOWN,SIGNAL,
2026-04-30 09:31:52,2456,27390.75,27385.27,27403.74,27425.33,8.63,17.13,48.9,0.0,0.0,0.0,0.0,-0.13,-1,0.0,0,0,0.00,0.00,0.00,0.00,,0.0,0,0,0.00,AUTO,,AGGR+CHP+ADP+RUN-EXT+PW+DLK+SLC+TPE+NWS+,WAIT,55.0,0.32,0,0,0.00,0.00,27399.50,27400.25,3,4106,5288,-1,7.8,-111.00,-151.00,62.75,-232.00,296.75,R,31,UNKNOWN,BRICK_CLOSE,src=primary color=R streak=31 o=27407.00 c=27391.00 hi=27407.00 lo=27391.00
2026-04-30 09:31:52,2456,27390.75,27385.27,27403.74,27425.33,8.63,17.13,48.9,0.0,0.0,0.0,0.0,-0.13,-1,0.0,0,0,0.00,0.00,0.00,0.00,,0.0,0,0,0.00,AUTO,,AGGR+CHP+ADP+RUN-EXT+PW+DLK+SLC+TPE+NWS+,WAIT,55.0,0.32,0,0,0.00,0.00,27399.50,27400.25,3,4106,5288,-1,7.8,-111.00,-151.00,62.75,-232.00,296.75,R,31,UNKNOWN,SIGNAL,
2026-04-30 09:32:00,2457,27386.75,27385.28,27399.75,27421.51,8.05,17.03,50.6,0.0,0.0,0.0,0.0,-0.11,-1,0.0,0,0,0.00,0.00,0.00,0.00,,0.0,0,0,0.00,AUTO,,AGGR+CHP+ADP+RUN-EXT+PW+DLK+SLC+TPE+NWS+,WAIT,55.0,0.09,0,0,0.00,0.00,27391.75,27392.50,3,4456,5592,-1,8.0,-115.00,-155.00,58.75,-236.00,292.75,R,32,UNKNOWN,BRICK_CLOSE,src=primary color=R streak=32 o=27403.00 c=27387.00 hi=27403.00 lo=27387.00
2026-04-30 09:32:00,2457,27386.75,27385.28,27399.75,27421.51,8.05,17.03,50.6,0.0,0.0,0.0,0.0,-0.11,-1,0.0,0,0,0.00,0.00,0.00,0.00,,0.0,0,0,0.00,AUTO,,AGGR+CHP+ADP+RUN-EXT+PW+DLK+SLC+TPE+NWS+,WAIT,55.0,0.09,0,0,0.00,0.00,27391.75,27392.50,3,4456,5592,-1,8.0,-115.00,-155.00,58.75,-236.00,292.75,R,32,UNKNOWN,SIGNAL,
2026-04-30 09:33:15,2458,27415.25,27385.80,27407.37,27423.28,39.06,17.80,47.8,0.0,0.0,0.0,0.0,-0.05,-1,0.0,0,0,0.00,0.00,0.00,0.00,,0.0,0,0,0.00,AUTO,,AGGR+CHP+ADP+RUN-EXT+PW+DLK+SLC+TPE+NWS+,WAIT,55.0,1.65,0,0,0.00,0.00,27415.50,27416.25,3,8142,8970,0,3.7,-86.50,-126.50,87.25,-207.50,321.25,G,1,UNKNOWN,BRICK_CLOSE,src=primary color=G streak=1 o=27399.00 c=27415.00 hi=27415.00 lo=27386.00
2026-04-30 09:33:15,2458,27415.25,27385.80,27407.37,27423.28,39.06,17.80,47.8,0.0,0.0,0.0,0.0,-0.05,-1,0.0,0,0,0.00,0.00,0.00,0.00,,0.0,0,0,0.00,AUTO,,AGGR+CHP+ADP+RUN-EXT+PW+DLK+SLC+TPE+NWS+,WAIT,55.0,1.65,0,0,0.00,0.00,27415.50,27416.25,3,8142,8970,0,3.7,-86.50,-126.50,87.25,-207.50,321.25,G,1,UNKNOWN,RUN_END,color=R len=32 pts=112.0 maxFav=140.0 durSec=1355 startPx=27527.00 endPx=27415.00
2026-04-30 09:33:15,2458,27415.25,27385.80,27407.37,27423.28,39.06,17.80,47.8,0.0,0.0,0.0,0.0,-0.05,-1,0.0,0,0,0.00,0.00,0.00,0.00,,0.0,0,0,0.00,AUTO,,AGGR+CHP+ADP+RUN-EXT+PW+DLK+SLC+TPE+NWS+,WAIT,55.0,1.65,0,0,0.00,0.00,27415.50,27416.25,3,8142,8970,0,3.7,-86.50,-126.50,87.25,-207.50,321.25,G,1,UNKNOWN,PULLBACK_ARM,dir=-1 runLen=32 runPts=112.0 maxFav=140.0 extremePx=27415.00 windowSec=900
2026-04-30 09:33:15,2458,27415.25,27385.80,27407.37,27423.28,39.06,17.80,47.8,0.0,0.0,0.0,0.0,-0.05,-1,0.0,0,0,0.00,0.00,0.00,0.00,,0.0,0,0,0.00,AUTO,,AGGR+CHP+ADP+RUN-EXT+PW+DLK+SLC+TPE+NWS+,WAIT,55.0,1.65,0,0,0.00,0.00,27415.50,27416.25,3,8142,8970,0,3.7,-86.50,-126.50,87.25,-207.50,321.25,G,1,UNKNOWN,SIGNAL,
2026-04-30 09:33:15,2458,27415.25,27385.80,27407.37,27423.28,39.06,17.80,47.8,0.0,0.0,0.0,0.0,-0.05,-1,0.0,0,0,0.00,0.00,0.00,0.00,,0.0,0,0,0.00,AUTO,,AGGR+CHP+ADP+RUN-EXT+PW+DLK+SLC+TPE+NWS+,WAIT,55.0,1.65,0,0,0.00,0.00,27415.50,27416.25,3,8142,8970,0,3.7,-86.50,-126.50,87.25,-207.50,321.25,G,1,UNKNOWN,PULLBACK_DISARM,reason=window dir=-1
2026-04-30 09:33:15,2458,27415.25,27385.80,27407.37,27423.28,39.06,17.80,47.8,0.0,0.0,0.0,0.0,-0.05,-1,0.0,0,0,0.00,0.00,0.00,0.00,,0.0,0,0,0.00,AUTO,,AGGR+CHP+ADP+RUN-EXT+PW+DLK+SLC+TPE+NWS+,WAIT,55.0,1.65,0,0,0.00,0.00,27415.50,27416.25,3,8142,8970,0,3.7,-86.50,-126.50,87.25,-207.50,321.25,G,1,UNKNOWN,SWEEP_BOOST,bull=True bear=False lookback=30
2026-04-30 09:33:37,2459,27386.75,27385.89,27398.72,27417.62,28.49,18.69,46.2,0.0,0.0,0.0,0.0,-0.07,-1,0.0,0,0,0.00,0.00,0.00,0.00,,0.0,0,0,0.00,AUTO,,AGGR+CHP+ADP+RUN-EXT+PW+DLK+SLC+TPE+NWS+,WAIT,55.0,0.05,0,0,0.00,0.00,27377.00,27378.00,4,8964,10218,-1,0.5,-115.00,-155.00,58.75,-236.00,292.75,R,1,UNKNOWN,BRICK_CLOSE,src=primary color=R streak=1 o=27403.00 c=27387.00 hi=27418.75 lo=27387.00
2026-04-30 09:33:37,2459,27386.75,27385.89,27398.72,27417.62,28.49,18.69,46.2,0.0,0.0,0.0,0.0,-0.07,-1,0.0,0,0,0.00,0.00,0.00,0.00,,0.0,0,0,0.00,AUTO,,AGGR+CHP+ADP+RUN-EXT+PW+DLK+SLC+TPE+NWS+,WAIT,55.0,0.05,0,0,0.00,0.00,27377.00,27378.00,4,8964,10218,-1,0.5,-115.00,-155.00,58.75,-236.00,292.75,R,1,UNKNOWN,RUN_END,color=G len=1 pts=12.0 maxFav=0.0 durSec=22 startPx=27399.00 endPx=27387.00
2026-04-30 09:33:37,2459,27386.75,27385.89,27398.72,27417.62,28.49,18.69,46.2,10.0,0.0,10.0,0.0,-0.07,-1,0.0,0,0,0.00,0.00,0.00,0.00,,0.0,0,0,0.00,AUTO,,AGGR+CHP+ADP+RUN-EXT+PW+DLK+SLC+TPE+NWS+,WAIT,55.0,0.05,0,0,0.00,0.00,27377.00,27378.00,4,8964,10218,-1,0.5,-115.00,-155.00,58.75,-236.00,292.75,R,1,UNKNOWN,SIGNAL,
2026-04-30 09:33:37,2460,27382.25,27385.89,27394.83,27414.09,27.23,18.52,45.8,10.0,0.0,10.0,0.0,-0.07,-1,0.0,0,0,0.00,0.00,0.00,0.00,,0.0,0,0,0.00,AUTO,,AGGR+CHP+ADP+RUN-EXT+PW+DLK+SLC+TPE+NWS+,WAIT,55.0,0.20,0,0,0.00,0.00,27377.00,27378.00,4,8994,10330,-1,-1.6,-119.50,-159.50,54.25,-240.50,288.25,R,2,UNKNOWN,BRICK_CLOSE,src=primary color=R streak=2 o=27399.00 c=27383.00 hi=27399.00 lo=27383.00
2026-04-30 09:33:37,2460,27382.25,27385.89,27394.83,27414.09,27.23,18.52,45.8,10.0,0.0,10.0,0.0,-0.07,-1,0.0,0,0,0.00,0.00,0.00,0.00,,0.0,0,0,0.00,AUTO,,AGGR+CHP+ADP+RUN-EXT+PW+DLK+SLC+TPE+NWS+,WAIT,55.0,0.20,0,0,0.00,0.00,27377.00,27378.00,4,8994,10330,-1,-1.6,-119.50,-159.50,50.00,-240.50,288.25,R,2,UNKNOWN,SIGNAL,
2026-04-30 09:33:37,2461,27378.75,27385.89,27391.09,27410.61,26.26,18.29,45.6,10.0,0.0,10.0,0.0,-0.07,-1,0.0,0,0,0.00,0.00,0.00,0.00,,0.0,0,0,0.00,AUTO,,AGGR+CHP+ADP+RUN-EXT+PW+DLK+SLC+TPE+NWS+,WAIT,55.0,0.39,0,0,0.00,0.00,27377.00,27378.00,4,9014,10404,-1,-3.4,-123.00,-163.00,46.50,-244.00,284.75,R,3,UNKNOWN,BRICK_CLOSE,src=primary color=R streak=3 o=27395.00 c=27379.00 hi=27395.00 lo=27379.00
2026-04-30 09:33:37,2461,27378.75,27385.89,27391.09,27410.61,26.26,18.29,45.6,0.0,0.0,0.0,0.0,-0.07,-1,0.0,0,0,0.00,0.00,0.00,0.00,,0.0,0,0,0.00,AUTO,,AGGR+CHP+ADP+RUN-EXT+PW+DLK+SLC+TPE+NWS+,WAIT,55.0,0.39,0,0,0.00,0.00,27377.00,27378.00,4,9014,10404,-1,-3.4,-123.00,-163.00,46.50,-244.00,284.75,R,3,UNKNOWN,SIGNAL,
2026-04-30 09:33:39,2462,27374.75,27385.88,27387.22,27407.04,25.16,18.10,45.8,0.0,0.0,0.0,0.0,-0.08,-1,0.0,0,0,0.00,0.00,0.00,0.00,,0.0,0,0,0.00,AUTO,,AGGR+CHP+ADP+RUN-EXT+PW+DLK+SLC+TPE+NWS+,WAIT,55.0,0.62,0,0,0.00,0.00,27378.50,27379.25,3,9134,10722,-1,-2.6,-127.00,-167.00,42.50,-248.00,280.75,R,4,UNKNOWN,BRICK_CLOSE,src=primary color=R streak=4 o=27391.00 c=27375.00 hi=27391.00 lo=27375.00
2026-04-30 09:33:39,2462,27374.75,27385.88,27387.22,27407.04,25.16,18.10,45.8,0.0,0.0,0.0,0.0,-0.08,-1,0.0,0,0,0.00,0.00,0.00,0.00,,0.0,0,0,0.00,AUTO,,AGGR+CHP+ADP+RUN-EXT+PW+DLK+SLC+TPE+NWS+,WAIT,55.0,0.62,0,0,0.00,0.00,27378.50,27379.25,3,9134,10722,-1,-2.6,-127.00,-167.00,42.50,-248.00,280.75,R,4,UNKNOWN,SIGNAL,
2026-04-30 09:33:42,2463,27370.75,27385.88,27383.33,27403.43,24.08,17.93,46.1,0.0,0.0,0.0,0.0,-0.08,-1,0.0,0,0,0.00,0.00,0.00,0.00,,0.0,0,0,0.00,AUTO,,AGGR+CHP+ADP+RUN-EXT+PW+DLK+SLC+TPE+NWS+,WAIT,55.0,0.84,0,0,0.00,0.00,27371.75,27372.50,3,9248,10884,-1,-1.1,-131.00,-171.00,38.50,-252.00,276.75,R,5,UNKNOWN,BRICK_CLOSE,src=primary color=R streak=5 o=27387.00 c=27371.00 hi=27387.00 lo=27371.00
2026-04-30 09:33:42,2463,27370.75,27385.88,27383.33,27403.43,24.08,17.93,46.1,0.0,0.0,0.0,0.0,-0.08,-1,0.0,0,0,0.00,0.00,0.00,0.00,,0.0,0,0,0.00,AUTO,,AGGR+CHP+ADP+RUN-EXT+PW+DLK+SLC+TPE+NWS+,WAIT,55.0,0.84,0,0,0.00,0.00,27371.75,27372.50,3,9248,10884,-1,-1.1,-131.00,-171.00,38.50,-252.00,276.75,R,5,UNKNOWN,SIGNAL,
2026-04-30 09:33:43,2464,27366.75,27385.87,27379.41,27399.79,23.01,17.78,46.7,0.0,0.0,0.0,0.0,-0.08,-1,0.0,0,0,0.00,0.00,0.00,0.00,,0.0,0,0,0.00,AUTO,,AGGR+CHP+ADP+RUN-EXT+PW+DLK+SLC+TPE+NWS+,WAIT,55.0,1.08,0,0,0.00,0.00,27366.00,27366.75,3,9314,10992,-1,0.2,-135.00,-175.00,34.50,-256.00,272.75,R,6,UNKNOWN,BRICK_CLOSE,src=primary color=R streak=6 o=27383.00 c=27367.00 hi=27383.00 lo=27367.00
2026-04-30 09:33:43,2464,27366.75,27385.87,27379.41,27399.79,23.01,17.78,46.7,0.0,0.0,0.0,0.0,-0.08,-1,0.0,0,0,0.00,0.00,0.00,0.00,,0.0,0,0,0.00,AUTO,,AGGR+CHP+ADP+RUN-EXT+PW+DLK+SLC+TPE+NWS+,WAIT,55.0,1.08,0,0,0.00,0.00,27366.00,27366.75,3,9314,10992,-1,0.2,-135.00,-175.00,34.50,-256.00,272.75,R,6,TREND_DN,REGIME_CHANGE,from=UNKNOWN to=TREND_DN adx=46.7 slope=0.23 atr/avg=0.99 eStack=-1 distVwapAtr=-1.08 nr=Rx6 flips4=0
2026-04-30 09:33:43,2464,27366.75,27385.87,27379.41,27399.79,23.01,17.78,46.7,0.0,0.0,0.0,0.0,-0.08,-1,0.0,0,0,0.00,0.00,0.00,0.00,,0.0,0,0,0.00,AUTO,,AGGR+CHP+ADP+RUN-EXT+PW+DLK+SLC+TPE+NWS+,WAIT,55.0,1.08,0,0,0.00,0.00,27366.00,27366.75,3,9314,10992,-1,0.2,-135.00,-175.00,34.50,-256.00,272.75,R,6,TREND_DN,SIGNAL,
2026-04-30 09:33:45,2465,27362.75,27385.85,27375.48,27396.11,21.96,17.63,47.4,0.0,0.0,0.0,0.0,-0.08,-1,0.0,0,0,0.00,0.00,0.00,0.00,,0.0,0,0,0.00,AUTO,,AGGR+CHP+ADP+RUN-EXT+PW+DLK+SLC+TPE+NWS+,WAIT,55.0,1.31,0,0,0.00,0.00,27362.75,27363.25,2,9442,11184,-1,1.4,-139.00,-179.00,30.50,-260.00,268.75,R,7,TREND_DN,BRICK_CLOSE,src=primary color=R streak=7 o=27379.00 c=27363.00 hi=27379.00 lo=27363.00
2026-04-30 09:33:45,2465,27362.75,27385.85,27375.48,27396.11,21.96,17.63,47.4,0.0,0.0,0.0,0.0,-0.08,-1,0.0,0,0,0.00,0.00,0.00,0.00,,0.0,0,0,0.00,AUTO,,AGGR+CHP+ADP+RUN-EXT+PW+DLK+SLC+TPE+NWS+,WAIT,55.0,1.31,0,0,0.00,0.00,27362.75,27363.25,2,9442,11184,-1,1.4,-139.00,-179.00,30.50,-260.00,268.75,R,7,TREND_DN,SIGNAL,
2026-04-30 09:33:46,2466,27358.50,27385.83,27371.48,27392.38,20.87,17.51,48.3,0.0,0.0,0.0,0.0,-0.09,-1,0.0,0,0,0.00,0.00,0.00,0.00,,0.0,0,0,0.00,AUTO,,AGGR+CHP+ADP+RUN-EXT+PW+DLK+SLC+TPE+NWS+,WAIT,55.0,1.56,0,0,0.00,0.00,27361.75,27362.50,3,9518,11344,-1,2.4,-143.25,-183.25,26.25,-264.25,264.50,R,8,TREND_DN,BRICK_CLOSE,src=primary color=R streak=8 o=27375.00 c=27359.00 hi=27375.00 lo=27359.00
2026-04-30 09:33:46,2466,27358.50,27385.83,27371.48,27392.38,20.87,17.51,48.3,0.0,0.0,0.0,0.0,-0.09,-1,0.0,0,0,0.00,0.00,0.00,0.00,,0.0,0,0,0.00,AUTO,,AGGR+CHP+ADP+RUN-EXT+PW+DLK+SLC+TPE+NWS+,WAIT,55.0,1.56,0,0,0.00,0.00,27361.75,27362.50,3,9518,11344,-1,2.4,-143.25,-183.25,26.25,-264.25,264.50,R,8,TREND_DN,SIGNAL,
2026-04-30 09:34:00,2467,27354.75,27385.67,27367.58,27388.67,19.93,17.47,49.3,0.0,0.0,0.0,0.0,-0.08,-1,0.0,0,0,0.00,0.00,0.00,0.00,,0.0,0,0,0.00,AUTO,,AGGR+CHP+ADP+RUN-EXT+PW+DLK+SLC+TPE+NWS+,WAIT,55.0,1.77,0,0,0.00,0.00,27353.25,27354.00,3,10408,12210,-1,3.3,-147.00,-187.00,22.50,-268.00,260.75,R,9,TREND_DN,BRICK_CLOSE,src=primary color=R streak=9 o=27371.00 c=27355.00 hi=27372.50 lo=27355.00
2026-04-30 09:34:00,2467,27354.75,27385.67,27367.58,27388.67,19.93,17.47,49.3,0.0,0.0,0.0,0.0,-0.08,-1,0.0,0,0,0.00,0.00,0.00,0.00,,0.0,0,0,0.00,AUTO,,AGGR+CHP+ADP+RUN-EXT+PW+DLK+SLC+TPE+NWS+,WAIT,55.0,1.77,0,0,0.00,0.00,27353.25,27354.00,3,10408,12210,-1,3.3,-147.00,-187.00,22.50,-268.00,260.75,R,9,TREND_DN,SIGNAL,
2026-04-30 09:34:03,2468,27350.75,27385.64,27363.61,27384.91,18.95,17.34,50.4,0.0,0.0,0.0,0.0,-0.08,-1,0.0,0,0,0.00,0.00,0.00,0.00,,0.0,0,0,0.00,AUTO,,AGGR+CHP+ADP+RUN-EXT+PW+DLK+SLC+TPE+NWS+,WAIT,55.0,2.01,0,0,0.00,0.00,27350.00,27350.75,3,10540,12390,-1,4.1,-151.00,-191.00,18.50,-272.00,256.75,R,10,TREND_DN,BRICK_CLOSE,src=primary color=R streak=10 o=27367.00 c=27351.00 hi=27367.00 lo=27351.00
2026-04-30 09:34:03,2468,27350.75,27385.64,27363.61,27384.91,18.95,17.34,50.4,0.0,0.0,0.0,0.0,-0.08,-1,0.0,0,0,0.00,0.00,0.00,0.00,,0.0,0,0,0.00,AUTO,,AGGR+CHP+ADP+RUN-EXT+PW+DLK+SLC+TPE+NWS+,WAIT,55.0,2.01,0,0,0.00,0.00,27350.00,27350.75,3,10540,12390,-1,4.1,-151.00,-191.00,18.50,-272.00,256.75,R,10,TREND_DN,SIGNAL,
2026-04-30 09:34:03,2469,27346.75,27385.61,27359.64,27381.14,17.99,17.23,51.6,0.0,0.0,0.0,0.0,-0.09,-1,0.0,0,0,0.00,0.00,0.00,0.00,,0.0,0,0,0.00,AUTO,,AGGR+CHP+ADP+RUN-EXT+PW+DLK+SLC+TPE+NWS+,WAIT,55.0,2.26,0,0,0.00,0.00,27350.00,27350.75,3,10570,12548,-1,4.7,-155.00,-195.00,14.50,-276.00,252.75,R,11,TREND_DN,BRICK_CLOSE,src=primary color=R streak=11 o=27363.00 c=27347.00 hi=27363.00 lo=27347.00
2026-04-30 09:34:03,2469,27346.75,27385.61,27359.64,27381.14,17.99,17.23,51.6,0.0,0.0,0.0,0.0,-0.09,-1,0.0,0,0,0.00,0.00,0.00,0.00,,0.0,0,0,0.00,AUTO,,AGGR+CHP+ADP+RUN-EXT+PW+DLK+SLC+TPE+NWS+,WAIT,55.0,2.26,0,0,0.00,0.00,27350.00,27350.75,3,10570,12548,-1,4.7,-155.00,-195.00,14.50,-276.00,252.75,R,11,TREND_DN,SIGNAL,
2026-04-30 09:34:18,2470,27342.75,27385.34,27355.66,27377.34,17.07,17.12,52.9,0.0,0.0,0.0,0.0,-0.08,-1,0.0,0,0,0.00,0.00,0.00,0.00,,0.0,0,0,0.00,AUTO,,AGGR+CHP+ADP+RUN-EXT+PW+DLK+SLC+TPE+NWS+,WAIT,55.0,2.49,0,0,0.00,0.00,27345.25,27346.00,3,11554,13586,-1,5.3,-159.00,-199.00,10.50,-280.00,248.75,R,12,TREND_DN,BRICK_CLOSE,src=primary color=R streak=12 o=27359.00 c=27343.00 hi=27359.00 lo=27343.00
2026-04-30 09:34:18,2470,27342.75,27385.34,27355.66,27377.34,17.07,17.12,52.9,0.0,0.0,0.0,0.0,-0.08,-1,0.0,0,0,0.00,0.00,0.00,0.00,,0.0,0,0,0.00,AUTO,,AGGR+CHP+ADP+RUN-EXT+PW+DLK+SLC+TPE+NWS+,WAIT,55.0,2.49,0,0,0.00,0.00,27345.25,27346.00,3,11554,13586,-1,5.3,-159.00,-199.00,10.50,-280.00,248.75,R,12,TREND_DN,SIGNAL,
2026-04-30 09:35:00,2471,27338.75,27384.81,27351.68,27373.52,16.17,17.62,52.0,0.0,0.0,0.0,0.0,-0.07,-1,0.0,0,0,0.00,0.00,0.00,0.00,,0.0,0,0,0.00,AUTO,,AGGR+CHP+ADP+RUN-EXT+PW+DLK+SLC+TPE+NWS+,WAIT,55.0,2.61,0,0,0.00,0.00,27340.00,27340.75,3,13526,15628,-1,3.6,-163.00,-203.00,6.50,-284.00,244.75,R,13,TREND_DN,BRICK_CLOSE,src=primary color=R streak=13 o=27355.00 c=27339.00 hi=27364.00 lo=27339.00
2026-04-30 09:35:00,2471,27338.75,27384.81,27351.68,27373.52,16.17,17.62,52.0,0.0,88.6,0.0,88.6,-0.07,-1,0.0,0,0,0.00,0.00,0.00,0.00,,0.0,0,0,0.00,AUTO,,AGGR+CHP+ADP+RUN-EXT+PW+DLK+SLC+TPE+NWS+,WAIT,55.0,2.61,0,0,0.00,0.00,27340.00,27340.75,3,13526,15628,-1,3.6,-163.00,-203.00,6.50,-284.00,244.75,R,13,TREND_DN,SIGNAL,
2026-04-30 09:35:00,2471,27338.75,27384.81,27351.68,27373.52,16.17,17.62,52.0,0.0,88.6,0.0,88.6,-0.07,-1,0.0,0,0,0.00,0.00,0.00,0.00,,0.0,0,0,0.00,AUTO,,AGGR+CHP+ADP+RUN-EXT+PW+DLK+SLC+TPE+NWS+,SELL,55.0,2.61,0,0,0.00,0.00,27340.00,27340.75,3,13526,15628,-1,3.6,-163.00,-203.00,6.50,-284.00,244.75,R,13,TREND_DN,TREND_CHASE_FIRE,dir=-1 adx=52.0 streak=13 bear=88.6
2026-04-30 09:35:00,2471,27338.75,27384.81,27351.68,27373.52,16.17,17.62,52.0,0.0,88.6,0.0,88.6,-0.07,-1,0.0,-1,1,0.00,0.00,0.00,0.00,,0.0,0,0,0.00,AUTO,Key Lvl Breakout,AGGR+CHP+ADP+RUN-EXT+PW+DLK+SLC+TPE+NWS+,SELL,55.0,2.61,0,0,0.00,0.00,27340.00,27340.75,3,13526,15628,-1,3.6,-163.00,-203.00,6.50,-284.00,244.75,R,13,TREND_DN,ENTRY_SHORT,manual=F bull=0.0 bear=88.6 sig=-1 htf=-1 tape=-0.07 emaXAgo=42 distVwap=-46.1 atr=17.6 px=27338.75 sl=0.00 tp=0.00
2026-04-30 09:35:00,2471,27338.50,27384.81,27351.63,27373.50,16.12,17.64,52.1,0.0,88.6,0.0,88.6,-0.07,-1,0.0,-1,1,27339.75,27357.75,26839.75,0.00,,0.0,0,0,0.00,AUTO,Key Lvl Breakout,AGGR+CHP+ADP+RUN-EXT+PW+DLK+SLC+TPE+NWS+,SELL,55.0,2.63,0,0,1.25,0.00,27340.00,27340.75,3,13526,15630,-1,3.6,-163.25,-203.25,6.25,-284.25,244.50,R,13,TREND_DN,CLAMP_SKIP,adx=52.1 thr=28.0
2026-04-30 09:35:00,2471,27338.50,27384.81,27351.63,27373.50,16.12,17.64,52.1,0.0,88.6,0.0,88.6,-0.07,-1,0.0,-1,1,27339.75,27357.75,26839.75,0.00,,0.0,0,0,0.00,AUTO,Key Lvl Breakout,AGGR+CHP+ADP+RUN-EXT+PW+DLK+SLC+TPE+NWS+,SELL,55.0,2.63,0,0,1.25,0.00,27340.00,27340.75,3,13526,15630,-1,3.6,-163.25,-203.25,6.25,-284.25,244.50,R,13,TREND_DN,STOPS_ARMED,dir=-1 entry=27339.75 sl=27357.75 tp=26839.75 slPt=18 tpPt=50 RUNNER
2026-04-30 09:35:05,2472,27334.75,27384.69,27347.69,27369.68,15.31,17.49,52.6,0.0,88.6,0.0,88.6,-0.07,-1,0.0,-1,1,27339.75,27357.75,26839.75,27341.00,BrickMode*DORMANT,0.0,0,0,0.00,AUTO,Key Lvl Breakout,AGGR+CHP+ADP+RUN-EXT+PW+DLK+SLC+TPE+NWS+,SELL,55.0,2.86,0,0,5.00,2.75,27336.50,27337.00,2,13840,16082,-1,3.1,-167.00,-207.00,2.50,-288.00,240.75,R,14,TREND_DN,BRICK_CLOSE,src=primary color=R streak=14 o=27351.00 c=27335.00 hi=27351.00 lo=27335.00
2026-04-30 09:35:21,2473,27330.75,27384.37,27343.70,27365.83,14.48,17.51,53.3,0.0,88.6,0.0,88.6,-0.07,-1,0.0,-1,1,27339.75,27357.75,26839.75,27336.50,BrickMode*DORMANT,0.0,0,0,0.00,AUTO,Key Lvl Breakout,AGGR+CHP+ADP+RUN-EXT+PW+DLK+SLC+TPE+NWS+,SELL,55.0,3.06,0,0,9.00,7.25,27332.75,27333.50,3,14848,16958,-1,2.7,-171.00,-211.00,-1.50,-292.00,236.75,R,15,TREND_DN,BRICK_CLOSE,src=primary color=R streak=15 o=27347.00 c=27331.00 hi=27349.25 lo=27331.00
2026-04-30 09:35:21,2474,27326.75,27384.34,27339.71,27361.97,13.68,17.38,54.1,0.0,88.6,0.0,88.6,-0.07,-1,0.0,-1,1,27339.75,27357.75,26839.75,27336.50,BrickMode*DORMANT,0.0,0,0,0.00,AUTO,Key Lvl Breakout,AGGR+CHP+ADP+RUN-EXT+PW+DLK+SLC+TPE+NWS+,SELL,55.0,3.31,0,0,13.00,7.25,27332.75,27333.50,3,14880,17092,-1,2.3,-175.00,-215.00,-5.50,-296.00,232.75,R,16,TREND_DN,BRICK_CLOSE,src=primary color=R streak=16 o=27343.00 c=27327.00 hi=27343.00 lo=27327.00
2026-04-30 09:35:49,2474,27331.00,27383.92,27340.56,27362.36,18.58,18.36,52.3,0.0,88.6,0.0,88.6,-0.06,-1,0.0,-1,1,27339.75,27341.75,26839.75,27336.50,BrickMode*DORMANT,0.0,0,0,0.00,AUTO,Key Lvl Breakout,AGGR+CHP+ADP+RUN-EXT+PW+DLK+SLC+TPE+NWS+,SELL,55.0,2.88,0,0,8.75,13.75,27325.25,27326.00,3,16320,18240,-1,0.6,-170.75,-210.75,-1.25,-291.75,237.00,R,16,TREND_DN,PROFIT_SAFEGUARD,tier=1 T1_PROFIT_SAFE peak=13.8pt sl=27341.75 offset=-2.0pt entry=27339.75 runner=True
2026-04-30 09:35:49,2475,27322.75,27383.85,27335.72,27358.10,12.91,18.18,51.3,0.0,88.6,0.0,88.6,-0.06,-1,0.0,-1,1,27339.75,27341.75,26839.75,27330.00,BrickMode*DORMANT,0.0,0,0,0.00,AUTO,Key Lvl Breakout,AGGR+CHP+ADP+RUN-EXT+PW+DLK+SLC+TPE+NWS+,SELL,55.0,3.36,0,0,17.00,13.75,27325.25,27326.00,3,16360,18382,-1,-0.6,-179.00,-219.00,-9.50,-300.00,228.75,R,17,TREND_DN,BRICK_CLOSE,src=primary color=R streak=17 o=27339.00 c=27323.00 hi=27352.75 lo=27323.00
2026-04-30 09:35:49,2475,27322.75,27383.85,27335.72,27358.10,12.91,18.18,51.3,0.0,88.6,0.0,88.6,-0.06,-1,0.0,-1,1,27339.75,27341.75,26839.75,27330.00,BrickMode*DORMANT,0.0,0,0,0.00,AUTO,Key Lvl Breakout,AGGR+CHP+ADP+RUN-EXT+PW+DLK+SLC+TPE+NWS+,SELL,55.0,3.36,0,0,17.00,13.75,27325.25,27326.00,3,16360,18382,-1,-0.6,-179.00,-219.00,-9.50,-300.00,228.75,R,17,UNKNOWN,REGIME_CHANGE,from=TREND_DN to=UNKNOWN adx=51.3 slope=-0.57 atr/avg=1.00 eStack=-1 distVwapAtr=-3.36 nr=Rx17 flips4=0
2026-04-30 09:35:49,2475,27322.75,27383.85,27335.72,27358.10,12.91,18.18,51.3,0.0,88.6,0.0,88.6,-0.06,-1,0.0,-1,1,27339.75,27341.75,26839.75,27330.00,BrickMode*DORMANT,0.0,0,0,0.00,AUTO,Key Lvl Breakout,AGGR+CHP+ADP+RUN-EXT+PW+DLK+SLC+TPE+NWS+,SELL,55.0,3.36,0,0,17.00,13.75,27325.25,27326.00,3,16360,18382,-1,-0.6,-179.00,-219.00,-9.50,-300.00,228.75,R,17,UNKNOWN,RIDE_LOCK_PXSTOP,streak=17 slope=-0.57 base=4.13 prevMult_eff=2.89 rideMult=1.50 newEff=6.19 peak=13.8 cur=13.8
2026-04-30 09:35:53,2475,27331.00,27383.78,27337.37,27358.85,22.35,18.21,51.4,0.0,88.6,0.0,88.6,-0.06,-1,0.0,-1,1,27339.75,27341.75,26839.75,27330.00,BrickMode,0.0,0,0,0.00,AUTO,Key Lvl Breakout,AGGR+CHP+ADP+RUN-EXT+PW+DLK+SLC+TPE+NWS+,SELL,55.0,2.90,0,0,8.75,13.75,27332.50,27333.25,3,16530,18616,-1,-0.5,-170.75,-210.75,-1.25,-291.75,237.00,R,17,UNKNOWN,BRICK_TRAIL_HIT,reason=px_stop peak=13.8pt cur=6.5pt retrace=7.3pt effRetraceMin=6.2pt trail=27330.00 px=27333.25 adxSlope=-0.57 streak=17 effPct=50
2026-04-30 09:35:53,2475,27331.00,27383.78,27337.37,27358.85,22.35,18.21,51.4,0.0,88.6,0.0,88.6,-0.06,-1,0.0,-1,0,27339.75,27341.75,26839.75,27330.00,BrickMode,0.0,0,1,135.00,AUTO,Key Lvl Breakout,AGGR+CHP+ADP+RUN-EXT+PW+DLK+SLC+TPE+NWS+,SELL,55.0,2.90,0,0,8.75,13.75,27332.50,27333.25,3,16530,18616,-1,-0.5,-170.75,-210.75,-1.25,-291.75,237.00,R,17,UNKNOWN,CAP_REFUND,pnl=135.00 thr=25.00 tradesToday=0/20
2026-04-30 09:35:53,2475,27331.00,27383.78,27337.37,27358.85,22.35,18.21,51.4,0.0,88.6,0.0,88.6,-0.06,-1,0.0,-1,0,27339.75,27341.75,26839.75,27330.00,BrickMode,0.0,0,1,135.00,AUTO,Key Lvl Breakout,AGGR+CHP+ADP+RUN-EXT+PW+DLK+SLC+TPE+NWS+,SELL,55.0,2.90,0,0,8.75,13.75,27332.50,27333.25,3,16530,18616,-1,-0.5,-170.75,-210.75,-1.25,-291.75,237.00,R,17,UNKNOWN,BRICK_REENTRY_ARMED,dir=-1 reason=TRAIL_BrickTrail_PxStop exitPx=27331.00 windowSec=90 minStreak=3
2026-04-30 09:35:53,2475,27331.00,27383.78,27337.37,27358.85,22.35,18.21,51.4,0.0,88.6,0.0,88.6,-0.06,-1,0.0,-1,0,27339.75,27341.75,26839.75,27330.00,BrickMode,0.0,0,1,135.00,AUTO,Key Lvl Breakout,AGGR+CHP+ADP+RUN-EXT+PW+DLK+SLC+TPE+NWS+,SELL,55.0,2.90,0,0,8.75,13.75,27332.50,27333.25,3,16530,18616,-1,-0.5,-170.75,-210.75,-1.25,-291.75,237.00,R,17,UNKNOWN,EXIT_WIN_TRAIL_BrickTrail_PxStop,pnl=135.00 consec=1
2026-04-30 09:35:53,2475,27331.00,27383.78,27337.37,27358.85,22.35,18.21,51.4,0.0,88.6,0.0,88.6,-0.06,-1,0.0,-1,0,27339.75,27341.75,26839.75,27330.00,BrickMode,0.0,0,1,135.00,AUTO,Key Lvl Breakout,AGGR+CHP+ADP+RUN-EXT+PW+DLK+SLC+TPE+NWS+,SELL,55.0,2.90,0,0,8.75,13.75,27332.50,27333.25,3,16530,18616,-1,-0.5,-170.75,-210.75,-1.25,-291.75,237.00,R,17,UNKNOWN,REGIME_PNL,regime=TREND_DN tradePnl=135.00 regTotal=135.00 thresh=-200
2026-04-30 09:36:16,2476,27351.25,27383.47,27343.35,27359.81,39.03,18.85,50.4,0.0,0.0,0.0,0.0,-0.05,-1,0.0,0,0,0.00,0.00,0.00,0.00,,0.0,0,1,135.00,AUTO,,AGGR+CHP+ADP+RUN-EXT+PW+DLK+SLC+TPE+NWS+,SELL,55.0,1.71,0,0,0.00,0.00,27351.75,27352.50,3,17794,19544,0,-1.8,-150.50,-190.50,19.00,-271.50,257.25,G,1,UNKNOWN,BRICK_CLOSE,src=primary color=G streak=1 o=27335.00 c=27351.00 hi=27351.00 lo=27322.25
2026-04-30 09:36:16,2476,27351.25,27383.47,27343.35,27359.81,39.03,18.85,50.4,0.0,0.0,0.0,0.0,-0.05,-1,0.0,0,0,0.00,0.00,0.00,0.00,,0.0,0,1,135.00,AUTO,,AGGR+CHP+ADP+RUN-EXT+PW+DLK+SLC+TPE+NWS+,SELL,55.0,1.71,0,0,0.00,0.00,27351.75,27352.50,3,17794,19544,0,-1.8,-150.50,-190.50,19.00,-271.50,257.25,G,1,UNKNOWN,BRICK_REENTRY_DISARM,why=opp_brick
2026-04-30 09:36:16,2476,27351.25,27383.47,27343.35,27359.81,39.03,18.85,50.4,0.0,0.0,0.0,0.0,-0.05,-1,0.0,0,0,0.00,0.00,0.00,0.00,,0.0,0,1,135.00,AUTO,,AGGR+CHP+ADP+RUN-EXT+PW+DLK+SLC+TPE+NWS+,SELL,55.0,1.71,0,0,0.00,0.00,27351.75,27352.50,3,17794,19544,0,-1.8,-150.50,-190.50,19.00,-271.50,257.25,G,1,UNKNOWN,RUN_END,color=R len=17 pts=52.0 maxFav=80.0 durSec=160 startPx=27403.00 endPx=27351.00
2026-04-30 09:36:16,2476,27351.25,27383.47,27343.35,27359.81,39.03,18.85,50.4,0.0,18.9,0.0,18.9,-0.05,-1,0.0,0,0,0.00,0.00,0.00,0.00,,0.0,0,1,135.00,AUTO,,AGGR+CHP+ADP+RUN-EXT+PW+DLK+SLC+TPE+NWS+,SELL,55.0,1.71,0,0,0.00,0.00,27351.75,27352.50,3,17794,19544,0,-1.8,-150.50,-190.50,19.00,-271.50,257.25,G,1,UNKNOWN,SIGNAL,
2026-04-30 09:36:16,2476,27351.25,27383.47,27343.35,27359.81,39.03,18.85,50.4,0.0,18.9,0.0,18.9,-0.05,-1,0.0,0,0,0.00,0.00,0.00,0.00,,0.0,0,1,135.00,AUTO,,AGGR+CHP+ADP+RUN-EXT+PW+DLK+SLC+TPE+NWS+,WAIT,55.0,1.71,0,0,0.00,0.00,27351.75,27352.50,3,17794,19544,0,-1.8,-150.50,-190.50,19.00,-271.50,257.25,G,1,UNKNOWN,BLOCK_AUTO,reason=tooSoon consecLoss=0 barsSinceExit=1 barsSinceLoss=-1
2026-04-30 09:36:22,2477,27355.25,27383.37,27346.33,27359.70,41.71,18.62,48.3,0.0,18.9,0.0,18.9,-0.04,-1,0.0,0,0,0.00,0.00,0.00,0.00,,0.0,0,1,135.00,AUTO,,AGGR+CHP+ADP+RUN-EXT+PW+DLK+SLC+TPE+NWS+,WAIT,55.0,1.51,0,0,0.00,0.00,27354.00,27354.75,3,18410,19870,0,-4.4,-146.50,-186.50,23.00,-267.50,261.25,G,2,UNKNOWN,BRICK_CLOSE,src=primary color=G streak=2 o=27339.00 c=27355.00 hi=27355.00 lo=27339.00
2026-04-30 09:36:22,2477,27355.25,27383.37,27346.33,27359.70,41.71,18.62,48.3,0.0,16.0,0.0,16.0,-0.04,-1,0.0,0,0,0.00,0.00,0.00,0.00,,0.0,0,1,135.00,AUTO,,AGGR+CHP+ADP+RUN-EXT+PW+DLK+SLC+TPE+NWS+,WAIT,55.0,1.51,0,0,0.00,0.00,27354.00,27354.75,3,18410,19870,0,-4.4,-146.50,-186.50,23.00,-267.50,261.25,G,2,UNKNOWN,SIGNAL,
2026-04-30 09:36:22,2477,27355.25,27383.37,27346.33,27359.70,41.71,18.62,48.3,0.0,16.0,0.0,16.0,-0.04,-1,0.0,0,0,0.00,0.00,0.00,0.00,,0.0,0,1,135.00,AUTO,,AGGR+CHP+ADP+RUN-EXT+PW+DLK+SLC+TPE+NWS+,WAIT,55.0,1.51,0,0,0.00,0.00,27354.00,27354.75,3,18410,19870,0,-4.4,-146.50,-186.50,23.00,-267.50,261.25,G,2,UNKNOWN,BLOCK_AUTO,reason=tooSoon consecLoss=0 barsSinceExit=2 barsSinceLoss=-1
2026-04-30 09:36:29,2478,27359.25,27383.29,27349.51,27359.97,44.34,18.42,45.8,0.0,16.0,0.0,16.0,-0.04,-1,0.0,0,0,0.00,0.00,0.00,0.00,,0.0,0,1,135.00,AUTO,,AGGR+CHP+ADP+RUN-EXT+PW+DLK+SLC+TPE+NWS+,WAIT,55.0,1.31,0,0,0.00,0.00,27356.50,27357.50,4,18770,20236,0,-7.6,-142.50,-182.50,27.00,-263.50,265.25,G,3,UNKNOWN,BRICK_CLOSE,src=primary color=G streak=3 o=27343.00 c=27359.00 hi=27359.00 lo=27343.00
2026-04-30 09:36:29,2478,27359.25,27383.29,27349.51,27359.97,44.34,18.42,45.8,0.0,13.1,0.0,13.1,-0.04,-1,0.0,0,0,0.00,0.00,0.00,0.00,,0.0,0,1,135.00,AUTO,,AGGR+CHP+ADP+RUN-EXT+PW+DLK+SLC+TPE+NWS+,WAIT,55.0,1.31,0,0,0.00,0.00,27356.50,27357.50,4,18770,20236,0,-7.6,-142.50,-182.50,27.00,-263.50,265.25,G,3,UNKNOWN,SIGNAL,
2026-04-30 09:36:29,2478,27359.25,27383.29,27349.51,27359.97,44.34,18.42,45.8,0.0,13.1,0.0,13.1,-0.04,-1,0.0,0,0,0.00,0.00,0.00,0.00,,0.0,0,1,135.00,AUTO,,AGGR+CHP+ADP+RUN-EXT+PW+DLK+SLC+TPE+NWS+,WAIT,55.0,1.31,0,0,0.00,0.00,27356.50,27357.50,4,18770,20236,0,-7.6,-142.50,-182.50,27.00,-263.50,265.25,G,3,UNKNOWN,BLOCK_AUTO,reason=tooSoon consecLoss=0 barsSinceExit=3 barsSinceLoss=-1
2026-04-30 09:36:37,2479,27363.25,27383.22,27352.86,27360.58,46.92,18.23,43.0,0.0,13.1,0.0,13.1,-0.03,-1,0.0,0,0,0.00,0.00,0.00,0.00,,0.0,0,1,135.00,AUTO,,AGGR+CHP+ADP+RUN-EXT+PW+DLK+SLC+TPE+NWS+,WAIT,55.0,1.10,0,0,0.00,0.00,27362.25,27363.00,3,19224,20602,0,-9.4,-138.50,-178.50,31.00,-259.50,269.25,G,4,UNKNOWN,BRICK_CLOSE,src=primary color=G streak=4 o=27347.00 c=27363.00 hi=27363.00 lo=27347.00
2026-04-30 09:36:37,2479,27363.25,27383.22,27352.86,27360.58,46.92,18.23,43.0,0.0,11.0,0.0,11.0,-0.03,-1,0.0,0,0,0.00,0.00,0.00,0.00,,0.0,0,1,135.00,AUTO,,AGGR+CHP+ADP+RUN-EXT+PW+DLK+SLC+TPE+NWS+,WAIT,55.0,1.10,0,0,0.00,0.00,27362.25,27363.00,3,19224,20602,0,-9.4,-138.50,-178.50,31.00,-259.50,269.25,G,4,UNKNOWN,SIGNAL,
2026-04-30 09:37:04,2480,27367.25,27383.04,27356.34,27361.50,49.44,18.31,39.8,0.0,11.0,0.0,11.0,-0.03,-1,0.0,0,0,0.00,0.00,0.00,0.00,,0.0,0,1,135.00,AUTO,,AGGR+CHP+ADP+RUN-EXT+PW+DLK+SLC+TPE+NWS+,WAIT,55.0,0.86,0,0,0.00,0.00,27363.75,27364.50,3,20392,21812,0,-11.6,-134.50,-174.50,35.00,-255.50,273.25,G,5,UNKNOWN,BRICK_CLOSE,src=primary color=G streak=5 o=27351.00 c=27367.00 hi=27367.00 lo=27347.00
2026-04-30 09:37:04,2480,27367.25,27383.04,27356.34,27361.50,49.44,18.31,39.8,0.0,21.6,0.0,21.6,-0.03,-1,0.0,0,0,0.00,0.00,0.00,0.00,,0.0,0,1,135.00,AUTO,,AGGR+CHP+ADP+RUN-EXT+PW+DLK+SLC+TPE+NWS+,WAIT,55.0,0.86,0,0,0.00,0.00,27363.75,27364.50,3,20392,21812,0,-11.6,-134.50,-174.50,35.00,-255.50,273.25,G,5,UNKNOWN,SIGNAL,
2026-04-30 09:37:06,2481,27371.25,27383.01,27359.92,27362.69,51.90,18.13,36.9,0.0,21.6,0.0,21.6,-0.03,-1,0.0,0,0,0.00,0.00,0.00,0.00,,0.0,0,1,135.00,AUTO,,AGGR+CHP+ADP+RUN-EXT+PW+DLK+SLC+TPE+NWS+,WAIT,55.0,0.65,0,0,0.00,0.00,27372.00,27372.75,3,20614,22004,0,-13.0,-130.50,-170.50,39.00,-251.50,277.25,G,6,UNKNOWN,BRICK_CLOSE,src=primary color=G streak=6 o=27355.00 c=27371.00 hi=27371.00 lo=27355.00
2026-04-30 09:37:06,2481,27371.25,27383.01,27359.92,27362.69,51.90,18.13,36.9,0.0,13.1,0.0,13.1,-0.03,-1,0.0,0,0,0.00,0.00,0.00,0.00,,0.0,0,1,135.00,AUTO,,AGGR+CHP+ADP+RUN-EXT+PW+DLK+SLC+TPE+NWS+,WAIT,55.0,0.65,0,0,0.00,0.00,27372.00,27372.75,3,20614,22004,0,-13.0,-130.50,-170.50,39.00,-251.50,277.25,G,6,UNKNOWN,SIGNAL,
2026-04-30 09:37:18,2482,27342.50,27382.87,27351.92,27358.52,37.67,18.90,36.4,0.0,13.1,0.0,13.1,-0.04,-1,0.0,0,0,0.00,0.00,0.00,0.00,,0.0,0,1,135.00,AUTO,,AGGR+CHP+ADP+RUN-EXT+PW+DLK+SLC+TPE+NWS+,WAIT,55.0,2.14,0,0,0.00,0.00,27342.50,27343.25,3,21166,22838,-1,-11.4,-159.25,-199.25,10.25,-280.25,248.50,R,1,UNKNOWN,BRICK_CLOSE,src=primary color=R streak=1 o=27359.00 c=27343.00 hi=27373.00 lo=27343.00
2026-04-30 09:37:18,2482,27342.50,27382.87,27351.92,27358.52,37.67,18.90,36.4,0.0,13.1,0.0,13.1,-0.04,-1,0.0,0,0,0.00,0.00,0.00,0.00,,0.0,0,1,135.00,AUTO,,AGGR+CHP+ADP+RUN-EXT+PW+DLK+SLC+TPE+NWS+,WAIT,55.0,2.14,0,0,0.00,0.00,27342.50,27343.25,3,21166,22838,-1,-11.4,-159.25,-199.25,10.25,-280.25,248.50,R,1,UNKNOWN,RUN_END,color=G len=6 pts=8.0 maxFav=36.0 durSec=62 startPx=27335.00 endPx=27343.00
2026-04-30 09:37:18,2482,27342.50,27382.87,27351.92,27358.52,37.67,18.90,36.4,0.0,22.0,0.0,22.0,-0.04,-1,0.0,0,0,0.00,0.00,0.00,0.00,,0.0,0,1,135.00,AUTO,,AGGR+CHP+ADP+RUN-EXT+PW+DLK+SLC+TPE+NWS+,WAIT,55.0,2.14,0,0,0.00,0.00,27342.50,27343.25,3,21166,22838,-1,-11.4,-159.25,-199.25,10.25,-280.25,248.50,R,1,UNKNOWN,SIGNAL,
2026-04-30 09:37:19,2483,27338.50,27382.86,27348.67,27356.41,36.17,18.68,35.7,0.0,22.0,0.0,22.0,-0.04,-1,0.0,0,0,0.00,0.00,0.00,0.00,,0.0,0,1,135.00,AUTO,,AGGR+CHP+ADP+RUN-EXT+PW+DLK+SLC+TPE+NWS+,WAIT,55.0,2.37,0,0,0.00,0.00,27338.25,27339.00,3,21186,22912,-1,-9.6,-163.25,-203.25,6.25,-284.25,244.50,R,2,UNKNOWN,BRICK_CLOSE,src=primary color=R streak=2 o=27355.00 c=27339.00 hi=27355.00 lo=27339.00
2026-04-30 09:37:19,2483,27338.50,27382.86,27348.67,27356.41,36.17,18.68,35.7,0.0,15.4,0.0,15.4,-0.04,-1,0.0,0,0,0.00,0.00,0.00,0.00,,0.0,0,1,135.00,AUTO,,AGGR+CHP+ADP+RUN-EXT+PW+DLK+SLC+TPE+NWS+,WAIT,55.0,2.37,0,0,0.00,0.00,27338.25,27339.00,3,21186,22912,-1,-9.6,-163.25,-203.25,6.25,-284.25,244.50,R,2,UNKNOWN,SIGNAL,
2026-04-30 09:37:33,2484,27334.75,27382.71,27345.33,27354.15,34.78,18.45,35.3,0.0,15.4,0.0,15.4,0.02,-1,0.0,0,0,0.00,0.00,0.00,0.00,,0.0,0,1,135.00,AUTO,,AGGR+CHP+ADP+RUN-EXT+PW+DLK+SLC+TPE+NWS+,WAIT,55.0,2.60,0,0,0.00,0.00,27334.00,27334.75,3,452,434,-1,-7.1,-167.00,-207.00,2.50,-288.00,240.75,R,3,UNKNOWN,BRICK_CLOSE,src=primary color=R streak=3 o=27351.00 c=27335.00 hi=27351.00 lo=27335.00
2026-04-30 09:37:33,2484,27334.75,27382.71,27345.33,27354.15,34.78,18.45,35.3,0.0,22.0,0.0,22.0,0.02,-1,0.0,0,0,0.00,0.00,0.00,0.00,,0.0,0,1,135.00,AUTO,,AGGR+CHP+ADP+RUN-EXT+PW+DLK+SLC+TPE+NWS+,WAIT,55.0,2.60,0,0,0.00,0.00,27334.00,27334.75,3,452,434,-1,-7.1,-167.00,-207.00,2.50,-288.00,240.75,R,3,UNKNOWN,SIGNAL,
2026-04-30 09:37:38,2485,27330.75,27382.65,27341.81,27351.72,33.31,18.26,35.3,0.0,22.0,0.0,22.0,-0.08,-1,0.0,0,0,0.00,0.00,0.00,0.00,,0.0,0,1,135.00,AUTO,,AGGR+CHP+ADP+RUN-EXT+PW+DLK+SLC+TPE+NWS+,WAIT,55.0,2.84,0,0,0.00,0.00,27329.75,27330.25,2,586,690,-1,-4.2,-171.00,-211.00,-1.50,-292.00,236.75,R,4,UNKNOWN,BRICK_CLOSE,src=primary color=R streak=4 o=27347.00 c=27331.00 hi=27347.00 lo=27331.00
2026-04-30 09:37:38,2485,27330.75,27382.65,27341.81,27351.72,33.31,18.26,35.3,0.0,15.4,0.0,15.4,-0.08,-1,0.0,0,0,0.00,0.00,0.00,0.00,,0.0,0,1,135.00,AUTO,,AGGR+CHP+ADP+RUN-EXT+PW+DLK+SLC+TPE+NWS+,WAIT,55.0,2.84,0,0,0.00,0.00,27329.75,27330.25,2,586,690,-1,-4.2,-171.00,-211.00,-1.50,-292.00,236.75,R,4,UNKNOWN,SIGNAL,
2026-04-30 09:37:39,2486,27326.75,27382.63,27338.20,27349.14,31.86,18.08,35.6,0.0,15.4,0.0,15.4,-0.13,-1,0.0,0,0,0.00,0.00,0.00,0.00,,0.0,0,1,135.00,AUTO,,AGGR+CHP+ADP+RUN-EXT+PW+DLK+SLC+TPE+NWS+,WAIT,55.0,3.09,0,0,0.00,0.00,27327.25,27328.00,3,606,786,-1,-2.3,-175.00,-215.00,-5.50,-296.00,232.75,R,5,UNKNOWN,BRICK_CLOSE,src=primary color=R streak=5 o=27343.00 c=27327.00 hi=27343.00 lo=27327.00
2026-04-30 09:37:39,2486,27326.75,27382.63,27338.20,27349.14,31.86,18.08,35.6,0.0,15.4,0.0,15.4,-0.13,-1,0.0,0,0,0.00,0.00,0.00,0.00,,0.0,0,1,135.00,AUTO,,AGGR+CHP+ADP+RUN-EXT+PW+DLK+SLC+TPE+NWS+,WAIT,55.0,3.09,0,0,0.00,0.00,27327.25,27328.00,3,606,786,-1,-2.3,-175.00,-215.00,-5.50,-296.00,232.75,R,5,UNKNOWN,SIGNAL,
2026-04-30 09:37:50,2487,27322.75,27382.41,27334.51,27346.43,30.43,17.91,36.1,0.0,15.4,0.0,15.4,-0.08,-1,0.0,0,0,0.00,0.00,0.00,0.00,,0.0,0,1,135.00,AUTO,,AGGR+CHP+ADP+RUN-EXT+PW+DLK+SLC+TPE+NWS+,WAIT,55.0,3.33,0,0,0.00,0.00,27321.50,27322.25,3,1178,1392,-1,-0.6,-179.00,-219.00,-9.50,-300.00,228.75,R,6,UNKNOWN,BRICK_CLOSE,src=primary color=R streak=6 o=27339.00 c=27323.00 hi=27339.00 lo=27323.00
2026-04-30 09:37:50,2487,27322.75,27382.41,27334.51,27346.43,30.43,17.91,36.1,0.0,22.0,0.0,22.0,-0.08,-1,0.0,0,0,0.00,0.00,0.00,0.00,,0.0,0,1,135.00,AUTO,,AGGR+CHP+ADP+RUN-EXT+PW+DLK+SLC+TPE+NWS+,WAIT,55.0,3.33,0,0,0.00,0.00,27321.50,27322.25,3,1178,1392,-1,-0.6,-179.00,-219.00,-9.50,-300.00,228.75,R,6,UNKNOWN,SIGNAL,
2026-04-30 09:37:55,2488,27318.25,27382.27,27330.66,27343.56,28.85,17.79,36.9,0.0,22.0,0.0,22.0,-0.14,-1,0.0,0,0,0.00,0.00,0.00,0.00,,0.0,0,1,135.00,AUTO,,AGGR+CHP+ADP+RUN-EXT+PW+DLK+SLC+TPE+NWS+,WAIT,55.0,3.60,0,0,0.00,0.00,27317.25,27318.00,3,1426,1872,-1,0.9,-183.50,-223.50,-14.00,-304.50,224.25,R,7,UNKNOWN,BRICK_CLOSE,src=primary color=R streak=7 o=27335.00 c=27319.00 hi=27335.00 lo=27319.00
2026-04-30 09:37:55,2488,27318.25,27382.27,27330.66,27343.56,28.85,17.79,36.9,0.0,22.0,0.0,22.0,-0.14,-1,0.0,0,0,0.00,0.00,0.00,0.00,,0.0,0,1,135.00,AUTO,,AGGR+CHP+ADP+RUN-EXT+PW+DLK+SLC+TPE+NWS+,WAIT,55.0,3.60,0,0,0.00,0.00,27317.25,27318.00,3,1426,1872,-1,0.9,-183.50,-223.50,-14.00,-304.50,224.25,R,7,TREND_DN,REGIME_CHANGE,from=UNKNOWN to=TREND_DN adx=36.9 slope=0.90 atr/avg=0.96 eStack=-1 distVwapAtr=-3.60 nr=Rx7 flips4=0
2026-04-30 09:37:55,2488,27318.25,27382.27,27330.66,27343.56,28.85,17.79,36.9,0.0,77.0,0.0,77.0,-0.14,-1,0.0,0,0,0.00,0.00,0.00,0.00,,0.0,0,1,135.00,AUTO,,AGGR+CHP+ADP+RUN-EXT+PW+DLK+SLC+TPE+NWS+,WAIT,55.0,3.60,0,0,0.00,0.00,27317.25,27318.00,3,1426,1872,-1,0.9,-183.50,-223.50,-14.00,-304.50,224.25,R,7,TREND_DN,SIGNAL,
2026-04-30 09:37:55,2488,27318.25,27382.27,27330.66,27343.56,28.85,17.79,36.9,0.0,77.0,0.0,77.0,-0.14,-1,0.0,0,0,0.00,0.00,0.00,0.00,,0.0,0,1,135.00,AUTO,,AGGR+CHP+ADP+RUN-EXT+PW+DLK+SLC+TPE+NWS+,SELL,55.0,3.60,0,0,0.00,0.00,27317.25,27318.00,3,1426,1872,-1,0.9,-183.50,-223.50,-14.00,-304.50,224.25,R,7,TREND_DN,TREND_CHASE_FIRE,dir=-1 adx=36.9 streak=7 bear=77.0
2026-04-30 09:37:55,2488,27318.25,27382.27,27330.66,27343.56,28.85,17.79,36.9,0.0,77.0,0.0,77.0,-0.14,-1,0.0,-1,1,0.00,0.00,0.00,0.00,,0.0,0,1,135.00,AUTO,Key Lvl Breakout,AGGR+CHP+ADP+RUN-EXT+PW+DLK+SLC+TPE+NWS+,SELL,55.0,3.60,0,0,0.00,0.00,27317.25,27318.00,3,1426,1872,-1,0.9,-183.50,-223.50,-14.00,-304.50,224.25,R,7,TREND_DN,ENTRY_SHORT,manual=F bull=0.0 bear=77.0 sig=-1 htf=-1 tape=-0.14 emaXAgo=59 distVwap=-64.0 atr=17.8 px=27318.25 sl=0.00 tp=0.00
2026-04-30 09:37:55,2488,27318.25,27382.27,27330.66,27343.56,28.85,17.79,36.9,0.0,77.0,0.0,77.0,-0.14,-1,0.0,-1,1,27316.75,27334.75,26816.75,0.00,,0.0,0,1,135.00,AUTO,Key Lvl Breakout,AGGR+CHP+ADP+RUN-EXT+PW+DLK+SLC+TPE+NWS+,SELL,55.0,3.60,0,0,-1.50,0.00,27317.25,27318.00,3,1426,1874,-1,0.9,-183.50,-223.50,-14.00,-304.50,224.25,R,7,TREND_DN,CLAMP_SKIP,adx=36.9 thr=28.0
2026-04-30 09:37:55,2488,27318.25,27382.27,27330.66,27343.56,28.85,17.79,36.9,0.0,77.0,0.0,77.0,-0.14,-1,0.0,-1,1,27316.75,27334.75,26816.75,0.00,,0.0,0,1,135.00,AUTO,Key Lvl Breakout,AGGR+CHP+ADP+RUN-EXT+PW+DLK+SLC+TPE+NWS+,SELL,55.0,3.60,0,0,-1.50,0.00,27317.25,27318.00,3,1426,1874,-1,0.9,-183.50,-223.50,-14.00,-304.50,224.25,R,7,TREND_DN,STOPS_ARMED,dir=-1 entry=27316.75 sl=27334.75 tp=26816.75 slPt=18 tpPt=50 RUNNER
2026-04-30 09:38:04,2489,27314.75,27382.05,27326.96,27340.67,27.66,17.61,37.8,0.0,77.0,0.0,77.0,-0.11,-1,0.0,-1,1,27316.75,27334.75,26816.75,27318.00,BrickMode*DORMANT,0.0,0,1,135.00,AUTO,Key Lvl Breakout,AGGR+CHP+ADP+RUN-EXT+PW+DLK+SLC+TPE+NWS+,SELL,55.0,3.82,0,0,2.00,2.75,27313.50,27314.00,2,1948,2426,-1,2.2,-187.00,-227.00,-17.50,-308.00,220.75,R,8,TREND_DN,BRICK_CLOSE,src=primary color=R streak=8 o=27331.00 c=27315.00 hi=27331.00 lo=27315.00
2026-04-30 09:38:04,2489,27314.75,27382.05,27326.96,27340.67,27.66,17.61,37.8,0.0,77.0,0.0,77.0,-0.11,-1,0.0,-1,1,27316.75,27334.75,26816.75,27318.00,BrickMode*DORMANT,0.0,0,1,135.00,AUTO,Key Lvl Breakout,AGGR+CHP+ADP+RUN-EXT+PW+DLK+SLC+TPE+NWS+,SELL,55.0,3.82,0,0,2.00,2.75,27313.50,27314.00,2,1948,2426,-1,2.2,-187.00,-227.00,-17.50,-308.00,220.75,R,8,TREND_DN,HEARTBEAT,tradesToday=1 openDca=1
2026-04-30 09:38:05,2490,27310.75,27382.01,27323.12,27337.64,26.32,17.48,38.9,0.0,77.0,0.0,77.0,-0.13,-1,0.0,-1,1,27316.75,27334.75,26816.75,27314.25,BrickMode*DORMANT,0.0,0,1,135.00,AUTO,Key Lvl Breakout,AGGR+CHP+ADP+RUN-EXT+PW+DLK+SLC+TPE+NWS+,SELL,55.0,4.08,0,0,6.00,6.50,27309.50,27310.25,3,1992,2584,-1,3.3,-191.00,-231.00,-21.50,-312.00,216.75,R,9,TREND_DN,BRICK_CLOSE,src=primary color=R streak=9 o=27327.00 c=27311.00 hi=27327.00 lo=27311.00
2026-04-30 09:38:06,2491,27306.50,27381.98,27319.19,27334.50,24.93,17.37,40.2,0.0,77.0,0.0,77.0,-0.14,-1,0.0,-1,1,27316.75,27334.75,26816.75,27312.50,BrickMode*DORMANT,0.0,0,1,135.00,AUTO,Key Lvl Breakout,AGGR+CHP+ADP+RUN-EXT+PW+DLK+SLC+TPE+NWS+,SELL,55.0,4.35,0,0,10.25,8.25,27307.75,27308.50,3,2032,2674,-1,4.3,-195.25,-235.25,-25.75,-316.25,212.50,R,10,TREND_DN,BRICK_CLOSE,src=primary color=R streak=10 o=27323.00 c=27307.00 hi=27323.00 lo=27307.00
2026-04-30 09:38:09,2491,27310.00,27381.87,27319.89,27334.82,27.98,17.49,40.3,0.0,77.0,0.0,77.0,-0.14,-1,0.0,-1,1,27316.75,27334.75,26816.75,27311.25,BrickMode*DORMANT,0.0,0,1,135.00,AUTO,Key Lvl Breakout,AGGR+CHP+ADP+RUN-EXT+PW+DLK+SLC+TPE+NWS+,SELL,55.0,4.11,0,0,6.75,9.50,27312.50,27313.25,3,2230,2942,-1,4.4,-191.75,-231.75,-22.25,-312.75,216.00,R,10,TREND_DN,BRICK_TRAIL_HIT,reason=px_stop peak=9.5pt cur=3.5pt retrace=6.0pt effRetraceMin=4.3pt trail=27311.25 px=27313.25 adxSlope=4.31 streak=10 effPct=50
2026-04-30 09:38:09,2491,27310.00,27381.87,27319.89,27334.82,27.98,17.49,40.3,0.0,77.0,0.0,77.0,-0.14,-1,0.0,-1,0,27316.75,27334.75,26816.75,27311.25,BrickMode*DORMANT,0.0,0,2,210.00,AUTO,Key Lvl Breakout,AGGR+CHP+ADP+RUN-EXT+PW+DLK+SLC+TPE+NWS+,SELL,55.0,4.11,0,0,6.75,9.50,27312.50,27313.25,3,2230,2942,-1,4.4,-191.75,-231.75,-22.25,-312.75,216.00,R,10,TREND_DN,CAP_REFUND,pnl=75.00 thr=25.00 tradesToday=0/20
2026-04-30 09:38:09,2491,27310.00,27381.87,27319.89,27334.82,27.98,17.49,40.3,0.0,77.0,0.0,77.0,-0.14,-1,0.0,-1,0,27316.75,27334.75,26816.75,27311.25,BrickMode*DORMANT,0.0,0,2,210.00,AUTO,Key Lvl Breakout,AGGR+CHP+ADP+RUN-EXT+PW+DLK+SLC+TPE+NWS+,SELL,55.0,4.11,0,0,6.75,9.50,27312.50,27313.25,3,2230,2942,-1,4.4,-191.75,-231.75,-22.25,-312.75,216.00,R,10,TREND_DN,BRICK_REENTRY_ARMED,dir=-1 reason=TRAIL_BrickTrail_PxStop exitPx=27310.00 windowSec=90 minStreak=3
2026-04-30 09:38:09,2491,27310.00,27381.87,27319.89,27334.82,27.98,17.49,40.3,0.0,77.0,0.0,77.0,-0.14,-1,0.0,-1,0,27316.75,27334.75,26816.75,27311.25,BrickMode*DORMANT,0.0,0,2,210.00,AUTO,Key Lvl Breakout,AGGR+CHP+ADP+RUN-EXT+PW+DLK+SLC+TPE+NWS+,SELL,55.0,4.11,0,0,6.75,9.50,27312.50,27313.25,3,2230,2942,-1,4.4,-191.75,-231.75,-22.25,-312.75,216.00,R,10,TREND_DN,EXIT_WIN_TRAIL_BrickTrail_PxStop,pnl=75.00 consec=2
2026-04-30 09:38:09,2491,27310.00,27381.87,27319.89,27334.82,27.98,17.49,40.3,0.0,77.0,0.0,77.0,-0.14,-1,0.0,-1,0,27316.75,27334.75,26816.75,27311.25,BrickMode*DORMANT,0.0,0,2,210.00,AUTO,Key Lvl Breakout,AGGR+CHP+ADP+RUN-EXT+PW+DLK+SLC+TPE+NWS+,SELL,55.0,4.11,0,0,6.75,9.50,27312.50,27313.25,3,2230,2942,-1,4.4,-191.75,-231.75,-22.25,-312.75,216.00,R,10,TREND_DN,REGIME_PNL,regime=TREND_DN tradePnl=75.00 regTotal=210.00 thresh=-200
2026-04-30 09:39:38,2492,27302.75,27379.84,27315.34,27331.32,23.75,17.57,41.5,0.0,0.0,0.0,0.0,-0.02,-1,0.0,0,0,0.00,0.00,0.00,0.00,,0.0,0,2,210.00,AUTO,,AGGR+CHP+ADP+RUN-EXT+PW+DLK+SLC+TPE+NWS+,SELL,55.0,4.39,0,0,0.00,0.00,27306.00,27306.75,3,6840,7176,-1,5.1,-199.00,-239.00,-29.50,-320.00,208.75,R,11,TREND_DN,BRICK_CLOSE,src=primary color=R streak=11 o=27319.00 c=27303.00 hi=27324.00 lo=27303.00
2026-04-30 09:39:38,2492,27302.75,27379.84,27315.34,27331.32,23.75,17.57,41.5,0.0,0.0,0.0,0.0,-0.02,-1,0.0,0,0,0.00,0.00,0.00,0.00,,0.0,0,2,210.00,AUTO,,AGGR+CHP+ADP+RUN-EXT+PW+DLK+SLC+TPE+NWS+,SELL,55.0,4.39,0,0,0.00,0.00,27306.00,27306.75,3,6840,7176,-1,5.1,-199.00,-239.00,-29.50,-320.00,208.75,R,11,TREND_DN,BRICK_REENTRY_FIRE,dir=-1 streak=11 secsArmed=89 exitPx=27310.00 curPx=27303.00 usedCount=1/1
2026-04-30 09:39:38,2492,27302.75,27379.84,27315.34,27331.32,23.75,17.57,41.5,0.0,0.0,0.0,0.0,-0.02,-1,0.0,-1,1,0.00,0.00,0.00,0.00,,0.0,0,2,210.00,AUTO,Key Lvl Breakout,AGGR+CHP+ADP+RUN-EXT+PW+DLK+SLC+TPE+NWS+,SELL,55.0,4.39,0,0,0.00,0.00,27306.00,27306.75,3,6840,7176,-1,5.1,-199.00,-239.00,-29.50,-320.00,208.75,R,11,TREND_DN,ENTRY_SHORT,manual=F bull=0.0 bear=0.0 sig=-1 htf=-1 tape=-0.02 emaXAgo=62 distVwap=-77.1 atr=17.6 px=27302.75 sl=0.00 tp=0.00
2026-04-30 09:39:38,2492,27302.75,27379.84,27315.34,27331.32,23.75,17.57,41.5,0.0,0.0,0.0,0.0,-0.02,-1,0.0,-1,1,0.00,0.00,0.00,0.00,,0.0,0,2,210.00,AUTO,Key Lvl Breakout,AGGR+CHP+ADP+RUN-EXT+PW+DLK+SLC+TPE+NWS+,SELL,55.0,4.39,0,0,0.00,0.00,27306.00,27306.75,3,6840,7176,-1,5.1,-199.00,-239.00,-29.50,-320.00,208.75,R,11,TREND_DN,BRICK_REENTRY_DISARM,why=quota_used_after_fire
2026-04-30 09:39:38,2492,27302.75,27379.84,27315.34,27331.32,23.75,17.57,41.5,0.0,0.0,0.0,0.0,-0.02,-1,0.0,-1,1,27306.00,27324.00,26806.00,0.00,,0.0,0,2,210.00,AUTO,Key Lvl Breakout,AGGR+CHP+ADP+RUN-EXT+PW+DLK+SLC+TPE+NWS+,SELL,55.0,4.39,0,0,3.25,0.00,27306.00,27306.75,3,6840,7176,-1,5.1,-199.00,-239.00,-29.50,-320.00,208.75,R,11,TREND_DN,CLAMP_SKIP,adx=41.5 thr=28.0
2026-04-30 09:39:38,2492,27302.75,27379.84,27315.34,27331.32,23.75,17.57,41.5,0.0,0.0,0.0,0.0,-0.02,-1,0.0,-1,1,27306.00,27324.00,26806.00,0.00,,0.0,0,2,210.00,AUTO,Key Lvl Breakout,AGGR+CHP+ADP+RUN-EXT+PW+DLK+SLC+TPE+NWS+,SELL,55.0,4.39,0,0,3.25,0.00,27306.00,27306.75,3,6840,7176,-1,5.1,-199.00,-239.00,-29.50,-320.00,208.75,R,11,TREND_DN,STOPS_ARMED,dir=-1 entry=27306.00 sl=27324.00 tp=26806.00 slPt=18 tpPt=50 RUNNER
2026-04-30 09:39:41,2493,27298.75,27379.69,27311.42,27328.05,22.52,17.44,43.0,0.0,0.0,0.0,0.0,-0.03,-1,0.0,-1,1,27306.00,27324.00,26806.00,27302.75,BrickMode*DORMANT,0.0,0,2,210.00,AUTO,Key Lvl Breakout,AGGR+CHP+ADP+RUN-EXT+PW+DLK+SLC+TPE+NWS+,SELL,55.0,4.64,0,0,7.25,7.25,27298.00,27298.75,3,7100,7556,-1,5.9,-203.00,-243.00,-33.50,-324.00,204.75,R,12,TREND_DN,BRICK_CLOSE,src=primary color=R streak=12 o=27315.00 c=27299.00 hi=27315.00 lo=27299.00
2026-04-30 09:39:43,2494,27294.75,27379.59,27307.49,27324.71,21.33,17.31,44.5,0.0,0.0,0.0,0.0,-0.04,-1,0.0,-1,1,27306.00,27324.00,26806.00,27300.50,BrickMode*DORMANT,0.0,0,2,210.00,AUTO,Key Lvl Breakout,AGGR+CHP+ADP+RUN-EXT+PW+DLK+SLC+TPE+NWS+,SELL,55.0,4.90,0,0,11.25,9.50,27296.00,27296.50,2,7238,7806,-1,6.5,-207.00,-247.00,-37.50,-328.00,200.75,R,13,TREND_DN,BRICK_CLOSE,src=primary color=R streak=13 o=27311.00 c=27295.00 hi=27311.00 lo=27295.00
2026-04-30 09:40:00,2494,27296.25,27379.28,27307.79,27324.85,22.78,17.37,44.5,0.0,0.0,0.0,0.0,-0.03,-1,0.0,-1,1,27306.00,27308.00,26806.00,27300.25,BrickMode*DORMANT,0.0,0,2,210.00,AUTO,Key Lvl Breakout,AGGR+CHP+ADP+RUN-EXT+PW+DLK+SLC+TPE+NWS+,SELL,55.0,4.78,0,0,9.75,12.50,27292.50,27293.50,4,7840,8404,-1,6.5,-205.50,-245.50,-36.00,-326.50,202.25,R,13,TREND_DN,PROFIT_SAFEGUARD,tier=1 T1_PROFIT_SAFE peak=12.5pt sl=27308.00 offset=-2.0pt entry=27306.00 runner=True
2026-04-30 09:40:00,2495,27290.50,27379.21,27303.49,27321.29,20.11,17.22,46.1,0.0,0.0,0.0,0.0,-0.04,-1,0.0,-1,1,27306.00,27308.00,26806.00,27297.50,BrickMode*DORMANT,0.0,0,2,210.00,AUTO,Key Lvl Breakout,AGGR+CHP+ADP+RUN-EXT+PW+DLK+SLC+TPE+NWS+,SELL,55.0,5.15,0,0,15.50,12.50,27292.50,27293.50,4,7896,8588,-1,7.0,-211.25,-251.25,-41.75,-332.25,196.50,R,14,TREND_DN,BRICK_CLOSE,src=primary color=R streak=14 o=27307.00 c=27291.00 hi=27307.00 lo=27291.00
2026-04-30 09:40:00,2496,27286.75,27379.18,27299.58,27317.86,19.08,17.10,47.7,0.0,0.0,0.0,0.0,-0.05,-1,0.0,-1,1,27306.00,27308.00,26806.00,27297.50,BrickMode*DORMANT,0.0,0,2,210.00,AUTO,Key Lvl Breakout,AGGR+CHP+ADP+RUN-EXT+PW+DLK+SLC+TPE+NWS+,SELL,55.0,5.41,0,0,19.25,12.50,27292.50,27293.50,4,7896,8688,-1,7.4,-215.00,-255.00,-45.50,-336.00,192.75,R,15,TREND_DN,BRICK_CLOSE,src=primary color=R streak=15 o=27303.00 c=27287.00 hi=27303.00 lo=27287.00
2026-04-30 09:40:03,2496,27297.50,27379.05,27301.73,27318.84,29.98,17.17,47.7,0.0,0.0,0.0,0.0,-0.04,-1,0.0,-1,1,27306.00,27308.00,26806.00,27297.50,BrickMode*DORMANT,0.0,0,2,210.00,AUTO,Key Lvl Breakout,AGGR+CHP+ADP+RUN-EXT+PW+DLK+SLC+TPE+NWS+,SELL,55.0,4.75,0,0,8.50,12.50,27298.75,27299.50,3,8178,8886,-1,7.4,-204.25,-244.25,-34.75,-325.25,203.50,R,15,TREND_DN,BRICK_TRAIL_HIT,reason=px_stop peak=12.5pt cur=6.5pt retrace=6.0pt effRetraceMin=5.6pt trail=27297.50 px=27299.50 adxSlope=7.37 streak=15 effPct=50
2026-04-30 09:40:03,2496,27297.50,27379.05,27301.73,27318.84,29.98,17.17,47.7,0.0,0.0,0.0,0.0,-0.04,-1,0.0,-1,0,27306.00,27308.00,26806.00,27297.50,BrickMode*DORMANT,0.0,0,3,335.00,AUTO,Key Lvl Breakout,AGGR+CHP+ADP+RUN-EXT+PW+DLK+SLC+TPE+NWS+,SELL,55.0,4.75,0,0,8.50,12.50,27298.75,27299.50,3,8178,8886,-1,7.4,-204.25,-244.25,-34.75,-325.25,203.50,R,15,TREND_DN,CAP_REFUND,pnl=125.00 thr=25.00 tradesToday=0/20
2026-04-30 09:40:03,2496,27297.50,27379.05,27301.73,27318.84,29.98,17.17,47.7,0.0,0.0,0.0,0.0,-0.04,-1,0.0,-1,0,27306.00,27308.00,26806.00,27297.50,BrickMode*DORMANT,0.0,0,3,335.00,AUTO,Key Lvl Breakout,AGGR+CHP+ADP+RUN-EXT+PW+DLK+SLC+TPE+NWS+,SELL,55.0,4.75,0,0,8.50,12.50,27298.75,27299.50,3,8178,8886,-1,7.4,-204.25,-244.25,-34.75,-325.25,203.50,R,15,TREND_DN,BRICK_REENTRY_ARMED,dir=-1 reason=TRAIL_BrickTrail_PxStop exitPx=27297.50 windowSec=90 minStreak=3
2026-04-30 09:40:03,2496,27297.50,27379.05,27301.73,27318.84,29.98,17.17,47.7,0.0,0.0,0.0,0.0,-0.04,-1,0.0,-1,0,27306.00,27308.00,26806.00,27297.50,BrickMode*DORMANT,0.0,0,3,335.00,AUTO,Key Lvl Breakout,AGGR+CHP+ADP+RUN-EXT+PW+DLK+SLC+TPE+NWS+,SELL,55.0,4.75,0,0,8.50,12.50,27298.75,27299.50,3,8178,8886,-1,7.4,-204.25,-244.25,-34.75,-325.25,203.50,R,15,TREND_DN,EXIT_WIN_TRAIL_BrickTrail_PxStop,pnl=125.00 consec=3
2026-04-30 09:40:03,2496,27297.50,27379.05,27301.73,27318.84,29.98,17.17,47.7,0.0,0.0,0.0,0.0,-0.04,-1,0.0,-1,0,27306.00,27308.00,26806.00,27297.50,BrickMode*DORMANT,0.0,0,3,335.00,AUTO,Key Lvl Breakout,AGGR+CHP+ADP+RUN-EXT+PW+DLK+SLC+TPE+NWS+,SELL,55.0,4.75,0,0,8.50,12.50,27298.75,27299.50,3,8178,8886,-1,7.4,-204.25,-244.25,-34.75,-325.25,203.50,R,15,TREND_DN,REGIME_PNL,regime=TREND_DN tradePnl=125.00 regTotal=335.00 thresh=-200
2026-04-30 09:40:09,2497,27282.50,27378.83,27295.57,27314.34,17.95,17.12,49.4,0.0,0.0,0.0,0.0,-0.04,-1,0.0,0,0,0.00,0.00,0.00,0.00,,0.0,0,3,335.00,AUTO,,AGGR+CHP+ADP+RUN-EXT+PW+DLK+SLC+TPE+NWS+,SELL,55.0,5.63,0,0,0.00,0.00,27282.50,27283.25,3,8510,9290,-1,7.7,-219.25,-259.25,-49.75,-340.25,188.50,R,16,TREND_DN,BRICK_CLOSE,src=primary color=R streak=16 o=27299.00 c=27283.00 hi=27300.50 lo=27283.00
2026-04-30 09:40:09,2497,27282.50,27378.83,27295.57,27314.34,17.95,17.12,49.4,0.0,0.0,0.0,0.0,-0.04,-1,0.0,0,0,0.00,0.00,0.00,0.00,,0.0,0,3,335.00,AUTO,,AGGR+CHP+ADP+RUN-EXT+PW+DLK+SLC+TPE+NWS+,SELL,55.0,5.63,0,0,0.00,0.00,27282.50,27283.25,3,8510,9290,-1,7.7,-219.25,-259.25,-49.75,-340.25,188.50,R,16,TREND_DN,BRICK_REENTRY_FIRE,dir=-1 streak=16 secsArmed=6 exitPx=27297.50 curPx=27283.00 usedCount=1/1
2026-04-30 09:40:09,2497,27282.50,27378.83,27295.57,27314.34,17.95,17.12,49.4,0.0,0.0,0.0,0.0,-0.04,-1,0.0,0,0,0.00,0.00,0.00,0.00,,0.0,0,3,335.00,AUTO,,AGGR+CHP+ADP+RUN-EXT+PW+DLK+SLC+TPE+NWS+,SELL,55.0,5.63,0,0,0.00,0.00,27282.50,27283.25,3,8510,9290,-1,7.7,-219.25,-259.25,-49.75,-340.25,188.50,R,16,TREND_DN,EXT_LOOSEN,dir=-1 ratio=5.63 base=5.00 eff=8.00 htfConsec=49 streak=16
2026-04-30 09:40:09,2497,27282.50,27378.83,27295.57,27314.34,17.95,17.12,49.4,0.0,0.0,0.0,0.0,-0.04,-1,0.0,-1,1,0.00,0.00,0.00,0.00,,0.0,0,3,335.00,AUTO,Key Lvl Breakout,AGGR+CHP+ADP+RUN-EXT+PW+DLK+SLC+TPE+NWS+,SELL,55.0,5.63,0,0,0.00,0.00,27282.50,27283.25,3,8510,9290,-1,7.7,-219.25,-259.25,-49.75,-340.25,188.50,R,16,TREND_DN,ENTRY_SHORT,manual=F bull=0.0 bear=0.0 sig=-1 htf=-1 tape=-0.04 emaXAgo=67 distVwap=-96.3 atr=17.1 px=27282.50 sl=0.00 tp=0.00
2026-04-30 09:40:09,2497,27282.50,27378.83,27295.57,27314.34,17.95,17.12,49.4,0.0,0.0,0.0,0.0,-0.04,-1,0.0,-1,1,0.00,0.00,0.00,0.00,,0.0,0,3,335.00,AUTO,Key Lvl Breakout,AGGR+CHP+ADP+RUN-EXT+PW+DLK+SLC+TPE+NWS+,SELL,55.0,5.63,0,0,0.00,0.00,27282.50,27283.25,3,8510,9290,-1,7.7,-219.25,-259.25,-49.75,-340.25,188.50,R,16,TREND_DN,BRICK_REENTRY_DISARM,why=quota_used_after_fire
2026-04-30 09:40:09,2497,27282.50,27378.83,27295.57,27314.34,17.95,17.12,49.4,0.0,0.0,0.0,0.0,-0.04,-1,0.0,-1,1,27282.25,27300.25,26782.25,0.00,,0.0,0,3,335.00,AUTO,Key Lvl Breakout,AGGR+CHP+ADP+RUN-EXT+PW+DLK+SLC+TPE+NWS+,SELL,55.0,5.63,0,0,-0.25,0.00,27282.50,27283.25,3,8510,9290,-1,7.7,-219.25,-259.25,-49.75,-340.25,188.50,R,16,TREND_DN,CLAMP_SKIP,adx=49.4 thr=28.0
2026-04-30 09:40:09,2497,27282.50,27378.83,27295.57,27314.34,17.95,17.12,49.4,0.0,0.0,0.0,0.0,-0.04,-1,0.0,-1,1,27282.25,27300.25,26782.25,0.00,,0.0,0,3,335.00,AUTO,Key Lvl Breakout,AGGR+CHP+ADP+RUN-EXT+PW+DLK+SLC+TPE+NWS+,SELL,55.0,5.63,0,0,-0.25,0.00,27282.50,27283.25,3,8510,9290,-1,7.7,-219.25,-259.25,-49.75,-340.25,188.50,R,16,TREND_DN,STOPS_ARMED,dir=-1 entry=27282.25 sl=27300.25 tp=26782.25 slPt=18 tpPt=50 RUNNER
2026-04-30 09:40:22,2498,27278.75,27378.53,27291.64,27310.82,17.00,17.00,51.1,0.0,0.0,0.0,0.0,-0.05,-1,0.4,-1,1,27282.25,27300.25,26782.25,27283.25,BrickMode*DORMANT,0.0,0,3,335.00,AUTO,Key Lvl Breakout,AGGR+CHP+ADP+RUN-EXT+PW+DLK+SLC+TPE+NWS+,SELL,55.0,5.87,0,0,3.50,3.00,27278.50,27279.25,3,8984,9836,-1,7.9,-223.00,-263.00,-53.50,-344.00,184.75,R,17,TREND_DN,BRICK_CLOSE,src=primary color=R streak=17 o=27295.00 c=27279.00 hi=27295.00 lo=27279.00
2026-04-30 09:40:26,2499,27274.50,27378.43,27287.61,27307.20,15.96,16.93,52.8,0.0,0.0,0.0,0.0,-0.05,-1,0.4,-1,1,27282.25,27300.25,26782.25,27281.25,BrickMode*DORMANT,0.0,0,3,335.00,AUTO,Key Lvl Breakout,AGGR+CHP+ADP+RUN-EXT+PW+DLK+SLC+TPE+NWS+,SELL,55.0,6.14,0,0,7.75,5.00,27276.25,27277.25,4,9098,10034,-1,8.1,-227.25,-267.25,-57.75,-348.25,180.50,R,18,TREND_DN,BRICK_CLOSE,src=primary color=R streak=18 o=27291.00 c=27275.00 hi=27291.00 lo=27275.00
2026-04-30 09:40:31,2499,27273.50,27378.34,27287.41,27307.11,15.72,17.04,52.8,0.0,0.0,0.0,0.0,-0.05,-1,0.3,-1,1,27282.25,27284.25,26782.25,27277.75,BrickMode*DORMANT,0.0,0,3,335.00,AUTO,Key Lvl Breakout,AGGR+CHP+ADP+RUN-EXT+PW+DLK+SLC+TPE+NWS+,SELL,55.0,6.15,0,0,8.75,10.50,27271.00,27271.75,3,9216,10226,-1,8.2,-228.25,-268.25,-58.75,-349.25,179.50,R,18,TREND_DN,PROFIT_SAFEGUARD,tier=1 T1_PROFIT_SAFE peak=10.5pt sl=27284.25 offset=-2.0pt entry=27282.25 runner=True
2026-04-30 09:40:33,2499,27275.00,27378.27,27287.71,27307.25,16.09,17.18,52.9,0.0,0.0,0.0,0.0,-0.05,-1,0.3,-1,1,27282.25,27284.25,26782.25,27275.75,BrickMode*DORMANT,0.0,0,3,335.00,AUTO,Key Lvl Breakout,AGGR+CHP+ADP+RUN-EXT+PW+DLK+SLC+TPE+NWS+,SELL,55.0,6.01,0,0,7.25,10.50,27279.25,27279.75,2,9312,10356,-1,8.2,-226.75,-266.75,-57.25,-347.75,181.00,R,18,TREND_DN,BRICK_TRAIL_HIT,reason=px_stop peak=10.5pt cur=2.5pt retrace=8.0pt effRetraceMin=4.7pt trail=27275.75 px=27279.75 adxSlope=8.12 streak=18 effPct=50
2026-04-30 09:40:33,2499,27275.00,27378.27,27287.71,27307.25,16.09,17.18,52.9,0.0,0.0,0.0,0.0,-0.05,-1,0.3,-1,0,27282.25,27284.25,26782.25,27275.75,BrickMode*DORMANT,0.0,0,4,380.00,AUTO,Key Lvl Breakout,AGGR+CHP+ADP+RUN-EXT+PW+DLK+SLC+TPE+NWS+,SELL,55.0,6.01,0,0,7.25,10.50,27279.25,27279.75,2,9312,10356,-1,8.2,-226.75,-266.75,-57.25,-347.75,181.00,R,18,TREND_DN,CAP_REFUND,pnl=45.00 thr=25.00 tradesToday=0/20
2026-04-30 09:40:33,2499,27275.00,27378.27,27287.71,27307.25,16.09,17.18,52.9,0.0,0.0,0.0,0.0,-0.05,-1,0.3,-1,0,27282.25,27284.25,26782.25,27275.75,BrickMode*DORMANT,0.0,0,4,380.00,AUTO,Key Lvl Breakout,AGGR+CHP+ADP+RUN-EXT+PW+DLK+SLC+TPE+NWS+,SELL,55.0,6.01,0,0,7.25,10.50,27279.25,27279.75,2,9312,10356,-1,8.2,-226.75,-266.75,-57.25,-347.75,181.00,R,18,TREND_DN,BRICK_REENTRY_ARMED,dir=-1 reason=TRAIL_BrickTrail_PxStop exitPx=27275.00 windowSec=90 minStreak=3
2026-04-30 09:40:33,2499,27275.00,27378.27,27287.71,27307.25,16.09,17.18,52.9,0.0,0.0,0.0,0.0,-0.05,-1,0.3,-1,0,27282.25,27284.25,26782.25,27275.75,BrickMode*DORMANT,0.0,0,4,380.00,AUTO,Key Lvl Breakout,AGGR+CHP+ADP+RUN-EXT+PW+DLK+SLC+TPE+NWS+,SELL,55.0,6.01,0,0,7.25,10.50,27279.25,27279.75,2,9312,10356,-1,8.2,-226.75,-266.75,-57.25,-347.75,181.00,R,18,TREND_DN,EXIT_WIN_TRAIL_BrickTrail_PxStop,pnl=45.00 consec=4
2026-04-30 09:40:33,2499,27275.00,27378.27,27287.71,27307.25,16.09,17.18,52.9,0.0,0.0,0.0,0.0,-0.05,-1,0.3,-1,0,27282.25,27284.25,26782.25,27275.75,BrickMode*DORMANT,0.0,0,4,380.00,AUTO,Key Lvl Breakout,AGGR+CHP+ADP+RUN-EXT+PW+DLK+SLC+TPE+NWS+,SELL,55.0,6.01,0,0,7.25,10.50,27279.25,27279.75,2,9312,10356,-1,8.2,-226.75,-266.75,-57.25,-347.75,181.00,R,18,TREND_DN,REGIME_PNL,regime=TREND_DN tradePnl=45.00 regTotal=380.00 thresh=-200
2026-04-30 09:42:31,2500,27303.25,27375.96,27295.30,27309.20,41.59,17.89,49.9,0.0,0.0,0.0,0.0,-0.01,-1,0.0,0,0,0.00,0.00,0.00,0.00,,0.0,0,4,380.00,AUTO,,AGGR+CHP+ADP+RUN-EXT+PW+DLK+SLC+TPE+NWS+,SELL,55.0,4.06,0,0,0.00,0.00,27302.00,27302.75,3,14090,14470,0,3.7,-198.50,-238.50,-29.00,-319.50,209.25,G,1,TREND_DN,BRICK_CLOSE,src=primary color=G streak=1 o=27287.00 c=27303.00 hi=27303.00 lo=27271.00
2026-04-30 09:42:31,2500,27303.25,27375.96,27295.30,27309.20,41.59,17.89,49.9,0.0,0.0,0.0,0.0,-0.01,-1,0.0,0,0,0.00,0.00,0.00,0.00,,0.0,0,4,380.00,AUTO,,AGGR+CHP+ADP+RUN-EXT+PW+DLK+SLC+TPE+NWS+,SELL,55.0,4.06,0,0,0.00,0.00,27302.00,27302.75,3,14090,14470,0,3.7,-198.50,-238.50,-29.00,-319.50,209.25,G,1,TREND_DN,BRICK_REENTRY_DISARM,why=window_expired
2026-04-30 09:42:31,2500,27303.25,27375.96,27295.30,27309.20,41.59,17.89,49.9,0.0,0.0,0.0,0.0,-0.01,-1,0.0,0,0,0.00,0.00,0.00,0.00,,0.0,0,4,380.00,AUTO,,AGGR+CHP+ADP+RUN-EXT+PW+DLK+SLC+TPE+NWS+,SELL,55.0,4.06,0,0,0.00,0.00,27302.00,27302.75,3,14090,14470,0,3.7,-198.50,-238.50,-29.00,-319.50,209.25,G,1,TREND_DN,RUN_END,color=R len=18 pts=56.0 maxFav=84.0 durSec=313 startPx=27359.00 endPx=27303.00
2026-04-30 09:42:31,2500,27303.25,27375.96,27295.30,27309.20,41.59,17.89,49.9,0.0,0.0,0.0,0.0,-0.01,-1,0.0,0,0,0.00,0.00,0.00,0.00,,0.0,0,4,380.00,AUTO,,AGGR+CHP+ADP+RUN-EXT+PW+DLK+SLC+TPE+NWS+,SELL,55.0,4.06,0,0,0.00,0.00,27302.00,27302.75,3,14090,14470,0,3.7,-198.50,-238.50,-29.00,-319.50,209.25,G,1,UNKNOWN,REGIME_CHANGE,from=TREND_DN to=UNKNOWN adx=49.9 slope=3.66 atr/avg=0.99 eStack=0 distVwapAtr=-4.06 nr=Gx1 flips4=1
2026-04-30 09:42:31,2500,27303.25,27375.96,27295.30,27309.20,41.59,17.89,49.9,0.0,21.4,0.0,21.4,-0.01,-1,0.0,0,0,0.00,0.00,0.00,0.00,,0.0,0,4,380.00,AUTO,,AGGR+CHP+ADP+RUN-EXT+PW+DLK+SLC+TPE+NWS+,SELL,55.0,4.06,0,0,0.00,0.00,27302.00,27302.75,3,14090,14470,0,3.7,-198.50,-238.50,-29.00,-319.50,209.25,G,1,UNKNOWN,SIGNAL,
2026-04-30 09:42:31,2500,27303.25,27375.96,27295.30,27309.20,41.59,17.89,49.9,0.0,21.4,0.0,21.4,-0.01,-1,0.0,0,0,0.00,0.00,0.00,0.00,,0.0,0,4,380.00,AUTO,,AGGR+CHP+ADP+RUN-EXT+PW+DLK+SLC+TPE+NWS+,WAIT,55.0,4.06,0,0,0.00,0.00,27302.00,27302.75,3,14090,14470,0,3.7,-198.50,-238.50,-29.00,-319.50,209.25,G,1,UNKNOWN,BLOCK_AUTO,reason=tooSoon consecLoss=0 barsSinceExit=1 barsSinceLoss=-1
2026-04-30 09:42:32,2501,27307.25,27375.91,27298.29,27309.33,44.18,17.73,48.2,0.0,21.4,0.0,21.4,-0.01,-1,0.0,0,0,0.00,0.00,0.00,0.00,,0.0,0,4,380.00,AUTO,,AGGR+CHP+ADP+RUN-EXT+PW+DLK+SLC+TPE+NWS+,WAIT,55.0,3.87,0,0,0.00,0.00,27304.50,27305.25,3,14220,14536,0,0.3,-194.50,-234.50,-25.00,-315.50,213.25,G,2,UNKNOWN,BRICK_CLOSE,src=primary color=G streak=2 o=27291.00 c=27307.00 hi=27307.00 lo=27291.00
2026-04-30 09:42:32,2501,27307.25,27375.91,27298.29,27309.33,44.18,17.73,48.2,0.0,10.9,0.0,10.9,-0.01,-1,0.0,0,0,0.00,0.00,0.00,0.00,,0.0,0,4,380.00,AUTO,,AGGR+CHP+ADP+RUN-EXT+PW+DLK+SLC+TPE+NWS+,WAIT,55.0,3.87,0,0,0.00,0.00,27304.50,27305.25,3,14220,14536,0,0.3,-194.50,-234.50,-25.00,-315.50,213.25,G,2,UNKNOWN,SIGNAL,
2026-04-30 09:42:32,2501,27307.25,27375.91,27298.29,27309.33,44.18,17.73,48.2,0.0,10.9,0.0,10.9,-0.01,-1,0.0,0,0,0.00,0.00,0.00,0.00,,0.0,0,4,380.00,AUTO,,AGGR+CHP+ADP+RUN-EXT+PW+DLK+SLC+TPE+NWS+,WAIT,55.0,3.87,0,0,0.00,0.00,27304.50,27305.25,3,14220,14536,0,0.3,-194.50,-234.50,-25.00,-315.50,213.25,G,2,UNKNOWN,BLOCK_AUTO,reason=tooSoon consecLoss=0 barsSinceExit=2 barsSinceLoss=-1
2026-04-30 09:43:01,2502,27311.25,27375.43,27301.48,27309.82,46.73,17.64,46.0,0.0,10.9,0.0,10.9,-0.01,-1,0.0,0,0,0.00,0.00,0.00,0.00,,0.0,0,4,380.00,AUTO,,AGGR+CHP+ADP+RUN-EXT+PW+DLK+SLC+TPE+NWS+,WAIT,55.0,3.64,0,0,0.00,0.00,27313.50,27314.00,2,15414,15594,0,-3.5,-190.50,-230.50,-21.00,-311.50,217.25,G,3,UNKNOWN,BRICK_CLOSE,src=primary color=G streak=3 o=27295.00 c=27311.00 hi=27311.00 lo=27294.25
2026-04-30 09:43:01,2502,27311.25,27375.43,27301.48,27309.82,46.73,17.64,46.0,0.0,12.6,0.0,12.6,-0.01,-1,0.0,0,0,0.00,0.00,0.00,0.00,,0.0,0,4,380.00,AUTO,,AGGR+CHP+ADP+RUN-EXT+PW+DLK+SLC+TPE+NWS+,WAIT,55.0,3.64,0,0,0.00,0.00,27313.50,27314.00,2,15414,15594,0,-3.5,-190.50,-230.50,-21.00,-311.50,217.25,G,3,UNKNOWN,SIGNAL,
2026-04-30 09:43:01,2502,27311.25,27375.43,27301.48,27309.82,46.73,17.64,46.0,0.0,12.6,0.0,12.6,-0.01,-1,0.0,0,0,0.00,0.00,0.00,0.00,,0.0,0,4,380.00,AUTO,,AGGR+CHP+ADP+RUN-EXT+PW+DLK+SLC+TPE+NWS+,WAIT,55.0,3.64,0,0,0.00,0.00,27313.50,27314.00,2,15414,15594,0,-3.5,-190.50,-230.50,-21.00,-311.50,217.25,G,3,UNKNOWN,BLOCK_AUTO,reason=tooSoon consecLoss=0 barsSinceExit=3 barsSinceLoss=-1
2026-04-30 09:43:02,2503,27315.25,27375.40,27304.84,27310.62,49.23,17.50,43.4,0.0,12.6,0.0,12.6,-0.01,-1,0.0,0,0,0.00,0.00,0.00,0.00,,0.0,0,4,380.00,AUTO,,AGGR+CHP+ADP+RUN-EXT+PW+DLK+SLC+TPE+NWS+,WAIT,55.0,3.44,0,0,0.00,0.00,27315.00,27315.75,3,15488,15664,0,-7.8,-186.50,-226.50,-17.00,-307.50,221.25,G,4,UNKNOWN,BRICK_CLOSE,src=primary color=G streak=4 o=27299.00 c=27315.00 hi=27315.00 lo=27299.00
2026-04-30 09:43:02,2503,27315.25,27375.40,27304.84,27310.62,49.23,17.50,43.4,0.0,10.0,0.0,10.0,-0.01,-1,0.0,0,0,0.00,0.00,0.00,0.00,,0.0,0,4,380.00,AUTO,,AGGR+CHP+ADP+RUN-EXT+PW+DLK+SLC+TPE+NWS+,WAIT,55.0,3.44,0,0,0.00,0.00,27315.00,27315.75,3,15488,15664,0,-7.8,-186.50,-226.50,-17.00,-307.50,221.25,G,4,UNKNOWN,SIGNAL,
2026-04-30 09:43:33,2504,27319.25,27374.91,27308.32,27311.71,51.67,17.71,40.6,0.0,10.0,0.0,10.0,-0.01,-1,0.0,0,0,0.00,0.00,0.00,0.00,,0.0,0,4,380.00,AUTO,,AGGR+CHP+ADP+RUN-EXT+PW+DLK+SLC+TPE+NWS+,WAIT,55.0,3.14,0,0,0.00,0.00,27321.75,27322.25,2,16734,16986,0,-10.0,-182.50,-222.50,-13.00,-303.50,225.25,G,5,UNKNOWN,BRICK_CLOSE,src=primary color=G streak=5 o=27303.00 c=27319.00 hi=27319.00 lo=27298.00
2026-04-30 09:43:33,2504,27319.25,27374.91,27308.32,27311.71,51.67,17.71,40.6,0.0,18.6,0.0,18.6,-0.01,-1,0.0,0,0,0.00,0.00,0.00,0.00,,0.0,0,4,380.00,AUTO,,AGGR+CHP+ADP+RUN-EXT+PW+DLK+SLC+TPE+NWS+,WAIT,55.0,3.14,0,0,0.00,0.00,27321.75,27322.25,2,16734,16986,0,-10.0,-182.50,-222.50,-13.00,-303.50,225.25,G,5,UNKNOWN,SIGNAL,
2026-04-30 09:43:43,2505,27323.50,27374.82,27311.96,27313.10,54.20,17.59,37.4,0.0,18.6,0.0,18.6,0.00,-1,0.0,0,0,0.00,0.00,0.00,0.00,,0.0,0,4,380.00,AUTO,,AGGR+CHP+ADP+RUN-EXT+PW+DLK+SLC+TPE+NWS+,WAIT,55.0,2.92,0,0,0.00,0.00,27323.25,27324.00,3,17054,17216,0,-11.9,-178.25,-218.25,-8.75,-299.25,229.50,G,6,UNKNOWN,BRICK_CLOSE,src=primary color=G streak=6 o=27307.00 c=27323.00 hi=27323.00 lo=27307.00
2026-04-30 09:43:43,2505,27323.50,27374.82,27311.96,27313.10,54.20,17.59,37.4,0.0,12.9,0.0,12.9,0.00,-1,0.0,0,0,0.00,0.00,0.00,0.00,,0.0,0,4,380.00,AUTO,,AGGR+CHP+ADP+RUN-EXT+PW+DLK+SLC+TPE+NWS+,WAIT,55.0,2.92,0,0,0.00,0.00,27323.25,27324.00,3,17054,17216,0,-11.9,-178.25,-218.25,-8.75,-299.25,229.50,G,6,UNKNOWN,SIGNAL,
2026-04-30 09:43:44,2506,27327.50,27374.80,27315.62,27314.69,56.51,17.45,35.1,0.0,12.9,0.0,12.9,0.00,-1,0.0,0,0,0.00,0.00,0.00,0.00,,0.0,0,4,380.00,AUTO,,AGGR+CHP+ADP+RUN-EXT+PW+DLK+SLC+TPE+NWS+,WAIT,55.0,2.71,0,0,0.00,0.00,27329.25,27329.75,2,17154,17234,1,-12.5,-174.25,-214.25,-4.75,-295.25,233.50,G,7,UNKNOWN,BRICK_CLOSE,src=primary color=G streak=7 o=27311.00 c=27327.00 hi=27327.00 lo=27311.00
2026-04-30 09:43:44,2506,27327.50,27374.80,27315.62,27314.69,56.51,17.45,35.1,35.0,0.0,35.0,0.0,0.00,0,0.0,0,0,0.00,0.00,0.00,0.00,,0.0,0,4,380.00,AUTO,,AGGR+CHP+ADP+RUN-EXT+PW+DLK+SLC+TPE+NWS+,WAIT,55.0,2.71,0,0,0.00,0.00,27329.25,27329.75,2,17154,17234,1,-12.5,-174.25,-214.25,-4.75,-295.25,233.50,G,7,UNKNOWN,SIGNAL,
2026-04-30 09:43:44,2507,27331.25,27374.78,27319.31,27316.49,58.61,17.31,33.6,35.0,0.0,35.0,0.0,0.00,0,0.0,0,0,0.00,0.00,0.00,0.00,,0.0,0,4,380.00,AUTO,,AGGR+CHP+ADP+RUN-EXT+PW+DLK+SLC+TPE+NWS+,WAIT,55.0,2.51,0,0,0.00,0.00,27329.25,27329.75,2,17286,17266,1,-11.8,-170.50,-210.50,-1.00,-291.50,237.25,G,8,UNKNOWN,BRICK_CLOSE,src=primary color=G streak=8 o=27315.00 c=27331.00 hi=27331.00 lo=27315.00
2026-04-30 09:43:44,2507,27331.25,27374.78,27319.31,27316.49,58.61,17.31,33.6,45.0,0.0,45.0,0.0,0.00,0,0.0,0,0,0.00,0.00,0.00,0.00,,0.0,0,4,380.00,AUTO,,AGGR+CHP+ADP+RUN-EXT+PW+DLK+SLC+TPE+NWS+,WAIT,55.0,2.51,0,0,0.00,0.00,27329.25,27329.75,2,17286,17266,1,-11.8,-170.50,-210.50,-1.00,-291.50,237.25,G,8,UNKNOWN,SIGNAL,
2026-04-30 09:43:52,2508,27335.50,27374.68,27323.15,27318.53,60.92,17.22,32.7,45.0,0.0,45.0,0.0,0.00,0,0.0,0,0,0.00,0.00,0.00,0.00,,0.0,0,4,380.00,AUTO,,AGGR+CHP+ADP+RUN-EXT+PW+DLK+SLC+TPE+NWS+,WAIT,55.0,2.28,0,0,0.00,0.00,27334.25,27335.00,3,17672,17600,1,-10.2,-166.25,-206.25,3.25,-287.25,241.50,G,9,UNKNOWN,BRICK_CLOSE,src=primary color=G streak=9 o=27319.00 c=27335.00 hi=27335.00 lo=27319.00
2026-04-30 09:43:52,2508,27335.50,27374.68,27323.15,27318.53,60.92,17.22,32.7,50.0,0.0,50.0,0.0,0.00,0,0.0,0,0,0.00,0.00,0.00,0.00,,0.0,0,4,380.00,AUTO,,AGGR+CHP+ADP+RUN-EXT+PW+DLK+SLC+TPE+NWS+,WAIT,55.0,2.28,0,0,0.00,0.00,27334.25,27335.00,3,17672,17600,1,-10.2,-166.25,-206.25,3.25,-287.25,241.50,G,9,UNKNOWN,SIGNAL,
2026-04-30 09:44:37,2509,27339.50,27374.29,27326.98,27320.72,63.01,17.18,32.3,50.0,0.0,50.0,0.0,0.00,0,0.0,0,0,0.00,0.00,0.00,0.00,,0.0,0,4,380.00,AUTO,,AGGR+CHP+ADP+RUN-EXT+PW+DLK+SLC+TPE+NWS+,WAIT,55.0,2.02,0,0,0.00,0.00,27341.75,27342.25,2,19222,19248,1,-7.9,-162.25,-202.25,7.25,-283.25,245.50,G,10,UNKNOWN,BRICK_CLOSE,src=primary color=G streak=10 o=27323.00 c=27339.00 hi=27339.00 lo=27322.00
2026-04-30 09:44:37,2509,27339.50,27374.29,27326.98,27320.72,63.01,17.18,32.3,60.5,0.0,60.5,0.0,0.00,0,0.0,0,0,0.00,0.00,0.00,0.00,,0.0,0,4,380.00,AUTO,,AGGR+CHP+ADP+RUN-EXT+PW+DLK+SLC+TPE+NWS+,WAIT,55.0,2.02,0,0,0.00,0.00,27341.75,27342.25,2,19222,19248,1,-7.9,-162.25,-202.25,7.25,-283.25,245.50,G,10,UNKNOWN,SIGNAL,
2026-04-30 09:44:37,2509,27339.50,27374.29,27326.98,27320.72,63.01,17.18,32.3,60.5,0.0,60.5,0.0,0.00,0,0.0,1,1,0.00,0.00,0.00,0.00,,0.0,0,4,380.00,AUTO,Key Lvl Breakout,AGGR+CHP+ADP+RUN-EXT+PW+DLK+SLC+TPE+NWS+,BUY,55.0,2.02,0,0,0.00,0.00,27341.75,27342.25,2,19222,19248,1,-7.9,-162.25,-202.25,7.25,-283.25,245.50,G,10,UNKNOWN,ENTRY_LONG,manual=F bull=60.5 bear=0.0 sig=1 htf=0 tape=0.00 emaXAgo=3 distVwap=-34.8 atr=17.2 px=27339.50 sl=0.00 tp=0.00
2026-04-30 09:44:37,2509,27339.75,27374.29,27327.03,27320.75,63.14,17.20,32.3,60.5,0.0,60.5,0.0,0.00,0,0.0,1,1,27342.75,27324.75,27392.75,0.00,,0.0,0,4,380.00,AUTO,Key Lvl Breakout,AGGR+CHP+ADP+RUN-EXT+PW+DLK+SLC+TPE+NWS+,BUY,55.0,2.01,0,0,-3.00,0.00,27341.75,27342.25,2,19222,19250,1,-7.9,-162.00,-202.00,7.50,-283.00,245.75,G,10,UNKNOWN,CLAMP_SKIP,adx=32.3 thr=28.0
2026-04-30 09:44:37,2509,27339.75,27374.29,27327.03,27320.75,63.14,17.20,32.3,60.5,0.0,60.5,0.0,0.00,0,0.0,1,1,27342.75,27324.75,27392.75,0.00,,0.0,0,4,380.00,AUTO,Key Lvl Breakout,AGGR+CHP+ADP+RUN-EXT+PW+DLK+SLC+TPE+NWS+,BUY,55.0,2.01,0,0,-3.00,0.00,27341.75,27342.25,2,19222,19250,1,-7.9,-162.00,-202.00,7.50,-283.00,245.75,G,10,UNKNOWN,STOPS_ARMED,dir=1 entry=27342.75 sl=27324.75 tp=27392.75 slPt=18 tpPt=50
2026-04-30 09:44:37,2510,27343.50,27374.28,27330.84,27323.08,65.03,17.08,32.1,60.5,0.0,60.5,0.0,0.00,0,0.0,1,1,27342.75,27324.75,27392.75,27337.75,BrickMode*DORMANT,0.0,0,4,380.00,AUTO,Key Lvl Breakout,AGGR+CHP+ADP+RUN-EXT+PW+DLK+SLC+TPE+NWS+,BUY,55.0,1.80,0,0,0.75,0.00,27341.75,27342.25,2,19316,19262,1,-5.3,-158.25,-198.25,11.25,-279.25,249.50,G,11,UNKNOWN,BRICK_CLOSE,src=primary color=G streak=11 o=27327.00 c=27343.00 hi=27343.00 lo=27327.00
2026-04-30 09:44:41,2511,27347.50,27374.25,27334.73,27325.59,66.97,16.98,32.4,60.5,0.0,60.5,0.0,0.00,0,0.0,1,1,27342.75,27324.75,27392.75,27342.00,BrickMode*DORMANT,0.0,0,4,380.00,AUTO,Key Lvl Breakout,AGGR+CHP+ADP+RUN-EXT+PW+DLK+SLC+TPE+NWS+,BUY,55.0,1.57,0,0,4.75,3.25,27345.50,27346.25,3,19492,19368,1,-3.1,-154.25,-194.25,15.25,-275.25,253.50,G,12,UNKNOWN,BRICK_CLOSE,src=primary color=G streak=12 o=27331.00 c=27347.00 hi=27347.00 lo=27331.00
2026-04-30 09:44:51,2511,27345.75,27374.18,27334.38,27325.43,65.50,17.04,32.4,60.5,0.0,60.5,0.0,0.00,0,0.0,1,1,27342.75,27343.50,27392.75,27342.50,BrickMode*DORMANT,0.0,0,4,380.00,AUTO,Key Lvl Breakout,AGGR+CHP+ADP+RUN-EXT+PW+DLK+SLC+TPE+NWS+,BUY,55.0,1.67,0,0,3.00,7.25,27350.00,27350.50,2,19764,19818,1,-3.1,-156.00,-196.00,13.50,-277.00,251.75,G,12,UNKNOWN,SMART_BE_LADDER,tier=2 T2_SOFT_BE peak=7.3pt sl=27343.50 entry=27342.75
2026-04-30 09:44:52,2512,27351.25,27374.17,27338.60,27328.21,68.71,16.88,32.9,60.5,0.0,60.5,0.0,0.00,0,0.0,1,1,27342.75,27343.50,27392.75,27346.00,BrickMode*DORMANT,0.0,0,4,380.00,AUTO,Key Lvl Breakout,AGGR+CHP+ADP+RUN-EXT+PW+DLK+SLC+TPE+NWS+,BUY,55.0,1.36,0,0,8.50,7.25,27348.75,27349.50,3,19948,19844,1,-1.2,-150.50,-190.50,19.00,-271.50,257.25,G,13,UNKNOWN,BRICK_CLOSE,src=primary color=G streak=13 o=27335.00 c=27351.00 hi=27351.00 lo=27335.00
2026-04-30 09:44:52,2512,27351.25,27374.17,27338.60,27328.21,68.71,16.88,32.9,60.5,0.0,60.5,0.0,0.00,0,0.0,1,1,27342.75,27343.50,27392.75,27346.00,BrickMode*DORMANT,0.0,0,4,380.00,AUTO,Key Lvl Breakout,AGGR+CHP+ADP+RUN-EXT+PW+DLK+SLC+TPE+NWS+,BUY,55.0,1.36,0,0,8.50,7.25,27348.75,27349.50,3,19948,19844,1,-1.2,-150.50,-190.50,19.00,-271.50,257.25,G,13,UNKNOWN,RIDE_LOCK_PXSTOP,streak=13 slope=-1.17 base=2.50 prevMult_eff=1.75 rideMult=1.40 newEff=3.50 peak=7.3 cur=6.0
2026-04-30 09:45:00,2512,27345.75,27374.12,27337.50,27327.71,63.54,16.88,32.9,60.5,0.0,60.5,0.0,-0.55,0,0.0,1,0,27342.75,27343.50,27392.75,27346.00,BrickMode*DORMANT,0.0,0,5,390.00,AUTO,Key Lvl Breakout,AGGR+CHP+ADP+RUN-EXT+PW+DLK+SLC+TPE+NWS+,BUY,55.0,1.68,0,0,3.00,7.25,27342.75,27343.50,3,66,226,1,-1.2,-156.00,-196.00,13.50,-277.00,251.75,G,13,UNKNOWN,EXIT_WIN_SL,pnl=10.00 consec=5
2026-04-30 09:45:00,2512,27345.75,27374.12,27337.50,27327.71,63.54,16.88,32.9,60.5,0.0,60.5,0.0,-0.55,0,0.0,1,0,27342.75,27343.50,27392.75,27346.00,BrickMode*DORMANT,0.0,0,5,390.00,AUTO,Key Lvl Breakout,AGGR+CHP+ADP+RUN-EXT+PW+DLK+SLC+TPE+NWS+,BUY,55.0,1.68,0,0,3.00,7.25,27342.75,27343.50,3,66,226,1,-1.2,-156.00,-196.00,13.50,-277.00,251.75,G,13,UNKNOWN,REGIME_PNL,regime=UNKNOWN tradePnl=10.00 regTotal=10.00 thresh=-200
2026-04-30 09:45:06,2513,27322.75,27373.94,27330.91,27325.38,48.03,17.61,29.7,0.0,0.0,0.0,0.0,-0.27,0,0.0,0,0,0.00,0.00,0.00,0.00,,0.0,0,5,390.00,AUTO,,AGGR+CHP+ADP+RUN-EXT+PW+DLK+SLC+TPE+NWS+,BUY,55.0,2.91,0,0,0.00,0.00,27323.00,27323.75,3,568,992,0,-3.4,-179.00,-219.00,-9.50,-300.00,228.75,R,1,UNKNOWN,BRICK_CLOSE,src=primary color=R streak=1 o=27339.00 c=27323.00 hi=27351.25 lo=27323.00
2026-04-30 09:45:06,2513,27322.75,27373.94,27330.91,27325.38,48.03,17.61,29.7,0.0,0.0,0.0,0.0,-0.27,0,0.0,0,0,0.00,0.00,0.00,0.00,,0.0,0,5,390.00,AUTO,,AGGR+CHP+ADP+RUN-EXT+PW+DLK+SLC+TPE+NWS+,BUY,55.0,2.91,0,0,0.00,0.00,27323.00,27323.75,3,568,992,0,-3.4,-179.00,-219.00,-9.50,-300.00,228.75,R,1,UNKNOWN,RUN_END,color=G len=13 pts=36.0 maxFav=64.0 durSec=155 startPx=27287.00 endPx=27323.00
2026-04-30 09:45:06,2513,27322.75,27373.94,27330.91,27325.38,48.03,17.61,29.7,0.0,20.2,0.0,20.2,-0.27,0,0.0,0,0,0.00,0.00,0.00,0.00,,0.0,0,5,390.00,AUTO,,AGGR+CHP+ADP+RUN-EXT+PW+DLK+SLC+TPE+NWS+,BUY,55.0,2.91,0,0,0.00,0.00,27323.00,27323.75,3,568,992,0,-3.4,-179.00,-219.00,-9.50,-300.00,228.75,R,1,UNKNOWN,SIGNAL,
2026-04-30 09:45:06,2513,27322.75,27373.94,27330.91,27325.38,48.03,17.61,29.7,0.0,20.2,0.0,20.2,-0.27,0,0.0,0,0,0.00,0.00,0.00,0.00,,0.0,0,5,390.00,AUTO,,AGGR+CHP+ADP+RUN-EXT+PW+DLK+SLC+TPE+NWS+,WAIT,55.0,2.91,0,0,0.00,0.00,27323.00,27323.75,3,568,992,0,-3.4,-179.00,-219.00,-9.50,-300.00,228.75,R,1,UNKNOWN,BLOCK_AUTO,reason=tooSoon consecLoss=0 barsSinceExit=1 barsSinceLoss=-1
2026-04-30 09:45:39,2514,27351.25,27373.65,27339.50,27330.07,60.85,18.44,27.9,0.0,20.2,0.0,20.2,-0.08,0,0.0,0,0,0.00,0.00,0.00,0.00,,0.0,0,5,390.00,AUTO,,AGGR+CHP+ADP+RUN-EXT+PW+DLK+SLC+TPE+NWS+,WAIT,55.0,1.22,0,0,0.00,0.00,27351.25,27352.00,3,2122,2468,1,-4.7,-150.50,-190.50,19.00,-271.50,257.25,G,1,UNKNOWN,BRICK_CLOSE,src=primary color=G streak=1 o=27335.00 c=27351.00 hi=27351.00 lo=27320.50
2026-04-30 09:45:39,2514,27351.25,27373.65,27339.50,27330.07,60.85,18.44,27.9,0.0,20.2,0.0,20.2,-0.08,0,0.0,0,0,0.00,0.00,0.00,0.00,,0.0,0,5,390.00,AUTO,,AGGR+CHP+ADP+RUN-EXT+PW+DLK+SLC+TPE+NWS+,WAIT,55.0,1.22,0,0,0.00,0.00,27351.25,27352.00,3,2122,2468,1,-4.7,-150.50,-190.50,19.00,-271.50,257.25,G,1,UNKNOWN,RUN_END,color=R len=1 pts=12.0 maxFav=0.0 durSec=33 startPx=27339.00 endPx=27351.00
2026-04-30 09:45:39,2514,27351.25,27373.65,27339.50,27330.07,60.85,18.44,27.9,63.6,10.0,63.6,10.0,-0.08,0,0.0,0,0,0.00,0.00,0.00,0.00,,0.0,0,5,390.00,AUTO,,AGGR+CHP+ADP+RUN-EXT+PW+DLK+SLC+TPE+NWS+,WAIT,55.0,1.22,0,0,0.00,0.00,27351.25,27352.00,3,2122,2468,1,-4.7,-150.50,-190.50,19.00,-271.50,257.25,G,1,UNKNOWN,SIGNAL,
2026-04-30 09:45:39,2514,27351.25,27373.65,27339.50,27330.07,60.85,18.44,27.9,63.6,10.0,63.6,10.0,-0.08,0,0.0,0,0,0.00,0.00,0.00,0.00,,0.0,0,5,390.00,AUTO,,AGGR+CHP+ADP+RUN-EXT+PW+DLK+SLC+TPE+NWS+,BUY,55.0,1.22,0,0,0.00,0.00,27351.25,27352.00,3,2122,2468,1,-4.7,-150.50,-190.50,19.00,-271.50,257.25,G,1,UNKNOWN,BLOCK_AUTO,reason=tooSoon consecLoss=0 barsSinceExit=2 barsSinceLoss=-1
2026-04-30 09:45:50,2515,27355.25,27373.59,27343.25,27332.67,62.26,18.24,27.2,63.6,10.0,63.6,10.0,-0.06,0,0.0,0,0,0.00,0.00,0.00,0.00,,0.0,0,5,390.00,AUTO,,AGGR+CHP+ADP+RUN-EXT+PW+DLK+SLC+TPE+NWS+,BUY,55.0,1.01,0,0,0.00,0.00,27355.50,27356.00,2,2588,2890,1,-5.2,-146.50,-186.50,23.00,-267.50,261.25,G,2,UNKNOWN,BRICK_CLOSE,src=primary color=G streak=2 o=27339.00 c=27355.00 hi=27355.00 lo=27339.00
2026-04-30 09:45:50,2515,27355.25,27373.59,27343.25,27332.67,62.26,18.24,27.2,60.5,10.0,60.5,10.0,-0.06,0,0.0,0,0,0.00,0.00,0.00,0.00,,0.0,0,5,390.00,AUTO,,AGGR+CHP+ADP+RUN-EXT+PW+DLK+SLC+TPE+NWS+,BUY,55.0,1.01,0,0,0.00,0.00,27355.50,27356.00,2,2588,2890,1,-5.2,-146.50,-186.50,23.00,-267.50,261.25,G,2,UNKNOWN,SIGNAL,
2026-04-30 09:45:50,2515,27355.25,27373.59,27343.25,27332.67,62.26,18.24,27.2,60.5,10.0,60.5,10.0,-0.06,0,0.0,0,0,0.00,0.00,0.00,0.00,,0.0,0,5,390.00,AUTO,,AGGR+CHP+ADP+RUN-EXT+PW+DLK+SLC+TPE+NWS+,BUY,55.0,1.01,0,0,0.00,0.00,27355.50,27356.00,2,2588,2890,1,-5.2,-146.50,-186.50,23.00,-267.50,261.25,G,2,UNKNOWN,BLOCK_AUTO,reason=tooSoon consecLoss=0 barsSinceExit=3 barsSinceLoss=-1
2026-04-30 09:45:57,2516,27359.25,27373.55,27347.05,27335.39,63.67,18.06,26.9,60.5,10.0,60.5,10.0,-0.03,0,0.0,0,0,0.00,0.00,0.00,0.00,,0.0,0,5,390.00,AUTO,,AGGR+CHP+ADP+RUN-EXT+PW+DLK+SLC+TPE+NWS+,BUY,55.0,0.79,0,0,0.00,0.00,27358.00,27358.75,3,2954,3144,1,-5.7,-142.50,-182.50,27.00,-263.50,265.25,G,3,UNKNOWN,BRICK_CLOSE,src=primary color=G streak=3 o=27343.00 c=27359.00 hi=27359.00 lo=27343.00
2026-04-30 09:45:57,2516,27359.25,27373.55,27347.05,27335.39,63.67,18.06,26.9,35.0,0.0,35.0,0.0,-0.03,0,0.0,0,0,0.00,0.00,0.00,0.00,,0.0,0,5,390.00,AUTO,,AGGR+CHP+ADP+RUN-EXT+PW+DLK+SLC+TPE+NWS+,BUY,55.0,0.79,0,0,0.00,0.00,27358.00,27358.75,3,2954,3144,1,-5.7,-142.50,-182.50,27.00,-263.50,265.25,G,3,UNKNOWN,SIGNAL,
2026-04-30 09:46:00,2517,27363.25,27373.54,27350.89,27338.24,65.08,17.90,27.0,35.0,0.0,35.0,0.0,-0.02,0,0.0,0,0,0.00,0.00,0.00,0.00,,0.0,0,5,390.00,AUTO,,AGGR+CHP+ADP+RUN-EXT+PW+DLK+SLC+TPE+NWS+,WAIT,55.0,0.57,0,0,0.00,0.00,27364.00,27364.75,3,3206,3312,1,-4.1,-138.50,-178.50,31.00,-259.50,269.25,G,4,UNKNOWN,BRICK_CLOSE,src=primary color=G streak=4 o=27347.00 c=27363.00 hi=27363.00 lo=27347.00
2026-04-30 09:46:00,2517,27363.25,27373.54,27350.89,27338.24,65.08,17.90,27.0,35.0,0.0,35.0,0.0,-0.02,0,0.0,0,0,0.00,0.00,0.00,0.00,,0.0,0,5,390.00,AUTO,,AGGR+CHP+ADP+RUN-EXT+PW+DLK+SLC+TPE+NWS+,WAIT,55.0,0.57,0,0,0.00,0.00,27364.00,27364.75,3,3206,3312,1,-4.1,-138.50,-178.50,31.00,-259.50,269.25,G,4,UNKNOWN,SIGNAL,
2026-04-30 09:46:37,2518,27334.75,27373.31,27343.14,27335.58,50.22,18.69,23.9,35.0,0.0,35.0,0.0,-0.05,0,0.0,0,0,0.00,0.00,0.00,0.00,,0.0,0,5,390.00,AUTO,,AGGR+CHP+ADP+RUN-EXT+PW+DLK+SLC+TPE+NWS+,WAIT,55.0,2.06,0,0,0.00,0.00,27335.00,27335.50,2,4392,4850,0,-5.6,-167.00,-207.00,2.50,-288.00,240.75,R,1,UNKNOWN,BRICK_CLOSE,src=primary color=R streak=1 o=27351.00 c=27335.00 hi=27365.25 lo=27335.00
2026-04-30 09:46:37,2518,27334.75,27373.31,27343.14,27335.58,50.22,18.69,23.9,35.0,0.0,35.0,0.0,-0.05,0,0.0,0,0,0.00,0.00,0.00,0.00,,0.0,0,5,390.00,AUTO,,AGGR+CHP+ADP+RUN-EXT+PW+DLK+SLC+TPE+NWS+,WAIT,55.0,2.06,0,0,0.00,0.00,27335.00,27335.50,2,4392,4850,0,-5.6,-167.00,-207.00,2.50,-288.00,240.75,R,1,UNKNOWN,RUN_END,color=G len=4 pts=0.0 maxFav=28.0 durSec=58 startPx=27335.00 endPx=27335.00
2026-04-30 09:46:37,2518,27334.75,27373.31,27343.14,27335.58,50.22,18.69,23.9,11.2,0.0,11.2,0.0,-0.05,0,0.0,0,0,0.00,0.00,0.00,0.00,,0.0,0,5,390.00,AUTO,,AGGR+CHP+ADP+RUN-EXT+PW+DLK+SLC+TPE+NWS+,WAIT,55.0,2.06,0,0,0.00,0.00,27335.00,27335.50,2,4392,4850,0,-5.6,-167.00,-207.00,2.50,-288.00,240.75,R,1,UNKNOWN,SIGNAL,
2026-04-30 09:46:37,2518,27334.75,27373.31,27343.14,27335.58,50.22,18.69,23.9,11.2,0.0,11.2,0.0,-0.05,0,0.0,0,0,0.00,0.00,0.00,0.00,,0.0,0,5,390.00,AUTO,,AGGR+CHP+ADP+RUN-EXT+PW+DLK+SLC+TPE+NWS+,WAIT,55.0,2.06,0,0,0.00,0.00,27335.00,27335.50,2,4392,4850,0,-5.6,-167.00,-207.00,2.50,-288.00,240.75,R,1,UNKNOWN,SWEEP_BOOST,bull=False bear=True lookback=30
2026-04-30 09:46:43,2519,27330.75,27373.25,27340.06,27334.84,48.53,18.48,22.5,11.2,0.0,11.2,0.0,-0.05,0,0.0,0,0,0.00,0.00,0.00,0.00,,0.0,0,5,390.00,AUTO,,AGGR+CHP+ADP+RUN-EXT+PW+DLK+SLC+TPE+NWS+,WAIT,55.0,2.30,0,0,0.00,0.00,27331.50,27332.25,3,4700,5160,0,-5.8,-171.00,-211.00,-1.50,-292.00,236.75,R,2,UNKNOWN,BRICK_CLOSE,src=primary color=R streak=2 o=27347.00 c=27331.00 hi=27347.00 lo=27331.00
2026-04-30 09:46:43,2519,27330.75,27373.25,27340.06,27334.84,48.53,18.48,22.5,10.0,0.0,10.0,0.0,-0.05,0,0.0,0,0,0.00,0.00,0.00,0.00,,0.0,0,5,390.00,AUTO,,AGGR+CHP+ADP+RUN-EXT+PW+DLK+SLC+TPE+NWS+,WAIT,55.0,2.30,0,0,0.00,0.00,27331.50,27332.25,3,4700,5160,0,-5.8,-171.00,-211.00,-1.50,-292.00,236.75,R,2,UNKNOWN,SIGNAL,
2026-04-30 09:46:49,2520,27326.75,27373.19,27336.80,27333.79,46.83,18.28,21.9,10.0,0.0,10.0,0.0,-0.06,0,0.0,0,0,0.00,0.00,0.00,0.00,,0.0,0,5,390.00,AUTO,,AGGR+CHP+ADP+RUN-EXT+PW+DLK+SLC+TPE+NWS+,WAIT,55.0,2.54,0,0,0.00,0.00,27325.00,27325.75,3,4864,5460,0,-5.7,-175.00,-215.00,-5.50,-296.00,232.75,R,3,UNKNOWN,BRICK_CLOSE,src=primary color=R streak=3 o=27343.00 c=27327.00 hi=27343.00 lo=27327.00
2026-04-30 09:46:49,2520,27326.75,27373.19,27336.80,27333.79,46.83,18.28,21.9,10.0,0.0,10.0,0.0,-0.06,0,0.0,0,0,0.00,0.00,0.00,0.00,,0.0,0,5,390.00,AUTO,,AGGR+CHP+ADP+RUN-EXT+PW+DLK+SLC+TPE+NWS+,WAIT,55.0,2.54,0,0,0.00,0.00,27325.00,27325.75,3,4864,5460,0,-5.7,-175.00,-215.00,-4.00,-296.00,232.75,R,3,UNKNOWN,SIGNAL,
2026-04-30 09:46:51,2521,27322.75,27373.17,27333.39,27332.48,45.13,18.10,21.7,10.0,0.0,10.0,0.0,-0.06,0,0.0,0,0,0.00,0.00,0.00,0.00,,0.0,0,5,390.00,AUTO,,AGGR+CHP+ADP+RUN-EXT+PW+DLK+SLC+TPE+NWS+,WAIT,55.0,2.79,0,0,0.00,0.00,27319.75,27320.50,3,4920,5566,0,-5.6,-179.00,-219.00,-8.00,-300.00,228.75,R,4,UNKNOWN,BRICK_CLOSE,src=primary color=R streak=4 o=27339.00 c=27323.00 hi=27339.00 lo=27323.00
2026-04-30 09:46:51,2521,27322.75,27373.17,27333.39,27332.48,45.13,18.10,21.7,10.0,0.0,10.0,0.0,-0.06,0,0.0,0,0,0.00,0.00,0.00,0.00,,0.0,0,5,390.00,AUTO,,AGGR+CHP+ADP+RUN-EXT+PW+DLK+SLC+TPE+NWS+,WAIT,55.0,2.79,0,0,0.00,0.00,27319.75,27320.50,3,4920,5566,0,-5.6,-179.00,-219.00,-8.00,-300.00,228.75,R,4,UNKNOWN,SIGNAL,
2026-04-30 09:46:51,2522,27318.75,27373.15,27329.86,27330.92,43.43,17.93,21.8,10.0,0.0,10.0,0.0,-0.07,0,0.0,0,0,0.00,0.00,0.00,0.00,,0.0,0,5,390.00,AUTO,,AGGR+CHP+ADP+RUN-EXT+PW+DLK+SLC+TPE+NWS+,WAIT,55.0,3.03,0,0,0.00,0.00,27319.75,27320.50,3,4948,5698,-1,-3.7,-183.00,-223.00,-12.00,-304.00,224.75,R,5,UNKNOWN,BRICK_CLOSE,src=primary color=R streak=5 o=27335.00 c=27319.00 hi=27335.00 lo=27319.00
2026-04-30 09:46:51,2522,27318.75,27373.15,27329.86,27330.92,43.43,17.93,21.8,0.0,90.5,0.0,90.5,-0.07,-1,0.0,0,0,0.00,0.00,0.00,0.00,,0.0,0,5,390.00,AUTO,,AGGR+CHP+ADP+RUN-EXT+PW+DLK+SLC+TPE+NWS+,WAIT,55.0,3.03,0,0,0.00,0.00,27319.75,27320.50,3,4948,5698,-1,-3.7,-183.00,-223.00,-12.00,-304.00,224.75,R,5,UNKNOWN,SIGNAL,
2026-04-30 09:46:51,2522,27318.75,27373.15,27329.86,27330.92,43.43,17.93,21.8,0.0,90.5,0.0,90.5,-0.07,-1,0.0,0,0,0.00,0.00,0.00,0.00,,0.0,0,5,390.00,AUTO,,AGGR+CHP+ADP+RUN-EXT+PW+DLK+SLC+TPE+NWS+,STRONG_SELL,55.0,3.03,0,0,0.00,0.00,27319.75,27320.50,3,4948,5698,-1,-3.7,-183.00,-223.00,-12.00,-304.00,224.75,R,5,UNKNOWN,BLOCK_CHOP,EMA gap 1.06 < 5.38 (ADX 21.8)
2026-04-30 09:46:53,2523,27314.75,27373.12,27326.24,27329.14,41.74,17.77,22.3,0.0,90.5,0.0,90.5,-0.07,-1,0.0,0,0,0.00,0.00,0.00,0.00,,0.0,0,5,390.00,AUTO,,AGGR+CHP+ADP+RUN-EXT+PW+DLK+SLC+TPE+NWS+,STRONG_SELL,55.0,3.28,0,0,0.00,0.00,27311.50,27312.00,2,5038,5832,-1,-1.6,-187.00,-227.00,-16.00,-308.00,220.75,R,6,UNKNOWN,BRICK_CLOSE,src=primary color=R streak=6 o=27331.00 c=27315.00 hi=27331.00 lo=27315.00
2026-04-30 09:46:53,2523,27314.75,27373.12,27326.24,27329.14,41.74,17.77,22.3,0.0,100.5,0.0,100.5,-0.07,-1,0.0,0,0,0.00,0.00,0.00,0.00,,0.0,0,5,390.00,AUTO,,AGGR+CHP+ADP+RUN-EXT+PW+DLK+SLC+TPE+NWS+,STRONG_SELL,55.0,3.28,0,0,0.00,0.00,27311.50,27312.00,2,5038,5832,-1,-1.6,-187.00,-227.00,-16.00,-308.00,220.75,R,6,UNKNOWN,SIGNAL,
2026-04-30 09:46:53,2523,27314.75,27373.12,27326.24,27329.14,41.74,17.77,22.3,0.0,100.5,0.0,100.5,-0.07,-1,0.0,-1,1,0.00,0.00,0.00,0.00,,0.0,0,5,390.00,AUTO,Momentum+VWAP,AGGR+CHP+ADP+RUN-EXT+PW+DLK+SLC+TPE+NWS+,STRONG_SELL,55.0,3.28,0,0,0.00,0.00,27311.50,27312.00,2,5038,5832,-1,-1.6,-187.00,-227.00,-16.00,-308.00,220.75,R,6,UNKNOWN,ENTRY_SHORT,manual=F bull=0.0 bear=100.5 sig=-2 htf=-1 tape=-0.07 emaXAgo=1 distVwap=-58.4 atr=17.8 px=27314.75 sl=0.00 tp=0.00
2026-04-30 09:46:53,2523,27314.75,27373.12,27326.24,27329.14,41.74,17.77,22.3,0.0,100.5,0.0,100.5,-0.07,-1,0.0,-1,1,27312.00,27330.00,27094.25,0.00,,0.0,0,5,390.00,AUTO,Momentum+VWAP,AGGR+CHP+ADP+RUN-EXT+PW+DLK+SLC+TPE+NWS+,STRONG_SELL,55.0,3.28,0,0,-2.75,0.00,27311.50,27312.00,2,5038,5834,-1,-1.6,-187.00,-227.00,-16.00,-308.00,220.75,R,6,UNKNOWN,STOPS_ARMED,dir=-1 entry=27312.00 sl=27330.00 tp=27094.25 slPt=18 tpPt=50 RUNNER PD_CLAMP
2026-04-30 09:46:53,2524,27310.75,27373.10,27322.54,27327.16,40.06,17.63,23.1,0.0,100.5,0.0,100.5,-0.08,-1,0.0,-1,1,27312.00,27330.00,27094.25,27316.00,BrickMode*DORMANT,0.0,0,5,390.00,AUTO,Momentum+VWAP,AGGR+CHP+ADP+RUN-EXT+PW+DLK+SLC+TPE+NWS+,STRONG_SELL,55.0,3.54,0,0,1.25,0.00,27311.50,27312.00,2,5038,5918,-1,0.2,-191.00,-231.00,-20.00,-312.00,216.75,R,7,UNKNOWN,BRICK_CLOSE,src=primary color=R streak=7 o=27327.00 c=27311.00 hi=27327.00 lo=27311.00
2026-04-30 09:46:53,2524,27310.75,27373.10,27322.54,27327.16,40.06,17.63,23.1,0.0,100.5,0.0,100.5,-0.08,-1,0.0,-1,1,27312.00,27330.00,27094.25,27316.00,BrickMode*DORMANT,0.0,0,5,390.00,AUTO,Momentum+VWAP,AGGR+CHP+ADP+RUN-EXT+PW+DLK+SLC+TPE+NWS+,STRONG_SELL,55.0,3.54,0,0,1.25,0.00,27311.50,27312.00,2,5038,5918,-1,0.2,-191.00,-231.00,-20.00,-312.00,216.75,R,7,TREND_DN,REGIME_CHANGE,from=UNKNOWN to=TREND_DN adx=23.1 slope=0.22 atr/avg=0.97 eStack=-1 distVwapAtr=-3.54 nr=Rx7 flips4=0
2026-04-30 09:46:54,2525,27306.50,27373.05,27318.73,27324.97,38.29,17.51,24.1,0.0,100.5,0.0,100.5,-0.09,-1,0.0,-1,1,27312.00,27330.00,27094.25,27316.00,BrickMode*DORMANT,0.0,0,5,390.00,AUTO,Momentum+VWAP,AGGR+CHP+ADP+RUN-EXT+PW+DLK+SLC+TPE+NWS+,STRONG_SELL,55.0,3.80,0,0,5.50,0.00,27311.50,27312.00,2,5112,6140,-1,1.9,-195.25,-235.25,-24.25,-316.25,212.50,R,8,TREND_DN,BRICK_CLOSE,src=primary color=R streak=8 o=27323.00 c=27307.00 hi=27323.00 lo=27307.00
2026-04-30 09:47:02,2525,27306.00,27372.91,27318.63,27324.92,38.08,17.69,24.3,0.0,100.5,0.0,100.5,-0.09,-1,0.0,-1,1,27312.00,27314.00,27094.25,27310.25,BrickMode*DORMANT,0.0,0,5,390.00,AUTO,Momentum+VWAP,AGGR+CHP+ADP+RUN-EXT+PW+DLK+SLC+TPE+NWS+,STRONG_SELL,55.0,3.78,0,0,6.00,12.00,27299.25,27300.00,3,5462,6550,-1,2.1,-195.75,-235.75,-24.75,-316.75,212.00,R,8,TREND_DN,PROFIT_SAFEGUARD,tier=1 T1_PROFIT_SAFE peak=12.0pt sl=27314.00 offset=-2.0pt entry=27312.00 runner=True
2026-04-30 09:47:02,2526,27302.75,27372.89,27314.98,27322.66,36.76,17.37,25.3,0.0,100.5,0.0,100.5,-0.10,-1,0.0,-1,1,27312.00,27314.00,27094.25,27304.00,BrickMode*DORMANT,0.0,0,5,390.00,AUTO,Momentum+VWAP,AGGR+CHP+ADP+RUN-EXT+PW+DLK+SLC+TPE+NWS+,STRONG_SELL,55.0,4.04,0,0,9.25,12.00,27299.25,27300.00,3,5490,6658,-1,3.3,-199.00,-239.00,-28.00,-320.00,208.75,R,9,TREND_DN,BRICK_CLOSE,src=primary color=R streak=9 o=27319.00 c=27303.00 hi=27319.00 lo=27303.00
2026-04-30 09:47:02,2527,27298.50,27372.85,27311.08,27320.15,35.03,17.27,26.7,0.0,100.5,0.0,100.5,-0.11,-1,0.0,-1,1,27312.00,27314.00,27094.25,27304.00,BrickMode*DORMANT,0.0,0,5,390.00,AUTO,Momentum+VWAP,AGGR+CHP+ADP+RUN-EXT+PW+DLK+SLC+TPE+NWS+,STRONG_SELL,55.0,4.31,0,0,13.50,12.00,27299.25,27300.00,3,5510,6810,-1,4.5,-203.25,-243.25,-32.25,-324.25,204.50,R,10,TREND_DN,BRICK_CLOSE,src=primary color=R streak=10 o=27315.00 c=27299.00 hi=27315.00 lo=27299.00
2026-04-30 09:47:04,2527,27303.50,27372.82,27312.08,27320.61,38.52,17.27,26.7,0.0,100.5,0.0,100.5,-0.11,-1,0.0,-1,1,27312.00,27314.00,27094.25,27304.00,BrickMode*DORMANT,0.0,0,5,390.00,AUTO,Momentum+VWAP,AGGR+CHP+ADP+RUN-EXT+PW+DLK+SLC+TPE+NWS+,STRONG_SELL,55.0,4.01,0,0,8.50,12.00,27307.00,27307.50,2,5570,6908,-1,4.5,-198.25,-238.25,-27.25,-319.25,209.50,R,10,TREND_DN,BRICK_TRAIL_HIT,reason=px_stop peak=12.0pt cur=4.5pt retrace=7.5pt effRetraceMin=5.4pt trail=27304.00 px=27307.50 adxSlope=4.55 streak=10 effPct=50
2026-04-30 09:47:04,2527,27303.50,27372.82,27312.08,27320.61,38.52,17.27,26.7,0.0,100.5,0.0,100.5,-0.11,-1,0.0,-1,0,27312.00,27314.00,27094.25,27304.00,BrickMode*DORMANT,0.0,0,6,475.00,AUTO,Momentum+VWAP,AGGR+CHP+ADP+RUN-EXT+PW+DLK+SLC+TPE+NWS+,STRONG_SELL,55.0,4.01,0,0,8.50,12.00,27307.00,27307.50,2,5570,6908,-1,4.5,-198.25,-238.25,-27.25,-319.25,209.50,R,10,TREND_DN,CAP_REFUND,pnl=85.00 thr=25.00 tradesToday=1/20
2026-04-30 09:47:04,2527,27303.50,27372.82,27312.08,27320.61,38.52,17.27,26.7,0.0,100.5,0.0,100.5,-0.11,-1,0.0,-1,0,27312.00,27314.00,27094.25,27304.00,BrickMode*DORMANT,0.0,0,6,475.00,AUTO,Momentum+VWAP,AGGR+CHP+ADP+RUN-EXT+PW+DLK+SLC+TPE+NWS+,STRONG_SELL,55.0,4.01,0,0,8.50,12.00,27307.00,27307.50,2,5570,6908,-1,4.5,-198.25,-238.25,-27.25,-319.25,209.50,R,10,TREND_DN,BRICK_REENTRY_ARMED,dir=-1 reason=TRAIL_BrickTrail_PxStop exitPx=27303.50 windowSec=90 minStreak=3
2026-04-30 09:47:04,2527,27303.50,27372.82,27312.08,27320.61,38.52,17.27,26.7,0.0,100.5,0.0,100.5,-0.11,-1,0.0,-1,0,27312.00,27314.00,27094.25,27304.00,BrickMode*DORMANT,0.0,0,6,475.00,AUTO,Momentum+VWAP,AGGR+CHP+ADP+RUN-EXT+PW+DLK+SLC+TPE+NWS+,STRONG_SELL,55.0,4.01,0,0,8.50,12.00,27307.00,27307.50,2,5570,6908,-1,4.5,-198.25,-238.25,-27.25,-319.25,209.50,R,10,TREND_DN,EXIT_WIN_TRAIL_BrickTrail_PxStop,pnl=85.00 consec=6
2026-04-30 09:47:04,2527,27303.50,27372.82,27312.08,27320.61,38.52,17.27,26.7,0.0,100.5,0.0,100.5,-0.11,-1,0.0,-1,0,27312.00,27314.00,27094.25,27304.00,BrickMode*DORMANT,0.0,0,6,475.00,AUTO,Momentum+VWAP,AGGR+CHP+ADP+RUN-EXT+PW+DLK+SLC+TPE+NWS+,STRONG_SELL,55.0,4.01,0,0,8.50,12.00,27307.00,27307.50,2,5570,6908,-1,4.5,-198.25,-238.25,-27.25,-319.25,209.50,R,10,TREND_DN,REGIME_PNL,regime=UNKNOWN tradePnl=85.00 regTotal=95.00 thresh=-200
2026-04-30 09:47:31,2528,27294.75,27372.42,27307.26,27317.56,33.55,17.51,28.2,0.0,0.0,0.0,0.0,-0.10,-1,0.0,0,0,0.00,0.00,0.00,0.00,,0.0,0,6,475.00,AUTO,,AGGR+CHP+ADP+RUN-EXT+PW+DLK+SLC+TPE+NWS+,STRONG_SELL,55.0,4.44,0,0,0.00,0.00,27293.75,27294.50,3,6550,7936,-1,5.6,-207.00,-247.00,-36.00,-328.00,200.75,R,11,TREND_DN,BRICK_CLOSE,src=primary color=R streak=11 o=27311.00 c=27295.00 hi=27316.50 lo=27295.00
2026-04-30 09:47:31,2528,27294.75,27372.42,27307.26,27317.56,33.55,17.51,28.2,0.0,0.0,0.0,0.0,-0.10,-1,0.0,0,0,0.00,0.00,0.00,0.00,,0.0,0,6,475.00,AUTO,,AGGR+CHP+ADP+RUN-EXT+PW+DLK+SLC+TPE+NWS+,STRONG_SELL,55.0,4.44,0,0,0.00,0.00,27293.75,27294.50,3,6550,7936,-1,5.6,-207.00,-247.00,-36.00,-328.00,200.75,R,11,TREND_DN,BRICK_REENTRY_FIRE,dir=-1 streak=11 secsArmed=27 exitPx=27303.50 curPx=27295.00 usedCount=1/1
2026-04-30 09:47:31,2528,27294.75,27372.42,27307.26,27317.56,33.55,17.51,28.2,0.0,0.0,0.0,0.0,-0.10,-1,0.0,-1,1,0.00,0.00,0.00,0.00,,0.0,0,6,475.00,AUTO,Momentum+VWAP,AGGR+CHP+ADP+RUN-EXT+PW+DLK+SLC+TPE+NWS+,STRONG_SELL,55.0,4.44,0,0,0.00,0.00,27293.75,27294.50,3,6550,7936,-1,5.6,-207.00,-247.00,-36.00,-328.00,200.75,R,11,TREND_DN,ENTRY_SHORT,manual=F bull=0.0 bear=0.0 sig=-2 htf=-1 tape=-0.10 emaXAgo=5 distVwap=-77.7 atr=17.5 px=27294.75 sl=0.00 tp=0.00
2026-04-30 09:47:31,2528,27294.75,27372.42,27307.26,27317.56,33.55,17.51,28.2,0.0,0.0,0.0,0.0,-0.10,-1,0.0,-1,1,0.00,0.00,0.00,0.00,,0.0,0,6,475.00,AUTO,Momentum+VWAP,AGGR+CHP+ADP+RUN-EXT+PW+DLK+SLC+TPE+NWS+,STRONG_SELL,55.0,4.44,0,0,0.00,0.00,27293.75,27294.50,3,6550,7936,-1,5.6,-207.00,-247.00,-36.00,-328.00,200.75,R,11,TREND_DN,BRICK_REENTRY_DISARM,why=quota_used_after_fire
2026-04-30 09:47:31,2528,27294.75,27372.42,27307.26,27317.56,33.55,17.51,28.2,0.0,0.0,0.0,0.0,-0.10,-1,0.0,-1,1,27293.50,27311.50,26793.50,0.00,,0.0,0,6,475.00,AUTO,Momentum+VWAP,AGGR+CHP+ADP+RUN-EXT+PW+DLK+SLC+TPE+NWS+,STRONG_SELL,55.0,4.44,0,0,-1.25,0.00,27293.75,27294.50,3,6550,7936,-1,5.6,-207.00,-247.00,-36.00,-328.00,200.75,R,11,TREND_DN,CLAMP_SKIP,adx=28.2 thr=28.0
2026-04-30 09:47:31,2528,27294.75,27372.42,27307.26,27317.56,33.55,17.51,28.2,0.0,0.0,0.0,0.0,-0.10,-1,0.0,-1,1,27293.50,27311.50,26793.50,0.00,,0.0,0,6,475.00,AUTO,Momentum+VWAP,AGGR+CHP+ADP+RUN-EXT+PW+DLK+SLC+TPE+NWS+,STRONG_SELL,55.0,4.44,0,0,-1.25,0.00,27293.75,27294.50,3,6550,7936,-1,5.6,-207.00,-247.00,-36.00,-328.00,200.75,R,11,TREND_DN,STOPS_ARMED,dir=-1 entry=27293.50 sl=27311.50 tp=26793.50 slPt=18 tpPt=50 RUNNER
2026-04-30 09:47:33,2529,27290.75,27372.37,27303.35,27314.81,31.99,17.38,29.9,0.0,0.0,0.0,0.0,-0.10,-1,2.1,-1,1,27293.50,27311.50,26793.50,27297.00,BrickMode*DORMANT,0.0,0,6,475.00,AUTO,Momentum+VWAP,AGGR+CHP+ADP+RUN-EXT+PW+DLK+SLC+TPE+NWS+,STRONG_SELL,55.0,4.70,0,0,2.75,0.50,27292.50,27293.00,2,6592,8108,-1,6.5,-211.00,-251.00,-40.00,-332.00,196.75,R,12,TREND_DN,BRICK_CLOSE,src=primary color=R streak=12 o=27307.00 c=27291.00 hi=27307.00 lo=27291.00
2026-04-30 09:47:34,2530,27286.75,27372.31,27299.43,27311.95,30.46,17.26,31.7,0.0,0.0,0.0,0.0,-0.11,-1,1.8,-1,1,27293.50,27311.50,26793.50,27292.75,BrickMode*DORMANT,0.0,0,6,475.00,AUTO,Momentum+VWAP,AGGR+CHP+ADP+RUN-EXT+PW+DLK+SLC+TPE+NWS+,STRONG_SELL,55.0,4.96,0,0,6.75,4.75,27288.25,27288.75,2,6678,8294,-1,7.3,-215.00,-255.00,-44.00,-336.00,192.75,R,13,TREND_DN,BRICK_CLOSE,src=primary color=R streak=13 o=27303.00 c=27287.00 hi=27303.00 lo=27287.00
2026-04-30 09:47:55,2530,27311.00,27372.06,27304.28,27314.15,46.90,18.15,30.3,0.0,0.0,0.0,0.0,-0.09,-1,1.5,-1,0,27293.50,27311.50,26793.50,27292.75,BrickMode*DORMANT,0.0,1,0,60.00,AUTO,Momentum+VWAP,AGGR+CHP+ADP+RUN-EXT+PW+DLK+SLC+TPE+NWS+,STRONG_SELL,55.0,3.36,0,0,-17.50,4.75,27314.25,27315.00,3,7408,8822,0,6.0,-190.75,-230.75,-19.75,-311.75,217.00,R,13,TREND_DN,EXIT_LOSS_SL,pnl=-415.00 consec=1
2026-04-30 09:47:55,2530,27311.00,27372.06,27304.28,27314.15,46.90,18.15,30.3,0.0,0.0,0.0,0.0,-0.09,-1,1.5,-1,0,27293.50,27311.50,26793.50,27292.75,BrickMode*DORMANT,0.0,1,0,60.00,AUTO,Momentum+VWAP,AGGR+CHP+ADP+RUN-EXT+PW+DLK+SLC+TPE+NWS+,STRONG_SELL,55.0,3.36,0,0,-17.50,4.75,27314.25,27315.00,3,7408,8822,0,6.0,-190.75,-230.75,-19.75,-311.75,217.00,R,13,TREND_DN,REGIME_PNL,regime=TREND_DN tradePnl=-415.00 regTotal=-35.00 thresh=-200
2026-04-30 09:47:56,2531,27315.75,27372.06,27307.22,27314.63,49.29,18.03,29.4,0.0,0.0,0.0,0.0,-0.08,-1,0.0,0,0,0.00,0.00,0.00,0.00,,0.0,1,0,60.00,AUTO,,AGGR+CHP+ADP+RUN-EXT+PW+DLK+SLC+TPE+NWS+,STRONG_SELL,55.0,3.12,0,0,0.00,0.00,27320.50,27321.25,3,7480,8854,0,3.8,-186.00,-226.00,-15.00,-307.00,221.75,G,1,TREND_DN,BRICK_CLOSE,src=primary color=G streak=1 o=27299.00 c=27315.00 hi=27315.00 lo=27286.25
2026-04-30 09:47:56,2531,27315.75,27372.06,27307.22,27314.63,49.29,18.03,29.4,0.0,0.0,0.0,0.0,-0.08,-1,0.0,0,0,0.00,0.00,0.00,0.00,,0.0,1,0,60.00,AUTO,,AGGR+CHP+ADP+RUN-EXT+PW+DLK+SLC+TPE+NWS+,STRONG_SELL,55.0,3.12,0,0,0.00,0.00,27320.50,27321.25,3,7480,8854,0,3.8,-186.00,-226.00,-15.00,-307.00,221.75,G,1,TREND_DN,RUN_END,color=R len=13 pts=36.0 maxFav=64.0 durSec=78 startPx=27351.00 endPx=27315.00
2026-04-30 09:47:56,2531,27315.75,27372.06,27307.22,27314.63,49.29,18.03,29.4,0.0,0.0,0.0,0.0,-0.08,-1,0.0,0,0,0.00,0.00,0.00,0.00,,0.0,1,0,60.00,AUTO,,AGGR+CHP+ADP+RUN-EXT+PW+DLK+SLC+TPE+NWS+,STRONG_SELL,55.0,3.12,0,0,0.00,0.00,27320.50,27321.25,3,7480,8854,0,3.8,-186.00,-226.00,-15.00,-307.00,221.75,G,1,UNKNOWN,REGIME_CHANGE,from=TREND_DN to=UNKNOWN adx=29.4 slope=3.85 atr/avg=0.99 eStack=0 distVwapAtr=-3.12 nr=Gx1 flips4=1
2026-04-30 09:47:56,2531,27315.75,27372.05,27307.22,27314.63,49.29,18.03,29.4,0.0,18.5,0.0,18.5,-0.08,-1,0.0,0,0,0.00,0.00,0.00,0.00,,0.0,1,0,60.00,AUTO,,AGGR+CHP+ADP+RUN-EXT+PW+DLK+SLC+TPE+NWS+,STRONG_SELL,55.0,3.12,0,0,0.00,0.00,27320.50,27321.25,3,7480,8854,0,3.8,-186.00,-226.00,-15.00,-307.00,221.75,G,1,UNKNOWN,SIGNAL,
2026-04-30 09:47:56,2531,27315.75,27372.05,27307.22,27314.63,49.29,18.03,29.4,0.0,18.5,0.0,18.5,-0.08,-1,0.0,0,0,0.00,0.00,0.00,0.00,,0.0,1,0,60.00,AUTO,,AGGR+CHP+ADP+RUN-EXT+PW+DLK+SLC+TPE+NWS+,WAIT,55.0,3.12,0,0,0.00,0.00,27320.50,27321.25,3,7480,8854,0,3.8,-186.00,-226.00,-15.00,-307.00,221.75,G,1,UNKNOWN,BLOCK_AUTO,reason=postLossCD consecLoss=1 barsSinceExit=1 barsSinceLoss=1
2026-04-30 09:47:56,2532,27319.25,27372.04,27310.14,27315.32,51.03,17.84,28.2,0.0,18.5,0.0,18.5,-0.08,-1,0.0,0,0,0.00,0.00,0.00,0.00,,0.0,1,0,60.00,AUTO,,AGGR+CHP+ADP+RUN-EXT+PW+DLK+SLC+TPE+NWS+,WAIT,55.0,2.96,0,0,0.00,0.00,27320.50,27321.25,3,7558,8874,0,1.3,-182.50,-222.50,-11.50,-303.50,225.25,G,2,UNKNOWN,BRICK_CLOSE,src=primary color=G streak=2 o=27303.00 c=27319.00 hi=27319.00 lo=27303.00
2026-04-30 09:47:56,2532,27319.25,27372.04,27310.14,27315.32,51.03,17.84,28.2,0.0,11.0,0.0,11.0,-0.08,-1,0.0,0,0,0.00,0.00,0.00,0.00,,0.0,1,0,60.00,AUTO,,AGGR+CHP+ADP+RUN-EXT+PW+DLK+SLC+TPE+NWS+,WAIT,55.0,2.96,0,0,0.00,0.00,27320.50,27321.25,3,7558,8874,0,1.3,-182.50,-222.50,-11.50,-303.50,225.25,G,2,UNKNOWN,SIGNAL,
2026-04-30 09:47:56,2532,27319.25,27372.04,27310.14,27315.32,51.03,17.84,28.2,0.0,11.0,0.0,11.0,-0.08,-1,0.0,0,0,0.00,0.00,0.00,0.00,,0.0,1,0,60.00,AUTO,,AGGR+CHP+ADP+RUN-EXT+PW+DLK+SLC+TPE+NWS+,WAIT,55.0,2.96,0,0,0.00,0.00,27320.50,27321.25,3,7558,8874,0,1.3,-182.50,-222.50,-11.50,-303.50,225.25,G,2,UNKNOWN,BLOCK_AUTO,reason=postLossCD consecLoss=1 barsSinceExit=2 barsSinceLoss=2
2026-04-30 09:47:57,2533,27323.25,27372.02,27313.36,27316.35,53.01,17.69,26.5,0.0,11.0,0.0,11.0,-0.08,-1,0.0,0,0,0.00,0.00,0.00,0.00,,0.0,1,0,60.00,AUTO,,AGGR+CHP+ADP+RUN-EXT+PW+DLK+SLC+TPE+NWS+,WAIT,55.0,2.76,0,0,0.00,0.00,27322.25,27322.75,2,7646,8914,0,-1.9,-178.50,-218.50,-7.50,-299.50,229.25,G,3,UNKNOWN,BRICK_CLOSE,src=primary color=G streak=3 o=27307.00 c=27323.00 hi=27323.00 lo=27307.00
2026-04-30 09:47:57,2533,27323.25,27372.02,27313.36,27316.35,53.01,17.69,26.5,0.0,10.0,0.0,10.0,-0.08,-1,0.0,0,0,0.00,0.00,0.00,0.00,,0.0,1,0,60.00,AUTO,,AGGR+CHP+ADP+RUN-EXT+PW+DLK+SLC+TPE+NWS+,WAIT,55.0,2.76,0,0,0.00,0.00,27322.25,27322.75,2,7646,8914,0,-1.9,-178.50,-218.50,-7.50,-299.50,229.25,G,3,UNKNOWN,SIGNAL,
2026-04-30 09:47:57,2533,27323.25,27372.02,27313.36,27316.35,53.01,17.69,26.5,0.0,10.0,0.0,10.0,-0.08,-1,0.0,0,0,0.00,0.00,0.00,0.00,,0.0,1,0,60.00,AUTO,,AGGR+CHP+ADP+RUN-EXT+PW+DLK+SLC+TPE+NWS+,WAIT,55.0,2.76,0,0,0.00,0.00,27322.25,27322.75,2,7646,8914,0,-1.9,-178.50,-218.50,-7.50,-299.50,229.25,G,3,UNKNOWN,BLOCK_AUTO,reason=postLossCD consecLoss=1 barsSinceExit=3 barsSinceLoss=3
2026-04-30 09:48:24,2534,27327.25,27371.71,27316.74,27317.65,54.97,17.55,24.5,0.0,10.0,0.0,10.0,-0.06,-1,0.0,0,0,0.00,0.00,0.00,0.00,,0.0,1,0,60.00,AUTO,,AGGR+CHP+ADP+RUN-EXT+PW+DLK+SLC+TPE+NWS+,WAIT,55.0,2.53,0,0,0.00,0.00,27328.50,27329.25,3,8844,9884,0,-5.6,-174.50,-214.50,-3.50,-295.50,233.25,G,4,UNKNOWN,BRICK_CLOSE,src=primary color=G streak=4 o=27311.00 c=27327.00 hi=27327.00 lo=27311.00
2026-04-30 09:48:24,2534,27327.25,27371.71,27316.74,27317.65,54.97,17.55,24.5,0.0,10.0,0.0,10.0,-0.06,-1,0.0,0,0,0.00,0.00,0.00,0.00,,0.0,1,0,60.00,AUTO,,AGGR+CHP+ADP+RUN-EXT+PW+DLK+SLC+TPE+NWS+,WAIT,55.0,2.53,0,0,0.00,0.00,27328.50,27329.25,3,8844,9884,0,-5.6,-174.50,-214.50,-3.50,-295.50,233.25,G,4,UNKNOWN,HEARTBEAT,tradesToday=2 openDca=0
2026-04-30 09:48:24,2534,27327.25,27371.71,27316.74,27317.65,54.97,17.55,24.5,0.0,12.7,0.0,12.7,-0.06,-1,0.0,0,0,0.00,0.00,0.00,0.00,,0.0,1,0,60.00,AUTO,,AGGR+CHP+ADP+RUN-EXT+PW+DLK+SLC+TPE+NWS+,WAIT,55.0,2.53,0,0,0.00,0.00,27328.50,27329.25,3,8844,9884,0,-5.6,-174.50,-214.50,-3.50,-295.50,233.25,G,4,UNKNOWN,SIGNAL,
2026-04-30 09:48:25,2535,27331.25,27371.69,27320.24,27319.20,56.91,17.42,22.7,0.0,12.7,0.0,12.7,-0.05,-1,0.0,0,0,0.00,0.00,0.00,0.00,,0.0,1,0,60.00,AUTO,,AGGR+CHP+ADP+RUN-EXT+PW+DLK+SLC+TPE+NWS+,WAIT,55.0,2.32,0,0,0.00,0.00,27327.50,27328.00,2,8940,9940,1,-7.1,-170.50,-210.50,0.50,-291.50,237.25,G,5,UNKNOWN,BRICK_CLOSE,src=primary color=G streak=5 o=27315.00 c=27331.00 hi=27331.00 lo=27315.00
2026-04-30 09:48:25,2535,27331.25,27371.69,27320.24,27319.20,56.91,17.42,22.7,57.5,0.0,57.5,0.0,-0.05,0,0.0,0,0,0.00,0.00,0.00,0.00,,0.0,1,0,60.00,AUTO,,AGGR+CHP+ADP+RUN-EXT+PW+DLK+SLC+TPE+NWS+,WAIT,55.0,2.32,0,0,0.00,0.00,27327.50,27328.00,2,8940,9940,1,-7.1,-170.50,-210.50,0.50,-291.50,237.25,G,5,UNKNOWN,SIGNAL,
2026-04-30 09:48:25,2535,27331.25,27371.69,27320.24,27319.20,56.91,17.42,22.7,57.5,0.0,57.5,0.0,-0.05,0,0.0,0,0,0.00,0.00,0.00,0.00,,0.0,1,0,60.00,AUTO,,AGGR+CHP+ADP+RUN-EXT+PW+DLK+SLC+TPE+NWS+,BUY,55.0,2.32,0,0,0.00,0.00,27327.50,27328.00,2,8940,9940,1,-7.1,-170.50,-210.50,0.50,-291.50,237.25,G,5,UNKNOWN,BLOCK_CHOP,tape against long -0.05
2026-04-30 09:50:09,2536,27335.25,27370.86,27323.84,27320.96,58.82,18.36,23.0,57.5,0.0,57.5,0.0,-0.05,0,0.0,0,0,0.00,0.00,0.00,0.00,,0.0,1,0,60.00,AUTO,,AGGR+CHP+ADP+RUN-EXT+PW+DLK+SLC+TPE+NWS+,BUY,55.0,1.94,0,0,0.00,0.00,27335.00,27335.75,3,12048,13254,1,-6.0,-166.50,-206.50,4.50,-287.50,241.25,G,6,UNKNOWN,BRICK_CLOSE,src=primary color=G streak=6 o=27319.00 c=27335.00 hi=27335.00 lo=27303.00
2026-04-30 09:50:09,2536,27335.25,27370.86,27323.84,27320.96,58.82,18.36,23.0,83.6,0.0,83.6,0.0,-0.05,0,0.0,0,0,0.00,0.00,0.00,0.00,,0.0,1,0,60.00,AUTO,,AGGR+CHP+ADP+RUN-EXT+PW+DLK+SLC+TPE+NWS+,BUY,55.0,1.94,0,0,0.00,0.00,27335.00,27335.75,3,12048,13254,1,-6.0,-166.50,-206.50,4.50,-287.50,241.25,G,6,UNKNOWN,SIGNAL,
2026-04-30 09:50:09,2536,27335.25,27370.86,27323.84,27320.96,58.82,18.36,23.0,83.6,0.0,83.6,0.0,-0.05,0,0.0,1,1,0.00,0.00,0.00,0.00,,0.0,1,0,60.00,AUTO,Momentum+VWAP,AGGR+CHP+ADP+RUN-EXT+PW+DLK+SLC+TPE+NWS+,STRONG_BUY,55.0,1.94,0,0,0.00,0.00,27335.00,27335.75,3,12048,13254,1,-6.0,-166.50,-206.50,4.50,-287.50,241.25,G,6,UNKNOWN,ENTRY_LONG,manual=F bull=83.6 bear=0.0 sig=2 htf=0 tape=-0.05 emaXAgo=1 distVwap=-35.6 atr=18.4 px=27335.25 sl=0.00 tp=0.00
2026-04-30 09:50:09,2536,27335.25,27370.86,27323.84,27320.96,58.82,18.36,23.0,83.6,0.0,83.6,0.0,-0.05,0,0.0,1,1,27335.75,27317.75,27385.75,0.00,,0.0,1,0,60.00,AUTO,Momentum+VWAP,AGGR+CHP+ADP+RUN-EXT+PW+DLK+SLC+TPE+NWS+,STRONG_BUY,55.0,1.94,0,0,-0.50,0.00,27335.00,27335.75,3,12050,13254,1,-6.0,-166.50,-206.50,4.50,-287.50,241.25,G,6,UNKNOWN,STOPS_ARMED,dir=1 entry=27335.75 sl=27317.75 tp=27385.75 slPt=18 tpPt=50
2026-04-30 09:50:11,2537,27339.25,27370.83,27327.53,27322.94,60.69,18.17,21.5,83.6,0.0,83.6,0.0,-0.04,0,0.0,1,1,27335.75,27317.75,27385.75,27334.50,BrickMode*DORMANT,0.0,1,0,60.00,AUTO,Momentum+VWAP,AGGR+CHP+ADP+RUN-EXT+PW+DLK+SLC+TPE+NWS+,STRONG_BUY,55.0,1.74,0,0,3.50,2.75,27338.50,27339.00,2,12224,13338,1,-6.2,-162.50,-202.50,8.50,-283.50,245.25,G,7,UNKNOWN,BRICK_CLOSE,src=primary color=G streak=7 o=27323.00 c=27339.00 hi=27339.00 lo=27323.00
2026-04-30 09:50:13,2537,27339.00,27370.82,27327.48,27322.91,60.57,18.37,21.2,83.6,0.0,83.6,0.0,-0.04,0,0.0,1,1,27335.75,27336.50,27385.75,27335.25,BrickMode*DORMANT,0.0,1,0,60.00,AUTO,Momentum+VWAP,AGGR+CHP+ADP+RUN-EXT+PW+DLK+SLC+TPE+NWS+,STRONG_BUY,55.0,1.73,0,0,3.25,6.00,27341.75,27342.25,2,12294,13408,1,-6.5,-162.75,-202.75,8.25,-283.75,245.00,G,7,UNKNOWN,SMART_BE_LADDER,tier=2 T2_SOFT_BE peak=6.0pt sl=27336.50 entry=27335.75
2026-04-30 09:50:18,2537,27340.00,27370.78,27327.68,27323.01,61.05,18.42,21.2,83.6,0.0,83.6,0.0,-0.05,0,0.0,1,0,27335.75,27336.50,27385.75,27337.75,BrickMode*DORMANT,0.0,2,0,35.00,AUTO,Momentum+VWAP,AGGR+CHP+ADP+RUN-EXT+PW+DLK+SLC+TPE+NWS+,STRONG_BUY,55.0,1.67,0,0,4.25,6.00,27334.25,27335.00,3,12450,13690,1,-6.5,-161.75,-201.75,9.25,-282.75,246.00,G,7,UNKNOWN,SL_CLUSTER_COOLDOWN,count=2 window=90m cooldown=25m until=10:15
2026-04-30 09:50:18,2537,27340.00,27370.78,27327.68,27323.01,61.05,18.42,21.2,83.6,0.0,83.6,0.0,-0.05,0,0.0,1,0,27335.75,27336.50,27385.75,27337.75,BrickMode*DORMANT,0.0,2,0,35.00,AUTO,Momentum+VWAP,AGGR+CHP+ADP+RUN-EXT+PW+DLK+SLC+TPE+NWS+,STRONG_BUY,55.0,1.67,0,0,4.25,6.00,27334.25,27335.00,3,12450,13690,1,-6.5,-161.75,-201.75,9.25,-282.75,246.00,G,7,UNKNOWN,EXIT_LOSS_SL,pnl=-25.00 consec=2
2026-04-30 09:50:18,2537,27340.00,27370.78,27327.68,27323.01,61.05,18.42,21.2,83.6,0.0,83.6,0.0,-0.05,0,0.0,1,0,27335.75,27336.50,27385.75,27337.75,BrickMode*DORMANT,0.0,2,0,35.00,AUTO,Momentum+VWAP,AGGR+CHP+ADP+RUN-EXT+PW+DLK+SLC+TPE+NWS+,STRONG_BUY,55.0,1.67,0,0,4.25,6.00,27334.25,27335.00,3,12450,13690,1,-6.5,-161.75,-201.75,9.25,-282.75,246.00,G,7,UNKNOWN,REGIME_PNL,regime=UNKNOWN tradePnl=-25.00 regTotal=70.00 thresh=-200
2026-04-30 09:51:01,2538,27310.75,27370.38,27319.65,27319.49,45.01,19.04,22.6,0.0,0.0,0.0,0.0,-0.06,0,0.0,0,0,0.00,0.00,0.00,0.00,,0.0,2,0,35.00,AUTO,,AGGR+CHP+ADP+RUN-EXT+PW+DLK+SLC+TPE+NWS+,STRONG_BUY,55.0,3.13,0,0,0.00,0.00,27307.75,27308.75,4,13564,15378,0,-3.5,-191.00,-231.00,-20.00,-312.00,216.75,R,1,UNKNOWN,BRICK_CLOSE,src=primary color=R streak=1 o=27327.00 c=27311.00 hi=27342.75 lo=27311.00
2026-04-30 09:51:01,2538,27310.75,27370.38,27319.65,27319.49,45.01,19.04,22.6,0.0,0.0,0.0,0.0,-0.06,0,0.0,0,0,0.00,0.00,0.00,0.00,,0.0,2,0,35.00,AUTO,,AGGR+CHP+ADP+RUN-EXT+PW+DLK+SLC+TPE+NWS+,STRONG_BUY,55.0,3.13,0,0,0.00,0.00,27307.75,27308.75,4,13564,15378,0,-3.5,-191.00,-231.00,-20.00,-312.00,216.75,R,1,UNKNOWN,RUN_END,color=G len=7 pts=12.0 maxFav=40.0 durSec=185 startPx=27299.00 endPx=27311.00
2026-04-30 09:51:01,2538,27310.75,27370.38,27319.65,27319.49,45.01,19.04,22.6,27.9,0.0,27.9,0.0,-0.06,0,0.0,0,0,0.00,0.00,0.00,0.00,,0.0,2,0,35.00,AUTO,,AGGR+CHP+ADP+RUN-EXT+PW+DLK+SLC+TPE+NWS+,STRONG_BUY,55.0,3.13,0,0,0.00,0.00,27307.75,27308.75,4,13564,15378,0,-3.5,-191.00,-231.00,-20.00,-312.00,216.75,R,1,UNKNOWN,SIGNAL,
2026-04-30 09:51:01,2538,27310.75,27370.38,27319.65,27319.49,45.01,19.04,22.6,27.9,0.0,27.9,0.0,-0.06,0,0.0,0,0,0.00,0.00,0.00,0.00,,0.0,2,0,35.00,AUTO,,AGGR+CHP+ADP+RUN-EXT+PW+DLK+SLC+TPE+NWS+,WAIT,55.0,3.13,0,0,0.00,0.00,27307.75,27308.75,4,13564,15378,0,-3.5,-191.00,-231.00,-20.00,-312.00,216.75,R,1,UNKNOWN,BLOCK_AUTO,reason=postLossCD consecLoss=2 barsSinceExit=1 barsSinceLoss=1
2026-04-30 09:51:02,2539,27306.75,27370.36,27316.47,27318.03,43.30,18.80,23.1,27.9,0.0,27.9,0.0,-0.06,0,0.0,0,0,0.00,0.00,0.00,0.00,,0.0,2,0,35.00,AUTO,,AGGR+CHP+ADP+RUN-EXT+PW+DLK+SLC+TPE+NWS+,WAIT,55.0,3.38,0,0,0.00,0.00,27304.50,27305.25,3,13624,15460,-1,-1.2,-195.00,-235.00,-24.00,-316.00,212.75,R,2,UNKNOWN,BRICK_CLOSE,src=primary color=R streak=2 o=27323.00 c=27307.00 hi=27323.00 lo=27307.00
2026-04-30 09:51:02,2539,27306.75,27370.36,27316.47,27318.03,43.30,18.80,23.1,0.0,65.5,0.0,65.5,-0.06,-1,0.0,0,0,0.00,0.00,0.00,0.00,,0.0,2,0,35.00,AUTO,,AGGR+CHP+ADP+RUN-EXT+PW+DLK+SLC+TPE+NWS+,WAIT,55.0,3.38,0,0,0.00,0.00,27304.50,27305.25,3,13624,15460,-1,-1.2,-195.00,-235.00,-24.00,-316.00,212.75,R,2,UNKNOWN,SIGNAL,
2026-04-30 09:51:02,2539,27306.75,27370.36,27316.47,27318.03,43.30,18.80,23.1,0.0,65.5,0.0,65.5,-0.06,-1,0.0,0,0,0.00,0.00,0.00,0.00,,0.0,2,0,35.00,AUTO,,AGGR+CHP+ADP+RUN-EXT+PW+DLK+SLC+TPE+NWS+,SELL,55.0,3.38,0,0,0.00,0.00,27304.50,27305.25,3,13624,15460,-1,-1.2,-195.00,-235.00,-24.00,-316.00,212.75,R,2,UNKNOWN,BLOCK_AUTO,reason=postLossCD consecLoss=2 barsSinceExit=2 barsSinceLoss=2
2026-04-30 09:51:02,2540,27302.75,27370.33,27313.13,27316.33,41.61,18.58,23.9,0.0,65.5,0.0,65.5,-0.07,-1,0.0,0,0,0.00,0.00,0.00,0.00,,0.0,2,0,35.00,AUTO,,AGGR+CHP+ADP+RUN-EXT+PW+DLK+SLC+TPE+NWS+,SELL,55.0,3.64,0,0,0.00,0.00,27304.50,27305.25,3,13664,15570,-1,0.2,-199.00,-239.00,-28.00,-320.00,208.75,R,3,UNKNOWN,BRICK_CLOSE,src=primary color=R streak=3 o=27319.00 c=27303.00 hi=27319.00 lo=27303.00
2026-04-30 09:51:02,2540,27302.75,27370.33,27313.13,27316.33,41.61,18.58,23.9,0.0,65.5,0.0,65.5,-0.07,-1,0.0,0,0,0.00,0.00,0.00,0.00,,0.0,2,0,35.00,AUTO,,AGGR+CHP+ADP+RUN-EXT+PW+DLK+SLC+TPE+NWS+,SELL,55.0,3.64,0,0,0.00,0.00,27304.50,27305.25,3,13664,15570,-1,0.2,-199.00,-239.00,-28.00,-320.00,208.75,R,3,TREND_DN,REGIME_CHANGE,from=UNKNOWN to=TREND_DN adx=23.9 slope=0.25 atr/avg=1.02 eStack=-1 distVwapAtr=-3.64 nr=Rx3 flips4=1
2026-04-30 09:51:02,2540,27302.75,27370.33,27313.13,27316.33,41.61,18.58,23.9,0.0,80.5,0.0,80.5,-0.07,-1,0.0,0,0,0.00,0.00,0.00,0.00,,0.0,2,0,35.00,AUTO,,AGGR+CHP+ADP+RUN-EXT+PW+DLK+SLC+TPE+NWS+,SELL,55.0,3.64,0,0,0.00,0.00,27304.50,27305.25,3,13664,15570,-1,0.2,-199.00,-239.00,-27.00,-320.00,208.75,R,3,TREND_DN,SIGNAL,
2026-04-30 09:51:02,2540,27302.75,27370.33,27313.13,27316.33,41.61,18.58,23.9,0.0,80.5,0.0,80.5,-0.07,-1,0.0,0,0,0.00,0.00,0.00,0.00,,0.0,2,0,35.00,AUTO,,AGGR+CHP+ADP+RUN-EXT+PW+DLK+SLC+TPE+NWS+,SELL,55.0,3.64,0,0,0.00,0.00,27304.50,27305.25,3,13664,15570,-1,0.2,-199.00,-239.00,-27.00,-320.00,208.75,R,3,TREND_DN,TREND_CHASE_FIRE,dir=-1 adx=23.9 streak=3 bear=80.5
2026-04-30 09:51:02,2540,27302.75,27370.33,27313.13,27316.33,41.61,18.58,23.9,0.0,80.5,0.0,80.5,-0.07,-1,0.0,0,0,0.00,0.00,0.00,0.00,,0.0,2,0,35.00,AUTO,,AGGR+CHP+ADP+RUN-EXT+PW+DLK+SLC+TPE+NWS+,SELL,55.0,3.64,0,0,0.00,0.00,27304.50,27305.25,3,13664,15570,-1,0.2,-199.00,-239.00,-27.00,-320.00,208.75,R,3,TREND_DN,BLOCK_SL_CLUSTER,cooldown_remaining_sec=1455
2026-04-30 09:51:07,2541,27298.75,27370.23,27309.65,27314.42,39.92,18.38,24.9,0.0,80.5,0.0,80.5,-0.06,-1,0.0,0,0,0.00,0.00,0.00,0.00,,0.0,2,0,35.00,AUTO,,AGGR+CHP+ADP+RUN-EXT+PW+DLK+SLC+TPE+NWS+,SELL,55.0,3.89,0,0,0.00,0.00,27296.50,27297.25,3,13954,15832,-1,2.3,-203.00,-243.00,-31.00,-324.00,204.75,R,4,TREND_DN,BRICK_CLOSE,src=primary color=R streak=4 o=27315.00 c=27299.00 hi=27315.00 lo=27299.00
2026-04-30 09:51:07,2541,27298.75,27370.23,27309.65,27314.42,39.92,18.38,24.9,0.0,93.5,0.0,93.5,-0.06,-1,0.0,0,0,0.00,0.00,0.00,0.00,,0.0,2,0,35.00,AUTO,,AGGR+CHP+ADP+RUN-EXT+PW+DLK+SLC+TPE+NWS+,SELL,55.0,3.89,0,0,0.00,0.00,27296.50,27297.25,3,13954,15832,-1,2.3,-203.00,-243.00,-31.00,-324.00,204.75,R,4,TREND_DN,SIGNAL,
2026-04-30 09:51:07,2541,27298.75,27370.23,27309.65,27314.42,39.92,18.38,24.9,0.0,93.5,0.0,93.5,-0.06,-1,0.0,0,0,0.00,0.00,0.00,0.00,,0.0,2,0,35.00,AUTO,,AGGR+CHP+ADP+RUN-EXT+PW+DLK+SLC+TPE+NWS+,SELL,55.0,3.89,0,0,0.00,0.00,27296.50,27297.25,3,13954,15832,-1,2.3,-203.00,-243.00,-31.00,-324.00,204.75,R,4,TREND_DN,TREND_CHASE_FIRE,dir=-1 adx=24.9 streak=4 bear=93.5
2026-04-30 09:51:07,2541,27298.75,27370.23,27309.65,27314.42,39.92,18.38,24.9,0.0,93.5,0.0,93.5,-0.06,-1,0.0,0,0,0.00,0.00,0.00,0.00,,0.0,2,0,35.00,AUTO,,AGGR+CHP+ADP+RUN-EXT+PW+DLK+SLC+TPE+NWS+,SELL,55.0,3.89,0,0,0.00,0.00,27296.50,27297.25,3,13954,15832,-1,2.3,-203.00,-243.00,-31.00,-324.00,204.75,R,4,TREND_DN,BLOCK_SL_CLUSTER,cooldown_remaining_sec=1450
2026-04-30 09:51:12,2542,27294.50,27370.16,27306.02,27312.30,38.15,18.21,26.0,0.0,93.5,0.0,93.5,-0.06,-1,0.0,0,0,0.00,0.00,0.00,0.00,,0.0,2,0,35.00,AUTO,,AGGR+CHP+ADP+RUN-EXT+PW+DLK+SLC+TPE+NWS+,SELL,55.0,4.15,0,0,0.00,0.00,27296.00,27296.50,2,14132,16064,-1,3.5,-207.25,-247.25,-35.25,-328.25,200.50,R,5,TREND_DN,BRICK_CLOSE,src=primary color=R streak=5 o=27311.00 c=27295.00 hi=27311.00 lo=27295.00
2026-04-30 09:51:12,2542,27294.50,27370.16,27306.02,27312.30,38.15,18.21,26.0,0.0,65.5,0.0,65.5,-0.06,-1,0.0,0,0,0.00,0.00,0.00,0.00,,0.0,2,0,35.00,AUTO,,AGGR+CHP+ADP+RUN-EXT+PW+DLK+SLC+TPE+NWS+,SELL,55.0,4.15,0,0,0.00,0.00,27296.00,27296.50,2,14132,16064,-1,3.5,-207.25,-247.25,-35.25,-328.25,200.50,R,5,TREND_DN,SIGNAL,
2026-04-30 09:51:12,2542,27294.50,27370.16,27306.02,27312.30,38.15,18.21,26.0,0.0,65.5,0.0,65.5,-0.06,-1,0.0,0,0,0.00,0.00,0.00,0.00,,0.0,2,0,35.00,AUTO,,AGGR+CHP+ADP+RUN-EXT+PW+DLK+SLC+TPE+NWS+,SELL,55.0,4.15,0,0,0.00,0.00,27296.00,27296.50,2,14132,16064,-1,3.5,-207.25,-247.25,-35.25,-328.25,200.50,R,5,TREND_DN,TREND_CHASE_FIRE,dir=-1 adx=26.0 streak=5 bear=65.5
2026-04-30 09:51:12,2542,27294.50,27370.16,27306.02,27312.30,38.15,18.21,26.0,0.0,65.5,0.0,65.5,-0.06,-1,0.0,0,0,0.00,0.00,0.00,0.00,,0.0,2,0,35.00,AUTO,,AGGR+CHP+ADP+RUN-EXT+PW+DLK+SLC+TPE+NWS+,SELL,55.0,4.15,0,0,0.00,0.00,27296.00,27296.50,2,14132,16064,-1,3.5,-207.25,-247.25,-35.25,-328.25,200.50,R,5,TREND_DN,BLOCK_SL_CLUSTER,cooldown_remaining_sec=1446
2026-04-30 09:51:46,2543,27290.75,27369.67,27302.41,27310.05,36.61,18.13,27.3,0.0,65.5,0.0,65.5,-0.07,-1,0.0,0,0,0.00,0.00,0.00,0.00,,0.0,2,0,35.00,AUTO,,AGGR+CHP+ADP+RUN-EXT+PW+DLK+SLC+TPE+NWS+,SELL,55.0,4.35,0,0,0.00,0.00,27292.75,27293.25,2,15196,17450,-1,4.5,-211.00,-251.00,-39.00,-332.00,196.75,R,6,TREND_DN,BRICK_CLOSE,src=primary color=R streak=6 o=27307.00 c=27291.00 hi=27308.75 lo=27291.00
2026-04-30 09:51:46,2543,27290.75,27369.67,27302.41,27310.05,36.61,18.13,27.3,0.0,107.5,0.0,107.5,-0.07,-1,0.0,0,0,0.00,0.00,0.00,0.00,,0.0,2,0,35.00,AUTO,,AGGR+CHP+ADP+RUN-EXT+PW+DLK+SLC+TPE+NWS+,SELL,55.0,4.35,0,0,0.00,0.00,27292.75,27293.25,2,15196,17450,-1,4.5,-211.00,-251.00,-39.00,-332.00,196.75,R,6,TREND_DN,SIGNAL,
2026-04-30 09:51:46,2543,27290.75,27369.67,27302.41,27310.05,36.61,18.13,27.3,0.0,107.5,0.0,107.5,-0.07,-1,0.0,0,0,0.00,0.00,0.00,0.00,,0.0,2,0,35.00,AUTO,,AGGR+CHP+ADP+RUN-EXT+PW+DLK+SLC+TPE+NWS+,SELL,55.0,4.35,0,0,0.00,0.00,27292.75,27293.25,2,15196,17450,-1,4.5,-211.00,-251.00,-39.00,-332.00,196.75,R,6,TREND_DN,TREND_CHASE_FIRE,dir=-1 adx=27.3 streak=6 bear=107.5
2026-04-30 09:51:46,2543,27290.75,27369.67,27302.41,27310.05,36.61,18.13,27.3,0.0,107.5,0.0,107.5,-0.07,-1,0.0,0,0,0.00,0.00,0.00,0.00,,0.0,2,0,35.00,AUTO,,AGGR+CHP+ADP+RUN-EXT+PW+DLK+SLC+TPE+NWS+,SELL,55.0,4.35,0,0,0.00,0.00,27292.75,27293.25,2,15196,17450,-1,4.5,-211.00,-251.00,-39.00,-332.00,196.75,R,6,TREND_DN,BLOCK_SL_CLUSTER,cooldown_remaining_sec=1411
2026-04-30 09:51:49,2544,27286.75,27369.62,27298.68,27307.62,34.99,17.96,28.8,0.0,107.5,0.0,107.5,-0.07,-1,0.0,0,0,0.00,0.00,0.00,0.00,,0.0,2,0,35.00,AUTO,,AGGR+CHP+ADP+RUN-EXT+PW+DLK+SLC+TPE+NWS+,SELL,55.0,4.61,0,0,0.00,0.00,27286.50,27287.00,2,15320,17604,-1,5.4,-215.00,-255.00,-43.00,-336.00,192.75,R,7,TREND_DN,BRICK_CLOSE,src=primary color=R streak=7 o=27303.00 c=27287.00 hi=27303.00 lo=27287.00
2026-04-30 09:51:49,2544,27286.75,27369.62,27298.68,27307.62,34.99,17.96,28.8,0.0,65.5,0.0,65.5,-0.07,-1,0.0,0,0,0.00,0.00,0.00,0.00,,0.0,2,0,35.00,AUTO,,AGGR+CHP+ADP+RUN-EXT+PW+DLK+SLC+TPE+NWS+,SELL,55.0,4.61,0,0,0.00,0.00,27286.50,27287.00,2,15320,17604,-1,5.4,-215.00,-255.00,-43.00,-336.00,192.75,R,7,TREND_DN,SIGNAL,
2026-04-30 09:51:49,2544,27286.75,27369.62,27298.68,27307.62,34.99,17.96,28.8,0.0,65.5,0.0,65.5,-0.07,-1,0.0,0,0,0.00,0.00,0.00,0.00,,0.0,2,0,35.00,AUTO,,AGGR+CHP+ADP+RUN-EXT+PW+DLK+SLC+TPE+NWS+,SELL,55.0,4.61,0,0,0.00,0.00,27286.50,27287.00,2,15320,17604,-1,5.4,-215.00,-255.00,-43.00,-336.00,192.75,R,7,TREND_DN,TREND_CHASE_FIRE,dir=-1 adx=28.8 streak=7 bear=65.5
2026-04-30 09:51:49,2544,27286.75,27369.62,27298.68,27307.62,34.99,17.96,28.8,0.0,65.5,0.0,65.5,-0.07,-1,0.0,0,0,0.00,0.00,0.00,0.00,,0.0,2,0,35.00,AUTO,,AGGR+CHP+ADP+RUN-EXT+PW+DLK+SLC+TPE+NWS+,SELL,55.0,4.61,0,0,0.00,0.00,27286.50,27287.00,2,15320,17604,-1,5.4,-215.00,-255.00,-43.00,-336.00,192.75,R,7,TREND_DN,BLOCK_SL_CLUSTER,cooldown_remaining_sec=1408
2026-04-30 09:51:50,2545,27282.50,27369.58,27294.84,27305.03,33.29,17.82,30.4,0.0,65.5,0.0,65.5,-0.07,-1,0.0,0,0,0.00,0.00,0.00,0.00,,0.0,2,0,35.00,AUTO,,AGGR+CHP+ADP+RUN-EXT+PW+DLK+SLC+TPE+NWS+,SELL,55.0,4.89,0,0,0.00,0.00,27281.00,27281.75,3,15340,17736,-1,6.2,-219.25,-259.25,-47.25,-340.25,188.50,R,8,TREND_DN,BRICK_CLOSE,src=primary color=R streak=8 o=27299.00 c=27283.00 hi=27299.00 lo=27283.00
2026-04-30 09:51:50,2545,27282.50,27369.58,27294.84,27305.03,33.29,17.82,30.4,0.0,65.5,0.0,65.5,-0.07,-1,0.0,0,0,0.00,0.00,0.00,0.00,,0.0,2,0,35.00,AUTO,,AGGR+CHP+ADP+RUN-EXT+PW+DLK+SLC+TPE+NWS+,SELL,55.0,4.89,0,0,0.00,0.00,27281.00,27281.75,3,15340,17736,-1,6.2,-219.25,-259.25,-47.25,-340.25,188.50,R,8,TREND_DN,SIGNAL,
2026-04-30 09:51:50,2545,27282.50,27369.58,27294.84,27305.03,33.29,17.82,30.4,0.0,65.5,0.0,65.5,-0.07,-1,0.0,0,0,0.00,0.00,0.00,0.00,,0.0,2,0,35.00,AUTO,,AGGR+CHP+ADP+RUN-EXT+PW+DLK+SLC+TPE+NWS+,SELL,55.0,4.89,0,0,0.00,0.00,27281.00,27281.75,3,15340,17736,-1,6.2,-219.25,-259.25,-47.25,-340.25,188.50,R,8,TREND_DN,TREND_CHASE_FIRE,dir=-1 adx=30.4 streak=8 bear=65.5
2026-04-30 09:51:50,2545,27282.50,27369.58,27294.84,27305.03,33.29,17.82,30.4,0.0,65.5,0.0,65.5,-0.07,-1,0.0,0,0,0.00,0.00,0.00,0.00,,0.0,2,0,35.00,AUTO,,AGGR+CHP+ADP+RUN-EXT+PW+DLK+SLC+TPE+NWS+,SELL,55.0,4.89,0,0,0.00,0.00,27281.00,27281.75,3,15340,17736,-1,6.2,-219.25,-259.25,-47.25,-340.25,188.50,R,8,TREND_DN,BLOCK_SL_CLUSTER,cooldown_remaining_sec=1407
2026-04-30 09:51:58,2546,27278.75,27369.36,27291.06,27302.35,31.83,17.65,32.0,0.0,65.5,0.0,65.5,-0.08,-1,0.0,0,0,0.00,0.00,0.00,0.00,,0.0,2,0,35.00,AUTO,,AGGR+CHP+ADP+RUN-EXT+PW+DLK+SLC+TPE+NWS+,SELL,55.0,5.13,0,0,0.00,0.00,27277.75,27278.50,3,15622,18412,-1,6.9,-223.00,-263.00,-51.00,-344.00,184.75,R,9,TREND_DN,BRICK_CLOSE,src=primary color=R streak=9 o=27295.00 c=27279.00 hi=27295.00 lo=27279.00
2026-04-30 09:51:58,2546,27278.75,27369.36,27291.06,27302.35,31.83,17.65,32.0,0.0,93.5,0.0,93.5,-0.08,-1,0.0,0,0,0.00,0.00,0.00,0.00,,0.0,2,0,35.00,AUTO,,AGGR+CHP+ADP+RUN-EXT+PW+DLK+SLC+TPE+NWS+,SELL,55.0,5.13,0,0,0.00,0.00,27277.75,27278.50,3,15622,18412,-1,6.9,-223.00,-263.00,-51.00,-344.00,184.75,R,9,TREND_DN,SIGNAL,
2026-04-30 09:51:58,2546,27278.75,27369.36,27291.06,27302.35,31.83,17.65,32.0,0.0,93.5,0.0,93.5,-0.08,-1,0.0,0,0,0.00,0.00,0.00,0.00,,0.0,2,0,35.00,AUTO,,AGGR+CHP+ADP+RUN-EXT+PW+DLK+SLC+TPE+NWS+,SELL,55.0,5.13,0,0,0.00,0.00,27277.75,27278.50,3,15622,18412,-1,6.9,-223.00,-263.00,-51.00,-344.00,184.75,R,9,TREND_DN,TREND_CHASE_FIRE,dir=-1 adx=32.0 streak=9 bear=93.5
2026-04-30 09:51:58,2546,27278.75,27369.36,27291.06,27302.35,31.83,17.65,32.0,0.0,93.5,0.0,93.5,-0.08,-1,0.0,0,0,0.00,0.00,0.00,0.00,,0.0,2,0,35.00,AUTO,,AGGR+CHP+ADP+RUN-EXT+PW+DLK+SLC+TPE+NWS+,SELL,55.0,5.13,0,0,0.00,0.00,27277.75,27278.50,3,15622,18412,-1,6.9,-223.00,-263.00,-51.00,-344.00,184.75,R,9,TREND_DN,BLOCK_SL_CLUSTER,cooldown_remaining_sec=1400
2026-04-30 09:52:00,2547,27274.75,27369.28,27287.20,27299.53,30.31,17.52,33.7,0.0,93.5,0.0,93.5,-0.08,-1,0.0,0,0,0.00,0.00,0.00,0.00,,0.0,2,0,35.00,AUTO,,AGGR+CHP+ADP+RUN-EXT+PW+DLK+SLC+TPE+NWS+,SELL,55.0,5.40,0,0,0.00,0.00,27268.75,27269.50,3,15776,18616,-1,7.5,-227.00,-267.00,-55.00,-348.00,180.75,R,10,TREND_DN,BRICK_CLOSE,src=primary color=R streak=10 o=27291.00 c=27275.00 hi=27291.00 lo=27275.00
2026-04-30 09:52:00,2547,27274.75,27369.28,27287.20,27299.53,30.31,17.52,33.7,0.0,65.5,0.0,65.5,-0.08,-1,0.0,0,0,0.00,0.00,0.00,0.00,,0.0,2,0,35.00,AUTO,,AGGR+CHP+ADP+RUN-EXT+PW+DLK+SLC+TPE+NWS+,SELL,55.0,5.40,0,0,0.00,0.00,27268.75,27269.50,3,15776,18616,-1,7.5,-227.00,-267.00,-55.00,-348.00,180.75,R,10,TREND_DN,SIGNAL,
2026-04-30 09:52:00,2547,27274.75,27369.28,27287.20,27299.53,30.31,17.52,33.7,0.0,65.5,0.0,65.5,-0.08,-1,0.0,0,0,0.00,0.00,0.00,0.00,,0.0,2,0,35.00,AUTO,,AGGR+CHP+ADP+RUN-EXT+PW+DLK+SLC+TPE+NWS+,SELL,55.0,5.40,0,0,0.00,0.00,27268.75,27269.50,3,15776,18616,-1,7.5,-227.00,-267.00,-55.00,-348.00,180.75,R,10,TREND_DN,TREND_CHASE_FIRE,dir=-1 adx=33.7 streak=10 bear=65.5
2026-04-30 09:52:00,2547,27274.75,27369.28,27287.20,27299.53,30.31,17.52,33.7,0.0,65.5,0.0,65.5,-0.08,-1,0.0,0,0,0.00,0.00,0.00,0.00,,0.0,2,0,35.00,AUTO,,AGGR+CHP+ADP+RUN-EXT+PW+DLK+SLC+TPE+NWS+,SELL,55.0,5.40,0,0,0.00,0.00,27268.75,27269.50,3,15776,18616,-1,7.5,-227.00,-267.00,-55.00,-348.00,180.75,R,10,TREND_DN,BLOCK_SL_CLUSTER,cooldown_remaining_sec=1397
2026-04-30 09:52:00,2548,27270.75,27369.25,27283.31,27296.60,28.82,17.39,35.5,0.0,65.5,0.0,65.5,-0.09,-1,0.0,0,0,0.00,0.00,0.00,0.00,,0.0,2,0,35.00,AUTO,,AGGR+CHP+ADP+RUN-EXT+PW+DLK+SLC+TPE+NWS+,SELL,55.0,5.66,0,0,0.00,0.00,27268.75,27269.50,3,15782,18724,-1,8.0,-231.00,-271.00,-59.00,-352.00,176.75,R,11,TREND_DN,BRICK_CLOSE,src=primary color=R streak=11 o=27287.00 c=27271.00 hi=27287.00 lo=27271.00
2026-04-30 09:52:00,2548,27270.75,27369.25,27283.31,27296.60,28.82,17.39,35.5,0.0,65.5,0.0,65.5,-0.09,-1,0.0,0,0,0.00,0.00,0.00,0.00,,0.0,2,0,35.00,AUTO,,AGGR+CHP+ADP+RUN-EXT+PW+DLK+SLC+TPE+NWS+,SELL,55.0,5.66,0,0,0.00,0.00,27268.75,27269.50,3,15782,18724,-1,8.0,-231.00,-271.00,-59.00,-352.00,176.75,R,11,TREND_DN,SIGNAL,
2026-04-30 09:52:00,2548,27270.75,27369.25,27283.31,27296.60,28.82,17.39,35.5,0.0,65.5,0.0,65.5,-0.09,-1,0.0,0,0,0.00,0.00,0.00,0.00,,0.0,2,0,35.00,AUTO,,AGGR+CHP+ADP+RUN-EXT+PW+DLK+SLC+TPE+NWS+,SELL,55.0,5.66,0,0,0.00,0.00,27268.75,27269.50,3,15782,18724,-1,8.0,-231.00,-271.00,-59.00,-352.00,176.75,R,11,TREND_DN,TREND_CHASE_FIRE,dir=-1 adx=35.5 streak=11 bear=65.5
2026-04-30 09:52:00,2548,27270.75,27369.25,27283.31,27296.60,28.82,17.39,35.5,0.0,65.5,0.0,65.5,-0.09,-1,0.0,0,0,0.00,0.00,0.00,0.00,,0.0,2,0,35.00,AUTO,,AGGR+CHP+ADP+RUN-EXT+PW+DLK+SLC+TPE+NWS+,SELL,55.0,5.66,0,0,0.00,0.00,27268.75,27269.50,3,15782,18724,-1,8.0,-231.00,-271.00,-59.00,-352.00,176.75,R,11,TREND_DN,BLOCK_SL_CLUSTER,cooldown_remaining_sec=1397
2026-04-30 09:52:01,2549,27266.75,27369.12,27279.40,27293.58,27.37,17.27,37.4,0.0,65.5,0.0,65.5,-0.09,-1,0.0,0,0,0.00,0.00,0.00,0.00,,0.0,2,0,35.00,AUTO,,AGGR+CHP+ADP+RUN-EXT+PW+DLK+SLC+TPE+NWS+,SELL,55.0,5.93,0,0,0.00,0.00,27264.50,27265.50,4,15888,19106,-1,8.4,-235.00,-275.00,-63.00,-356.00,172.75,R,12,TREND_DN,BRICK_CLOSE,src=primary color=R streak=12 o=27283.00 c=27267.00 hi=27283.00 lo=27267.00
2026-04-30 09:52:01,2549,27266.75,27369.12,27279.40,27293.58,27.37,17.27,37.4,0.0,65.5,0.0,65.5,-0.09,-1,0.0,0,0,0.00,0.00,0.00,0.00,,0.0,2,0,35.00,AUTO,,AGGR+CHP+ADP+RUN-EXT+PW+DLK+SLC+TPE+NWS+,SELL,55.0,5.93,0,0,0.00,0.00,27264.50,27265.50,4,15888,19106,-1,8.4,-235.00,-275.00,-63.00,-356.00,172.75,R,12,TREND_DN,SIGNAL,
2026-04-30 09:52:01,2549,27266.75,27369.12,27279.40,27293.58,27.37,17.27,37.4,0.0,65.5,0.0,65.5,-0.09,-1,0.0,0,0,0.00,0.00,0.00,0.00,,0.0,2,0,35.00,AUTO,,AGGR+CHP+ADP+RUN-EXT+PW+DLK+SLC+TPE+NWS+,SELL,55.0,5.93,0,0,0.00,0.00,27264.50,27265.50,4,15888,19106,-1,8.4,-235.00,-275.00,-63.00,-356.00,172.75,R,12,TREND_DN,TREND_CHASE_FIRE,dir=-1 adx=37.4 streak=12 bear=65.5
2026-04-30 09:52:01,2549,27266.75,27369.12,27279.40,27293.58,27.37,17.27,37.4,0.0,65.5,0.0,65.5,-0.09,-1,0.0,0,0,0.00,0.00,0.00,0.00,,0.0,2,0,35.00,AUTO,,AGGR+CHP+ADP+RUN-EXT+PW+DLK+SLC+TPE+NWS+,SELL,55.0,5.93,0,0,0.00,0.00,27264.50,27265.50,4,15888,19106,-1,8.4,-235.00,-275.00,-63.00,-356.00,172.75,R,12,TREND_DN,BLOCK_SL_CLUSTER,cooldown_remaining_sec=1396
2026-04-30 09:52:23,2550,27262.75,27368.42,27275.47,27290.47,25.97,17.84,36.9,0.0,65.5,0.0,65.5,-0.09,-1,0.0,0,0,0.00,0.00,0.00,0.00,,0.0,2,0,35.00,AUTO,,AGGR+CHP+ADP+RUN-EXT+PW+DLK+SLC+TPE+NWS+,SELL,55.0,5.92,0,0,0.00,0.00,27268.50,27269.25,3,17140,20582,-1,6.4,-239.00,-279.00,-67.00,-360.00,168.75,R,13,TREND_DN,BRICK_CLOSE,src=primary color=R streak=13 o=27279.00 c=27263.00 hi=27289.25 lo=27263.00
2026-04-30 09:52:23,2550,27262.75,27368.42,27275.47,27290.47,25.97,17.84,36.9,0.0,107.5,0.0,107.5,-0.09,-1,0.0,0,0,0.00,0.00,0.00,0.00,,0.0,2,0,35.00,AUTO,,AGGR+CHP+ADP+RUN-EXT+PW+DLK+SLC+TPE+NWS+,SELL,55.0,5.92,0,0,0.00,0.00,27268.50,27269.25,3,17140,20582,-1,6.4,-239.00,-279.00,-67.00,-360.00,168.75,R,13,TREND_DN,SIGNAL,
2026-04-30 09:52:23,2550,27262.75,27368.42,27275.47,27290.47,25.97,17.84,36.9,0.0,107.5,0.0,107.5,-0.09,-1,0.0,0,0,0.00,0.00,0.00,0.00,,0.0,2,0,35.00,AUTO,,AGGR+CHP+ADP+RUN-EXT+PW+DLK+SLC+TPE+NWS+,SELL,55.0,5.92,0,0,0.00,0.00,27268.50,27269.25,3,17140,20582,-1,6.4,-239.00,-279.00,-67.00,-360.00,168.75,R,13,TREND_DN,TREND_CHASE_FIRE,dir=-1 adx=36.9 streak=13 bear=107.5
2026-04-30 09:52:23,2550,27262.75,27368.42,27275.47,27290.47,25.97,17.84,36.9,0.0,107.5,0.0,107.5,-0.09,-1,0.0,0,0,0.00,0.00,0.00,0.00,,0.0,2,0,35.00,AUTO,,AGGR+CHP+ADP+RUN-EXT+PW+DLK+SLC+TPE+NWS+,SELL,55.0,5.92,0,0,0.00,0.00,27268.50,27269.25,3,17140,20582,-1,6.4,-239.00,-279.00,-67.00,-360.00,168.75,R,13,TREND_DN,BLOCK_SL_CLUSTER,cooldown_remaining_sec=1375
2026-04-30 09:52:53,2551,27258.75,27367.90,27271.52,27287.27,24.61,17.92,37.9,0.0,107.5,0.0,107.5,-0.20,-1,0.0,0,0,0.00,0.00,0.00,0.00,,0.0,2,0,35.00,AUTO,,AGGR+CHP+ADP+RUN-EXT+PW+DLK+SLC+TPE+NWS+,SELL,55.0,6.09,0,0,0.00,0.00,27259.75,27260.50,3,370,552,-1,5.7,-243.00,-283.00,-71.00,-364.00,164.75,R,14,TREND_DN,BRICK_CLOSE,src=primary color=R streak=14 o=27275.00 c=27259.00 hi=27278.50 lo=27259.00
2026-04-30 09:52:53,2551,27258.75,27367.90,27271.52,27287.27,24.61,17.92,37.9,0.0,93.5,0.0,93.5,-0.20,-1,0.0,0,0,0.00,0.00,0.00,0.00,,0.0,2,0,35.00,AUTO,,AGGR+CHP+ADP+RUN-EXT+PW+DLK+SLC+TPE+NWS+,SELL,55.0,6.09,0,0,0.00,0.00,27259.75,27260.50,3,370,552,-1,5.7,-243.00,-283.00,-71.00,-364.00,164.75,R,14,TREND_DN,SIGNAL,
2026-04-30 09:52:53,2551,27258.75,27367.90,27271.52,27287.27,24.61,17.92,37.9,0.0,93.5,0.0,93.5,-0.20,-1,0.0,0,0,0.00,0.00,0.00,0.00,,0.0,2,0,35.00,AUTO,,AGGR+CHP+ADP+RUN-EXT+PW+DLK+SLC+TPE+NWS+,SELL,55.0,6.09,0,0,0.00,0.00,27259.75,27260.50,3,370,552,-1,5.7,-243.00,-283.00,-71.00,-364.00,164.75,R,14,TREND_DN,TREND_CHASE_FIRE,dir=-1 adx=37.9 streak=14 bear=93.5
2026-04-30 09:52:53,2551,27258.75,27367.90,27271.52,27287.27,24.61,17.92,37.9,0.0,93.5,0.0,93.5,-0.20,-1,0.0,0,0,0.00,0.00,0.00,0.00,,0.0,2,0,35.00,AUTO,,AGGR+CHP+ADP+RUN-EXT+PW+DLK+SLC+TPE+NWS+,SELL,55.0,6.09,0,0,0.00,0.00,27259.75,27260.50,3,370,552,-1,5.7,-243.00,-283.00,-71.00,-364.00,164.75,R,14,TREND_DN,BLOCK_SL_CLUSTER,cooldown_remaining_sec=1344
2026-04-30 09:53:11,2552,27287.25,27367.26,27279.19,27289.61,46.13,18.76,36.1,0.0,93.5,0.0,93.5,0.13,-1,0.0,0,0,0.00,0.00,0.00,0.00,,0.0,2,0,35.00,AUTO,,AGGR+CHP+ADP+RUN-EXT+PW+DLK+SLC+TPE+NWS+,SELL,55.0,4.27,0,0,0.00,0.00,27281.25,27282.00,3,2024,1556,0,2.2,-214.50,-254.50,-42.50,-335.50,193.25,G,1,TREND_DN,BRICK_CLOSE,src=primary color=G streak=1 o=27271.00 c=27287.00 hi=27287.00 lo=27256.00
2026-04-30 09:53:11,2552,27287.25,27367.26,27279.19,27289.61,46.13,18.76,36.1,0.0,93.5,0.0,93.5,0.13,-1,0.0,0,0,0.00,0.00,0.00,0.00,,0.0,2,0,35.00,AUTO,,AGGR+CHP+ADP+RUN-EXT+PW+DLK+SLC+TPE+NWS+,SELL,55.0,4.27,0,0,0.00,0.00,27281.25,27282.00,3,2024,1556,0,2.2,-214.50,-254.50,-42.50,-335.50,193.25,G,1,TREND_DN,RUN_END,color=R len=14 pts=40.0 maxFav=68.0 durSec=130 startPx=27327.00 endPx=27287.00
2026-04-30 09:53:11,2552,27287.25,27367.26,27279.19,27289.61,46.13,18.76,36.1,0.0,93.5,0.0,93.5,0.13,-1,0.0,0,0,0.00,0.00,0.00,0.00,,0.0,2,0,35.00,AUTO,,AGGR+CHP+ADP+RUN-EXT+PW+DLK+SLC+TPE+NWS+,SELL,55.0,4.27,0,0,0.00,0.00,27281.25,27282.00,3,2024,1556,0,2.2,-214.50,-254.50,-42.50,-335.50,193.25,G,1,UNKNOWN,REGIME_CHANGE,from=TREND_DN to=UNKNOWN adx=36.1 slope=2.19 atr/avg=1.01 eStack=0 distVwapAtr=-4.27 nr=Gx1 flips4=1
2026-04-30 09:53:11,2552,27287.25,27367.26,27279.19,27289.61,46.13,18.76,36.1,0.0,21.8,0.0,21.8,0.13,-1,0.0,0,0,0.00,0.00,0.00,0.00,,0.0,2,0,35.00,AUTO,,AGGR+CHP+ADP+RUN-EXT+PW+DLK+SLC+TPE+NWS+,SELL,55.0,4.27,0,0,0.00,0.00,27281.25,27282.00,3,2024,1556,0,2.2,-214.50,-254.50,-42.50,-335.50,193.25,G,1,UNKNOWN,SIGNAL,
2026-04-30 09:53:11,2552,27287.25,27367.26,27279.19,27289.61,46.13,18.76,36.1,0.0,21.8,0.0,21.8,0.13,-1,0.0,0,0,0.00,0.00,0.00,0.00,,0.0,2,0,35.00,AUTO,,AGGR+CHP+ADP+RUN-EXT+PW+DLK+SLC+TPE+NWS+,WAIT,55.0,4.27,0,0,0.00,0.00,27281.25,27282.00,3,2024,1556,0,2.2,-214.50,-254.50,-42.50,-335.50,193.25,G,1,UNKNOWN,SWEEP_BOOST,bull=True bear=False lookback=30
2026-04-30 09:54:00,2553,27258.75,27366.47,27270.58,27284.47,35.17,19.49,35.1,0.0,21.8,0.0,21.8,-0.02,-1,0.0,0,0,0.00,0.00,0.00,0.00,,0.0,2,0,35.00,AUTO,,AGGR+CHP+ADP+RUN-EXT+PW+DLK+SLC+TPE+NWS+,WAIT,55.0,5.53,0,0,0.00,0.00,27256.50,27257.25,3,3296,3414,-1,-0.6,-243.00,-283.00,-71.00,-364.00,164.75,R,1,UNKNOWN,BRICK_CLOSE,src=primary color=R streak=1 o=27275.00 c=27259.00 hi=27289.25 lo=27259.00
2026-04-30 09:54:00,2553,27258.75,27366.47,27270.58,27284.47,35.17,19.49,35.1,0.0,21.8,0.0,21.8,-0.02,-1,0.0,0,0,0.00,0.00,0.00,0.00,,0.0,2,0,35.00,AUTO,,AGGR+CHP+ADP+RUN-EXT+PW+DLK+SLC+TPE+NWS+,WAIT,55.0,5.53,0,0,0.00,0.00,27256.50,27257.25,3,3296,3414,-1,-0.6,-243.00,-283.00,-71.00,-364.00,164.75,R,1,UNKNOWN,RUN_END,color=G len=1 pts=12.0 maxFav=0.0 durSec=50 startPx=27271.00 endPx=27259.00
2026-04-30 09:54:00,2553,27258.75,27366.47,27270.58,27284.47,35.17,19.49,35.1,10.0,107.5,10.0,107.5,-0.02,-1,0.0,0,0,0.00,0.00,0.00,0.00,,0.0,2,0,35.00,AUTO,,AGGR+CHP+ADP+RUN-EXT+PW+DLK+SLC+TPE+NWS+,WAIT,55.0,5.53,0,0,0.00,0.00,27256.50,27257.25,3,3296,3414,-1,-0.6,-243.00,-283.00,-71.00,-364.00,164.75,R,1,UNKNOWN,SIGNAL,
2026-04-30 09:54:00,2553,27258.75,27366.47,27270.58,27284.47,35.17,19.49,35.1,10.0,107.5,10.0,107.5,-0.02,-1,0.0,0,0,0.00,0.00,0.00,0.00,,0.0,2,0,35.00,AUTO,,AGGR+CHP+ADP+RUN-EXT+PW+DLK+SLC+TPE+NWS+,SELL,55.0,5.53,0,0,0.00,0.00,27256.50,27257.25,3,3296,3414,-1,-0.6,-243.00,-283.00,-71.00,-364.00,164.75,R,1,UNKNOWN,BLOCK_SL_CLUSTER,cooldown_remaining_sec=1277
2026-04-30 09:54:01,2554,27254.75,27366.43,27266.82,27281.46,33.95,19.22,35.1,10.0,107.5,10.0,107.5,-0.03,-1,0.0,0,0,0.00,0.00,0.00,0.00,,0.0,2,0,35.00,AUTO,,AGGR+CHP+ADP+RUN-EXT+PW+DLK+SLC+TPE+NWS+,SELL,55.0,5.81,0,0,0.00,0.00,27253.75,27254.25,2,3316,3526,-1,-1.3,-247.00,-287.00,-75.00,-368.00,160.75,R,2,UNKNOWN,BRICK_CLOSE,src=primary color=R streak=2 o=27271.00 c=27255.00 hi=27271.00 lo=27255.00
2026-04-30 09:54:01,2554,27254.75,27366.43,27266.82,27281.46,33.95,19.22,35.1,10.0,65.5,10.0,65.5,-0.03,-1,0.0,0,0,0.00,0.00,0.00,0.00,,0.0,2,0,35.00,AUTO,,AGGR+CHP+ADP+RUN-EXT+PW+DLK+SLC+TPE+NWS+,SELL,55.0,5.81,0,0,0.00,0.00,27253.75,27254.25,2,3316,3526,-1,-1.3,-247.00,-287.00,-75.00,-368.00,160.75,R,2,UNKNOWN,SIGNAL,
2026-04-30 09:54:01,2554,27254.75,27366.43,27266.82,27281.46,33.95,19.22,35.1,10.0,65.5,10.0,65.5,-0.03,-1,0.0,0,0,0.00,0.00,0.00,0.00,,0.0,2,0,35.00,AUTO,,AGGR+CHP+ADP+RUN-EXT+PW+DLK+SLC+TPE+NWS+,SELL,55.0,5.81,0,0,0.00,0.00,27253.75,27254.25,2,3316,3526,-1,-1.3,-247.00,-287.00,-75.00,-368.00,160.75,R,2,UNKNOWN,BLOCK_SL_CLUSTER,cooldown_remaining_sec=1276
2026-04-30 09:54:45,2555,27250.75,27365.49,27263.00,27278.35,32.73,18.97,35.3,10.0,65.5,10.0,65.5,-0.01,-1,0.0,0,0,0.00,0.00,0.00,0.00,,0.0,2,0,35.00,AUTO,,AGGR+CHP+ADP+RUN-EXT+PW+DLK+SLC+TPE+NWS+,SELL,55.0,6.05,0,0,0.00,0.00,27250.75,27251.50,3,5008,5148,-1,-1.9,-251.00,-291.00,-79.00,-372.00,156.75,R,3,UNKNOWN,BRICK_CLOSE,src=primary color=R streak=3 o=27267.00 c=27251.00 hi=27267.00 lo=27251.00
2026-04-30 09:54:45,2555,27250.75,27365.49,27263.00,27278.35,32.73,18.97,35.3,0.0,107.5,0.0,107.5,-0.01,-1,0.0,0,0,0.00,0.00,0.00,0.00,,0.0,2,0,35.00,AUTO,,AGGR+CHP+ADP+RUN-EXT+PW+DLK+SLC+TPE+NWS+,SELL,55.0,6.05,0,0,0.00,0.00,27250.75,27251.50,3,5008,5148,-1,-1.9,-251.00,-291.00,-79.00,-372.00,156.75,R,3,UNKNOWN,SIGNAL,
2026-04-30 09:54:45,2555,27250.75,27365.49,27263.00,27278.35,32.73,18.97,35.3,0.0,107.5,0.0,107.5,-0.01,-1,0.0,0,0,0.00,0.00,0.00,0.00,,0.0,2,0,35.00,AUTO,,AGGR+CHP+ADP+RUN-EXT+PW+DLK+SLC+TPE+NWS+,SELL,55.0,6.05,0,0,0.00,0.00,27250.75,27251.50,3,5008,5148,-1,-1.9,-251.00,-291.00,-79.00,-372.00,156.75,R,3,UNKNOWN,BLOCK_SL_CLUSTER,cooldown_remaining_sec=1232
2026-04-30 09:54:49,2556,27246.75,27365.39,27259.15,27275.17,31.50,18.74,35.8,0.0,107.5,0.0,107.5,-0.02,-1,0.0,0,0,0.00,0.00,0.00,0.00,,0.0,2,0,35.00,AUTO,,AGGR+CHP+ADP+RUN-EXT+PW+DLK+SLC+TPE+NWS+,SELL,55.0,6.33,0,0,0.00,0.00,27245.00,27245.75,3,5128,5376,-1,-0.9,-255.00,-295.00,-83.00,-376.00,152.75,R,4,UNKNOWN,BRICK_CLOSE,src=primary color=R streak=4 o=27263.00 c=27247.00 hi=27263.00 lo=27247.00
2026-04-30 09:54:49,2556,27246.75,27365.39,27259.15,27275.17,31.50,18.74,35.8,0.0,65.5,0.0,65.5,-0.02,-1,0.0,0,0,0.00,0.00,0.00,0.00,,0.0,2,0,35.00,AUTO,,AGGR+CHP+ADP+RUN-EXT+PW+DLK+SLC+TPE+NWS+,SELL,55.0,6.33,0,0,0.00,0.00,27245.00,27245.75,3,5128,5376,-1,-0.9,-255.00,-295.00,-83.00,-376.00,152.75,R,4,UNKNOWN,SIGNAL,
2026-04-30 09:54:49,2556,27246.75,27365.39,27259.15,27275.17,31.50,18.74,35.8,0.0,65.5,0.0,65.5,-0.02,-1,0.0,0,0,0.00,0.00,0.00,0.00,,0.0,2,0,35.00,AUTO,,AGGR+CHP+ADP+RUN-EXT+PW+DLK+SLC+TPE+NWS+,SELL,55.0,6.33,0,0,0.00,0.00,27245.00,27245.75,3,5128,5376,-1,-0.9,-255.00,-295.00,-83.00,-376.00,152.75,R,4,UNKNOWN,BLOCK_SL_CLUSTER,cooldown_remaining_sec=1228
2026-04-30 09:54:52,2557,27242.75,27365.30,27255.27,27271.91,30.28,18.53,36.5,0.0,65.5,0.0,65.5,-0.03,-1,0.0,0,0,0.00,0.00,0.00,0.00,,0.0,2,0,35.00,AUTO,,AGGR+CHP+ADP+RUN-EXT+PW+DLK+SLC+TPE+NWS+,SELL,55.0,6.62,0,0,0.00,0.00,27245.00,27245.75,3,5222,5580,-1,0.6,-259.00,-299.00,-87.00,-380.00,148.75,R,5,UNKNOWN,BRICK_CLOSE,src=primary color=R streak=5 o=27259.00 c=27243.00 hi=27259.00 lo=27243.00
2026-04-30 09:54:52,2557,27242.75,27365.30,27255.27,27271.91,30.28,18.53,36.5,0.0,65.5,0.0,65.5,-0.03,-1,0.0,0,0,0.00,0.00,0.00,0.00,,0.0,2,0,35.00,AUTO,,AGGR+CHP+ADP+RUN-EXT+PW+DLK+SLC+TPE+NWS+,SELL,55.0,6.62,0,0,0.00,0.00,27245.00,27245.75,3,5222,5580,-1,0.6,-259.00,-299.00,-87.00,-380.00,148.75,R,5,TREND_DN,REGIME_CHANGE,from=UNKNOWN to=TREND_DN adx=36.5 slope=0.63 atr/avg=0.99 eStack=-1 distVwapAtr=-6.62 nr=Rx5 flips4=0
2026-04-30 09:54:52,2557,27242.75,27365.30,27255.27,27271.91,30.28,18.53,36.5,0.0,65.5,0.0,65.5,-0.03,-1,0.0,0,0,0.00,0.00,0.00,0.00,,0.0,2,0,35.00,AUTO,,AGGR+CHP+ADP+RUN-EXT+PW+DLK+SLC+TPE+NWS+,SELL,55.0,6.62,0,0,0.00,0.00,27245.00,27245.75,3,5222,5580,-1,0.6,-259.00,-299.00,-87.00,-380.00,148.75,R,5,TREND_DN,SIGNAL,
2026-04-30 09:54:52,2557,27242.75,27365.30,27255.27,27271.91,30.28,18.53,36.5,0.0,65.5,0.0,65.5,-0.03,-1,0.0,0,0,0.00,0.00,0.00,0.00,,0.0,2,0,35.00,AUTO,,AGGR+CHP+ADP+RUN-EXT+PW+DLK+SLC+TPE+NWS+,SELL,55.0,6.62,0,0,0.00,0.00,27245.00,27245.75,3,5222,5580,-1,0.6,-259.00,-299.00,-87.00,-380.00,148.75,R,5,TREND_DN,TREND_CHASE_FIRE,dir=-1 adx=36.5 streak=5 bear=65.5
2026-04-30 09:54:52,2557,27242.75,27365.30,27255.27,27271.91,30.28,18.53,36.5,0.0,65.5,0.0,65.5,-0.03,-1,0.0,0,0,0.00,0.00,0.00,0.00,,0.0,2,0,35.00,AUTO,,AGGR+CHP+ADP+RUN-EXT+PW+DLK+SLC+TPE+NWS+,SELL,55.0,6.62,0,0,0.00,0.00,27245.00,27245.75,3,5222,5580,-1,0.6,-259.00,-299.00,-87.00,-380.00,148.75,R,5,TREND_DN,BLOCK_SL_CLUSTER,cooldown_remaining_sec=1226
2026-04-30 09:55:00,2558,27238.75,27365.10,27251.37,27268.59,29.07,18.33,37.4,0.0,65.5,0.0,65.5,-0.04,-1,0.0,0,0,0.00,0.00,0.00,0.00,,0.0,2,0,35.00,AUTO,,AGGR+CHP+ADP+RUN-EXT+PW+DLK+SLC+TPE+NWS+,SELL,55.0,6.89,0,0,0.00,0.00,27238.75,27239.50,3,5494,5936,-1,1.9,-263.00,-303.00,-91.00,-384.00,144.75,R,6,TREND_DN,BRICK_CLOSE,src=primary color=R streak=6 o=27255.00 c=27239.00 hi=27255.00 lo=27239.00
2026-04-30 09:55:00,2558,27238.75,27365.10,27251.37,27268.59,29.07,18.33,37.4,0.0,93.5,0.0,93.5,-0.04,-1,0.0,0,0,0.00,0.00,0.00,0.00,,0.0,2,0,35.00,AUTO,,AGGR+CHP+ADP+RUN-EXT+PW+DLK+SLC+TPE+NWS+,SELL,55.0,6.89,0,0,0.00,0.00,27238.75,27239.50,3,5494,5936,-1,1.9,-263.00,-303.00,-91.00,-384.00,144.75,R,6,TREND_DN,SIGNAL,
2026-04-30 09:55:00,2558,27238.75,27365.10,27251.37,27268.59,29.07,18.33,37.4,0.0,93.5,0.0,93.5,-0.04,-1,0.0,0,0,0.00,0.00,0.00,0.00,,0.0,2,0,35.00,AUTO,,AGGR+CHP+ADP+RUN-EXT+PW+DLK+SLC+TPE+NWS+,SELL,55.0,6.89,0,0,0.00,0.00,27238.75,27239.50,3,5494,5936,-1,1.9,-263.00,-303.00,-91.00,-384.00,144.75,R,6,TREND_DN,TREND_CHASE_FIRE,dir=-1 adx=37.4 streak=6 bear=93.5
2026-04-30 09:55:00,2558,27238.75,27365.10,27251.37,27268.59,29.07,18.33,37.4,0.0,93.5,0.0,93.5,-0.04,-1,0.0,0,0,0.00,0.00,0.00,0.00,,0.0,2,0,35.00,AUTO,,AGGR+CHP+ADP+RUN-EXT+PW+DLK+SLC+TPE+NWS+,SELL,55.0,6.89,0,0,0.00,0.00,27238.75,27239.50,3,5494,5936,-1,1.9,-263.00,-303.00,-91.00,-384.00,144.75,R,6,TREND_DN,BLOCK_SL_CLUSTER,cooldown_remaining_sec=1217
2026-04-30 09:55:02,2559,27234.75,27364.91,27247.44,27265.20,27.87,18.14,38.4,0.0,93.5,0.0,93.5,-0.04,-1,0.0,0,0,0.00,0.00,0.00,0.00,,0.0,2,0,35.00,AUTO,,AGGR+CHP+ADP+RUN-EXT+PW+DLK+SLC+TPE+NWS+,SELL,55.0,7.18,0,0,0.00,0.00,27234.50,27235.25,3,5802,6224,-1,3.1,-267.00,-307.00,-95.00,-388.00,140.75,R,7,TREND_DN,BRICK_CLOSE,src=primary color=R streak=7 o=27251.00 c=27235.00 hi=27251.00 lo=27235.00
2026-04-30 09:55:02,2559,27234.75,27364.91,27247.44,27265.20,27.87,18.14,38.4,0.0,93.5,0.0,93.5,-0.04,-1,0.0,0,0,0.00,0.00,0.00,0.00,,0.0,2,0,35.00,AUTO,,AGGR+CHP+ADP+RUN-EXT+PW+DLK+SLC+TPE+NWS+,SELL,55.0,7.18,0,0,0.00,0.00,27234.50,27235.25,3,5802,6224,-1,3.1,-267.00,-307.00,-95.00,-388.00,140.75,R,7,TREND_DN,SIGNAL,
2026-04-30 09:55:02,2559,27234.75,27364.91,27247.44,27265.20,27.87,18.14,38.4,0.0,93.5,0.0,93.5,-0.04,-1,0.0,0,0,0.00,0.00,0.00,0.00,,0.0,2,0,35.00,AUTO,,AGGR+CHP+ADP+RUN-EXT+PW+DLK+SLC+TPE+NWS+,SELL,55.0,7.18,0,0,0.00,0.00,27234.50,27235.25,3,5802,6224,-1,3.1,-267.00,-307.00,-95.00,-388.00,140.75,R,7,TREND_DN,TREND_CHASE_FIRE,dir=-1 adx=38.4 streak=7 bear=93.5
2026-04-30 09:55:02,2559,27234.75,27364.91,27247.44,27265.20,27.87,18.14,38.4,0.0,93.5,0.0,93.5,-0.04,-1,0.0,0,0,0.00,0.00,0.00,0.00,,0.0,2,0,35.00,AUTO,,AGGR+CHP+ADP+RUN-EXT+PW+DLK+SLC+TPE+NWS+,SELL,55.0,7.18,0,0,0.00,0.00,27234.50,27235.25,3,5802,6224,-1,3.1,-267.00,-307.00,-95.00,-388.00,140.75,R,7,TREND_DN,BLOCK_SL_CLUSTER,cooldown_remaining_sec=1215
2026-04-30 09:56:51,2560,27230.75,27362.52,27243.51,27261.76,26.68,18.75,36.8,0.0,93.5,0.0,93.5,-0.02,-1,0.0,0,0,0.00,0.00,0.00,0.00,,0.0,2,0,35.00,AUTO,,AGGR+CHP+ADP+RUN-EXT+PW+DLK+SLC+TPE+NWS+,SELL,55.0,7.03,0,0,0.00,0.00,27232.75,27233.50,3,9612,10042,-1,1.3,-271.00,-311.00,-99.00,-392.00,136.75,R,8,TREND_DN,BRICK_CLOSE,src=primary color=R streak=8 o=27247.00 c=27231.00 hi=27258.75 lo=27231.00
2026-04-30 09:56:51,2560,27230.75,27362.52,27243.51,27261.76,26.68,18.75,36.8,0.0,107.5,0.0,107.5,-0.02,-1,0.0,0,0,0.00,0.00,0.00,0.00,,0.0,2,0,35.00,AUTO,,AGGR+CHP+ADP+RUN-EXT+PW+DLK+SLC+TPE+NWS+,SELL,55.0,7.03,0,0,0.00,0.00,27232.75,27233.50,3,9612,10042,-1,1.3,-271.00,-311.00,-99.00,-392.00,136.75,R,8,TREND_DN,SIGNAL,
2026-04-30 09:56:51,2560,27230.75,27362.52,27243.51,27261.76,26.68,18.75,36.8,0.0,107.5,0.0,107.5,-0.02,-1,0.0,0,0,0.00,0.00,0.00,0.00,,0.0,2,0,35.00,AUTO,,AGGR+CHP+ADP+RUN-EXT+PW+DLK+SLC+TPE+NWS+,SELL,55.0,7.03,0,0,0.00,0.00,27232.75,27233.50,3,9612,10042,-1,1.3,-271.00,-311.00,-99.00,-392.00,136.75,R,8,TREND_DN,TREND_CHASE_FIRE,dir=-1 adx=36.8 streak=8 bear=107.5
2026-04-30 09:56:51,2560,27230.75,27362.52,27243.51,27261.76,26.68,18.75,36.8,0.0,107.5,0.0,107.5,-0.02,-1,0.0,0,0,0.00,0.00,0.00,0.00,,0.0,2,0,35.00,AUTO,,AGGR+CHP+ADP+RUN-EXT+PW+DLK+SLC+TPE+NWS+,SELL,55.0,7.03,0,0,0.00,0.00,27232.75,27233.50,3,9612,10042,-1,1.3,-271.00,-311.00,-99.00,-392.00,136.75,R,8,TREND_DN,BLOCK_SL_CLUSTER,cooldown_remaining_sec=1106
2026-04-30 09:57:38,2561,27226.75,27361.69,27239.55,27258.27,25.51,19.36,37.0,0.0,107.5,0.0,107.5,-0.02,-1,0.0,0,0,0.00,0.00,0.00,0.00,,0.0,2,0,35.00,AUTO,,AGGR+CHP+ADP+RUN-EXT+PW+DLK+SLC+TPE+NWS+,SELL,55.0,6.97,0,0,0.00,0.00,27229.00,27229.75,3,10910,11382,-1,1.0,-275.00,-315.00,-103.00,-396.00,132.75,R,9,TREND_DN,BRICK_CLOSE,src=primary color=R streak=9 o=27243.00 c=27227.00 hi=27255.50 lo=27227.00
2026-04-30 09:57:38,2561,27226.75,27361.69,27239.55,27258.27,25.51,19.36,37.0,0.0,93.5,0.0,93.5,-0.02,-1,0.0,0,0,0.00,0.00,0.00,0.00,,0.0,2,0,35.00,AUTO,,AGGR+CHP+ADP+RUN-EXT+PW+DLK+SLC+TPE+NWS+,SELL,55.0,6.97,0,0,0.00,0.00,27229.00,27229.75,3,10910,11382,-1,1.0,-275.00,-315.00,-103.00,-396.00,132.75,R,9,TREND_DN,SIGNAL,
2026-04-30 09:57:38,2561,27226.75,27361.69,27239.55,27258.27,25.51,19.36,37.0,0.0,93.5,0.0,93.5,-0.02,-1,0.0,0,0,0.00,0.00,0.00,0.00,,0.0,2,0,35.00,AUTO,,AGGR+CHP+ADP+RUN-EXT+PW+DLK+SLC+TPE+NWS+,SELL,55.0,6.97,0,0,0.00,0.00,27229.00,27229.75,3,10910,11382,-1,1.0,-275.00,-315.00,-103.00,-396.00,132.75,R,9,TREND_DN,TREND_CHASE_FIRE,dir=-1 adx=37.0 streak=9 bear=93.5
2026-04-30 09:57:38,2561,27226.75,27361.69,27239.55,27258.27,25.51,19.36,37.0,0.0,93.5,0.0,93.5,-0.02,-1,0.0,0,0,0.00,0.00,0.00,0.00,,0.0,2,0,35.00,AUTO,,AGGR+CHP+ADP+RUN-EXT+PW+DLK+SLC+TPE+NWS+,SELL,55.0,6.97,0,0,0.00,0.00,27229.00,27229.75,3,10910,11382,-1,1.0,-275.00,-315.00,-103.00,-396.00,132.75,R,9,TREND_DN,BLOCK_SL_CLUSTER,cooldown_remaining_sec=1059
2026-04-30 09:57:40,2562,27222.75,27361.51,27235.59,27254.73,24.36,19.10,37.5,0.0,93.5,0.0,93.5,-0.03,-1,0.0,0,0,0.00,0.00,0.00,0.00,,0.0,2,0,35.00,AUTO,,AGGR+CHP+ADP+RUN-EXT+PW+DLK+SLC+TPE+NWS+,SELL,55.0,7.26,0,0,0.00,0.00,27226.75,27227.50,3,11070,11746,-1,0.8,-279.00,-319.00,-107.00,-400.00,128.75,R,10,TREND_DN,BRICK_CLOSE,src=primary color=R streak=10 o=27239.00 c=27223.00 hi=27239.00 lo=27223.00
2026-04-30 09:57:40,2562,27222.75,27361.51,27235.59,27254.73,24.36,19.10,37.5,0.0,65.5,0.0,65.5,-0.03,-1,0.0,0,0,0.00,0.00,0.00,0.00,,0.0,2,0,35.00,AUTO,,AGGR+CHP+ADP+RUN-EXT+PW+DLK+SLC+TPE+NWS+,SELL,55.0,7.26,0,0,0.00,0.00,27226.75,27227.50,3,11070,11746,-1,0.8,-279.00,-319.00,-107.00,-400.00,128.75,R,10,TREND_DN,SIGNAL,
2026-04-30 09:57:40,2562,27222.75,27361.51,27235.59,27254.73,24.36,19.10,37.5,0.0,65.5,0.0,65.5,-0.03,-1,0.0,0,0,0.00,0.00,0.00,0.00,,0.0,2,0,35.00,AUTO,,AGGR+CHP+ADP+RUN-EXT+PW+DLK+SLC+TPE+NWS+,SELL,55.0,7.26,0,0,0.00,0.00,27226.75,27227.50,3,11070,11746,-1,0.8,-279.00,-319.00,-107.00,-400.00,128.75,R,10,TREND_DN,TREND_CHASE_FIRE,dir=-1 adx=37.5 streak=10 bear=65.5
2026-04-30 09:57:40,2562,27222.75,27361.51,27235.59,27254.73,24.36,19.10,37.5,0.0,65.5,0.0,65.5,-0.03,-1,0.0,0,0,0.00,0.00,0.00,0.00,,0.0,2,0,35.00,AUTO,,AGGR+CHP+ADP+RUN-EXT+PW+DLK+SLC+TPE+NWS+,SELL,55.0,7.26,0,0,0.00,0.00,27226.75,27227.50,3,11070,11746,-1,0.8,-279.00,-319.00,-107.00,-400.00,128.75,R,10,TREND_DN,BLOCK_SL_CLUSTER,cooldown_remaining_sec=1057
2026-04-30 09:57:48,2563,27218.75,27361.31,27231.62,27251.15,23.23,18.86,38.2,0.0,65.5,0.0,65.5,-0.03,-1,0.0,0,0,0.00,0.00,0.00,0.00,,0.0,2,0,35.00,AUTO,,AGGR+CHP+ADP+RUN-EXT+PW+DLK+SLC+TPE+NWS+,SELL,55.0,7.56,0,0,0.00,0.00,27219.00,27219.50,2,11330,12084,-1,0.6,-283.00,-323.00,-111.00,-404.00,124.75,R,11,TREND_DN,BRICK_CLOSE,src=primary color=R streak=11 o=27235.00 c=27219.00 hi=27235.00 lo=27219.00
2026-04-30 09:57:48,2563,27218.75,27361.31,27231.62,27251.15,23.23,18.86,38.2,0.0,65.5,0.0,65.5,-0.03,-1,0.0,0,0,0.00,0.00,0.00,0.00,,0.0,2,0,35.00,AUTO,,AGGR+CHP+ADP+RUN-EXT+PW+DLK+SLC+TPE+NWS+,SELL,55.0,7.56,0,0,0.00,0.00,27219.00,27219.50,2,11330,12084,-1,0.6,-283.00,-323.00,-111.00,-404.00,124.75,R,11,TREND_DN,SIGNAL,
2026-04-30 09:57:48,2563,27218.75,27361.31,27231.62,27251.15,23.23,18.86,38.2,0.0,65.5,0.0,65.5,-0.03,-1,0.0,0,0,0.00,0.00,0.00,0.00,,0.0,2,0,35.00,AUTO,,AGGR+CHP+ADP+RUN-EXT+PW+DLK+SLC+TPE+NWS+,SELL,55.0,7.56,0,0,0.00,0.00,27219.00,27219.50,2,11330,12084,-1,0.6,-283.00,-323.00,-111.00,-404.00,124.75,R,11,TREND_DN,TREND_CHASE_FIRE,dir=-1 adx=38.2 streak=11 bear=65.5
2026-04-30 09:57:48,2563,27218.75,27361.31,27231.62,27251.15,23.23,18.86,38.2,0.0,65.5,0.0,65.5,-0.03,-1,0.0,0,0,0.00,0.00,0.00,0.00,,0.0,2,0,35.00,AUTO,,AGGR+CHP+ADP+RUN-EXT+PW+DLK+SLC+TPE+NWS+,SELL,55.0,7.56,0,0,0.00,0.00,27219.00,27219.50,2,11330,12084,-1,0.6,-283.00,-323.00,-111.00,-404.00,124.75,R,11,TREND_DN,BLOCK_SL_CLUSTER,cooldown_remaining_sec=1050
2026-04-30 09:57:50,2564,27214.75,27361.23,27227.65,27247.53,22.13,18.64,39.0,0.0,65.5,0.0,65.5,-0.03,-1,0.0,0,0,0.00,0.00,0.00,0.00,,0.0,2,0,35.00,AUTO,,AGGR+CHP+ADP+RUN-EXT+PW+DLK+SLC+TPE+NWS+,SELL,55.0,7.86,0,0,0.00,0.00,27217.00,27217.75,3,11420,12208,-1,1.9,-287.00,-327.00,-115.00,-408.00,120.75,R,12,TREND_DN,BRICK_CLOSE,src=primary color=R streak=12 o=27231.00 c=27215.00 hi=27231.00 lo=27215.00
2026-04-30 09:57:50,2564,27214.75,27361.23,27227.65,27247.53,22.13,18.64,39.0,0.0,65.5,0.0,65.5,-0.03,-1,0.0,0,0,0.00,0.00,0.00,0.00,,0.0,2,0,35.00,AUTO,,AGGR+CHP+ADP+RUN-EXT+PW+DLK+SLC+TPE+NWS+,SELL,55.0,7.86,0,0,0.00,0.00,27217.00,27217.75,3,11420,12208,-1,1.9,-287.00,-327.00,-115.00,-408.00,120.75,R,12,TREND_DN,SIGNAL,
2026-04-30 09:57:50,2564,27214.75,27361.23,27227.65,27247.53,22.13,18.64,39.0,0.0,65.5,0.0,65.5,-0.03,-1,0.0,0,0,0.00,0.00,0.00,0.00,,0.0,2,0,35.00,AUTO,,AGGR+CHP+ADP+RUN-EXT+PW+DLK+SLC+TPE+NWS+,SELL,55.0,7.86,0,0,0.00,0.00,27217.00,27217.75,3,11420,12208,-1,1.9,-287.00,-327.00,-115.00,-408.00,120.75,R,12,TREND_DN,TREND_CHASE_FIRE,dir=-1 adx=39.0 streak=12 bear=65.5
2026-04-30 09:57:50,2564,27214.75,27361.23,27227.65,27247.53,22.13,18.64,39.0,0.0,65.5,0.0,65.5,-0.03,-1,0.0,0,0,0.00,0.00,0.00,0.00,,0.0,2,0,35.00,AUTO,,AGGR+CHP+ADP+RUN-EXT+PW+DLK+SLC+TPE+NWS+,SELL,55.0,7.86,0,0,0.00,0.00,27217.00,27217.75,3,11420,12208,-1,1.9,-287.00,-327.00,-115.00,-408.00,120.75,R,12,TREND_DN,BLOCK_SL_CLUSTER,cooldown_remaining_sec=1047
2026-04-30 09:58:00,2565,27210.75,27361.01,27223.67,27243.88,21.05,18.43,40.1,0.0,65.5,0.0,65.5,-0.04,-1,0.0,0,0,0.00,0.00,0.00,0.00,,0.0,2,0,35.00,AUTO,,AGGR+CHP+ADP+RUN-EXT+PW+DLK+SLC+TPE+NWS+,SELL,55.0,8.15,0,0,0.00,0.00,27209.25,27210.00,3,11614,12642,-1,3.0,-291.00,-331.00,-119.00,-412.00,116.75,R,13,TREND_DN,BRICK_CLOSE,src=primary color=R streak=13 o=27227.00 c=27211.00 hi=27227.00 lo=27211.00
2026-04-30 09:58:00,2565,27210.75,27361.01,27223.67,27243.88,21.05,18.43,40.1,0.0,65.5,0.0,65.5,-0.04,-1,0.0,0,0,0.00,0.00,0.00,0.00,,0.0,2,0,35.00,AUTO,,AGGR+CHP+ADP+RUN-EXT+PW+DLK+SLC+TPE+NWS+,SELL,55.0,8.15,0,0,0.00,0.00,27209.25,27210.00,3,11614,12642,-1,3.0,-291.00,-331.00,-119.00,-412.00,116.75,R,13,TREND_DN,SIGNAL,
2026-04-30 09:58:00,2565,27210.75,27361.01,27223.67,27243.88,21.05,18.43,40.1,0.0,65.5,0.0,65.5,-0.04,-1,0.0,0,0,0.00,0.00,0.00,0.00,,0.0,2,0,35.00,AUTO,,AGGR+CHP+ADP+RUN-EXT+PW+DLK+SLC+TPE+NWS+,SELL,55.0,8.15,0,0,0.00,0.00,27209.25,27210.00,3,11614,12642,-1,3.0,-291.00,-331.00,-119.00,-412.00,116.75,R,13,TREND_DN,TREND_CHASE_FIRE,dir=-1 adx=40.1 streak=13 bear=65.5
2026-04-30 09:58:00,2565,27210.75,27361.01,27223.67,27243.88,21.05,18.43,40.1,0.0,65.5,0.0,65.5,-0.04,-1,0.0,0,0,0.00,0.00,0.00,0.00,,0.0,2,0,35.00,AUTO,,AGGR+CHP+ADP+RUN-EXT+PW+DLK+SLC+TPE+NWS+,SELL,55.0,8.15,0,0,0.00,0.00,27209.25,27210.00,3,11614,12642,-1,3.0,-291.00,-331.00,-119.00,-412.00,116.75,R,13,TREND_DN,BLOCK_NEWS,SELL MKT
2026-04-30 09:58:01,2566,27206.75,27360.91,27219.69,27240.19,20.00,18.24,41.3,0.0,65.5,0.0,65.5,-0.05,-1,0.0,0,0,0.00,0.00,0.00,0.00,,0.0,2,0,35.00,AUTO,,AGGR+CHP+ADP+RUN-EXT+PW+DLK+SLC+TPE+NWS+,SELL,55.0,8.45,0,0,0.00,0.00,27205.25,27205.75,2,11698,12826,-1,4.0,-295.00,-335.00,-123.00,-416.00,112.75,R,14,TREND_DN,BRICK_CLOSE,src=primary color=R streak=14 o=27223.00 c=27207.00 hi=27223.00 lo=27207.00
2026-04-30 09:58:01,2566,27206.75,27360.91,27219.69,27240.19,20.00,18.24,41.3,0.0,65.5,0.0,65.5,-0.05,-1,0.0,0,0,0.00,0.00,0.00,0.00,,0.0,2,0,35.00,AUTO,,AGGR+CHP+ADP+RUN-EXT+PW+DLK+SLC+TPE+NWS+,SELL,55.0,8.45,0,0,0.00,0.00,27205.25,27205.75,2,11698,12826,-1,4.0,-295.00,-335.00,-123.00,-416.00,112.75,R,14,TREND_DN,SIGNAL,
2026-04-30 09:58:01,2566,27206.75,27360.91,27219.69,27240.19,20.00,18.24,41.3,0.0,65.5,0.0,65.5,-0.05,-1,0.0,0,0,0.00,0.00,0.00,0.00,,0.0,2,0,35.00,AUTO,,AGGR+CHP+ADP+RUN-EXT+PW+DLK+SLC+TPE+NWS+,SELL,55.0,8.45,0,0,0.00,0.00,27205.25,27205.75,2,11698,12826,-1,4.0,-295.00,-335.00,-123.00,-416.00,112.75,R,14,TREND_DN,TREND_CHASE_FIRE,dir=-1 adx=41.3 streak=14 bear=65.5
2026-04-30 09:58:01,2566,27206.75,27360.91,27219.69,27240.19,20.00,18.24,41.3,0.0,65.5,0.0,65.5,-0.05,-1,0.0,0,0,0.00,0.00,0.00,0.00,,0.0,2,0,35.00,AUTO,,AGGR+CHP+ADP+RUN-EXT+PW+DLK+SLC+TPE+NWS+,SELL,55.0,8.45,0,0,0.00,0.00,27205.25,27205.75,2,11698,12826,-1,4.0,-295.00,-335.00,-123.00,-416.00,112.75,R,14,TREND_DN,BLOCK_NEWS,SELL MKT
2026-04-30 09:58:51,2567,27235.25,27359.70,27227.32,27242.08,42.02,19.12,38.5,0.0,65.5,0.0,65.5,-0.03,-1,0.0,0,0,0.00,0.00,0.00,0.00,,0.0,2,0,35.00,AUTO,,AGGR+CHP+ADP+RUN-EXT+PW+DLK+SLC+TPE+NWS+,SELL,55.0,6.51,0,0,0.00,0.00,27234.00,27234.75,3,13694,14410,0,0.7,-266.50,-306.50,-94.50,-387.50,141.25,G,1,TREND_DN,BRICK_CLOSE,src=primary color=G streak=1 o=27219.00 c=27235.00 hi=27235.00 lo=27203.00
2026-04-30 09:58:51,2567,27235.25,27359.70,27227.32,27242.08,42.02,19.12,38.5,0.0,65.5,0.0,65.5,-0.03,-1,0.0,0,0,0.00,0.00,0.00,0.00,,0.0,2,0,35.00,AUTO,,AGGR+CHP+ADP+RUN-EXT+PW+DLK+SLC+TPE+NWS+,SELL,55.0,6.51,0,0,0.00,0.00,27234.00,27234.75,3,13694,14410,0,0.7,-266.50,-306.50,-94.50,-387.50,141.25,G,1,TREND_DN,RUN_END,color=R len=14 pts=40.0 maxFav=68.0 durSec=291 startPx=27275.00 endPx=27235.00
2026-04-30 09:58:51,2567,27235.25,27359.70,27227.32,27242.08,42.02,19.12,38.5,0.0,65.5,0.0,65.5,-0.03,-1,0.0,0,0,0.00,0.00,0.00,0.00,,0.0,2,0,35.00,AUTO,,AGGR+CHP+ADP+RUN-EXT+PW+DLK+SLC+TPE+NWS+,SELL,55.0,6.51,0,0,0.00,0.00,27234.00,27234.75,3,13694,14410,0,0.7,-266.50,-306.50,-94.50,-387.50,141.25,G,1,TREND_DN,HEARTBEAT,tradesToday=3 openDca=0
2026-04-30 09:58:51,2567,27235.25,27359.70,27227.32,27242.08,42.02,19.12,38.5,0.0,65.5,0.0,65.5,-0.03,-1,0.0,0,0,0.00,0.00,0.00,0.00,,0.0,2,0,35.00,AUTO,,AGGR+CHP+ADP+RUN-EXT+PW+DLK+SLC+TPE+NWS+,SELL,55.0,6.51,0,0,0.00,0.00,27234.00,27234.75,3,13694,14410,0,0.7,-266.50,-306.50,-94.50,-387.50,141.25,G,1,UNKNOWN,REGIME_CHANGE,from=TREND_DN to=UNKNOWN adx=38.5 slope=0.75 atr/avg=1.00 eStack=0 distVwapAtr=-6.51 nr=Gx1 flips4=1
2026-04-30 09:58:51,2567,27235.25,27359.70,27227.32,27242.08,42.02,19.12,38.5,0.0,21.9,0.0,21.9,-0.03,-1,0.0,0,0,0.00,0.00,0.00,0.00,,0.0,2,0,35.00,AUTO,,AGGR+CHP+ADP+RUN-EXT+PW+DLK+SLC+TPE+NWS+,SELL,55.0,6.51,0,0,0.00,0.00,27234.00,27234.75,3,13694,14410,0,0.7,-266.50,-306.50,-94.50,-387.50,141.25,G,1,UNKNOWN,SIGNAL,
2026-04-30 09:58:51,2567,27235.25,27359.70,27227.32,27242.08,42.02,19.12,38.5,0.0,21.9,0.0,21.9,-0.03,-1,0.0,0,0,0.00,0.00,0.00,0.00,,0.0,2,0,35.00,AUTO,,AGGR+CHP+ADP+RUN-EXT+PW+DLK+SLC+TPE+NWS+,WAIT,55.0,6.51,0,0,0.00,0.00,27234.00,27234.75,3,13694,14410,0,0.7,-266.50,-306.50,-94.50,-387.50,141.25,G,1,UNKNOWN,SWEEP_BOOST,bull=True bear=False lookback=30
2026-04-30 09:58:56,2568,27239.25,27359.62,27230.30,27242.13,44.36,18.88,36.7,0.0,21.9,0.0,21.9,-0.03,-1,0.0,0,0,0.00,0.00,0.00,0.00,,0.0,2,0,35.00,AUTO,,AGGR+CHP+ADP+RUN-EXT+PW+DLK+SLC+TPE+NWS+,WAIT,55.0,6.38,0,0,0.00,0.00,27241.00,27241.75,3,13828,14542,0,-1.7,-262.50,-302.50,-90.50,-383.50,145.25,G,2,UNKNOWN,BRICK_CLOSE,src=primary color=G streak=2 o=27223.00 c=27239.00 hi=27239.00 lo=27223.00
2026-04-30 09:58:56,2568,27239.25,27359.62,27230.30,27242.13,44.36,18.88,36.7,0.0,11.3,0.0,11.3,-0.03,-1,0.0,0,0,0.00,0.00,0.00,0.00,,0.0,2,0,35.00,AUTO,,AGGR+CHP+ADP+RUN-EXT+PW+DLK+SLC+TPE+NWS+,WAIT,55.0,6.38,0,0,0.00,0.00,27241.00,27241.75,3,13828,14542,0,-1.7,-262.50,-302.50,-90.50,-383.50,145.25,G,2,UNKNOWN,SIGNAL,
2026-04-30 09:58:56,2569,27243.25,27359.59,27233.49,27242.54,46.68,18.65,34.5,0.0,11.3,0.0,11.3,-0.02,-1,0.0,0,0,0.00,0.00,0.00,0.00,,0.0,2,0,35.00,AUTO,,AGGR+CHP+ADP+RUN-EXT+PW+DLK+SLC+TPE+NWS+,WAIT,55.0,6.24,0,0,0.00,0.00,27241.00,27241.75,3,13930,14550,0,-4.7,-258.50,-298.50,-86.50,-379.50,149.25,G,3,UNKNOWN,BRICK_CLOSE,src=primary color=G streak=3 o=27227.00 c=27243.00 hi=27243.00 lo=27227.00
2026-04-30 09:58:56,2569,27243.25,27359.59,27233.49,27242.54,46.68,18.65,34.5,0.0,10.0,0.0,10.0,-0.02,-1,0.0,0,0,0.00,0.00,0.00,0.00,,0.0,2,0,35.00,AUTO,,AGGR+CHP+ADP+RUN-EXT+PW+DLK+SLC+TPE+NWS+,WAIT,55.0,6.24,0,0,0.00,0.00,27241.00,27241.75,3,13930,14550,0,-4.7,-258.50,-298.50,-86.50,-379.50,149.25,G,3,UNKNOWN,SIGNAL,
2026-04-30 09:59:03,2570,27247.25,27359.44,27236.85,27243.28,48.97,18.44,32.1,0.0,10.0,0.0,10.0,-0.02,-1,0.0,0,0,0.00,0.00,0.00,0.00,,0.0,2,0,35.00,AUTO,,AGGR+CHP+ADP+RUN-EXT+PW+DLK+SLC+TPE+NWS+,WAIT,55.0,6.08,0,0,0.00,0.00,27246.00,27246.75,3,14232,14750,0,-8.2,-254.50,-294.50,-82.50,-375.50,153.25,G,4,UNKNOWN,BRICK_CLOSE,src=primary color=G streak=4 o=27231.00 c=27247.00 hi=27247.00 lo=27231.00
2026-04-30 09:59:03,2570,27247.25,27359.44,27236.85,27243.28,48.97,18.44,32.1,0.0,18.0,0.0,18.0,-0.02,-1,0.0,0,0,0.00,0.00,0.00,0.00,,0.0,2,0,35.00,AUTO,,AGGR+CHP+ADP+RUN-EXT+PW+DLK+SLC+TPE+NWS+,WAIT,55.0,6.08,0,-1,0.00,0.00,27246.00,27246.75,3,14232,14750,0,-8.2,-254.50,-294.50,-82.50,-375.50,153.25,G,4,UNKNOWN,SIGNAL,
2026-04-30 09:59:05,2571,27251.25,27359.39,27240.33,27244.31,51.22,18.25,29.4,0.0,18.0,0.0,18.0,-0.02,-1,0.0,0,0,0.00,0.00,0.00,0.00,,0.0,2,0,35.00,AUTO,,AGGR+CHP+ADP+RUN-EXT+PW+DLK+SLC+TPE+NWS+,WAIT,55.0,5.93,0,-1,0.00,0.00,27247.50,27248.00,2,14364,14810,0,-10.0,-250.50,-290.50,-78.50,-371.50,157.25,G,5,UNKNOWN,BRICK_CLOSE,src=primary color=G streak=5 o=27235.00 c=27251.00 hi=27251.00 lo=27235.00
2026-04-30 09:59:05,2571,27251.25,27359.39,27240.33,27244.31,51.22,18.25,29.4,0.0,21.1,0.0,21.1,-0.02,-1,0.0,0,0,0.00,0.00,0.00,0.00,,0.0,2,0,35.00,AUTO,,AGGR+CHP+ADP+RUN-EXT+PW+DLK+SLC+TPE+NWS+,WAIT,55.0,5.93,0,-1,0.00,0.00,27247.50,27248.00,2,14364,14810,0,-10.0,-250.50,-290.50,-78.50,-371.50,157.25,G,5,UNKNOWN,SIGNAL,
2026-04-30 09:59:05,2572,27255.50,27359.35,27243.96,27245.64,53.58,18.09,28.2,0.0,21.1,0.0,21.1,-0.01,-1,0.0,0,0,0.00,0.00,0.00,0.00,,0.0,2,0,35.00,AUTO,,AGGR+CHP+ADP+RUN-EXT+PW+DLK+SLC+TPE+NWS+,WAIT,55.0,5.74,0,-1,0.00,0.00,27247.50,27248.00,2,14528,14810,0,-9.8,-246.25,-286.25,-74.25,-367.25,161.50,G,6,UNKNOWN,BRICK_CLOSE,src=primary color=G streak=6 o=27239.00 c=27255.00 hi=27255.00 lo=27239.00
2026-04-30 09:59:05,2572,27255.50,27359.34,27243.96,27245.64,53.58,18.09,28.2,0.0,21.0,0.0,21.0,-0.01,-1,0.0,0,0,0.00,0.00,0.00,0.00,,0.0,2,0,35.00,AUTO,,AGGR+CHP+ADP+RUN-EXT+PW+DLK+SLC+TPE+NWS+,WAIT,55.0,5.74,0,-1,0.00,0.00,27247.50,27248.00,2,14528,14810,0,-9.8,-246.25,-286.25,-74.25,-367.25,161.50,G,6,UNKNOWN,SIGNAL,
2026-04-30 09:59:09,2573,27259.25,27359.18,27247.58,27247.17,55.61,17.90,27.4,0.0,21.0,0.0,21.0,0.00,-1,0.0,0,0,0.00,0.00,0.00,0.00,,0.0,2,0,35.00,AUTO,,AGGR+CHP+ADP+RUN-EXT+PW+DLK+SLC+TPE+NWS+,WAIT,55.0,5.58,0,-1,0.00,0.00,27256.75,27257.50,3,14926,15046,1,-8.8,-242.50,-282.50,-70.50,-363.50,165.25,G,7,UNKNOWN,BRICK_CLOSE,src=primary color=G streak=7 o=27243.00 c=27259.00 hi=27259.00 lo=27243.00
2026-04-30 09:59:09,2573,27259.25,27359.18,27247.58,27247.17,55.61,17.90,27.4,67.3,8.0,67.3,8.0,0.00,0,0.0,0,0,0.00,0.00,0.00,0.00,,0.0,2,0,35.00,AUTO,,AGGR+CHP+ADP+RUN-EXT+PW+DLK+SLC+TPE+NWS+,WAIT,55.0,5.58,0,-1,0.00,0.00,27256.75,27257.50,3,14926,15046,1,-8.8,-242.50,-282.50,-70.50,-363.50,165.25,G,7,UNKNOWN,SIGNAL,
2026-04-30 09:59:09,2573,27259.25,27359.18,27247.58,27247.17,55.61,17.90,27.4,67.3,8.0,67.3,8.0,0.00,0,0.0,0,0,0.00,0.00,0.00,0.00,,0.0,2,0,35.00,AUTO,,AGGR+CHP+ADP+RUN-EXT+PW+DLK+SLC+TPE+NWS+,BUY,55.0,5.58,0,-1,0.00,0.00,27256.75,27257.50,3,14926,15046,1,-8.8,-242.50,-282.50,-70.50,-363.50,165.25,G,7,UNKNOWN,BLOCK_NEWS,BUY MKT
2026-04-30 09:59:09,2574,27263.50,27359.15,27251.36,27248.96,57.87,17.77,27.0,67.3,8.0,67.3,8.0,0.00,0,0.0,0,0,0.00,0.00,0.00,0.00,,0.0,2,0,35.00,AUTO,,AGGR+CHP+ADP+RUN-EXT+PW+DLK+SLC+TPE+NWS+,BUY,55.0,5.38,0,-1,0.00,0.00,27256.75,27257.50,3,15040,15046,1,-7.0,-238.25,-278.25,-66.25,-359.25,169.50,G,8,UNKNOWN,BRICK_CLOSE,src=primary color=G streak=8 o=27247.00 c=27263.00 hi=27263.00 lo=27247.00
2026-04-30 09:59:09,2574,27263.50,27359.15,27251.36,27248.96,57.87,17.77,27.0,67.5,8.0,67.5,8.0,0.00,0,0.0,0,0,0.00,0.00,0.00,0.00,,0.0,2,0,35.00,AUTO,,AGGR+CHP+ADP+RUN-EXT+PW+DLK+SLC+TPE+NWS+,BUY,55.0,5.38,0,-1,0.00,0.00,27256.75,27257.50,3,15040,15046,1,-7.0,-238.25,-278.25,-66.25,-359.25,169.50,G,8,UNKNOWN,SIGNAL,
2026-04-30 09:59:09,2574,27263.50,27359.15,27251.36,27248.96,57.87,17.77,27.0,67.5,8.0,67.5,8.0,0.00,0,0.0,0,0,0.00,0.00,0.00,0.00,,0.0,2,0,35.00,AUTO,,AGGR+CHP+ADP+RUN-EXT+PW+DLK+SLC+TPE+NWS+,BUY,55.0,5.38,0,-1,0.00,0.00,27256.75,27257.50,3,15040,15046,1,-7.0,-238.25,-278.25,-66.25,-359.25,169.50,G,8,UNKNOWN,BLOCK_NEWS,BUY MKT
2026-04-30 10:00:35,2575,27267.25,27357.39,27255.10,27250.91,59.80,18.58,24.0,67.5,8.0,67.5,8.0,0.01,0,0.0,0,0,0.00,0.00,0.00,0.00,,0.0,2,0,35.00,AUTO,,AGGR+CHP+ADP+RUN-EXT+PW+DLK+SLC+TPE+NWS+,BUY,55.0,4.85,0,-1,0.00,0.00,27265.50,27266.25,3,18846,18404,1,-7.7,-234.50,-274.50,-62.50,-355.50,173.25,G,9,UNKNOWN,BRICK_CLOSE,src=primary color=G streak=9 o=27251.00 c=27267.00 hi=27267.00 lo=27236.25
2026-04-30 10:00:35,2575,27267.25,27357.38,27255.10,27250.91,59.80,18.58,24.0,67.3,8.0,67.3,8.0,0.01,0,0.0,0,0,0.00,0.00,0.00,0.00,,0.0,2,0,35.00,AUTO,,AGGR+CHP+ADP+RUN-EXT+PW+DLK+SLC+TPE+NWS+,BUY,55.0,4.85,0,-1,0.00,0.00,27265.50,27266.25,3,18846,18404,1,-7.7,-234.50,-274.50,-62.50,-355.50,173.25,G,9,UNKNOWN,SIGNAL,
2026-04-30 10:00:35,2575,27267.25,27357.38,27255.10,27250.91,59.80,18.58,24.0,67.3,8.0,67.3,8.0,0.01,0,0.0,0,0,0.00,0.00,0.00,0.00,,0.0,2,0,35.00,AUTO,,AGGR+CHP+ADP+RUN-EXT+PW+DLK+SLC+TPE+NWS+,BUY,55.0,4.85,0,-1,0.00,0.00,27265.50,27266.25,3,18846,18404,1,-7.7,-234.50,-274.50,-62.50,-355.50,173.25,G,9,UNKNOWN,BLOCK_NEWS,BUY MKT
2026-04-30 10:01:33,2576,27271.25,27356.55,27258.93,27253.07,61.82,18.76,23.0,67.3,8.0,67.3,8.0,0.10,0,0.0,0,0,0.00,0.00,0.00,0.00,,0.0,2,0,35.00,AUTO,,AGGR+CHP+ADP+RUN-EXT+PW+DLK+SLC+TPE+NWS+,BUY,55.0,4.55,0,-1,0.00,0.00,27266.75,27267.50,3,294,240,1,-6.8,-230.50,-270.50,-58.50,-351.50,177.25,G,10,UNKNOWN,BRICK_CLOSE,src=primary color=G streak=10 o=27255.00 c=27271.00 hi=27271.00 lo=27249.25
2026-04-30 10:01:33,2576,27271.25,27356.55,27258.93,27253.07,61.82,18.76,23.0,67.3,8.0,67.3,8.0,0.10,0,0.0,0,0,0.00,0.00,0.00,0.00,,0.0,2,0,35.00,AUTO,,AGGR+CHP+ADP+RUN-EXT+PW+DLK+SLC+TPE+NWS+,BUY,55.0,4.55,0,-1,0.00,0.00,27266.75,27267.50,3,294,240,1,-6.8,-230.50,-270.50,-58.50,-351.50,177.25,G,10,UNKNOWN,SIGNAL,
2026-04-30 10:01:33,2576,27271.25,27356.55,27258.93,27253.07,61.82,18.76,23.0,67.3,8.0,67.3,8.0,0.10,0,0.0,0,0,0.00,0.00,0.00,0.00,,0.0,2,0,35.00,AUTO,,AGGR+CHP+ADP+RUN-EXT+PW+DLK+SLC+TPE+NWS+,BUY,55.0,4.55,0,-1,0.00,0.00,27266.75,27267.50,3,294,240,1,-6.8,-230.50,-270.50,-58.50,-351.50,177.25,G,10,UNKNOWN,BLOCK_NEWS,BUY MKT
2026-04-30 10:01:42,2577,27275.25,27356.44,27262.79,27255.40,63.77,18.54,22.5,67.3,8.0,67.3,8.0,0.11,0,0.0,0,0,0.00,0.00,0.00,0.00,,0.0,2,0,35.00,AUTO,,AGGR+CHP+ADP+RUN-EXT+PW+DLK+SLC+TPE+NWS+,BUY,55.0,4.38,0,-1,0.00,0.00,27275.50,27276.25,3,594,480,1,-6.1,-226.50,-266.50,-54.50,-347.50,181.25,G,11,UNKNOWN,BRICK_CLOSE,src=primary color=G streak=11 o=27259.00 c=27275.00 hi=27275.00 lo=27259.00
2026-04-30 10:01:42,2577,27275.25,27356.44,27262.79,27255.40,63.77,18.54,22.5,35.0,8.0,35.0,8.0,0.11,0,0.0,0,0,0.00,0.00,0.00,0.00,,0.0,2,0,35.00,AUTO,,AGGR+CHP+ADP+RUN-EXT+PW+DLK+SLC+TPE+NWS+,BUY,55.0,4.38,0,-1,0.00,0.00,27275.50,27276.25,3,594,480,1,-6.1,-226.50,-266.50,-54.50,-347.50,181.25,G,11,UNKNOWN,SIGNAL,
2026-04-30 10:01:53,2578,27279.50,27356.31,27266.74,27257.90,65.78,18.36,22.4,35.0,8.0,35.0,8.0,0.05,0,0.0,0,0,0.00,0.00,0.00,0.00,,0.0,2,0,35.00,AUTO,,AGGR+CHP+ADP+RUN-EXT+PW+DLK+SLC+TPE+NWS+,WAIT,55.0,4.18,0,-1,0.00,0.00,27283.00,27283.75,3,910,826,1,-5.3,-222.25,-262.25,-50.25,-343.25,185.50,G,12,UNKNOWN,BRICK_CLOSE,src=primary color=G streak=12 o=27263.00 c=27279.00 hi=27279.00 lo=27263.00
2026-04-30 10:01:53,2578,27279.50,27356.31,27266.74,27257.90,65.78,18.36,22.4,35.0,8.0,35.0,8.0,0.05,0,0.0,0,0,0.00,0.00,0.00,0.00,,0.0,2,0,35.00,AUTO,,AGGR+CHP+ADP+RUN-EXT+PW+DLK+SLC+TPE+NWS+,WAIT,55.0,4.18,0,-1,0.00,0.00,27283.00,27283.75,3,910,826,1,-5.3,-222.25,-262.25,-50.25,-343.25,185.50,G,12,UNKNOWN,SIGNAL,
2026-04-30 10:01:53,2579,27283.25,27356.28,27270.60,27260.49,67.49,18.16,22.6,35.0,8.0,35.0,8.0,0.08,0,0.0,0,0,0.00,0.00,0.00,0.00,,0.0,2,0,35.00,AUTO,,AGGR+CHP+ADP+RUN-EXT+PW+DLK+SLC+TPE+NWS+,WAIT,55.0,4.02,0,-1,0.00,0.00,27283.00,27283.75,3,1004,852,1,-3.2,-218.50,-258.50,-46.50,-339.50,189.25,G,13,UNKNOWN,BRICK_CLOSE,src=primary color=G streak=13 o=27267.00 c=27283.00 hi=27283.00 lo=27267.00
2026-04-30 10:01:53,2579,27283.25,27356.28,27270.60,27260.49,67.49,18.16,22.6,35.0,8.0,35.0,8.0,0.08,0,0.0,0,0,0.00,0.00,0.00,0.00,,0.0,2,0,35.00,AUTO,,AGGR+CHP+ADP+RUN-EXT+PW+DLK+SLC+TPE+NWS+,WAIT,55.0,4.02,0,-1,0.00,0.00,27283.00,27283.75,3,1004,852,1,-3.2,-218.50,-258.50,-46.50,-339.50,189.25,G,13,UNKNOWN,SIGNAL,
2026-04-30 10:02:17,2580,27287.25,27355.99,27274.53,27263.24,69.26,17.98,23.2,35.0,8.0,35.0,8.0,0.03,0,0.0,0,0,0.00,0.00,0.00,0.00,,0.0,2,0,35.00,AUTO,,AGGR+CHP+ADP+RUN-EXT+PW+DLK+SLC+TPE+NWS+,WAIT,55.0,3.82,0,-1,0.00,0.00,27290.00,27290.75,3,1806,1684,1,-1.2,-214.50,-254.50,-42.50,-335.50,193.25,G,14,UNKNOWN,BRICK_CLOSE,src=primary color=G streak=14 o=27271.00 c=27287.00 hi=27287.00 lo=27271.00
2026-04-30 10:02:17,2580,27287.25,27355.99,27274.53,27263.24,69.26,17.98,23.2,45.5,8.0,45.5,8.0,0.03,0,0.0,0,0,0.00,0.00,0.00,0.00,,0.0,2,0,35.00,AUTO,,AGGR+CHP+ADP+RUN-EXT+PW+DLK+SLC+TPE+NWS+,WAIT,55.0,3.82,0,-1,0.00,0.00,27290.00,27290.75,3,1806,1684,1,-1.2,-214.50,-254.50,-42.50,-335.50,193.25,G,14,UNKNOWN,SIGNAL,
2026-04-30 10:02:17,2581,27291.25,27355.96,27278.47,27266.09,70.95,17.82,24.0,45.5,8.0,45.5,8.0,0.07,0,0.0,0,0,0.00,0.00,0.00,0.00,,0.0,2,0,35.00,AUTO,,AGGR+CHP+ADP+RUN-EXT+PW+DLK+SLC+TPE+NWS+,WAIT,55.0,3.63,0,-1,0.00,0.00,27290.00,27290.75,3,1962,1712,1,0.6,-210.50,-250.50,-38.50,-331.50,197.25,G,15,UNKNOWN,BRICK_CLOSE,src=primary color=G streak=15 o=27275.00 c=27291.00 hi=27291.00 lo=27275.00
2026-04-30 10:02:17,2581,27291.25,27355.96,27278.47,27266.09,70.95,17.82,24.0,35.0,8.0,35.0,8.0,0.07,0,0.0,0,0,0.00,0.00,0.00,0.00,,0.0,2,0,35.00,AUTO,,AGGR+CHP+ADP+RUN-EXT+PW+DLK+SLC+TPE+NWS+,WAIT,55.0,3.63,0,-1,0.00,0.00,27290.00,27290.75,3,1962,1712,1,0.6,-210.50,-250.50,-38.50,-331.50,197.25,G,15,UNKNOWN,SIGNAL,
2026-04-30 10:02:21,2582,27295.25,27355.89,27282.43,27269.05,72.58,17.67,25.0,35.0,8.0,35.0,8.0,0.10,0,0.0,0,0,0.00,0.00,0.00,0.00,,0.0,2,0,35.00,AUTO,,AGGR+CHP+ADP+RUN-EXT+PW+DLK+SLC+TPE+NWS+,WAIT,55.0,3.43,0,-1,0.00,0.00,27297.00,27297.50,2,2288,1884,1,2.2,-206.50,-246.50,-34.50,-327.50,201.25,G,16,UNKNOWN,BRICK_CLOSE,src=primary color=G streak=16 o=27279.00 c=27295.00 hi=27295.00 lo=27279.00
2026-04-30 10:02:21,2582,27295.25,27355.88,27282.43,27269.05,72.58,17.67,25.0,35.0,8.0,35.0,8.0,0.10,0,0.0,0,0,0.00,0.00,0.00,0.00,,0.0,2,0,35.00,AUTO,,AGGR+CHP+ADP+RUN-EXT+PW+DLK+SLC+TPE+NWS+,WAIT,55.0,3.43,0,-1,0.00,0.00,27297.00,27297.50,2,2288,1884,1,2.2,-206.50,-246.50,-34.50,-327.50,201.25,G,16,UNKNOWN,SIGNAL,
2026-04-30 10:02:22,2583,27299.25,27355.86,27286.39,27272.11,74.15,17.54,26.3,35.0,8.0,35.0,8.0,0.11,0,0.0,0,0,0.00,0.00,0.00,0.00,,0.0,2,0,35.00,AUTO,,AGGR+CHP+ADP+RUN-EXT+PW+DLK+SLC+TPE+NWS+,WAIT,55.0,3.23,0,-1,0.00,0.00,27299.50,27300.25,3,2420,1952,1,3.6,-202.50,-242.50,-30.50,-323.50,205.25,G,17,UNKNOWN,BRICK_CLOSE,src=primary color=G streak=17 o=27283.00 c=27299.00 hi=27299.00 lo=27283.00
2026-04-30 10:02:22,2583,27299.25,27355.86,27286.39,27272.11,74.15,17.54,26.3,35.0,8.0,35.0,8.0,0.11,0,0.0,0,0,0.00,0.00,0.00,0.00,,0.0,2,0,35.00,AUTO,,AGGR+CHP+ADP+RUN-EXT+PW+DLK+SLC+TPE+NWS+,WAIT,55.0,3.23,0,-1,0.00,0.00,27299.50,27300.25,3,2420,1952,1,3.6,-202.50,-242.50,-30.50,-323.50,205.25,G,17,UNKNOWN,SIGNAL,
2026-04-30 10:06:05,2584,27270.75,27353.77,27278.74,27269.65,51.66,18.47,23.9,35.0,8.0,35.0,8.0,0.00,0,0.0,0,0,0.00,0.00,0.00,0.00,,0.0,2,0,35.00,AUTO,,AGGR+CHP+ADP+RUN-EXT+PW+DLK+SLC+TPE+NWS+,WAIT,55.0,4.50,0,-1,0.00,0.00,27274.75,27275.50,3,8280,8312,0,1.0,-231.00,-271.00,-59.00,-352.00,176.75,R,1,UNKNOWN,BRICK_CLOSE,src=primary color=R streak=1 o=27287.00 c=27271.00 hi=27303.00 lo=27271.00
2026-04-30 10:06:05,2584,27270.75,27353.77,27278.74,27269.65,51.66,18.47,23.9,35.0,8.0,35.0,8.0,0.00,0,0.0,0,0,0.00,0.00,0.00,0.00,,0.0,2,0,35.00,AUTO,,AGGR+CHP+ADP+RUN-EXT+PW+DLK+SLC+TPE+NWS+,WAIT,55.0,4.50,0,-1,0.00,0.00,27274.75,27275.50,3,8280,8312,0,1.0,-231.00,-271.00,-59.00,-352.00,176.75,R,1,UNKNOWN,RUN_END,color=G len=17 pts=52.0 maxFav=80.0 durSec=434 startPx=27219.00 endPx=27271.00
2026-04-30 10:06:05,2584,27270.75,27353.77,27278.74,27269.65,51.66,18.47,23.9,0.0,19.8,0.0,19.8,0.00,0,0.0,0,0,0.00,0.00,0.00,0.00,,0.0,2,0,35.00,AUTO,,AGGR+CHP+ADP+RUN-EXT+PW+DLK+SLC+TPE+NWS+,WAIT,55.0,4.50,0,-1,0.00,0.00,27274.75,27275.50,3,8280,8312,0,1.0,-231.00,-271.00,-59.00,-352.00,176.75,R,1,UNKNOWN,SIGNAL,
2026-04-30 10:06:05,2584,27270.75,27353.77,27278.74,27269.65,51.66,18.47,23.9,0.0,19.8,0.0,19.8,0.00,0,0.0,0,0,0.00,0.00,0.00,0.00,,0.0,2,0,35.00,AUTO,,AGGR+CHP+ADP+RUN-EXT+PW+DLK+SLC+TPE+NWS+,WAIT,55.0,4.50,0,-1,0.00,0.00,27274.75,27275.50,3,8280,8312,0,1.0,-231.00,-271.00,-59.00,-352.00,176.75,R,1,UNKNOWN,SWEEP_BOOST,bull=False bear=True lookback=30
2026-04-30 10:06:47,2585,27299.25,27353.43,27287.37,27274.68,63.67,19.10,23.2,0.0,19.8,0.0,19.8,0.02,0,0.0,0,0,0.00,0.00,0.00,0.00,,0.0,2,0,35.00,AUTO,,AGGR+CHP+ADP+RUN-EXT+PW+DLK+SLC+TPE+NWS+,WAIT,55.0,2.84,0,-1,0.00,0.00,27297.75,27298.50,3,9620,9290,1,-0.2,-202.50,-242.50,-30.50,-323.50,205.25,G,1,UNKNOWN,BRICK_CLOSE,src=primary color=G streak=1 o=27283.00 c=27299.00 hi=27299.00 lo=27270.50
2026-04-30 10:06:47,2585,27299.25,27353.43,27287.37,27274.68,63.67,19.10,23.2,0.0,19.8,0.0,19.8,0.02,0,0.0,0,0,0.00,0.00,0.00,0.00,,0.0,2,0,35.00,AUTO,,AGGR+CHP+ADP+RUN-EXT+PW+DLK+SLC+TPE+NWS+,WAIT,55.0,2.84,0,-1,0.00,0.00,27297.75,27298.50,3,9620,9290,1,-0.2,-202.50,-242.50,-30.50,-323.50,205.25,G,1,UNKNOWN,RUN_END,color=R len=1 pts=12.0 maxFav=0.0 durSec=43 startPx=27287.00 endPx=27299.00
2026-04-30 10:06:47,2585,27299.25,27353.43,27287.37,27274.68,63.67,19.10,23.2,57.3,18.0,57.3,18.0,0.02,0,0.0,0,0,0.00,0.00,0.00,0.00,,0.0,2,0,35.00,AUTO,,AGGR+CHP+ADP+RUN-EXT+PW+DLK+SLC+TPE+NWS+,WAIT,55.0,2.84,0,-1,0.00,0.00,27297.75,27298.50,3,9620,9290,1,-0.2,-202.50,-242.50,-30.50,-323.50,205.25,G,1,UNKNOWN,SIGNAL,
2026-04-30 10:06:47,2585,27299.25,27353.43,27287.37,27274.68,63.67,19.10,23.2,57.3,18.0,57.3,18.0,0.02,0,0.0,0,0,0.00,0.00,0.00,0.00,,0.0,2,0,35.00,AUTO,,AGGR+CHP+ADP+RUN-EXT+PW+DLK+SLC+TPE+NWS+,BUY,55.0,2.84,0,-1,0.00,0.00,27297.75,27298.50,3,9620,9290,1,-0.2,-202.50,-242.50,-30.50,-323.50,205.25,G,1,UNKNOWN,BLOCK_AUTO,side=L reason=htfBlockL bull=57.3 effMin=55.0 tc=False
2026-04-30 10:06:52,2586,27270.50,27353.18,27279.47,27271.96,50.14,19.81,22.9,57.3,18.0,57.3,18.0,-0.02,0,0.0,0,0,0.00,0.00,0.00,0.00,,0.0,2,0,35.00,AUTO,,AGGR+CHP+ADP+RUN-EXT+PW+DLK+SLC+TPE+NWS+,BUY,55.0,4.17,0,-1,0.00,0.00,27273.50,27274.50,4,9950,10454,0,-1.4,-231.25,-271.25,-59.25,-352.25,176.50,R,1,UNKNOWN,BRICK_CLOSE,src=primary color=R streak=1 o=27287.00 c=27271.00 hi=27301.00 lo=27271.00
2026-04-30 10:06:52,2586,27270.50,27353.18,27279.47,27271.96,50.14,19.81,22.9,57.3,18.0,57.3,18.0,-0.02,0,0.0,0,0,0.00,0.00,0.00,0.00,,0.0,2,0,35.00,AUTO,,AGGR+CHP+ADP+RUN-EXT+PW+DLK+SLC+TPE+NWS+,BUY,55.0,4.17,0,-1,0.00,0.00,27273.50,27274.50,4,9950,10454,0,-1.4,-231.25,-271.25,-59.25,-352.25,176.50,R,1,UNKNOWN,RUN_END,color=G len=1 pts=12.0 maxFav=0.0 durSec=4 startPx=27283.00 endPx=27271.00
2026-04-30 10:06:52,2586,27270.50,27353.18,27279.47,27271.96,50.14,19.81,22.9,0.0,33.2,0.0,33.2,-0.02,0,0.0,0,0,0.00,0.00,0.00,0.00,,0.0,2,0,35.00,AUTO,,AGGR+CHP+ADP+RUN-EXT+PW+DLK+SLC+TPE+NWS+,BUY,55.0,4.17,0,-1,0.00,0.00,27273.50,27274.50,4,9950,10454,0,-1.4,-231.25,-271.25,-59.25,-352.25,176.50,R,1,UNKNOWN,SIGNAL,
2026-04-30 10:06:55,2587,27266.50,27353.05,27276.32,27271.18,48.57,19.52,21.5,0.0,33.2,0.0,33.2,-0.03,0,0.0,0,0,0.00,0.00,0.00,0.00,,0.0,2,0,35.00,AUTO,,AGGR+CHP+ADP+RUN-EXT+PW+DLK+SLC+TPE+NWS+,WAIT,55.0,4.43,0,-1,0.00,0.00,27268.50,27269.50,4,10204,10938,0,-3.8,-235.25,-275.25,-63.25,-356.25,172.50,R,2,UNKNOWN,BRICK_CLOSE,src=primary color=R streak=2 o=27283.00 c=27267.00 hi=27283.00 lo=27267.00
2026-04-30 10:06:55,2587,27266.50,27353.05,27276.32,27271.18,48.57,19.52,21.5,0.0,33.2,0.0,33.2,-0.03,0,0.0,0,0,0.00,0.00,0.00,0.00,,0.0,2,0,35.00,AUTO,,AGGR+CHP+ADP+RUN-EXT+PW+DLK+SLC+TPE+NWS+,WAIT,55.0,4.43,0,-1,0.00,0.00,27268.50,27269.50,4,10204,10938,0,-3.8,-235.25,-275.25,-63.25,-356.25,172.50,R,2,CHOP,REGIME_CHANGE,from=UNKNOWN to=CHOP adx=21.5 slope=-3.82 atr/avg=1.03 eStack=0 distVwapAtr=-4.43 nr=Rx2 flips4=2
2026-04-30 10:06:55,2587,27266.50,27353.05,27276.32,27271.18,48.57,19.52,21.5,0.0,30.5,0.0,30.5,-0.03,0,0.0,0,0,0.00,0.00,0.00,0.00,,0.0,2,0,35.00,AUTO,,AGGR+CHP+ADP+RUN-EXT+PW+DLK+SLC+TPE+NWS+,WAIT,55.0,4.43,0,-1,0.00,0.00,27268.50,27269.50,4,10204,10938,0,-3.8,-235.25,-275.25,-63.25,-356.25,172.50,R,2,CHOP,SIGNAL,
2026-04-30 10:06:57,2588,27262.75,27352.99,27273.04,27270.12,47.09,19.23,19.7,0.0,30.5,0.0,30.5,-0.04,0,0.0,0,0,0.00,0.00,0.00,0.00,,0.0,2,0,35.00,AUTO,,AGGR+CHP+ADP+RUN-EXT+PW+DLK+SLC+TPE+NWS+,WAIT,55.0,4.69,0,-1,0.00,0.00,27260.50,27261.50,4,10294,11154,0,-4.9,-239.00,-279.00,-67.00,-360.00,168.75,R,3,CHOP,BRICK_CLOSE,src=primary color=R streak=3 o=27279.00 c=27263.00 hi=27279.00 lo=27263.00
2026-04-30 10:06:57,2588,27262.75,27352.99,27273.04,27270.12,47.09,19.23,19.7,0.0,30.5,0.0,30.5,-0.04,0,0.0,0,0,0.00,0.00,0.00,0.00,,0.0,2,0,35.00,AUTO,,AGGR+CHP+ADP+RUN-EXT+PW+DLK+SLC+TPE+NWS+,WAIT,55.0,4.69,0,-1,0.00,0.00,27260.50,27261.50,4,10294,11154,0,-4.9,-239.00,-279.00,-67.00,-360.00,168.75,R,3,UNKNOWN,REGIME_CHANGE,from=CHOP to=UNKNOWN adx=19.7 slope=-4.87 atr/avg=1.02 eStack=0 distVwapAtr=-4.69 nr=Rx3 flips4=1
2026-04-30 10:06:57,2588,27262.75,27352.99,27273.04,27270.12,47.09,19.23,19.7,0.0,15.5,0.0,15.5,-0.04,0,0.0,0,0,0.00,0.00,0.00,0.00,,0.0,2,0,35.00,AUTO,,AGGR+CHP+ADP+RUN-EXT+PW+DLK+SLC+TPE+NWS+,WAIT,55.0,4.69,0,-1,0.00,0.00,27260.50,27261.50,4,10294,11154,0,-4.9,-239.00,-279.00,-67.00,-360.00,168.75,R,3,UNKNOWN,SIGNAL,
2026-04-30 10:06:58,2589,27258.75,27352.95,27269.59,27268.78,45.50,18.98,18.7,0.0,15.5,0.0,15.5,-0.05,0,0.0,0,0,0.00,0.00,0.00,0.00,,0.0,2,0,35.00,AUTO,,AGGR+CHP+ADP+RUN-EXT+PW+DLK+SLC+TPE+NWS+,WAIT,55.0,4.96,0,-1,0.00,0.00,27258.25,27259.00,3,10324,11332,0,-5.2,-243.00,-283.00,-71.00,-364.00,164.75,R,4,UNKNOWN,BRICK_CLOSE,src=primary color=R streak=4 o=27275.00 c=27259.00 hi=27275.00 lo=27259.00
2026-04-30 10:06:58,2589,27258.75,27352.95,27269.59,27268.78,45.50,18.98,18.7,0.0,15.5,0.0,15.5,-0.05,0,0.0,0,0,0.00,0.00,0.00,0.00,,0.0,2,0,35.00,AUTO,,AGGR+CHP+ADP+RUN-EXT+PW+DLK+SLC+TPE+NWS+,WAIT,55.0,4.96,0,-1,0.00,0.00,27258.25,27259.00,3,10324,11332,0,-5.2,-243.00,-283.00,-71.00,-364.00,164.75,R,4,UNKNOWN,SIGNAL,
2026-04-30 10:07:02,2590,27254.25,27352.79,27265.92,27267.15,43.70,18.78,18.5,0.0,15.5,0.0,15.5,-0.05,0,0.0,0,0,0.00,0.00,0.00,0.00,,0.0,2,0,35.00,AUTO,,AGGR+CHP+ADP+RUN-EXT+PW+DLK+SLC+TPE+NWS+,WAIT,55.0,5.25,0,-1,0.00,0.00,27257.75,27258.50,3,10656,11760,-1,-4.9,-247.50,-287.50,-75.50,-368.50,160.25,R,5,UNKNOWN,BRICK_CLOSE,src=primary color=R streak=5 o=27271.00 c=27255.00 hi=27271.00 lo=27255.00
2026-04-30 10:07:02,2590,27254.25,27352.79,27265.92,27267.15,43.70,18.78,18.5,0.0,98.5,0.0,98.5,-0.05,-1,0.0,0,0,0.00,0.00,0.00,0.00,,0.0,2,0,35.00,AUTO,,AGGR+CHP+ADP+RUN-EXT+PW+DLK+SLC+TPE+NWS+,WAIT,55.0,5.25,0,-1,0.00,0.00,27257.75,27258.50,3,10656,11760,-1,-4.9,-247.50,-287.50,-75.50,-368.50,160.25,R,5,UNKNOWN,SIGNAL,
2026-04-30 10:07:02,2590,27254.25,27352.79,27265.92,27267.15,43.70,18.78,18.5,0.0,98.5,0.0,98.5,-0.05,-1,0.0,0,0,0.00,0.00,0.00,0.00,,0.0,2,0,35.00,AUTO,,AGGR+CHP+ADP+RUN-EXT+PW+DLK+SLC+TPE+NWS+,STRONG_SELL,55.0,5.25,0,-1,0.00,0.00,27257.75,27258.50,3,10656,11760,-1,-4.9,-247.50,-287.50,-75.50,-368.50,160.25,R,5,UNKNOWN,BLOCK_CHOP,EMA gap 1.23 < 5.64 (ADX 18.5)
2026-04-30 10:08:12,2591,27250.75,27351.92,27262.36,27265.39,42.31,19.20,16.5,0.0,98.5,0.0,98.5,-0.30,-1,0.0,0,0,0.00,0.00,0.00,0.00,,0.0,2,0,35.00,AUTO,,AGGR+CHP+ADP+RUN-EXT+PW+DLK+SLC+TPE+NWS+,STRONG_SELL,55.0,5.27,0,-1,0.00,0.00,27250.75,27251.25,2,386,714,-1,-5.9,-251.00,-291.00,-79.00,-372.00,156.75,R,6,UNKNOWN,BRICK_CLOSE,src=primary color=R streak=6 o=27267.00 c=27251.00 hi=27277.00 lo=27251.00
2026-04-30 10:08:12,2591,27250.75,27351.92,27262.36,27265.39,42.31,19.20,16.5,0.0,120.0,0.0,120.0,-0.30,-1,0.0,0,0,0.00,0.00,0.00,0.00,,0.0,2,0,35.00,AUTO,,AGGR+CHP+ADP+RUN-EXT+PW+DLK+SLC+TPE+NWS+,STRONG_SELL,55.0,5.27,0,-1,0.00,0.00,27250.75,27251.25,2,386,714,-1,-5.9,-251.00,-291.00,-79.00,-372.00,156.75,R,6,UNKNOWN,SIGNAL,
2026-04-30 10:08:12,2591,27250.75,27351.92,27262.36,27265.39,42.31,19.20,16.5,0.0,120.0,0.0,120.0,-0.30,-1,0.0,0,0,0.00,0.00,0.00,0.00,,0.0,2,0,35.00,AUTO,,AGGR+CHP+ADP+RUN-EXT+PW+DLK+SLC+TPE+NWS+,STRONG_SELL,55.0,5.27,0,-1,0.00,0.00,27250.75,27251.25,2,386,714,-1,-5.9,-251.00,-291.00,-79.00,-372.00,156.75,R,6,UNKNOWN,BLOCK_CHOP,ADX<18 falling 3b (16.5)
2026-04-30 10:08:16,2592,27246.75,27351.73,27258.64,27263.38,40.71,18.95,16.2,0.0,120.0,0.0,120.0,-0.17,-1,0.0,0,0,0.00,0.00,0.00,0.00,,0.0,2,0,35.00,AUTO,,AGGR+CHP+ADP+RUN-EXT+PW+DLK+SLC+TPE+NWS+,STRONG_SELL,55.0,5.54,0,-1,0.00,0.00,27245.00,27245.75,3,806,1126,-1,-4.9,-255.00,-295.00,-83.00,-376.00,152.75,R,7,UNKNOWN,BRICK_CLOSE,src=primary color=R streak=7 o=27263.00 c=27247.00 hi=27263.00 lo=27247.00
2026-04-30 10:08:16,2592,27246.75,27351.73,27258.64,27263.38,40.71,18.95,16.2,0.0,88.5,0.0,88.5,-0.17,-1,0.0,0,0,0.00,0.00,0.00,0.00,,0.0,2,0,35.00,AUTO,,AGGR+CHP+ADP+RUN-EXT+PW+DLK+SLC+TPE+NWS+,STRONG_SELL,55.0,5.54,0,-1,0.00,0.00,27245.00,27245.75,3,806,1126,-1,-4.9,-255.00,-295.00,-83.00,-376.00,152.75,R,7,UNKNOWN,SIGNAL,
2026-04-30 10:08:16,2592,27246.75,27351.73,27258.64,27263.38,40.71,18.95,16.2,0.0,88.5,0.0,88.5,-0.17,-1,0.0,0,0,0.00,0.00,0.00,0.00,,0.0,2,0,35.00,AUTO,,AGGR+CHP+ADP+RUN-EXT+PW+DLK+SLC+TPE+NWS+,STRONG_SELL,55.0,5.54,0,-1,0.00,0.00,27245.00,27245.75,3,806,1126,-1,-4.9,-255.00,-295.00,-83.00,-376.00,152.75,R,7,UNKNOWN,BLOCK_CHOP,ADX<18 falling 3b (16.2)
2026-04-30 10:08:17,2593,27242.75,27351.60,27254.86,27261.20,39.12,18.72,16.2,0.0,88.5,0.0,88.5,-0.09,-1,0.0,0,0,0.00,0.00,0.00,0.00,,0.0,2,0,35.00,AUTO,,AGGR+CHP+ADP+RUN-EXT+PW+DLK+SLC+TPE+NWS+,STRONG_SELL,55.0,5.82,0,-1,0.00,0.00,27239.75,27240.00,1,1136,1356,-1,-3.5,-259.00,-299.00,-87.00,-380.00,148.75,R,8,UNKNOWN,BRICK_CLOSE,src=primary color=R streak=8 o=27259.00 c=27243.00 hi=27259.00 lo=27243.00
2026-04-30 10:08:17,2593,27242.75,27351.60,27254.86,27261.20,39.12,18.72,16.2,0.0,88.5,0.0,88.5,-0.09,-1,0.0,0,0,0.00,0.00,0.00,0.00,,0.0,2,0,35.00,AUTO,,AGGR+CHP+ADP+RUN-EXT+PW+DLK+SLC+TPE+NWS+,STRONG_SELL,55.0,5.82,0,-1,0.00,0.00,27239.75,27240.00,1,1136,1356,-1,-3.5,-259.00,-299.00,-87.00,-380.00,148.75,R,8,UNKNOWN,SIGNAL,
2026-04-30 10:08:17,2593,27242.75,27351.60,27254.86,27261.20,39.12,18.72,16.2,0.0,88.5,0.0,88.5,-0.09,-1,0.0,0,0,0.00,0.00,0.00,0.00,,0.0,2,0,35.00,AUTO,,AGGR+CHP+ADP+RUN-EXT+PW+DLK+SLC+TPE+NWS+,STRONG_SELL,55.0,5.82,0,-1,0.00,0.00,27239.75,27240.00,1,1136,1356,-1,-3.5,-259.00,-299.00,-87.00,-380.00,148.75,R,8,UNKNOWN,BLOCK_CHOP,ADX<18 falling 3b (16.2)
2026-04-30 10:08:18,2594,27238.50,27351.57,27250.99,27258.82,37.44,18.52,16.7,0.0,88.5,0.0,88.5,-0.11,-1,0.0,0,0,0.00,0.00,0.00,0.00,,0.0,2,0,35.00,AUTO,,AGGR+CHP+ADP+RUN-EXT+PW+DLK+SLC+TPE+NWS+,STRONG_SELL,55.0,6.10,0,-1,0.00,0.00,27237.50,27238.00,2,1174,1456,-1,-2.3,-263.25,-303.25,-91.25,-384.25,144.50,R,9,UNKNOWN,BRICK_CLOSE,src=primary color=R streak=9 o=27255.00 c=27239.00 hi=27255.00 lo=27239.00
2026-04-30 10:08:18,2594,27238.50,27351.57,27250.99,27258.82,37.44,18.52,16.7,0.0,73.5,0.0,73.5,-0.11,-1,0.0,0,0,0.00,0.00,0.00,0.00,,0.0,2,0,35.00,AUTO,,AGGR+CHP+ADP+RUN-EXT+PW+DLK+SLC+TPE+NWS+,STRONG_SELL,55.0,6.10,0,-1,0.00,0.00,27237.50,27238.00,2,1174,1456,-1,-2.3,-263.25,-303.25,-91.25,-384.25,144.50,R,9,UNKNOWN,SIGNAL,
2026-04-30 10:08:18,2594,27238.50,27351.57,27250.99,27258.82,37.44,18.52,16.7,0.0,73.5,0.0,73.5,-0.11,-1,0.0,0,0,0.00,0.00,0.00,0.00,,0.0,2,0,35.00,AUTO,,AGGR+CHP+ADP+RUN-EXT+PW+DLK+SLC+TPE+NWS+,SELL,55.0,6.10,0,-1,0.00,0.00,27237.50,27238.00,2,1174,1456,-1,-2.3,-263.25,-303.25,-91.25,-384.25,144.50,R,9,UNKNOWN,BLOCK_CHOP,range 12.50 < 18.52 over 5b (ADX 16.7)
2026-04-30 10:08:19,2595,27234.75,27351.53,27247.18,27256.35,35.98,18.31,17.5,0.0,73.5,0.0,73.5,-0.11,-1,0.0,0,0,0.00,0.00,0.00,0.00,,0.0,2,0,35.00,AUTO,,AGGR+CHP+ADP+RUN-EXT+PW+DLK+SLC+TPE+NWS+,SELL,55.0,6.38,0,-1,0.00,0.00,27229.00,27229.75,3,1238,1554,-1,-0.2,-267.00,-307.00,-95.00,-388.00,140.75,R,10,UNKNOWN,BRICK_CLOSE,src=primary color=R streak=10 o=27251.00 c=27235.00 hi=27251.00 lo=27235.00
2026-04-30 10:08:19,2595,27234.75,27351.53,27247.18,27256.35,35.98,18.31,17.5,0.0,73.5,0.0,73.5,-0.11,-1,0.0,0,0,0.00,0.00,0.00,0.00,,0.0,2,0,35.00,AUTO,,AGGR+CHP+ADP+RUN-EXT+PW+DLK+SLC+TPE+NWS+,SELL,55.0,6.38,0,-1,0.00,0.00,27229.00,27229.75,3,1238,1554,-1,-0.2,-267.00,-307.00,-95.00,-388.00,140.75,R,10,UNKNOWN,SIGNAL,
2026-04-30 10:08:19,2595,27234.75,27351.53,27247.18,27256.35,35.98,18.31,17.5,0.0,73.5,0.0,73.5,-0.11,-1,0.0,0,0,0.00,0.00,0.00,0.00,,0.0,2,0,35.00,AUTO,,AGGR+CHP+ADP+RUN-EXT+PW+DLK+SLC+TPE+NWS+,SELL,55.0,6.38,0,-1,0.00,0.00,27229.00,27229.75,3,1238,1554,-1,-0.2,-267.00,-307.00,-95.00,-388.00,140.75,R,10,UNKNOWN,TREND_CHASE_FIRE,dir=-1 adx=17.5 streak=10 bear=73.5
2026-04-30 10:08:19,2595,27234.75,27351.53,27247.18,27256.35,35.98,18.31,17.5,0.0,73.5,0.0,73.5,-0.11,-1,0.0,0,0,0.00,0.00,0.00,0.00,,0.0,2,0,35.00,AUTO,,AGGR+CHP+ADP+RUN-EXT+PW+DLK+SLC+TPE+NWS+,SELL,55.0,6.38,0,-1,0.00,0.00,27229.00,27229.75,3,1238,1554,-1,-0.2,-267.00,-307.00,-95.00,-388.00,140.75,R,10,UNKNOWN,BLOCK_SL_CLUSTER,cooldown_remaining_sec=418
2026-04-30 10:08:19,2596,27230.75,27351.50,27243.30,27253.71,34.44,18.12,18.6,0.0,73.5,0.0,73.5,-0.11,-1,0.0,0,0,0.00,0.00,0.00,0.00,,0.0,2,0,35.00,AUTO,,AGGR+CHP+ADP+RUN-EXT+PW+DLK+SLC+TPE+NWS+,SELL,55.0,6.66,0,-1,0.00,0.00,27229.00,27229.75,3,1280,1608,-1,1.7,-271.00,-311.00,-99.00,-392.00,136.75,R,11,UNKNOWN,BRICK_CLOSE,src=primary color=R streak=11 o=27247.00 c=27231.00 hi=27247.00 lo=27231.00
2026-04-30 10:08:19,2596,27230.75,27351.50,27243.30,27253.71,34.44,18.12,18.6,0.0,73.5,0.0,73.5,-0.11,-1,0.0,0,0,0.00,0.00,0.00,0.00,,0.0,2,0,35.00,AUTO,,AGGR+CHP+ADP+RUN-EXT+PW+DLK+SLC+TPE+NWS+,SELL,55.0,6.66,0,-1,0.00,0.00,27229.00,27229.75,3,1280,1608,-1,1.7,-271.00,-311.00,-99.00,-392.00,136.75,R,11,UNKNOWN,SIGNAL,
2026-04-30 10:08:19,2596,27230.75,27351.50,27243.30,27253.71,34.44,18.12,18.6,0.0,73.5,0.0,73.5,-0.11,-1,0.0,0,0,0.00,0.00,0.00,0.00,,0.0,2,0,35.00,AUTO,,AGGR+CHP+ADP+RUN-EXT+PW+DLK+SLC+TPE+NWS+,SELL,55.0,6.66,0,-1,0.00,0.00,27229.00,27229.75,3,1280,1608,-1,1.7,-271.00,-311.00,-99.00,-392.00,136.75,R,11,UNKNOWN,TREND_CHASE_FIRE,dir=-1 adx=18.6 streak=11 bear=73.5
2026-04-30 10:08:19,2596,27230.75,27351.50,27243.30,27253.71,34.44,18.12,18.6,0.0,73.5,0.0,73.5,-0.11,-1,0.0,0,0,0.00,0.00,0.00,0.00,,0.0,2,0,35.00,AUTO,,AGGR+CHP+ADP+RUN-EXT+PW+DLK+SLC+TPE+NWS+,SELL,55.0,6.66,0,-1,0.00,0.00,27229.00,27229.75,3,1280,1608,-1,1.7,-271.00,-311.00,-99.00,-392.00,136.75,R,11,UNKNOWN,BLOCK_SL_CLUSTER,cooldown_remaining_sec=418
2026-04-30 10:08:30,2597,27226.75,27351.22,27239.39,27250.95,32.91,17.95,19.9,0.0,73.5,0.0,73.5,-0.12,-1,0.0,0,0,0.00,0.00,0.00,0.00,,0.0,2,0,35.00,AUTO,,AGGR+CHP+ADP+RUN-EXT+PW+DLK+SLC+TPE+NWS+,SELL,55.0,6.93,0,-1,0.00,0.00,27229.25,27230.00,3,1734,2206,-1,3.4,-275.00,-315.00,-103.00,-396.00,132.75,R,12,UNKNOWN,BRICK_CLOSE,src=primary color=R streak=12 o=27243.00 c=27227.00 hi=27243.00 lo=27227.00
2026-04-30 10:08:30,2597,27226.75,27351.22,27239.39,27250.95,32.91,17.95,19.9,0.0,101.5,0.0,101.5,-0.12,-1,0.0,0,0,0.00,0.00,0.00,0.00,,0.0,2,0,35.00,AUTO,,AGGR+CHP+ADP+RUN-EXT+PW+DLK+SLC+TPE+NWS+,SELL,55.0,6.93,0,-1,0.00,0.00,27229.25,27230.00,3,1734,2206,-1,3.4,-275.00,-315.00,-103.00,-396.00,132.75,R,12,UNKNOWN,SIGNAL,
2026-04-30 10:08:30,2597,27226.75,27351.22,27239.39,27250.95,32.91,17.95,19.9,0.0,101.5,0.0,101.5,-0.12,-1,0.0,0,0,0.00,0.00,0.00,0.00,,0.0,2,0,35.00,AUTO,,AGGR+CHP+ADP+RUN-EXT+PW+DLK+SLC+TPE+NWS+,SELL,55.0,6.93,0,-1,0.00,0.00,27229.25,27230.00,3,1734,2206,-1,3.4,-275.00,-315.00,-103.00,-396.00,132.75,R,12,UNKNOWN,TREND_CHASE_FIRE,dir=-1 adx=19.9 streak=12 bear=101.5
2026-04-30 10:08:30,2597,27226.75,27351.22,27239.39,27250.95,32.91,17.95,19.9,0.0,101.5,0.0,101.5,-0.12,-1,0.0,0,0,0.00,0.00,0.00,0.00,,0.0,2,0,35.00,AUTO,,AGGR+CHP+ADP+RUN-EXT+PW+DLK+SLC+TPE+NWS+,SELL,55.0,6.93,0,-1,0.00,0.00,27229.25,27230.00,3,1734,2206,-1,3.4,-275.00,-315.00,-103.00,-396.00,132.75,R,12,UNKNOWN,BLOCK_SL_CLUSTER,cooldown_remaining_sec=407
2026-04-30 10:08:40,2598,27222.75,27351.04,27235.46,27248.08,31.42,17.79,21.4,0.0,101.5,0.0,101.5,-0.11,-1,0.0,0,0,0.00,0.00,0.00,0.00,,0.0,2,0,35.00,AUTO,,AGGR+CHP+ADP+RUN-EXT+PW+DLK+SLC+TPE+NWS+,SELL,55.0,7.21,0,-1,0.00,0.00,27223.00,27223.75,3,2058,2562,-1,4.8,-279.00,-319.00,-107.00,-400.00,128.75,R,13,UNKNOWN,BRICK_CLOSE,src=primary color=R streak=13 o=27239.00 c=27223.00 hi=27239.00 lo=27223.00
2026-04-30 10:08:40,2598,27222.75,27351.04,27235.46,27248.08,31.42,17.79,21.4,0.0,73.5,0.0,73.5,-0.11,-1,0.0,0,0,0.00,0.00,0.00,0.00,,0.0,2,0,35.00,AUTO,,AGGR+CHP+ADP+RUN-EXT+PW+DLK+SLC+TPE+NWS+,SELL,55.0,7.21,0,-1,0.00,0.00,27223.00,27223.75,3,2058,2562,-1,4.8,-279.00,-319.00,-107.00,-400.00,128.75,R,13,UNKNOWN,SIGNAL,
2026-04-30 10:08:40,2598,27222.75,27351.04,27235.46,27248.08,31.42,17.79,21.4,0.0,73.5,0.0,73.5,-0.11,-1,0.0,0,0,0.00,0.00,0.00,0.00,,0.0,2,0,35.00,AUTO,,AGGR+CHP+ADP+RUN-EXT+PW+DLK+SLC+TPE+NWS+,SELL,55.0,7.21,0,-1,0.00,0.00,27223.00,27223.75,3,2058,2562,-1,4.8,-279.00,-319.00,-107.00,-400.00,128.75,R,13,UNKNOWN,TREND_CHASE_FIRE,dir=-1 adx=21.4 streak=13 bear=73.5
2026-04-30 10:08:40,2598,27222.75,27351.04,27235.46,27248.08,31.42,17.79,21.4,0.0,73.5,0.0,73.5,-0.11,-1,0.0,0,0,0.00,0.00,0.00,0.00,,0.0,2,0,35.00,AUTO,,AGGR+CHP+ADP+RUN-EXT+PW+DLK+SLC+TPE+NWS+,SELL,55.0,7.21,0,-1,0.00,0.00,27223.00,27223.75,3,2058,2562,-1,4.8,-279.00,-319.00,-107.00,-400.00,128.75,R,13,UNKNOWN,BLOCK_SL_CLUSTER,cooldown_remaining_sec=397
2026-04-30 10:08:44,2599,27218.75,27350.97,27231.52,27245.10,29.95,17.65,23.1,0.0,73.5,0.0,73.5,-0.11,-1,0.0,0,0,0.00,0.00,0.00,0.00,,0.0,2,0,35.00,AUTO,,AGGR+CHP+ADP+RUN-EXT+PW+DLK+SLC+TPE+NWS+,SELL,55.0,7.49,0,-1,0.00,0.00,27219.50,27220.00,2,2150,2706,-1,6.1,-283.00,-323.00,-111.00,-404.00,124.75,R,14,UNKNOWN,BRICK_CLOSE,src=primary color=R streak=14 o=27235.00 c=27219.00 hi=27235.00 lo=27219.00
2026-04-30 10:08:44,2599,27218.75,27350.97,27231.52,27245.10,29.95,17.65,23.1,0.0,73.5,0.0,73.5,-0.11,-1,0.0,0,0,0.00,0.00,0.00,0.00,,0.0,2,0,35.00,AUTO,,AGGR+CHP+ADP+RUN-EXT+PW+DLK+SLC+TPE+NWS+,SELL,55.0,7.49,0,-1,0.00,0.00,27219.50,27220.00,2,2150,2706,-1,6.1,-283.00,-323.00,-111.00,-404.00,124.75,R,14,TREND_DN,REGIME_CHANGE,from=UNKNOWN to=TREND_DN adx=23.1 slope=6.06 atr/avg=0.93 eStack=-1 distVwapAtr=-7.49 nr=Rx14 flips4=0
2026-04-30 10:08:44,2599,27218.75,27350.97,27231.52,27245.10,29.95,17.65,23.1,0.0,73.5,0.0,73.5,-0.11,-1,0.0,0,0,0.00,0.00,0.00,0.00,,0.0,2,0,35.00,AUTO,,AGGR+CHP+ADP+RUN-EXT+PW+DLK+SLC+TPE+NWS+,SELL,55.0,7.49,0,-1,0.00,0.00,27219.50,27220.00,2,2150,2706,-1,6.1,-283.00,-323.00,-111.00,-404.00,124.75,R,14,TREND_DN,SIGNAL,
2026-04-30 10:08:44,2599,27218.75,27350.97,27231.52,27245.10,29.95,17.65,23.1,0.0,73.5,0.0,73.5,-0.11,-1,0.0,0,0,0.00,0.00,0.00,0.00,,0.0,2,0,35.00,AUTO,,AGGR+CHP+ADP+RUN-EXT+PW+DLK+SLC+TPE+NWS+,SELL,55.0,7.49,0,-1,0.00,0.00,27219.50,27220.00,2,2150,2706,-1,6.1,-283.00,-323.00,-111.00,-404.00,124.75,R,14,TREND_DN,TREND_CHASE_FIRE,dir=-1 adx=23.1 streak=14 bear=73.5
2026-04-30 10:08:44,2599,27218.75,27350.97,27231.52,27245.10,29.95,17.65,23.1,0.0,73.5,0.0,73.5,-0.11,-1,0.0,0,0,0.00,0.00,0.00,0.00,,0.0,2,0,35.00,AUTO,,AGGR+CHP+ADP+RUN-EXT+PW+DLK+SLC+TPE+NWS+,SELL,55.0,7.49,0,-1,0.00,0.00,27219.50,27220.00,2,2150,2706,-1,6.1,-283.00,-323.00,-111.00,-404.00,124.75,R,14,TREND_DN,BLOCK_SL_CLUSTER,cooldown_remaining_sec=393
2026-04-30 10:08:48,2600,27214.75,27350.87,27227.56,27242.03,28.52,17.51,25.0,0.0,73.5,0.0,73.5,-0.11,-1,0.0,0,0,0.00,0.00,0.00,0.00,,0.0,2,0,35.00,AUTO,,AGGR+CHP+ADP+RUN-EXT+PW+DLK+SLC+TPE+NWS+,SELL,55.0,7.77,0,-1,0.00,0.00,27215.50,27216.25,3,2310,2878,-1,7.1,-287.00,-327.00,-115.00,-408.00,120.75,R,15,TREND_DN,BRICK_CLOSE,src=primary color=R streak=15 o=27231.00 c=27215.00 hi=27231.00 lo=27215.00
2026-04-30 10:08:48,2600,27214.75,27350.87,27227.56,27242.03,28.52,17.51,25.0,0.0,73.5,0.0,73.5,-0.11,-1,0.0,0,0,0.00,0.00,0.00,0.00,,0.0,2,0,35.00,AUTO,,AGGR+CHP+ADP+RUN-EXT+PW+DLK+SLC+TPE+NWS+,SELL,55.0,7.77,0,-1,0.00,0.00,27215.50,27216.25,3,2310,2878,-1,7.1,-287.00,-327.00,-113.50,-408.00,120.75,R,15,TREND_DN,SIGNAL,
2026-04-30 10:08:48,2600,27214.75,27350.87,27227.56,27242.03,28.52,17.51,25.0,0.0,73.5,0.0,73.5,-0.11,-1,0.0,0,0,0.00,0.00,0.00,0.00,,0.0,2,0,35.00,AUTO,,AGGR+CHP+ADP+RUN-EXT+PW+DLK+SLC+TPE+NWS+,SELL,55.0,7.77,0,-1,0.00,0.00,27215.50,27216.25,3,2310,2878,-1,7.1,-287.00,-327.00,-113.50,-408.00,120.75,R,15,TREND_DN,TREND_CHASE_FIRE,dir=-1 adx=25.0 streak=15 bear=73.5
2026-04-30 10:08:48,2600,27214.75,27350.87,27227.56,27242.03,28.52,17.51,25.0,0.0,73.5,0.0,73.5,-0.11,-1,0.0,0,0,0.00,0.00,0.00,0.00,,0.0,2,0,35.00,AUTO,,AGGR+CHP+ADP+RUN-EXT+PW+DLK+SLC+TPE+NWS+,SELL,55.0,7.77,0,-1,0.00,0.00,27215.50,27216.25,3,2310,2878,-1,7.1,-287.00,-327.00,-113.50,-408.00,120.75,R,15,TREND_DN,BLOCK_SL_CLUSTER,cooldown_remaining_sec=389
2026-04-30 10:08:51,2601,27210.50,27350.80,27223.55,27238.85,27.04,17.40,26.9,0.0,73.5,0.0,73.5,-0.10,-1,0.0,0,0,0.00,0.00,0.00,0.00,,0.0,2,0,35.00,AUTO,,AGGR+CHP+ADP+RUN-EXT+PW+DLK+SLC+TPE+NWS+,SELL,55.0,8.06,0,-1,0.00,0.00,27210.00,27210.75,3,2434,2998,-1,8.0,-291.25,-331.25,-117.75,-412.25,116.50,R,16,TREND_DN,BRICK_CLOSE,src=primary color=R streak=16 o=27227.00 c=27211.00 hi=27227.00 lo=27211.00
2026-04-30 10:08:51,2601,27210.50,27350.80,27223.55,27238.85,27.04,17.40,26.9,0.0,73.5,0.0,73.5,-0.10,-1,0.0,0,0,0.00,0.00,0.00,0.00,,0.0,2,0,35.00,AUTO,,AGGR+CHP+ADP+RUN-EXT+PW+DLK+SLC+TPE+NWS+,SELL,55.0,8.06,0,-1,0.00,0.00,27210.00,27210.75,3,2434,2998,-1,8.0,-291.25,-331.25,-117.75,-412.25,116.50,R,16,TREND_DN,SIGNAL,
2026-04-30 10:08:51,2601,27210.50,27350.80,27223.55,27238.85,27.04,17.40,26.9,0.0,73.5,0.0,73.5,-0.10,-1,0.0,0,0,0.00,0.00,0.00,0.00,,0.0,2,0,35.00,AUTO,,AGGR+CHP+ADP+RUN-EXT+PW+DLK+SLC+TPE+NWS+,SELL,55.0,8.06,0,-1,0.00,0.00,27210.00,27210.75,3,2434,2998,-1,8.0,-291.25,-331.25,-117.75,-412.25,116.50,R,16,TREND_DN,TREND_CHASE_FIRE,dir=-1 adx=26.9 streak=16 bear=73.5
2026-04-30 10:08:51,2601,27210.50,27350.80,27223.55,27238.85,27.04,17.40,26.9,0.0,73.5,0.0,73.5,-0.10,-1,0.0,0,0,0.00,0.00,0.00,0.00,,0.0,2,0,35.00,AUTO,,AGGR+CHP+ADP+RUN-EXT+PW+DLK+SLC+TPE+NWS+,SELL,55.0,8.06,0,-1,0.00,0.00,27210.00,27210.75,3,2434,2998,-1,8.0,-291.25,-331.25,-117.75,-412.25,116.50,R,16,TREND_DN,BLOCK_SL_CLUSTER,cooldown_remaining_sec=387
2026-04-30 10:08:58,2602,27206.75,27350.54,27219.63,27235.65,25.77,17.27,29.0,0.0,73.5,0.0,73.5,-0.08,-1,0.0,0,0,0.00,0.00,0.00,0.00,,0.0,2,0,35.00,AUTO,,AGGR+CHP+ADP+RUN-EXT+PW+DLK+SLC+TPE+NWS+,SELL,55.0,8.33,0,-1,0.00,0.00,27206.25,27207.00,3,2894,3382,-1,8.8,-295.00,-335.00,-121.50,-416.00,112.75,R,17,TREND_DN,BRICK_CLOSE,src=primary color=R streak=17 o=27223.00 c=27207.00 hi=27223.00 lo=27207.00
2026-04-30 10:08:58,2602,27206.75,27350.54,27219.63,27235.65,25.77,17.27,29.0,0.0,73.5,0.0,73.5,-0.08,-1,0.0,0,0,0.00,0.00,0.00,0.00,,0.0,2,0,35.00,AUTO,,AGGR+CHP+ADP+RUN-EXT+PW+DLK+SLC+TPE+NWS+,SELL,55.0,8.33,0,-1,0.00,0.00,27206.25,27207.00,3,2894,3382,-1,8.8,-295.00,-335.00,-121.50,-416.00,112.75,R,17,TREND_DN,HEARTBEAT,tradesToday=3 openDca=0
2026-04-30 10:08:58,2602,27206.75,27350.54,27219.63,27235.65,25.77,17.27,29.0,0.0,101.5,0.0,101.5,-0.08,-1,0.0,0,0,0.00,0.00,0.00,0.00,,0.0,2,0,35.00,AUTO,,AGGR+CHP+ADP+RUN-EXT+PW+DLK+SLC+TPE+NWS+,SELL,55.0,8.33,0,-1,0.00,0.00,27206.25,27207.00,3,2894,3382,-1,8.8,-295.00,-335.00,-121.50,-416.00,112.75,R,17,TREND_DN,SIGNAL,
2026-04-30 10:08:58,2602,27206.75,27350.54,27219.63,27235.65,25.77,17.27,29.0,0.0,101.5,0.0,101.5,-0.08,-1,0.0,0,0,0.00,0.00,0.00,0.00,,0.0,2,0,35.00,AUTO,,AGGR+CHP+ADP+RUN-EXT+PW+DLK+SLC+TPE+NWS+,SELL,55.0,8.33,0,-1,0.00,0.00,27206.25,27207.00,3,2894,3382,-1,8.8,-295.00,-335.00,-121.50,-416.00,112.75,R,17,TREND_DN,TREND_CHASE_FIRE,dir=-1 adx=29.0 streak=17 bear=101.5
2026-04-30 10:08:58,2602,27206.75,27350.54,27219.63,27235.65,25.77,17.27,29.0,0.0,101.5,0.0,101.5,-0.08,-1,0.0,0,0,0.00,0.00,0.00,0.00,,0.0,2,0,35.00,AUTO,,AGGR+CHP+ADP+RUN-EXT+PW+DLK+SLC+TPE+NWS+,SELL,55.0,8.33,0,-1,0.00,0.00,27206.25,27207.00,3,2894,3382,-1,8.8,-295.00,-335.00,-121.50,-416.00,112.75,R,17,TREND_DN,BLOCK_SL_CLUSTER,cooldown_remaining_sec=379
2026-04-30 10:09:00,2603,27202.75,27350.50,27215.65,27232.35,24.45,17.16,31.1,0.0,101.5,0.0,101.5,-0.08,-1,0.0,0,0,0.00,0.00,0.00,0.00,,0.0,2,0,35.00,AUTO,,AGGR+CHP+ADP+RUN-EXT+PW+DLK+SLC+TPE+NWS+,SELL,55.0,8.61,0,-1,0.00,0.00,27203.25,27204.00,3,2930,3466,-1,9.4,-299.00,-339.00,-125.50,-420.00,108.75,R,18,TREND_DN,BRICK_CLOSE,src=primary color=R streak=18 o=27219.00 c=27203.00 hi=27219.00 lo=27203.00
2026-04-30 10:09:00,2603,27202.75,27350.50,27215.65,27232.35,24.45,17.16,31.1,0.0,73.5,0.0,73.5,-0.08,-1,0.0,0,0,0.00,0.00,0.00,0.00,,0.0,2,0,35.00,AUTO,,AGGR+CHP+ADP+RUN-EXT+PW+DLK+SLC+TPE+NWS+,SELL,55.0,8.61,0,-1,0.00,0.00,27203.25,27204.00,3,2930,3466,-1,9.4,-299.00,-339.00,-125.50,-420.00,108.75,R,18,TREND_DN,SIGNAL,
2026-04-30 10:09:00,2603,27202.75,27350.50,27215.65,27232.35,24.45,17.16,31.1,0.0,73.5,0.0,73.5,-0.08,-1,0.0,0,0,0.00,0.00,0.00,0.00,,0.0,2,0,35.00,AUTO,,AGGR+CHP+ADP+RUN-EXT+PW+DLK+SLC+TPE+NWS+,SELL,55.0,8.61,0,-1,0.00,0.00,27203.25,27204.00,3,2930,3466,-1,9.4,-299.00,-339.00,-125.50,-420.00,108.75,R,18,TREND_DN,TREND_CHASE_FIRE,dir=-1 adx=31.1 streak=18 bear=73.5
2026-04-30 10:09:00,2603,27202.75,27350.50,27215.65,27232.35,24.45,17.16,31.1,0.0,73.5,0.0,73.5,-0.08,-1,0.0,0,0,0.00,0.00,0.00,0.00,,0.0,2,0,35.00,AUTO,,AGGR+CHP+ADP+RUN-EXT+PW+DLK+SLC+TPE+NWS+,SELL,55.0,8.61,0,-1,0.00,0.00,27203.25,27204.00,3,2930,3466,-1,9.4,-299.00,-339.00,-125.50,-420.00,108.75,R,18,TREND_DN,BLOCK_SL_CLUSTER,cooldown_remaining_sec=378
2026-04-30 10:09:46,2604,27231.25,27349.45,27223.29,27234.58,45.67,18.00,28.9,0.0,73.5,0.0,73.5,-0.01,-1,0.0,0,0,0.00,0.00,0.00,0.00,,0.0,2,0,35.00,AUTO,,AGGR+CHP+ADP+RUN-EXT+PW+DLK+SLC+TPE+NWS+,SELL,55.0,6.57,0,-1,0.00,0.00,27231.25,27232.00,3,4990,5090,0,5.5,-270.50,-310.50,-97.00,-391.50,137.25,G,1,TREND_DN,BRICK_CLOSE,src=primary color=G streak=1 o=27215.00 c=27231.00 hi=27231.00 lo=27200.75
2026-04-30 10:09:46,2604,27231.25,27349.45,27223.29,27234.58,45.67,18.00,28.9,0.0,73.5,0.0,73.5,-0.01,-1,0.0,0,0,0.00,0.00,0.00,0.00,,0.0,2,0,35.00,AUTO,,AGGR+CHP+ADP+RUN-EXT+PW+DLK+SLC+TPE+NWS+,SELL,55.0,6.57,0,-1,0.00,0.00,27231.25,27232.00,3,4990,5090,0,5.5,-270.50,-310.50,-97.00,-391.50,137.25,G,1,TREND_DN,RUN_END,color=R len=18 pts=56.0 maxFav=84.0 durSec=175 startPx=27287.00 endPx=27231.00
2026-04-30 10:09:46,2604,27231.25,27349.45,27223.29,27234.58,45.67,18.00,28.9,0.0,73.5,0.0,73.5,-0.01,-1,0.0,0,0,0.00,0.00,0.00,0.00,,0.0,2,0,35.00,AUTO,,AGGR+CHP+ADP+RUN-EXT+PW+DLK+SLC+TPE+NWS+,SELL,55.0,6.57,0,-1,0.00,0.00,27231.25,27232.00,3,4990,5090,0,5.5,-270.50,-310.50,-97.00,-391.50,137.25,G,1,UNKNOWN,REGIME_CHANGE,from=TREND_DN to=UNKNOWN adx=28.9 slope=5.54 atr/avg=0.96 eStack=0 distVwapAtr=-6.57 nr=Gx1 flips4=1
2026-04-30 10:09:46,2604,27231.25,27349.45,27223.29,27234.58,45.67,18.00,28.9,0.0,29.5,0.0,29.5,-0.01,-1,0.0,0,0,0.00,0.00,0.00,0.00,,0.0,2,0,35.00,AUTO,,AGGR+CHP+ADP+RUN-EXT+PW+DLK+SLC+TPE+NWS+,SELL,55.0,6.57,0,-1,0.00,0.00,27231.25,27232.00,3,4990,5090,0,5.5,-270.50,-310.50,-97.00,-391.50,137.25,G,1,UNKNOWN,SIGNAL,
2026-04-30 10:09:46,2604,27231.25,27349.45,27223.29,27234.58,45.67,18.00,28.9,0.0,29.5,0.0,29.5,-0.01,-1,0.0,0,0,0.00,0.00,0.00,0.00,,0.0,2,0,35.00,AUTO,,AGGR+CHP+ADP+RUN-EXT+PW+DLK+SLC+TPE+NWS+,WAIT,55.0,6.57,0,-1,0.00,0.00,27231.25,27232.00,3,4990,5090,0,5.5,-270.50,-310.50,-97.00,-391.50,137.25,G,1,UNKNOWN,SWEEP_BOOST,bull=True bear=False lookback=30
2026-04-30 10:11:17,2605,27202.75,27348.02,27214.67,27229.35,34.95,18.88,27.9,0.0,29.5,0.0,29.5,-0.02,-1,0.0,0,0,0.00,0.00,0.00,0.00,,0.0,2,0,35.00,AUTO,,AGGR+CHP+ADP+RUN-EXT+PW+DLK+SLC+TPE+NWS+,WAIT,55.0,7.69,0,-1,0.00,0.00,27204.00,27204.75,3,7328,7580,-1,2.7,-299.00,-339.00,-125.50,-420.00,108.75,R,1,UNKNOWN,BRICK_CLOSE,src=primary color=R streak=1 o=27219.00 c=27203.00 hi=27234.75 lo=27203.00
2026-04-30 10:11:17,2605,27202.75,27348.02,27214.67,27229.35,34.95,18.88,27.9,0.0,29.5,0.0,29.5,-0.02,-1,0.0,0,0,0.00,0.00,0.00,0.00,,0.0,2,0,35.00,AUTO,,AGGR+CHP+ADP+RUN-EXT+PW+DLK+SLC+TPE+NWS+,WAIT,55.0,7.69,0,-1,0.00,0.00,27204.00,27204.75,3,7328,7580,-1,2.7,-299.00,-339.00,-125.50,-420.00,108.75,R,1,UNKNOWN,RUN_END,color=G len=1 pts=12.0 maxFav=0.0 durSec=90 startPx=27215.00 endPx=27203.00
2026-04-30 10:11:17,2605,27202.75,27348.02,27214.67,27229.35,34.95,18.88,27.9,10.0,115.5,10.0,115.5,-0.02,-1,0.0,0,0,0.00,0.00,0.00,0.00,,0.0,2,0,35.00,AUTO,,AGGR+CHP+ADP+RUN-EXT+PW+DLK+SLC+TPE+NWS+,WAIT,55.0,7.69,0,-1,0.00,0.00,27204.00,27204.75,3,7328,7580,-1,2.7,-299.00,-339.00,-125.50,-420.00,108.75,R,1,UNKNOWN,SIGNAL,
2026-04-30 10:11:17,2605,27202.75,27348.02,27214.67,27229.35,34.95,18.88,27.9,10.0,115.5,10.0,115.5,-0.02,-1,0.0,0,0,0.00,0.00,0.00,0.00,,0.0,2,0,35.00,AUTO,,AGGR+CHP+ADP+RUN-EXT+PW+DLK+SLC+TPE+NWS+,SELL,55.0,7.69,0,-1,0.00,0.00,27204.00,27204.75,3,7328,7580,-1,2.7,-299.00,-339.00,-125.50,-420.00,108.75,R,1,UNKNOWN,BLOCK_SL_CLUSTER,cooldown_remaining_sec=241
2026-04-30 10:12:09,2606,27231.50,27347.32,27222.55,27231.88,48.15,19.52,27.4,10.0,115.5,10.0,115.5,0.00,-1,0.0,0,0,0.00,0.00,0.00,0.00,,0.0,2,0,35.00,AUTO,,AGGR+CHP+ADP+RUN-EXT+PW+DLK+SLC+TPE+NWS+,SELL,55.0,5.93,0,-1,0.00,0.00,27230.75,27231.25,2,8764,8682,0,0.2,-270.25,-310.25,-96.75,-391.25,137.50,G,1,UNKNOWN,BRICK_CLOSE,src=primary color=G streak=1 o=27215.00 c=27231.00 hi=27231.00 lo=27202.25
2026-04-30 10:12:09,2606,27231.50,27347.32,27222.55,27231.88,48.15,19.52,27.4,10.0,115.5,10.0,115.5,0.00,-1,0.0,0,0,0.00,0.00,0.00,0.00,,0.0,2,0,35.00,AUTO,,AGGR+CHP+ADP+RUN-EXT+PW+DLK+SLC+TPE+NWS+,SELL,55.0,5.93,0,-1,0.00,0.00,27230.75,27231.25,2,8764,8682,0,0.2,-270.25,-310.25,-96.75,-391.25,137.50,G,1,UNKNOWN,RUN_END,color=R len=1 pts=12.0 maxFav=0.0 durSec=53 startPx=27219.00 endPx=27231.00
2026-04-30 10:12:09,2606,27231.50,27347.32,27222.55,27231.88,48.15,19.52,27.4,0.0,26.8,0.0,26.8,0.00,-1,0.0,0,0,0.00,0.00,0.00,0.00,,0.0,2,0,35.00,AUTO,,AGGR+CHP+ADP+RUN-EXT+PW+DLK+SLC+TPE+NWS+,SELL,55.0,5.93,0,-1,0.00,0.00,27230.75,27231.25,2,8764,8682,0,0.2,-270.25,-310.25,-96.75,-391.25,137.50,G,1,UNKNOWN,SIGNAL,
2026-04-30 10:12:17,2607,27235.25,27347.15,27225.65,27232.48,49.60,19.23,25.9,0.0,26.8,0.0,26.8,0.01,-1,0.0,0,0,0.00,0.00,0.00,0.00,,0.0,2,0,35.00,AUTO,,AGGR+CHP+ADP+RUN-EXT+PW+DLK+SLC+TPE+NWS+,WAIT,55.0,5.82,0,-1,0.00,0.00,27237.75,27238.50,3,9166,8952,0,-3.3,-266.50,-306.50,-93.00,-387.50,141.25,G,2,UNKNOWN,BRICK_CLOSE,src=primary color=G streak=2 o=27219.00 c=27235.00 hi=27235.00 lo=27219.00
2026-04-30 10:12:17,2607,27235.25,27347.15,27225.65,27232.48,49.60,19.23,25.9,0.0,21.6,0.0,21.6,0.01,-1,0.0,0,0,0.00,0.00,0.00,0.00,,0.0,2,0,35.00,AUTO,,AGGR+CHP+ADP+RUN-EXT+PW+DLK+SLC+TPE+NWS+,WAIT,55.0,5.82,0,-1,0.00,0.00,27237.75,27238.50,3,9166,8952,0,-3.3,-266.50,-306.50,-93.00,-387.50,141.25,G,2,UNKNOWN,SIGNAL,
2026-04-30 10:12:17,2608,27239.75,27347.12,27229.07,27233.45,51.37,19.02,23.9,0.0,21.6,0.0,21.6,0.02,-1,0.0,0,0,0.00,0.00,0.00,0.00,,0.0,2,0,35.00,AUTO,,AGGR+CHP+ADP+RUN-EXT+PW+DLK+SLC+TPE+NWS+,WAIT,55.0,5.65,0,-1,0.00,0.00,27237.75,27238.50,3,9276,8990,0,-5.1,-262.00,-302.00,-88.50,-383.00,145.75,G,3,UNKNOWN,BRICK_CLOSE,src=primary color=G streak=3 o=27223.00 c=27239.00 hi=27239.00 lo=27223.00
2026-04-30 10:12:17,2608,27239.75,27347.12,27229.07,27233.45,51.37,19.02,23.9,0.0,23.1,0.0,23.1,0.02,-1,0.0,0,0,0.00,0.00,0.00,0.00,,0.0,2,0,35.00,AUTO,,AGGR+CHP+ADP+RUN-EXT+PW+DLK+SLC+TPE+NWS+,WAIT,55.0,5.65,0,-1,0.00,0.00,27237.75,27238.50,3,9276,8990,0,-5.1,-262.00,-302.00,-88.50,-383.00,145.75,G,3,UNKNOWN,SIGNAL,
2026-04-30 10:12:19,2609,27243.25,27347.06,27232.43,27234.61,52.74,18.75,22.1,0.0,23.1,0.0,23.1,0.02,-1,0.0,0,0,0.00,0.00,0.00,0.00,,0.0,2,0,35.00,AUTO,,AGGR+CHP+ADP+RUN-EXT+PW+DLK+SLC+TPE+NWS+,WAIT,55.0,5.54,0,-1,0.00,0.00,27240.25,27241.00,3,9432,9064,0,-6.4,-258.50,-298.50,-85.00,-379.50,149.25,G,4,UNKNOWN,BRICK_CLOSE,src=primary color=G streak=4 o=27227.00 c=27243.00 hi=27243.00 lo=27227.00
2026-04-30 10:12:19,2609,27243.25,27347.06,27232.43,27234.61,52.74,18.75,22.1,0.0,18.0,0.0,18.0,0.02,-1,0.0,0,0,0.00,0.00,0.00,0.00,,0.0,2,0,35.00,AUTO,,AGGR+CHP+ADP+RUN-EXT+PW+DLK+SLC+TPE+NWS+,WAIT,55.0,5.54,0,-1,0.00,0.00,27240.25,27241.00,3,9432,9064,0,-6.4,-258.50,-298.50,-85.00,-379.50,149.25,G,4,UNKNOWN,SIGNAL,
2026-04-30 10:13:14,2610,27247.25,27346.35,27235.99,27236.07,54.34,18.59,21.5,0.0,18.0,0.0,18.0,0.01,-1,0.0,0,0,0.00,0.00,0.00,0.00,,0.0,2,0,35.00,AUTO,,AGGR+CHP+ADP+RUN-EXT+PW+DLK+SLC+TPE+NWS+,WAIT,55.0,5.33,0,-1,0.00,0.00,27247.00,27247.50,2,10872,10744,0,-6.5,-254.50,-294.50,-81.00,-375.50,153.25,G,5,UNKNOWN,BRICK_CLOSE,src=primary color=G streak=5 o=27231.00 c=27247.00 hi=27247.00 lo=27230.25
2026-04-30 10:13:14,2610,27247.25,27346.35,27235.99,27236.07,54.34,18.59,21.5,0.0,29.7,0.0,29.7,0.01,-1,0.0,0,0,0.00,0.00,0.00,0.00,,0.0,2,0,35.00,AUTO,,AGGR+CHP+ADP+RUN-EXT+PW+DLK+SLC+TPE+NWS+,WAIT,55.0,5.33,0,-1,0.00,0.00,27247.00,27247.50,2,10872,10744,0,-6.5,-254.50,-294.50,-81.00,-375.50,153.25,G,5,UNKNOWN,SIGNAL,
2026-04-30 10:13:24,2611,27252.00,27346.20,27239.79,27237.83,56.24,18.43,21.4,0.0,29.7,0.0,29.7,0.01,-1,0.0,0,0,0.00,0.00,0.00,0.00,,0.0,2,0,35.00,AUTO,,AGGR+CHP+ADP+RUN-EXT+PW+DLK+SLC+TPE+NWS+,WAIT,55.0,5.11,0,-1,0.00,0.00,27253.00,27253.75,3,11272,11036,1,-5.5,-249.75,-289.75,-76.25,-370.75,158.00,G,6,UNKNOWN,BRICK_CLOSE,src=primary color=G streak=6 o=27235.00 c=27251.00 hi=27251.00 lo=27235.00
2026-04-30 10:13:24,2611,27252.00,27346.20,27239.79,27237.83,56.24,18.43,21.4,42.3,8.0,42.3,8.0,0.01,0,0.0,0,0,0.00,0.00,0.00,0.00,,0.0,2,0,35.00,AUTO,,AGGR+CHP+ADP+RUN-EXT+PW+DLK+SLC+TPE+NWS+,WAIT,55.0,5.11,0,-1,0.00,0.00,27253.00,27253.75,3,11272,11036,1,-5.5,-249.75,-289.75,-76.25,-370.75,158.00,G,6,UNKNOWN,SIGNAL,
2026-04-30 10:13:25,2612,27255.50,27346.18,27243.41,27239.68,57.64,18.21,21.6,42.3,8.0,42.3,8.0,0.01,0,0.0,0,0,0.00,0.00,0.00,0.00,,0.0,2,0,35.00,AUTO,,AGGR+CHP+ADP+RUN-EXT+PW+DLK+SLC+TPE+NWS+,WAIT,55.0,4.98,0,-1,0.00,0.00,27255.50,27256.25,3,11364,11060,1,-3.8,-246.25,-286.25,-72.75,-367.25,161.50,G,7,UNKNOWN,BRICK_CLOSE,src=primary color=G streak=7 o=27239.00 c=27255.00 hi=27255.00 lo=27239.00
2026-04-30 10:13:25,2612,27255.50,27346.18,27243.41,27239.68,57.64,18.21,21.6,47.5,8.0,47.5,8.0,0.01,0,0.0,0,0,0.00,0.00,0.00,0.00,,0.0,2,0,35.00,AUTO,,AGGR+CHP+ADP+RUN-EXT+PW+DLK+SLC+TPE+NWS+,WAIT,55.0,4.98,0,-1,0.00,0.00,27255.50,27256.25,3,11364,11060,1,-3.8,-246.25,-286.25,-72.75,-367.25,161.50,G,7,UNKNOWN,SIGNAL,
2026-04-30 10:13:26,2613,27259.25,27346.13,27247.14,27241.75,59.14,18.02,22.2,47.5,8.0,47.5,8.0,0.02,0,0.0,0,0,0.00,0.00,0.00,0.00,,0.0,2,0,35.00,AUTO,,AGGR+CHP+ADP+RUN-EXT+PW+DLK+SLC+TPE+NWS+,WAIT,55.0,4.82,0,-1,0.00,0.00,27258.75,27259.50,3,11542,11140,1,-1.5,-242.50,-282.50,-69.00,-363.50,165.25,G,8,UNKNOWN,BRICK_CLOSE,src=primary color=G streak=8 o=27243.00 c=27259.00 hi=27259.00 lo=27243.00
2026-04-30 10:13:26,2613,27259.25,27346.13,27247.14,27241.75,59.14,18.02,22.2,35.0,8.0,35.0,8.0,0.02,0,0.0,0,0,0.00,0.00,0.00,0.00,,0.0,2,0,35.00,AUTO,,AGGR+CHP+ADP+RUN-EXT+PW+DLK+SLC+TPE+NWS+,WAIT,55.0,4.82,0,-1,0.00,0.00,27258.75,27259.50,3,11542,11140,1,-1.5,-242.50,-282.50,-69.00,-363.50,165.25,G,8,UNKNOWN,SIGNAL,
2026-04-30 10:13:33,2614,27263.25,27346.00,27250.96,27244.01,60.73,17.85,23.1,35.0,8.0,35.0,8.0,0.02,0,0.0,0,0,0.00,0.00,0.00,0.00,,0.0,2,0,35.00,AUTO,,AGGR+CHP+ADP+RUN-EXT+PW+DLK+SLC+TPE+NWS+,WAIT,55.0,4.64,0,-1,0.00,0.00,27264.50,27265.25,3,11868,11474,1,0.5,-238.50,-278.50,-65.00,-359.50,169.25,G,9,UNKNOWN,BRICK_CLOSE,src=primary color=G streak=9 o=27247.00 c=27263.00 hi=27263.00 lo=27247.00
2026-04-30 10:13:33,2614,27263.25,27346.00,27250.96,27244.01,60.73,17.85,23.1,45.5,8.0,45.5,8.0,0.02,0,0.0,0,0,0.00,0.00,0.00,0.00,,0.0,2,0,35.00,AUTO,,AGGR+CHP+ADP+RUN-EXT+PW+DLK+SLC+TPE+NWS+,WAIT,55.0,4.64,0,-1,0.00,0.00,27264.50,27265.25,3,11868,11474,1,0.5,-238.50,-278.50,-65.00,-359.50,169.25,G,9,UNKNOWN,SIGNAL,
2026-04-30 10:13:34,2615,27267.50,27345.99,27254.87,27246.46,62.41,17.72,24.2,45.5,8.0,45.5,8.0,0.02,0,0.0,0,0,0.00,0.00,0.00,0.00,,0.0,2,0,35.00,AUTO,,AGGR+CHP+ADP+RUN-EXT+PW+DLK+SLC+TPE+NWS+,WAIT,55.0,4.43,0,-1,0.00,0.00,27265.00,27265.75,3,11944,11500,1,2.3,-234.25,-274.25,-60.75,-355.25,173.50,G,10,UNKNOWN,BRICK_CLOSE,src=primary color=G streak=10 o=27251.00 c=27267.00 hi=27267.00 lo=27251.00
2026-04-30 10:13:34,2615,27267.50,27345.99,27254.87,27246.46,62.41,17.72,24.2,35.0,8.0,35.0,8.0,0.02,0,0.0,0,0,0.00,0.00,0.00,0.00,,0.0,2,0,35.00,AUTO,,AGGR+CHP+ADP+RUN-EXT+PW+DLK+SLC+TPE+NWS+,WAIT,55.0,4.43,0,-1,0.00,0.00,27265.00,27265.75,3,11944,11500,1,2.3,-234.25,-274.25,-60.75,-355.25,173.50,G,10,UNKNOWN,SIGNAL,
2026-04-30 10:13:38,2616,27271.25,27345.92,27258.71,27249.00,63.88,17.56,25.6,35.0,8.0,35.0,8.0,0.02,0,0.0,0,0,0.00,0.00,0.00,0.00,,0.0,2,0,35.00,AUTO,,AGGR+CHP+ADP+RUN-EXT+PW+DLK+SLC+TPE+NWS+,WAIT,55.0,4.25,0,-1,0.00,0.00,27272.50,27273.00,2,12198,11654,1,3.8,-230.50,-270.50,-57.00,-351.50,177.25,G,11,UNKNOWN,BRICK_CLOSE,src=primary color=G streak=11 o=27255.00 c=27271.00 hi=27271.00 lo=27255.00
2026-04-30 10:13:38,2616,27271.25,27345.92,27258.71,27249.00,63.88,17.56,25.6,35.0,8.0,35.0,8.0,0.02,0,0.0,0,0,0.00,0.00,0.00,0.00,,0.0,2,0,35.00,AUTO,,AGGR+CHP+ADP+RUN-EXT+PW+DLK+SLC+TPE+NWS+,WAIT,55.0,4.25,0,-1,0.00,0.00,27272.50,27273.00,2,12198,11654,1,3.8,-230.50,-270.50,-57.00,-351.50,177.25,G,11,UNKNOWN,SIGNAL,
2026-04-30 10:15:02,2617,27242.25,27344.96,27250.90,27246.05,48.25,18.48,23.0,35.0,8.0,35.0,8.0,0.00,0,0.0,0,0,0.00,0.00,0.00,0.00,,0.0,2,0,35.00,AUTO,,AGGR+CHP+ADP+RUN-EXT+PW+DLK+SLC+TPE+NWS+,WAIT,55.0,5.56,0,-1,0.00,0.00,27238.00,27238.75,3,14416,14324,0,1.0,-259.50,-299.50,-86.00,-380.50,148.25,R,1,UNKNOWN,BRICK_CLOSE,src=primary color=R streak=1 o=27259.00 c=27243.00 hi=27274.25 lo=27243.00
2026-04-30 10:15:02,2617,27242.25,27344.96,27250.90,27246.05,48.25,18.48,23.0,35.0,8.0,35.0,8.0,0.00,0,0.0,0,0,0.00,0.00,0.00,0.00,,0.0,2,0,35.00,AUTO,,AGGR+CHP+ADP+RUN-EXT+PW+DLK+SLC+TPE+NWS+,WAIT,55.0,5.56,0,-1,0.00,0.00,27238.00,27238.75,3,14416,14324,0,1.0,-259.50,-299.50,-86.00,-380.50,148.25,R,1,UNKNOWN,RUN_END,color=G len=11 pts=28.0 maxFav=56.0 durSec=173 startPx=27215.00 endPx=27243.00
2026-04-30 10:15:02,2617,27242.25,27344.96,27250.90,27246.05,48.25,18.48,23.0,0.0,19.8,0.0,19.8,0.00,0,0.0,0,0,0.00,0.00,0.00,0.00,,0.0,2,0,35.00,AUTO,,AGGR+CHP+ADP+RUN-EXT+PW+DLK+SLC+TPE+NWS+,WAIT,55.0,5.56,0,-1,0.00,0.00,27238.00,27238.75,3,14416,14324,0,1.0,-259.50,-299.50,-86.00,-380.50,148.25,R,1,UNKNOWN,SIGNAL,
2026-04-30 10:15:02,2618,27238.75,27344.94,27247.95,27245.12,46.75,18.25,21.4,0.0,19.8,0.0,19.8,0.00,0,0.0,0,0,0.00,0.00,0.00,0.00,,0.0,2,0,35.00,AUTO,,AGGR+CHP+ADP+RUN-EXT+PW+DLK+SLC+TPE+NWS+,WAIT,55.0,5.82,0,-1,0.00,0.00,27238.00,27238.75,3,14432,14418,0,-1.1,-263.00,-303.00,-89.50,-384.00,144.75,R,2,UNKNOWN,BRICK_CLOSE,src=primary color=R streak=2 o=27255.00 c=27239.00 hi=27255.00 lo=27239.00
2026-04-30 10:15:02,2618,27238.75,27344.94,27247.95,27245.12,46.75,18.25,21.4,0.0,30.5,0.0,30.5,0.00,0,0.0,0,0,0.00,0.00,0.00,0.00,,0.0,2,0,35.00,AUTO,,AGGR+CHP+ADP+RUN-EXT+PW+DLK+SLC+TPE+NWS+,WAIT,55.0,5.82,0,-1,0.00,0.00,27238.00,27238.75,3,14432,14418,0,-1.1,-263.00,-303.00,-89.50,-384.00,144.75,R,2,UNKNOWN,SIGNAL,
2026-04-30 10:15:07,2619,27234.75,27344.86,27244.71,27243.87,45.03,18.07,19.5,0.0,30.5,0.0,30.5,0.00,0,0.0,0,0,0.00,0.00,0.00,0.00,,0.0,2,0,35.00,AUTO,,AGGR+CHP+ADP+RUN-EXT+PW+DLK+SLC+TPE+NWS+,WAIT,55.0,6.09,0,-1,0.00,0.00,27235.75,27236.50,3,14548,14626,0,-3.9,-267.00,-307.00,-93.50,-388.00,140.75,R,3,UNKNOWN,BRICK_CLOSE,src=primary color=R streak=3 o=27251.00 c=27235.00 hi=27251.00 lo=27235.00
2026-04-30 10:15:07,2619,27234.75,27344.86,27244.71,27243.87,45.03,18.07,19.5,0.0,15.5,0.0,15.5,0.00,0,0.0,0,0,0.00,0.00,0.00,0.00,,0.0,2,0,35.00,AUTO,,AGGR+CHP+ADP+RUN-EXT+PW+DLK+SLC+TPE+NWS+,WAIT,55.0,6.09,0,-1,0.00,0.00,27235.75,27236.50,3,14548,14626,0,-3.9,-267.00,-307.00,-93.50,-388.00,140.75,R,3,UNKNOWN,SIGNAL,
2026-04-30 10:15:22,2620,27230.75,27344.66,27241.32,27242.37,43.32,17.90,18.9,0.0,15.5,0.0,15.5,0.00,0,0.0,0,0,0.00,0.00,0.00,0.00,,0.0,2,0,35.00,AUTO,,AGGR+CHP+ADP+RUN-EXT+PW+DLK+SLC+TPE+NWS+,WAIT,55.0,6.36,0,-1,0.00,0.00,27229.00,27229.75,3,14962,15082,-1,-5.6,-271.00,-311.00,-97.50,-392.00,136.75,R,4,UNKNOWN,BRICK_CLOSE,src=primary color=R streak=4 o=27247.00 c=27231.00 hi=27247.00 lo=27231.00
2026-04-30 10:15:22,2620,27230.75,27344.66,27241.32,27242.37,43.32,17.90,18.9,0.0,120.0,0.0,120.0,0.00,-1,0.0,0,0,0.00,0.00,0.00,0.00,,0.0,2,0,35.00,AUTO,,AGGR+CHP+ADP+RUN-EXT+PW+DLK+SLC+TPE+NWS+,WAIT,55.0,6.36,0,-1,0.00,0.00,27229.00,27229.75,3,14962,15082,-1,-5.6,-271.00,-311.00,-97.50,-392.00,136.75,R,4,UNKNOWN,SIGNAL,
2026-04-30 10:15:22,2620,27230.75,27344.66,27241.32,27242.37,43.32,17.90,18.9,0.0,120.0,0.0,120.0,0.00,-1,0.0,0,0,0.00,0.00,0.00,0.00,,0.0,2,0,35.00,AUTO,,AGGR+CHP+ADP+RUN-EXT+PW+DLK+SLC+TPE+NWS+,STRONG_SELL,55.0,6.36,0,-1,0.00,0.00,27229.00,27229.75,3,14962,15082,-1,-5.6,-271.00,-311.00,-97.50,-392.00,136.75,R,4,UNKNOWN,BLOCK_CHOP,EMA gap 1.05 < 5.37 (ADX 18.9)
2026-04-30 10:15:24,2621,27226.75,27344.61,27237.80,27240.64,41.61,17.75,18.8,0.0,120.0,0.0,120.0,-0.01,-1,0.0,0,0,0.00,0.00,0.00,0.00,,0.0,2,0,35.00,AUTO,,AGGR+CHP+ADP+RUN-EXT+PW+DLK+SLC+TPE+NWS+,STRONG_SELL,55.0,6.64,0,-1,0.00,0.00,27228.50,27229.00,2,15048,15214,-1,-5.0,-275.00,-315.00,-101.50,-396.00,132.75,R,5,UNKNOWN,BRICK_CLOSE,src=primary color=R streak=5 o=27243.00 c=27227.00 hi=27243.00 lo=27227.00
2026-04-30 10:15:24,2621,27226.75,27344.61,27237.80,27240.64,41.61,17.75,18.8,0.0,93.5,0.0,93.5,-0.01,-1,0.0,0,0,0.00,0.00,0.00,0.00,,0.0,2,0,35.00,AUTO,,AGGR+CHP+ADP+RUN-EXT+PW+DLK+SLC+TPE+NWS+,STRONG_SELL,55.0,6.64,0,-1,0.00,0.00,27228.50,27229.00,2,15048,15214,-1,-5.0,-275.00,-315.00,-101.50,-396.00,132.75,R,5,UNKNOWN,SIGNAL,
2026-04-30 10:15:24,2621,27226.75,27344.61,27237.80,27240.64,41.61,17.75,18.8,0.0,93.5,0.0,93.5,-0.01,-1,0.0,0,0,0.00,0.00,0.00,0.00,,0.0,2,0,35.00,AUTO,,AGGR+CHP+ADP+RUN-EXT+PW+DLK+SLC+TPE+NWS+,STRONG_SELL,55.0,6.64,0,-1,0.00,0.00,27228.50,27229.00,2,15048,15214,-1,-5.0,-275.00,-315.00,-101.50,-396.00,132.75,R,5,UNKNOWN,BLOCK_CHOP,EMA gap 2.83 < 5.32 (ADX 18.8)
2026-04-30 10:15:30,2622,27222.75,27344.51,27234.19,27238.70,39.92,17.60,19.0,0.0,93.5,0.0,93.5,-0.01,-1,0.0,0,0,0.00,0.00,0.00,0.00,,0.0,2,0,35.00,AUTO,,AGGR+CHP+ADP+RUN-EXT+PW+DLK+SLC+TPE+NWS+,STRONG_SELL,55.0,6.92,0,-1,0.00,0.00,27221.75,27222.50,3,15218,15474,-1,-3.5,-279.00,-319.00,-105.50,-400.00,128.75,R,6,UNKNOWN,BRICK_CLOSE,src=primary color=R streak=6 o=27239.00 c=27223.00 hi=27239.00 lo=27223.00
2026-04-30 10:15:30,2622,27222.75,27344.51,27234.19,27238.70,39.92,17.60,19.0,0.0,88.5,0.0,88.5,-0.01,-1,0.0,0,0,0.00,0.00,0.00,0.00,,0.0,2,0,35.00,AUTO,,AGGR+CHP+ADP+RUN-EXT+PW+DLK+SLC+TPE+NWS+,STRONG_SELL,55.0,6.92,0,-1,0.00,0.00,27221.75,27222.50,3,15218,15474,-1,-3.5,-279.00,-319.00,-105.50,-400.00,128.75,R,6,UNKNOWN,SIGNAL,
2026-04-30 10:15:30,2622,27222.75,27344.51,27234.19,27238.70,39.92,17.60,19.0,0.0,88.5,0.0,88.5,-0.01,-1,0.0,0,0,0.00,0.00,0.00,0.00,,0.0,2,0,35.00,AUTO,,AGGR+CHP+ADP+RUN-EXT+PW+DLK+SLC+TPE+NWS+,STRONG_SELL,55.0,6.92,0,-1,0.00,0.00,27221.75,27222.50,3,15218,15474,-1,-3.5,-279.00,-319.00,-105.50,-400.00,128.75,R,6,UNKNOWN,BLOCK_CHOP,EMA gap 4.51 < 5.28 (ADX 19.0)
2026-04-30 10:16:01,2623,27218.75,27343.98,27230.50,27236.58,38.24,17.47,19.6,0.0,88.5,0.0,88.5,0.00,-1,0.0,0,0,0.00,0.00,0.00,0.00,,0.0,2,0,35.00,AUTO,,AGGR+CHP+ADP+RUN-EXT+PW+DLK+SLC+TPE+NWS+,STRONG_SELL,55.0,7.17,0,-1,0.00,0.00,27217.25,27219.00,7,16312,16456,-1,-1.4,-283.00,-323.00,-109.50,-404.00,124.75,R,7,UNKNOWN,BRICK_CLOSE,src=primary color=R streak=7 o=27235.00 c=27219.00 hi=27235.00 lo=27219.00
2026-04-30 10:16:01,2623,27218.75,27343.98,27230.50,27236.58,38.24,17.47,19.6,0.0,116.5,0.0,116.5,0.00,-1,0.0,0,0,0.00,0.00,0.00,0.00,,0.0,2,0,35.00,AUTO,,AGGR+CHP+ADP+RUN-EXT+PW+DLK+SLC+TPE+NWS+,STRONG_SELL,55.0,7.17,0,-1,0.00,0.00,27217.25,27219.00,7,16312,16456,-1,-1.4,-283.00,-323.00,-109.50,-404.00,124.75,R,7,UNKNOWN,SIGNAL,
2026-04-30 10:16:01,2623,27218.75,27343.98,27230.50,27236.58,38.24,17.47,19.6,0.0,116.5,0.0,116.5,0.00,-1,0.0,0,0,0.00,0.00,0.00,0.00,,0.0,2,0,35.00,AUTO,,AGGR+CHP+ADP+RUN-EXT+PW+DLK+SLC+TPE+NWS+,STRONG_SELL,55.0,7.17,0,-1,0.00,0.00,27217.25,27219.00,7,16312,16456,-1,-1.4,-283.00,-323.00,-109.50,-404.00,124.75,R,7,UNKNOWN,BLOCK_CHOP,range 12.25 < 17.47 over 5b (ADX 19.6)
2026-04-30 10:16:01,2624,27214.75,27343.94,27226.75,27234.28,36.59,17.35,20.5,0.0,116.5,0.0,116.5,-0.01,-1,0.0,0,0,0.00,0.00,0.00,0.00,,0.0,2,0,35.00,AUTO,,AGGR+CHP+ADP+RUN-EXT+PW+DLK+SLC+TPE+NWS+,STRONG_SELL,55.0,7.45,0,-1,0.00,0.00,27214.50,27215.25,3,16352,16584,-1,0.6,-287.00,-327.00,-113.50,-408.00,120.75,R,8,UNKNOWN,BRICK_CLOSE,src=primary color=R streak=8 o=27231.00 c=27215.00 hi=27231.00 lo=27215.00
2026-04-30 10:16:01,2624,27214.75,27343.94,27226.75,27234.28,36.59,17.35,20.5,0.0,73.5,0.0,73.5,-0.01,-1,0.0,0,0,0.00,0.00,0.00,0.00,,0.0,2,0,35.00,AUTO,,AGGR+CHP+ADP+RUN-EXT+PW+DLK+SLC+TPE+NWS+,STRONG_SELL,55.0,7.45,0,-1,0.00,0.00,27214.50,27215.25,3,16352,16584,-1,0.6,-287.00,-327.00,-113.50,-408.00,120.75,R,8,UNKNOWN,SIGNAL,
2026-04-30 10:16:01,2624,27214.75,27343.94,27226.75,27234.28,36.59,17.35,20.5,0.0,73.5,0.0,73.5,-0.01,-1,0.0,0,0,0.00,0.00,0.00,0.00,,0.0,2,0,35.00,AUTO,,AGGR+CHP+ADP+RUN-EXT+PW+DLK+SLC+TPE+NWS+,SELL,55.0,7.45,0,-1,0.00,0.00,27214.50,27215.25,3,16352,16584,-1,0.6,-287.00,-327.00,-113.50,-408.00,120.75,R,8,UNKNOWN,TREND_CHASE_FIRE,dir=-1 adx=20.5 streak=8 bear=73.5
2026-04-30 10:16:01,2624,27214.75,27343.94,27226.75,27234.28,36.59,17.35,20.5,0.0,73.5,0.0,73.5,-0.01,-1,0.0,-1,1,0.00,0.00,0.00,0.00,,0.0,2,0,35.00,AUTO,Momentum+VWAP,AGGR+CHP+ADP+RUN-EXT+PW+DLK+SLC+TPE+NWS+,SELL,55.0,7.45,0,-1,0.00,0.00,27214.50,27215.25,3,16352,16584,-1,0.6,-287.00,-327.00,-113.50,-408.00,120.75,R,8,UNKNOWN,ENTRY_SHORT,manual=F bull=0.0 bear=73.5 sig=-1 htf=-1 tape=-0.01 emaXAgo=4 distVwap=-129.2 atr=17.3 px=27214.75 sl=0.00 tp=0.00
2026-04-30 10:16:01,2624,27215.00,27343.94,27226.80,27234.31,36.69,17.35,20.5,0.0,73.5,0.0,73.5,-0.01,-1,0.0,-1,1,27214.25,27232.25,27094.25,0.00,,0.0,2,0,35.00,AUTO,Momentum+VWAP,AGGR+CHP+ADP+RUN-EXT+PW+DLK+SLC+TPE+NWS+,SELL,55.0,7.43,0,-1,-0.75,0.00,27214.50,27215.25,3,16352,16586,-1,0.6,-286.75,-326.75,-113.25,-407.75,121.00,R,8,UNKNOWN,STOPS_ARMED,dir=-1 entry=27214.25 sl=27232.25 tp=27094.25 slPt=18 tpPt=50 RUNNER PD_CLAMP
2026-04-30 10:16:02,2625,27210.75,27343.91,27222.95,27231.83,34.96,17.23,21.7,0.0,73.5,0.0,73.5,-0.01,-1,0.0,-1,1,27214.25,27232.25,27094.25,27215.75,BrickMode*DORMANT,0.0,2,0,35.00,AUTO,Momentum+VWAP,AGGR+CHP+ADP+RUN-EXT+PW+DLK+SLC+TPE+NWS+,SELL,55.0,7.73,0,-1,3.50,2.50,27211.00,27211.75,3,16382,16668,-1,2.4,-291.00,-331.00,-117.50,-412.00,116.75,R,9,UNKNOWN,BRICK_CLOSE,src=primary color=R streak=9 o=27227.00 c=27211.00 hi=27227.00 lo=27211.00
2026-04-30 10:16:12,2626,27206.75,27343.69,27219.11,27229.24,33.36,17.12,23.0,0.0,73.5,0.0,73.5,-0.01,-1,0.0,-1,1,27214.25,27232.25,27094.25,27211.75,BrickMode*DORMANT,0.0,2,0,35.00,AUTO,Momentum+VWAP,AGGR+CHP+ADP+RUN-EXT+PW+DLK+SLC+TPE+NWS+,SELL,55.0,8.00,0,-1,7.50,6.50,27207.75,27208.50,3,16718,17118,-1,3.9,-295.00,-335.00,-121.50,-416.00,112.75,R,10,UNKNOWN,BRICK_CLOSE,src=primary color=R streak=10 o=27223.00 c=27207.00 hi=27223.00 lo=27207.00
2026-04-30 10:16:12,2626,27206.75,27343.69,27219.11,27229.24,33.36,17.12,23.0,0.0,73.5,0.0,73.5,-0.01,-1,0.0,-1,1,27214.25,27232.25,27094.25,27211.75,BrickMode*DORMANT,0.0,2,0,35.00,AUTO,Momentum+VWAP,AGGR+CHP+ADP+RUN-EXT+PW+DLK+SLC+TPE+NWS+,SELL,55.0,8.00,0,-1,7.50,6.50,27207.75,27208.50,3,16718,17118,-1,3.9,-295.00,-335.00,-121.50,-416.00,112.75,R,10,TREND_DN,REGIME_CHANGE,from=UNKNOWN to=TREND_DN adx=23.0 slope=3.86 atr/avg=0.93 eStack=-1 distVwapAtr=-8.00 nr=Rx10 flips4=0
2026-04-30 10:16:15,2626,27206.00,27343.67,27218.96,27229.17,33.05,17.18,23.1,0.0,73.5,0.0,73.5,-0.01,-1,0.0,-1,1,27214.25,27216.25,27094.25,27211.00,BrickMode*DORMANT,0.0,2,0,35.00,AUTO,Momentum+VWAP,AGGR+CHP+ADP+RUN-EXT+PW+DLK+SLC+TPE+NWS+,SELL,55.0,8.02,0,-1,8.25,13.00,27200.75,27201.25,2,16764,17152,-1,3.9,-295.75,-335.75,-122.25,-416.75,112.00,R,10,TREND_DN,PROFIT_SAFEGUARD,tier=1 T1_PROFIT_SAFE peak=13.0pt sl=27216.25 offset=-2.0pt entry=27214.25 runner=True
2026-04-30 10:16:15,2627,27202.75,27343.65,27215.24,27226.52,31.79,17.02,24.6,0.0,73.5,0.0,73.5,-0.01,-1,0.0,-1,1,27214.25,27216.25,27094.25,27205.25,BrickMode*DORMANT,0.0,2,0,35.00,AUTO,Momentum+VWAP,AGGR+CHP+ADP+RUN-EXT+PW+DLK+SLC+TPE+NWS+,SELL,55.0,8.28,0,-1,11.50,13.00,27200.75,27201.25,2,16772,17234,-1,5.2,-299.00,-339.00,-125.50,-420.00,108.75,R,11,TREND_DN,BRICK_CLOSE,src=primary color=R streak=11 o=27219.00 c=27203.00 hi=27219.00 lo=27203.00
2026-04-30 10:16:15,2628,27198.75,27343.55,27211.34,27223.69,30.26,16.93,26.2,0.0,73.5,0.0,73.5,-0.02,-1,0.0,-1,1,27214.25,27216.25,27094.25,27205.25,BrickMode*DORMANT,0.0,2,0,35.00,AUTO,Momentum+VWAP,AGGR+CHP+ADP+RUN-EXT+PW+DLK+SLC+TPE+NWS+,SELL,55.0,8.55,0,-1,15.50,13.00,27200.75,27201.25,2,16786,17532,-1,6.3,-303.00,-343.00,-129.50,-424.00,104.75,R,12,TREND_DN,BRICK_CLOSE,src=primary color=R streak=12 o=27215.00 c=27199.00 hi=27215.00 lo=27199.00
2026-04-30 10:16:18,2628,27201.00,27343.44,27211.79,27223.89,32.12,16.98,26.3,0.0,73.5,0.0,73.5,-0.02,-1,0.0,-1,1,27214.25,27216.25,27094.25,27205.00,BrickMode*DORMANT,0.0,2,0,35.00,AUTO,Momentum+VWAP,AGGR+CHP+ADP+RUN-EXT+PW+DLK+SLC+TPE+NWS+,SELL,55.0,8.39,0,-1,13.25,15.00,27198.50,27199.25,3,17058,17668,-1,6.3,-300.75,-340.75,-127.25,-421.75,107.00,R,12,TREND_DN,PEAKLOCK_T1,peak=15.0pt giveback=12.0pt floor=27211.25 entry=27214.25
2026-04-30 10:16:19,2629,27194.75,27343.38,27207.42,27220.75,28.77,16.85,28.1,0.0,73.5,0.0,73.5,-0.02,-1,0.0,-1,1,27214.25,27216.25,27094.25,27201.00,BrickMode*DORMANT,0.0,2,0,35.00,AUTO,Momentum+VWAP,AGGR+CHP+ADP+RUN-EXT+PW+DLK+SLC+TPE+NWS+,SELL,55.0,8.82,0,-1,19.50,17.25,27196.50,27197.00,2,17100,17796,-1,7.2,-307.00,-347.00,-133.50,-428.00,100.75,R,13,TREND_DN,BRICK_CLOSE,src=primary color=R streak=13 o=27211.00 c=27195.00 hi=27211.00 lo=27195.00
2026-04-30 10:16:21,2629,27194.00,27343.32,27207.27,27220.68,28.49,17.10,28.3,0.0,73.5,0.0,73.5,-0.02,-1,0.0,-1,1,27214.25,27213.25,27094.25,27198.75,BrickMode*DORMANT,0.0,2,0,35.00,AUTO,Momentum+VWAP,AGGR+CHP+ADP+RUN-EXT+PW+DLK+SLC+TPE+NWS+,SELL,55.0,8.73,0,-1,20.25,20.50,27193.00,27193.75,3,17158,17954,-1,7.4,-307.75,-347.75,-134.25,-428.75,100.00,R,13,TREND_DN,PROFIT_SAFEGUARD,tier=2 T2_PROFIT_SAFE peak=20.5pt sl=27213.25 offset=1.0pt entry=27214.25 runner=True
2026-04-30 10:16:26,2629,27192.75,27343.20,27207.02,27220.57,28.03,17.10,28.3,0.0,73.5,0.0,73.5,-0.02,-1,0.0,-1,1,27214.25,27213.25,27094.25,27197.00,BrickMode*DORMANT,0.0,2,0,35.00,AUTO,Momentum+VWAP,AGGR+CHP+ADP+RUN-EXT+PW+DLK+SLC+TPE+NWS+,SELL,55.0,8.80,0,-1,21.50,28.25,27185.25,27186.00,3,17338,18164,-1,7.4,-309.00,-349.00,-135.50,-430.00,98.75,R,13,TREND_DN,PEAKLOCK_T2,peak=28.3pt giveback=14.4pt floor=27200.50 entry=27214.25
2026-04-30 10:16:26,2630,27190.75,27343.19,27203.49,27217.71,27.32,16.77,30.0,0.0,73.5,0.0,73.5,-0.02,-1,0.0,-1,1,27214.25,27213.25,27094.25,27190.00,BrickMode*DORMANT,0.0,2,0,35.00,AUTO,Momentum+VWAP,AGGR+CHP+ADP+RUN-EXT+PW+DLK+SLC+TPE+NWS+,SELL,55.0,9.09,0,-1,23.50,28.25,27185.25,27186.00,3,17346,18176,-1,8.0,-311.00,-351.00,-137.50,-432.00,96.75,R,14,TREND_DN,BRICK_CLOSE,src=primary color=R streak=14 o=27207.00 c=27191.00 hi=27207.00 lo=27191.00
2026-04-30 10:16:26,2631,27186.75,27343.15,27199.54,27214.59,25.91,16.69,32.0,0.0,73.5,0.0,73.5,-0.03,-1,0.0,-1,1,27214.25,27213.25,27094.25,27190.00,BrickMode*DORMANT,0.0,2,0,35.00,AUTO,Momentum+VWAP,AGGR+CHP+ADP+RUN-EXT+PW+DLK+SLC+TPE+NWS+,SELL,55.0,9.37,0,-1,27.50,28.25,27185.25,27186.00,3,17346,18304,-1,8.7,-315.00,-355.00,-141.50,-436.00,92.75,R,15,TREND_DN,BRICK_CLOSE,src=primary color=R streak=15 o=27203.00 c=27187.00 hi=27203.00 lo=27187.00
2026-04-30 10:16:26,2632,27182.75,27343.09,27195.58,27211.38,24.55,16.62,34.0,0.0,73.5,0.0,73.5,-0.03,-1,0.0,-1,1,27214.25,27213.25,27094.25,27190.00,BrickMode*DORMANT,0.0,2,0,35.00,AUTO,Momentum+VWAP,AGGR+CHP+ADP+RUN-EXT+PW+DLK+SLC+TPE+NWS+,SELL,55.0,9.65,0,-1,31.50,28.25,27185.25,27186.00,3,17346,18486,-1,9.2,-319.00,-359.00,-145.50,-440.00,88.75,R,16,TREND_DN,BRICK_CLOSE,src=primary color=R streak=16 o=27199.00 c=27183.00 hi=27199.00 lo=27183.00
2026-04-30 10:16:39,2632,27185.50,27342.68,27196.13,27211.63,27.21,16.71,34.1,0.0,73.5,0.0,73.5,-0.03,-1,0.0,-1,1,27214.25,27206.25,27094.25,27189.25,BrickMode*DORMANT,0.0,2,0,35.00,AUTO,Momentum+VWAP,AGGR+CHP+ADP+RUN-EXT+PW+DLK+SLC+TPE+NWS+,SELL,55.0,9.40,0,-1,28.75,30.00,27183.50,27184.25,3,17940,19148,-1,9.3,-316.25,-356.25,-142.75,-437.25,91.50,R,16,TREND_DN,PROFIT_SAFEGUARD,tier=3 T3_PROFIT_SAFE peak=30.0pt sl=27206.25 offset=8.0pt entry=27214.25 runner=True
2026-04-30 10:16:43,2633,27178.75,27342.51,27191.62,27208.11,23.24,16.56,36.1,0.0,73.5,0.0,73.5,-0.04,-1,0.0,-1,1,27214.25,27206.25,27094.25,27180.75,BrickMode*DORMANT,0.0,2,0,35.00,AUTO,Momentum+VWAP,AGGR+CHP+ADP+RUN-EXT+PW+DLK+SLC+TPE+NWS+,SELL,55.0,9.89,0,-1,35.50,37.50,27176.00,27176.75,3,18138,19458,-1,9.6,-323.00,-363.00,-149.50,-444.00,84.75,R,17,TREND_DN,BRICK_CLOSE,src=primary color=R streak=17 o=27195.00 c=27179.00 hi=27195.00 lo=27179.00
2026-04-30 10:16:44,2634,27174.75,27342.42,27187.64,27204.76,21.97,16.50,38.3,0.0,73.5,0.0,73.5,-0.04,-1,0.0,-1,1,27214.25,27206.25,27094.25,27180.75,BrickMode*DORMANT,0.0,2,0,35.00,AUTO,Momentum+VWAP,AGGR+CHP+ADP+RUN-EXT+PW+DLK+SLC+TPE+NWS+,SELL,55.0,10.16,0,-1,39.50,37.50,27178.25,27179.00,3,18206,19644,-1,10.0,-327.00,-367.00,-153.50,-448.00,80.75,R,18,TREND_DN,BRICK_CLOSE,src=primary color=R streak=18 o=27191.00 c=27175.00 hi=27191.00 lo=27175.00
2026-04-30 10:16:51,2634,27174.75,27342.27,27187.64,27204.76,21.97,16.50,38.3,0.0,73.5,0.0,73.5,-0.04,-1,0.0,-1,1,27214.25,27206.25,27094.25,27179.25,BrickMode*DORMANT,0.0,2,0,35.00,AUTO,Momentum+VWAP,AGGR+CHP+ADP+RUN-EXT+PW+DLK+SLC+TPE+NWS+,SELL,55.0,10.15,0,-1,39.50,43.75,27170.00,27170.50,2,18412,19886,-1,10.0,-327.00,-367.00,-153.50,-448.00,80.75,R,18,TREND_DN,PEAKLOCK_T3,peak=43.8pt giveback=18.0pt floor=27188.50 entry=27214.25
2026-04-30 10:16:51,2635,27170.75,27342.23,27183.66,27201.36,20.75,16.45,40.4,0.0,73.5,0.0,73.5,-0.04,-1,0.0,-1,1,27214.25,27206.25,27094.25,27174.50,BrickMode*DORMANT,0.0,2,0,35.00,AUTO,Momentum+VWAP,AGGR+CHP+ADP+RUN-EXT+PW+DLK+SLC+TPE+NWS+,SELL,55.0,10.43,0,-1,43.50,43.75,27170.00,27170.50,2,18430,19988,-1,10.2,-331.00,-371.00,-157.50,-452.00,76.75,R,19,TREND_DN,BRICK_CLOSE,src=primary color=R streak=19 o=27187.00 c=27171.00 hi=27187.00 lo=27171.00
2026-04-30 10:16:55,2636,27166.75,27342.06,27179.68,27197.91,19.58,16.39,42.6,0.0,73.5,0.0,73.5,-0.04,-1,0.0,-1,1,27214.25,27206.25,27094.25,27171.00,BrickMode*DORMANT,0.0,2,0,35.00,AUTO,Momentum+VWAP,AGGR+CHP+ADP+RUN-EXT+PW+DLK+SLC+TPE+NWS+,SELL,55.0,10.69,0,-1,47.50,47.25,27166.25,27167.00,3,18606,20282,-1,10.4,-335.00,-375.00,-161.50,-456.00,72.75,R,20,TREND_DN,BRICK_CLOSE,src=primary color=R streak=20 o=27183.00 c=27167.00 hi=27183.00 lo=27167.00
2026-04-30 10:17:18,2636,27174.00,27341.35,27181.13,27198.56,27.36,16.64,42.7,0.0,73.5,0.0,73.5,0.15,-1,0.0,-1,1,27214.25,27206.25,27094.25,27168.50,BrickMode,0.0,2,0,35.00,AUTO,Momentum+VWAP,AGGR+CHP+ADP+RUN-EXT+PW+DLK+SLC+TPE+NWS+,SELL,55.0,10.05,0,-1,40.25,49.75,27177.50,27178.25,3,442,328,-1,10.5,-327.75,-367.75,-154.25,-448.75,80.00,R,20,TREND_DN,BRICK_TRAIL_HIT,reason=px_stop peak=49.8pt cur=36.0pt retrace=13.8pt effRetraceMin=11.3pt trail=27168.50 px=27178.25 adxSlope=10.37 streak=20 effPct=50
2026-04-30 10:17:18,2636,27174.00,27341.35,27181.13,27198.56,27.36,16.64,42.7,0.0,73.5,0.0,73.5,0.15,-1,0.0,-1,0,27214.25,27206.25,27094.25,27168.50,BrickMode,0.0,0,1,770.00,AUTO,Momentum+VWAP,AGGR+CHP+ADP+RUN-EXT+PW+DLK+SLC+TPE+NWS+,SELL,55.0,10.05,0,-1,40.25,49.75,27177.50,27178.25,3,442,328,-1,10.5,-327.75,-367.75,-154.25,-448.75,80.00,R,20,TREND_DN,CAP_REFUND,pnl=735.00 thr=25.00 tradesToday=3/20
2026-04-30 10:17:18,2636,27174.00,27341.35,27181.13,27198.56,27.36,16.64,42.7,0.0,73.5,0.0,73.5,0.15,-1,0.0,-1,0,27214.25,27206.25,27094.25,27168.50,BrickMode,0.0,0,1,770.00,AUTO,Momentum+VWAP,AGGR+CHP+ADP+RUN-EXT+PW+DLK+SLC+TPE+NWS+,SELL,55.0,10.05,0,-1,40.25,49.75,27177.50,27178.25,3,442,328,-1,10.5,-327.75,-367.75,-154.25,-448.75,80.00,R,20,TREND_DN,BRICK_REENTRY_ARMED,dir=-1 reason=TRAIL_BrickTrail_PxStop exitPx=27174.00 windowSec=90 minStreak=3
2026-04-30 10:17:18,2636,27174.00,27341.35,27181.13,27198.56,27.36,16.64,42.7,0.0,73.5,0.0,73.5,0.15,-1,0.0,-1,0,27214.25,27206.25,27094.25,27168.50,BrickMode,0.0,0,1,770.00,AUTO,Momentum+VWAP,AGGR+CHP+ADP+RUN-EXT+PW+DLK+SLC+TPE+NWS+,SELL,55.0,10.05,0,-1,40.25,49.75,27177.50,27178.25,3,442,328,-1,10.5,-327.75,-367.75,-154.25,-448.75,80.00,R,20,TREND_DN,EXIT_WIN_TRAIL_BrickTrail_PxStop,pnl=735.00 consec=1
2026-04-30 10:17:18,2636,27174.00,27341.35,27181.13,27198.56,27.36,16.64,42.7,0.0,73.5,0.0,73.5,0.15,-1,0.0,-1,0,27214.25,27206.25,27094.25,27168.50,BrickMode,0.0,0,1,770.00,AUTO,Momentum+VWAP,AGGR+CHP+ADP+RUN-EXT+PW+DLK+SLC+TPE+NWS+,SELL,55.0,10.05,0,-1,40.25,49.75,27177.50,27178.25,3,442,328,-1,10.5,-327.75,-367.75,-154.25,-448.75,80.00,R,20,TREND_DN,REGIME_PNL,regime=UNKNOWN tradePnl=735.00 regTotal=805.00 thresh=-200
2026-04-30 10:18:27,2637,27195.75,27340.00,27187.42,27200.04,44.08,17.43,40.1,0.0,0.0,0.0,0.0,0.14,-1,0.0,0,0,0.00,0.00,0.00,0.00,,0.0,0,1,770.00,AUTO,,AGGR+CHP+ADP+RUN-EXT+PW+DLK+SLC+TPE+NWS+,SELL,55.0,8.28,0,-1,0.00,0.00,27198.00,27198.75,3,2920,2198,0,5.8,-306.00,-346.00,-132.50,-427.00,101.75,G,1,TREND_DN,BRICK_CLOSE,src=primary color=G streak=1 o=27179.00 c=27195.00 hi=27195.00 lo=27163.25
2026-04-30 10:18:27,2637,27195.75,27340.00,27187.42,27200.04,44.08,17.43,40.1,0.0,0.0,0.0,0.0,0.14,-1,0.0,0,0,0.00,0.00,0.00,0.00,,0.0,0,1,770.00,AUTO,,AGGR+CHP+ADP+RUN-EXT+PW+DLK+SLC+TPE+NWS+,SELL,55.0,8.28,0,-1,0.00,0.00,27198.00,27198.75,3,2920,2198,0,5.8,-306.00,-346.00,-132.50,-427.00,101.75,G,1,TREND_DN,BRICK_REENTRY_DISARM,why=opp_brick
2026-04-30 10:18:27,2637,27195.75,27340.00,27187.42,27200.04,44.08,17.43,40.1,0.0,0.0,0.0,0.0,0.14,-1,0.0,0,0,0.00,0.00,0.00,0.00,,0.0,0,1,770.00,AUTO,,AGGR+CHP+ADP+RUN-EXT+PW+DLK+SLC+TPE+NWS+,SELL,55.0,8.28,0,-1,0.00,0.00,27198.00,27198.75,3,2920,2198,0,5.8,-306.00,-346.00,-132.50,-427.00,101.75,G,1,TREND_DN,RUN_END,color=R len=20 pts=64.0 maxFav=92.0 durSec=204 startPx=27259.00 endPx=27195.00
2026-04-30 10:18:27,2637,27195.75,27340.00,27187.42,27200.04,44.08,17.43,40.1,0.0,0.0,0.0,0.0,0.14,-1,0.0,0,0,0.00,0.00,0.00,0.00,,0.0,0,1,770.00,AUTO,,AGGR+CHP+ADP+RUN-EXT+PW+DLK+SLC+TPE+NWS+,SELL,55.0,8.28,0,-1,0.00,0.00,27198.00,27198.75,3,2920,2198,0,5.8,-306.00,-346.00,-132.50,-427.00,101.75,G,1,TREND_DN,PULLBACK_ARM,dir=-1 runLen=20 runPts=64.0 maxFav=92.0 extremePx=27195.00 windowSec=900
2026-04-30 10:18:27,2637,27195.75,27340.00,27187.42,27200.04,44.08,17.43,40.1,0.0,0.0,0.0,0.0,0.14,-1,0.0,0,0,0.00,0.00,0.00,0.00,,0.0,0,1,770.00,AUTO,,AGGR+CHP+ADP+RUN-EXT+PW+DLK+SLC+TPE+NWS+,SELL,55.0,8.28,0,-1,0.00,0.00,27198.00,27198.75,3,2920,2198,0,5.8,-306.00,-346.00,-132.50,-427.00,101.75,G,1,UNKNOWN,REGIME_CHANGE,from=TREND_DN to=UNKNOWN adx=40.1 slope=5.85 atr/avg=1.00 eStack=0 distVwapAtr=-8.28 nr=Gx1 flips4=1
2026-04-30 10:18:27,2637,27195.75,27340.00,27187.42,27200.04,44.08,17.43,40.1,0.0,29.0,0.0,29.0,0.14,-1,0.0,0,0,0.00,0.00,0.00,0.00,,0.0,0,1,770.00,AUTO,,AGGR+CHP+ADP+RUN-EXT+PW+DLK+SLC+TPE+NWS+,SELL,55.0,8.28,0,-1,0.00,0.00,27198.00,27198.75,3,2920,2198,0,5.8,-306.00,-346.00,-132.50,-427.00,101.75,G,1,UNKNOWN,SIGNAL,
2026-04-30 10:18:27,2637,27195.75,27340.00,27187.42,27200.04,44.08,17.43,40.1,0.0,29.0,0.0,29.0,0.14,-1,0.0,0,0,0.00,0.00,0.00,0.00,,0.0,0,1,770.00,AUTO,,AGGR+CHP+ADP+RUN-EXT+PW+DLK+SLC+TPE+NWS+,WAIT,55.0,8.28,0,-1,0.00,0.00,27198.00,27198.75,3,2920,2198,0,5.8,-306.00,-346.00,-132.50,-427.00,101.75,G,1,UNKNOWN,PULLBACK_DISARM,reason=window dir=-1
2026-04-30 10:18:27,2637,27195.75,27340.00,27187.42,27200.04,44.08,17.43,40.1,0.0,29.0,0.0,29.0,0.14,-1,0.0,0,0,0.00,0.00,0.00,0.00,,0.0,0,1,770.00,AUTO,,AGGR+CHP+ADP+RUN-EXT+PW+DLK+SLC+TPE+NWS+,WAIT,55.0,8.28,0,-1,0.00,0.00,27198.00,27198.75,3,2920,2198,0,5.8,-306.00,-346.00,-132.50,-427.00,101.75,G,1,UNKNOWN,BLOCK_AUTO,reason=tooSoon consecLoss=0 barsSinceExit=1 barsSinceLoss=100
2026-04-30 10:18:27,2638,27199.75,27339.98,27190.40,27200.29,46.54,17.31,38.8,0.0,29.0,0.0,29.0,0.15,-1,0.0,0,0,0.00,0.00,0.00,0.00,,0.0,0,1,770.00,AUTO,,AGGR+CHP+ADP+RUN-EXT+PW+DLK+SLC+TPE+NWS+,WAIT,55.0,8.10,0,-1,0.00,0.00,27198.00,27198.75,3,3000,2218,0,2.4,-302.00,-342.00,-128.50,-423.00,105.75,G,2,UNKNOWN,BRICK_CLOSE,src=primary color=G streak=2 o=27183.00 c=27199.00 hi=27199.00 lo=27183.00
2026-04-30 10:18:27,2638,27199.75,27339.97,27190.40,27200.29,46.54,17.31,38.8,0.0,18.6,0.0,18.6,0.15,-1,0.0,0,0,0.00,0.00,0.00,0.00,,0.0,0,1,770.00,AUTO,,AGGR+CHP+ADP+RUN-EXT+PW+DLK+SLC+TPE+NWS+,WAIT,55.0,8.10,0,-1,0.00,0.00,27198.00,27198.75,3,3000,2218,0,2.4,-302.00,-342.00,-128.50,-423.00,105.75,G,2,UNKNOWN,SIGNAL,
2026-04-30 10:18:27,2638,27199.75,27339.97,27190.40,27200.29,46.54,17.31,38.8,0.0,18.6,0.0,18.6,0.15,-1,0.0,0,0,0.00,0.00,0.00,0.00,,0.0,0,1,770.00,AUTO,,AGGR+CHP+ADP+RUN-EXT+PW+DLK+SLC+TPE+NWS+,WAIT,55.0,8.10,0,-1,0.00,0.00,27198.00,27198.75,3,3000,2218,0,2.4,-302.00,-342.00,-128.50,-423.00,105.75,G,2,UNKNOWN,BLOCK_AUTO,reason=tooSoon consecLoss=0 barsSinceExit=2 barsSinceLoss=101
2026-04-30 10:18:53,2639,27203.25,27339.62,27193.49,27200.82,48.65,17.16,37.1,0.0,18.6,0.0,18.6,0.14,-1,0.0,0,0,0.00,0.00,0.00,0.00,,0.0,0,1,770.00,AUTO,,AGGR+CHP+ADP+RUN-EXT+PW+DLK+SLC+TPE+NWS+,WAIT,55.0,7.95,0,-1,0.00,0.00,27203.00,27203.75,3,3670,2788,0,-1.4,-298.50,-338.50,-125.00,-419.50,109.25,G,3,UNKNOWN,BRICK_CLOSE,src=primary color=G streak=3 o=27187.00 c=27203.00 hi=27203.00 lo=27187.00
2026-04-30 10:18:53,2639,27203.25,27339.61,27193.49,27200.82,48.65,17.16,37.1,0.0,20.2,0.0,20.2,0.14,-1,0.0,0,0,0.00,0.00,0.00,0.00,,0.0,0,1,770.00,AUTO,,AGGR+CHP+ADP+RUN-EXT+PW+DLK+SLC+TPE+NWS+,WAIT,55.0,7.94,0,-1,0.00,0.00,27203.00,27203.75,3,3670,2788,0,-1.4,-298.50,-338.50,-125.00,-419.50,109.25,G,3,UNKNOWN,SIGNAL,
2026-04-30 10:18:53,2639,27203.25,27339.61,27193.49,27200.82,48.65,17.16,37.1,0.0,20.2,0.0,20.2,0.14,-1,0.0,0,0,0.00,0.00,0.00,0.00,,0.0,0,1,770.00,AUTO,,AGGR+CHP+ADP+RUN-EXT+PW+DLK+SLC+TPE+NWS+,WAIT,55.0,7.94,0,-1,0.00,0.00,27203.00,27203.75,3,3670,2788,0,-1.4,-298.50,-338.50,-125.00,-419.50,109.25,G,3,UNKNOWN,BLOCK_AUTO,reason=tooSoon consecLoss=0 barsSinceExit=3 barsSinceLoss=102
2026-04-30 10:18:55,2640,27207.50,27339.55,27196.89,27201.74,51.19,17.08,34.9,0.0,20.2,0.0,20.2,0.15,-1,0.0,0,0,0.00,0.00,0.00,0.00,,0.0,0,1,770.00,AUTO,,AGGR+CHP+ADP+RUN-EXT+PW+DLK+SLC+TPE+NWS+,WAIT,55.0,7.73,0,-1,0.00,0.00,27205.25,27205.75,2,3828,2846,0,-5.7,-294.25,-334.25,-120.75,-415.25,113.50,G,4,UNKNOWN,BRICK_CLOSE,src=primary color=G streak=4 o=27191.00 c=27207.00 hi=27207.00 lo=27191.00
2026-04-30 10:18:55,2640,27207.50,27339.55,27196.89,27201.74,51.19,17.08,34.9,0.0,18.0,0.0,18.0,0.15,-1,0.0,0,0,0.00,0.00,0.00,0.00,,0.0,0,1,770.00,AUTO,,AGGR+CHP+ADP+RUN-EXT+PW+DLK+SLC+TPE+NWS+,WAIT,55.0,7.73,0,-1,0.00,0.00,27205.25,27205.75,2,3828,2846,0,-5.7,-294.25,-334.25,-120.75,-415.25,113.50,G,4,UNKNOWN,SIGNAL,
2026-04-30 10:19:50,2641,27211.50,27338.90,27200.37,27202.92,53.51,17.07,32.4,0.0,18.0,0.0,18.0,0.10,-1,0.0,0,0,0.00,0.00,0.00,0.00,,0.0,0,1,770.00,AUTO,,AGGR+CHP+ADP+RUN-EXT+PW+DLK+SLC+TPE+NWS+,WAIT,55.0,7.46,0,-1,0.00,0.00,27210.25,27210.75,2,5008,4082,0,-8.0,-290.25,-330.25,-116.75,-411.25,117.50,G,5,UNKNOWN,BRICK_CLOSE,src=primary color=G streak=5 o=27195.00 c=27211.00 hi=27211.00 lo=27193.75
2026-04-30 10:19:50,2641,27211.50,27338.90,27200.37,27202.92,53.51,17.07,32.4,0.0,18.0,0.0,18.0,0.10,-1,0.0,0,0,0.00,0.00,0.00,0.00,,0.0,0,1,770.00,AUTO,,AGGR+CHP+ADP+RUN-EXT+PW+DLK+SLC+TPE+NWS+,WAIT,55.0,7.46,0,-1,0.00,0.00,27210.25,27210.75,2,5008,4082,0,-8.0,-290.25,-330.25,-116.75,-411.25,117.50,G,5,UNKNOWN,HEARTBEAT,tradesToday=3 openDca=0
2026-04-30 10:19:50,2641,27211.50,27338.90,27200.37,27202.92,53.51,17.07,32.4,0.0,29.0,0.0,29.0,0.10,-1,0.0,0,0,0.00,0.00,0.00,0.00,,0.0,0,1,770.00,AUTO,,AGGR+CHP+ADP+RUN-EXT+PW+DLK+SLC+TPE+NWS+,WAIT,55.0,7.46,0,-1,0.00,0.00,27210.25,27210.75,2,5008,4082,0,-8.0,-290.25,-330.25,-116.75,-411.25,117.50,G,5,UNKNOWN,SIGNAL,
2026-04-30 10:19:51,2642,27215.25,27338.86,27203.91,27204.33,55.64,16.96,29.7,0.0,29.0,0.0,29.0,0.10,-1,0.0,0,0,0.00,0.00,0.00,0.00,,0.0,0,1,770.00,AUTO,,AGGR+CHP+ADP+RUN-EXT+PW+DLK+SLC+TPE+NWS+,WAIT,55.0,7.29,0,-1,0.00,0.00,27216.75,27217.25,2,5092,4140,0,-9.9,-286.50,-326.50,-113.00,-407.50,121.25,G,6,UNKNOWN,BRICK_CLOSE,src=primary color=G streak=6 o=27199.00 c=27215.00 hi=27215.00 lo=27199.00
2026-04-30 10:19:51,2642,27215.25,27338.86,27203.91,27204.33,55.64,16.96,29.7,7.5,20.8,7.5,20.8,0.10,-1,0.0,0,0,0.00,0.00,0.00,0.00,,0.0,0,1,770.00,AUTO,,AGGR+CHP+ADP+RUN-EXT+PW+DLK+SLC+TPE+NWS+,WAIT,55.0,7.29,0,-1,0.00,0.00,27216.75,27217.25,2,5092,4140,0,-9.9,-286.50,-326.50,-113.00,-407.50,121.25,G,6,UNKNOWN,SIGNAL,
2026-04-30 10:20:03,2643,27219.25,27338.68,27207.58,27205.99,57.85,16.87,28.5,7.5,20.8,7.5,20.8,0.10,-1,0.0,0,0,0.00,0.00,0.00,0.00,,0.0,0,1,770.00,AUTO,,AGGR+CHP+ADP+RUN-EXT+PW+DLK+SLC+TPE+NWS+,WAIT,55.0,7.08,0,-1,0.00,0.00,27227.50,27228.00,2,5458,4478,1,-9.8,-282.50,-322.50,-109.00,-403.50,125.25,G,7,UNKNOWN,BRICK_CLOSE,src=primary color=G streak=7 o=27203.00 c=27219.00 hi=27219.00 lo=27203.00
2026-04-30 10:20:03,2643,27219.25,27338.68,27207.58,27205.99,57.85,16.87,28.5,67.3,8.0,67.3,8.0,0.10,0,0.0,0,0,0.00,0.00,0.00,0.00,,0.0,0,1,770.00,AUTO,,AGGR+CHP+ADP+RUN-EXT+PW+DLK+SLC+TPE+NWS+,WAIT,55.0,7.08,0,-1,0.00,0.00,27227.50,27228.00,2,5458,4478,1,-9.8,-282.50,-322.50,-109.00,-403.50,125.25,G,7,UNKNOWN,SIGNAL,
2026-04-30 10:20:03,2643,27219.25,27338.68,27207.58,27205.99,57.85,16.87,28.5,67.3,8.0,67.3,8.0,0.10,0,0.0,0,0,0.00,0.00,0.00,0.00,,0.0,0,1,770.00,AUTO,,AGGR+CHP+ADP+RUN-EXT+PW+DLK+SLC+TPE+NWS+,BUY,55.0,7.08,0,-1,0.00,0.00,27227.50,27228.00,2,5458,4478,1,-9.8,-282.50,-322.50,-109.00,-403.50,125.25,G,7,UNKNOWN,BLOCK_EXTENSION,dir=1 dist=119.4 atr=16.9 ratio=7.08 max=5.00 loose=False
2026-04-30 10:20:03,2644,27223.25,27338.66,27211.31,27207.87,60.00,16.79,27.7,67.3,8.0,67.3,8.0,0.10,0,0.0,0,0,0.00,0.00,0.00,0.00,,0.0,0,1,770.00,AUTO,,AGGR+CHP+ADP+RUN-EXT+PW+DLK+SLC+TPE+NWS+,BUY,55.0,6.87,0,-1,0.00,0.00,27227.50,27228.00,2,5540,4492,1,-8.8,-278.50,-318.50,-105.00,-399.50,129.25,G,8,UNKNOWN,BRICK_CLOSE,src=primary color=G streak=8 o=27207.00 c=27223.00 hi=27223.00 lo=27207.00
2026-04-30 10:20:03,2644,27223.25,27338.66,27211.31,27207.87,60.00,16.79,27.7,67.5,8.0,67.5,8.0,0.10,0,0.0,0,0,0.00,0.00,0.00,0.00,,0.0,0,1,770.00,AUTO,,AGGR+CHP+ADP+RUN-EXT+PW+DLK+SLC+TPE+NWS+,BUY,55.0,6.87,0,-1,0.00,0.00,27227.50,27228.00,2,5540,4492,1,-8.8,-278.50,-318.50,-105.00,-399.50,129.25,G,8,UNKNOWN,SIGNAL,
2026-04-30 10:20:03,2644,27223.25,27338.66,27211.31,27207.87,60.00,16.79,27.7,67.5,8.0,67.5,8.0,0.10,0,0.0,0,0,0.00,0.00,0.00,0.00,,0.0,0,1,770.00,AUTO,,AGGR+CHP+ADP+RUN-EXT+PW+DLK+SLC+TPE+NWS+,BUY,55.0,6.87,0,-1,0.00,0.00,27227.50,27228.00,2,5540,4492,1,-8.8,-278.50,-318.50,-105.00,-399.50,129.25,G,8,UNKNOWN,BLOCK_EXTENSION,dir=1 dist=115.4 atr=16.8 ratio=6.87 max=5.00 loose=False
2026-04-30 10:20:03,2645,27227.25,27338.64,27215.10,27209.94,62.08,16.71,27.4,67.5,8.0,67.5,8.0,0.11,0,0.0,0,0,0.00,0.00,0.00,0.00,,0.0,0,1,770.00,AUTO,,AGGR+CHP+ADP+RUN-EXT+PW+DLK+SLC+TPE+NWS+,BUY,55.0,6.67,0,-1,0.00,0.00,27227.50,27228.00,2,5604,4496,1,-7.0,-274.50,-314.50,-101.00,-395.50,133.25,G,9,UNKNOWN,BRICK_CLOSE,src=primary color=G streak=9 o=27211.00 c=27227.00 hi=27227.00 lo=27211.00
2026-04-30 10:20:03,2645,27227.25,27338.64,27215.10,27209.94,62.08,16.71,27.4,50.0,8.0,50.0,8.0,0.11,0,0.0,0,0,0.00,0.00,0.00,0.00,,0.0,0,1,770.00,AUTO,,AGGR+CHP+ADP+RUN-EXT+PW+DLK+SLC+TPE+NWS+,BUY,55.0,6.67,0,-1,0.00,0.00,27227.50,27228.00,2,5604,4496,1,-7.0,-274.50,-314.50,-101.00,-395.50,133.25,G,9,UNKNOWN,SIGNAL,
2026-04-30 10:20:04,2646,27231.25,27338.59,27218.93,27212.19,64.09,16.64,27.5,50.0,8.0,50.0,8.0,0.12,0,0.0,0,0,0.00,0.00,0.00,0.00,,0.0,0,1,770.00,AUTO,,AGGR+CHP+ADP+RUN-EXT+PW+DLK+SLC+TPE+NWS+,WAIT,55.0,6.45,0,-1,0.00,0.00,27232.50,27233.50,4,5768,4544,1,-4.5,-270.50,-310.50,-97.00,-391.50,137.25,G,10,UNKNOWN,BRICK_CLOSE,src=primary color=G streak=10 o=27215.00 c=27231.00 hi=27231.00 lo=27215.00
2026-04-30 10:20:04,2646,27231.25,27338.59,27218.93,27212.19,64.09,16.64,27.5,50.0,8.0,50.0,8.0,0.12,0,0.0,0,0,0.00,0.00,0.00,0.00,,0.0,0,1,770.00,AUTO,,AGGR+CHP+ADP+RUN-EXT+PW+DLK+SLC+TPE+NWS+,WAIT,55.0,6.45,0,-1,0.00,0.00,27232.50,27233.50,4,5768,4544,1,-4.5,-270.50,-310.50,-97.00,-391.50,137.25,G,10,UNKNOWN,SIGNAL,
2026-04-30 10:20:13,2647,27235.25,27338.39,27222.79,27214.60,66.03,16.58,27.9,50.0,8.0,50.0,8.0,0.12,0,0.0,0,0,0.00,0.00,0.00,0.00,,0.0,0,1,770.00,AUTO,,AGGR+CHP+ADP+RUN-EXT+PW+DLK+SLC+TPE+NWS+,WAIT,55.0,6.22,0,-1,0.00,0.00,27231.75,27232.50,3,6296,4940,1,-2.3,-266.50,-306.50,-93.00,-387.50,141.25,G,11,UNKNOWN,BRICK_CLOSE,src=primary color=G streak=11 o=27219.00 c=27235.00 hi=27235.00 lo=27219.00
2026-04-30 10:20:13,2647,27235.25,27338.39,27222.79,27214.60,66.03,16.58,27.9,45.5,8.0,45.5,8.0,0.12,0,0.0,0,0,0.00,0.00,0.00,0.00,,0.0,0,1,770.00,AUTO,,AGGR+CHP+ADP+RUN-EXT+PW+DLK+SLC+TPE+NWS+,WAIT,55.0,6.22,0,-1,0.00,0.00,27231.75,27232.50,3,6296,4940,1,-2.3,-266.50,-306.50,-93.00,-387.50,141.25,G,11,UNKNOWN,SIGNAL,
2026-04-30 10:21:37,2648,27206.75,27337.46,27215.07,27211.55,46.71,17.40,24.8,45.5,8.0,45.5,8.0,0.08,0,0.0,0,0,0.00,0.00,0.00,0.00,,0.0,0,1,770.00,AUTO,,AGGR+CHP+ADP+RUN-EXT+PW+DLK+SLC+TPE+NWS+,WAIT,55.0,7.51,0,-1,0.00,0.00,27209.25,27209.75,2,8100,6934,0,-4.1,-295.00,-335.00,-121.50,-416.00,112.75,R,1,UNKNOWN,BRICK_CLOSE,src=primary color=R streak=1 o=27223.00 c=27207.00 hi=27236.25 lo=27207.00
2026-04-30 10:21:37,2648,27206.75,27337.46,27215.07,27211.55,46.71,17.40,24.8,45.5,8.0,45.5,8.0,0.08,0,0.0,0,0,0.00,0.00,0.00,0.00,,0.0,0,1,770.00,AUTO,,AGGR+CHP+ADP+RUN-EXT+PW+DLK+SLC+TPE+NWS+,WAIT,55.0,7.51,0,-1,0.00,0.00,27209.25,27209.75,2,8100,6934,0,-4.1,-295.00,-335.00,-121.50,-416.00,112.75,R,1,UNKNOWN,RUN_END,color=G len=11 pts=28.0 maxFav=56.0 durSec=191 startPx=27179.00 endPx=27207.00
2026-04-30 10:21:37,2648,27206.75,27337.46,27215.07,27211.55,46.71,17.40,24.8,0.0,19.8,0.0,19.8,0.08,0,0.0,0,0,0.00,0.00,0.00,0.00,,0.0,0,1,770.00,AUTO,,AGGR+CHP+ADP+RUN-EXT+PW+DLK+SLC+TPE+NWS+,WAIT,55.0,7.51,0,-1,0.00,0.00,27209.25,27209.75,2,8100,6934,0,-4.1,-295.00,-335.00,-121.50,-416.00,112.75,R,1,UNKNOWN,SIGNAL,
2026-04-30 10:22:39,2649,27235.25,27336.82,27223.62,27216.04,59.56,18.20,23.0,0.0,19.8,0.0,19.8,0.08,0,0.0,0,0,0.00,0.00,0.00,0.00,,0.0,0,1,770.00,AUTO,,AGGR+CHP+ADP+RUN-EXT+PW+DLK+SLC+TPE+NWS+,WAIT,55.0,5.58,0,-1,0.00,0.00,27236.00,27236.50,2,9678,8246,1,-5.1,-266.50,-306.50,-93.00,-387.50,141.25,G,1,UNKNOWN,BRICK_CLOSE,src=primary color=G streak=1 o=27219.00 c=27235.00 hi=27235.00 lo=27205.00
2026-04-30 10:22:39,2649,27235.25,27336.82,27223.62,27216.04,59.56,18.20,23.0,0.0,19.8,0.0,19.8,0.08,0,0.0,0,0,0.00,0.00,0.00,0.00,,0.0,0,1,770.00,AUTO,,AGGR+CHP+ADP+RUN-EXT+PW+DLK+SLC+TPE+NWS+,WAIT,55.0,5.58,0,-1,0.00,0.00,27236.00,27236.50,2,9678,8246,1,-5.1,-266.50,-306.50,-93.00,-387.50,141.25,G,1,UNKNOWN,RUN_END,color=R len=1 pts=12.0 maxFav=0.0 durSec=62 startPx=27223.00 endPx=27235.00
2026-04-30 10:22:39,2649,27235.25,27336.82,27223.62,27216.04,59.56,18.20,23.0,63.6,8.0,63.6,8.0,0.08,0,0.0,0,0,0.00,0.00,0.00,0.00,,0.0,0,1,770.00,AUTO,,AGGR+CHP+ADP+RUN-EXT+PW+DLK+SLC+TPE+NWS+,WAIT,55.0,5.58,0,-1,0.00,0.00,27236.00,27236.50,2,9678,8246,1,-5.1,-266.50,-306.50,-93.00,-387.50,141.25,G,1,UNKNOWN,SIGNAL,
2026-04-30 10:22:39,2649,27235.25,27336.82,27223.62,27216.04,59.56,18.20,23.0,63.6,8.0,63.6,8.0,0.08,0,0.0,0,0,0.00,0.00,0.00,0.00,,0.0,0,1,770.00,AUTO,,AGGR+CHP+ADP+RUN-EXT+PW+DLK+SLC+TPE+NWS+,BUY,55.0,5.58,0,-1,0.00,0.00,27236.00,27236.50,2,9678,8246,1,-5.1,-266.50,-306.50,-93.00,-387.50,141.25,G,1,UNKNOWN,BLOCK_AUTO,side=L reason=htfBlockL bull=63.6 effMin=55.0 tc=False
2026-04-30 10:22:42,2650,27239.25,27336.75,27227.35,27218.46,60.99,18.03,22.4,63.6,8.0,63.6,8.0,0.08,0,0.0,0,0,0.00,0.00,0.00,0.00,,0.0,0,1,770.00,AUTO,,AGGR+CHP+ADP+RUN-EXT+PW+DLK+SLC+TPE+NWS+,BUY,55.0,5.41,0,-1,0.00,0.00,27241.00,27241.50,2,9852,8402,1,-5.4,-262.50,-302.50,-89.00,-383.50,145.25,G,2,UNKNOWN,BRICK_CLOSE,src=primary color=G streak=2 o=27223.00 c=27239.00 hi=27239.00 lo=27223.00
2026-04-30 10:22:42,2650,27239.25,27336.75,27227.35,27218.46,60.99,18.03,22.4,50.0,8.0,50.0,8.0,0.08,0,0.0,0,0,0.00,0.00,0.00,0.00,,0.0,0,1,770.00,AUTO,,AGGR+CHP+ADP+RUN-EXT+PW+DLK+SLC+TPE+NWS+,BUY,55.0,5.41,0,-1,0.00,0.00,27241.00,27241.50,2,9852,8402,1,-5.4,-262.50,-302.50,-89.00,-383.50,145.25,G,2,UNKNOWN,SIGNAL,
2026-04-30 10:22:44,2651,27243.25,27336.70,27231.13,27221.02,62.42,17.86,22.2,50.0,8.0,50.0,8.0,0.08,0,0.0,0,0,0.00,0.00,0.00,0.00,,0.0,0,1,770.00,AUTO,,AGGR+CHP+ADP+RUN-EXT+PW+DLK+SLC+TPE+NWS+,WAIT,55.0,5.23,0,-1,0.00,0.00,27242.75,27243.50,3,10026,8482,1,-5.6,-258.50,-298.50,-85.00,-379.50,149.25,G,3,UNKNOWN,BRICK_CLOSE,src=primary color=G streak=3 o=27227.00 c=27243.00 hi=27243.00 lo=27227.00
2026-04-30 10:22:44,2651,27243.25,27336.70,27231.13,27221.02,62.42,17.86,22.2,35.0,8.0,35.0,8.0,0.08,0,0.0,0,0,0.00,0.00,0.00,0.00,,0.0,0,1,770.00,AUTO,,AGGR+CHP+ADP+RUN-EXT+PW+DLK+SLC+TPE+NWS+,WAIT,55.0,5.23,0,-1,0.00,0.00,27242.75,27243.50,3,10026,8482,1,-5.6,-258.50,-298.50,-85.00,-379.50,149.25,G,3,UNKNOWN,SIGNAL,
2026-04-30 10:22:47,2652,27247.25,27336.64,27234.95,27223.72,63.85,17.71,22.4,35.0,8.0,35.0,8.0,0.09,0,0.0,0,0,0.00,0.00,0.00,0.00,,0.0,0,1,770.00,AUTO,,AGGR+CHP+ADP+RUN-EXT+PW+DLK+SLC+TPE+NWS+,WAIT,55.0,5.05,0,-1,0.00,0.00,27247.75,27248.25,2,10230,8592,1,-3.9,-254.50,-294.50,-81.00,-375.50,153.25,G,4,UNKNOWN,BRICK_CLOSE,src=primary color=G streak=4 o=27231.00 c=27247.00 hi=27247.00 lo=27231.00
2026-04-30 10:22:47,2652,27247.25,27336.64,27234.95,27223.72,63.85,17.71,22.4,35.0,8.0,35.0,8.0,0.09,0,0.0,0,0,0.00,0.00,0.00,0.00,,0.0,0,1,770.00,AUTO,,AGGR+CHP+ADP+RUN-EXT+PW+DLK+SLC+TPE+NWS+,WAIT,55.0,5.05,0,-1,0.00,0.00,27247.75,27248.25,2,10230,8592,1,-3.9,-254.50,-294.50,-81.00,-375.50,153.25,G,4,UNKNOWN,SIGNAL,
2026-04-30 10:22:52,2653,27252.25,27336.58,27239.01,27226.62,65.63,17.64,23.0,35.0,8.0,35.0,8.0,0.09,0,0.0,0,0,0.00,0.00,0.00,0.00,,0.0,0,1,770.00,AUTO,,AGGR+CHP+ADP+RUN-EXT+PW+DLK+SLC+TPE+NWS+,WAIT,55.0,4.78,0,-1,0.00,0.00,27249.75,27250.25,2,10404,8766,1,-1.6,-249.50,-289.50,-76.00,-370.50,158.25,G,5,UNKNOWN,BRICK_CLOSE,src=primary color=G streak=5 o=27235.00 c=27251.00 hi=27251.00 lo=27235.00
2026-04-30 10:22:52,2653,27252.25,27336.58,27239.01,27226.62,65.63,17.64,23.0,35.0,8.0,35.0,8.0,0.09,0,0.0,0,0,0.00,0.00,0.00,0.00,,0.0,0,1,770.00,AUTO,,AGGR+CHP+ADP+RUN-EXT+PW+DLK+SLC+TPE+NWS+,WAIT,55.0,4.78,0,-1,0.00,0.00,27249.75,27250.25,2,10404,8766,1,-1.6,-249.50,-289.50,-76.00,-370.50,158.25,G,5,UNKNOWN,SIGNAL,
2026-04-30 10:22:54,2654,27255.25,27336.54,27242.70,27229.45,66.68,17.44,23.7,35.0,8.0,35.0,8.0,0.08,0,0.0,0,0,0.00,0.00,0.00,0.00,,0.0,0,1,770.00,AUTO,,AGGR+CHP+ADP+RUN-EXT+PW+DLK+SLC+TPE+NWS+,WAIT,55.0,4.66,0,-1,0.00,0.00,27256.75,27257.50,3,10478,8876,1,0.3,-246.50,-286.50,-73.00,-367.50,161.25,G,6,UNKNOWN,BRICK_CLOSE,src=primary color=G streak=6 o=27239.00 c=27255.00 hi=27255.00 lo=27239.00
2026-04-30 10:22:54,2654,27255.25,27336.54,27242.70,27229.45,66.68,17.44,23.7,35.0,8.0,35.0,8.0,0.08,0,0.0,0,0,0.00,0.00,0.00,0.00,,0.0,0,1,770.00,AUTO,,AGGR+CHP+ADP+RUN-EXT+PW+DLK+SLC+TPE+NWS+,WAIT,55.0,4.66,0,-1,0.00,0.00,27256.75,27257.50,3,10478,8876,1,0.3,-246.50,-286.50,-73.00,-367.50,161.25,G,6,UNKNOWN,SIGNAL,
2026-04-30 10:24:08,2655,27226.75,27335.66,27234.99,27226.87,50.89,18.33,21.0,35.0,8.0,35.0,8.0,0.05,0,0.0,0,0,0.00,0.00,0.00,0.00,,0.0,0,1,770.00,AUTO,,AGGR+CHP+ADP+RUN-EXT+PW+DLK+SLC+TPE+NWS+,WAIT,55.0,5.94,0,-1,0.00,0.00,27227.25,27227.75,2,12544,11328,0,-1.8,-275.00,-315.00,-101.50,-396.00,132.75,R,1,UNKNOWN,BRICK_CLOSE,src=primary color=R streak=1 o=27243.00 c=27227.00 hi=27258.25 lo=27227.00
2026-04-30 10:24:08,2655,27226.75,27335.66,27234.99,27226.87,50.89,18.33,21.0,35.0,8.0,35.0,8.0,0.05,0,0.0,0,0,0.00,0.00,0.00,0.00,,0.0,0,1,770.00,AUTO,,AGGR+CHP+ADP+RUN-EXT+PW+DLK+SLC+TPE+NWS+,WAIT,55.0,5.94,0,-1,0.00,0.00,27227.25,27227.75,2,12544,11328,0,-1.8,-275.00,-315.00,-101.50,-396.00,132.75,R,1,UNKNOWN,RUN_END,color=G len=6 pts=8.0 maxFav=36.0 durSec=89 startPx=27219.00 endPx=27227.00
2026-04-30 10:24:08,2655,27226.75,27335.66,27234.99,27226.87,50.89,18.33,21.0,0.0,19.8,0.0,19.8,0.05,0,0.0,0,0,0.00,0.00,0.00,0.00,,0.0,0,1,770.00,AUTO,,AGGR+CHP+ADP+RUN-EXT+PW+DLK+SLC+TPE+NWS+,WAIT,55.0,5.94,0,-1,0.00,0.00,27227.25,27227.75,2,12544,11328,0,-1.8,-275.00,-315.00,-101.50,-396.00,132.75,R,1,UNKNOWN,SIGNAL,
2026-04-30 10:24:08,2655,27226.75,27335.66,27234.99,27226.87,50.89,18.33,21.0,0.0,19.8,0.0,19.8,0.05,0,0.0,0,0,0.00,0.00,0.00,0.00,,0.0,0,1,770.00,AUTO,,AGGR+CHP+ADP+RUN-EXT+PW+DLK+SLC+TPE+NWS+,WAIT,55.0,5.94,0,-1,0.00,0.00,27227.25,27227.75,2,12544,11328,0,-1.8,-275.00,-315.00,-101.50,-396.00,132.75,R,1,UNKNOWN,SWEEP_BOOST,bull=False bear=True lookback=30
2026-04-30 10:24:10,2656,27222.75,27335.63,27231.94,27226.19,49.12,18.14,19.2,0.0,19.8,0.0,19.8,0.05,0,0.0,0,0,0.00,0.00,0.00,0.00,,0.0,0,1,770.00,AUTO,,AGGR+CHP+ADP+RUN-EXT+PW+DLK+SLC+TPE+NWS+,WAIT,55.0,6.22,0,-1,0.00,0.00,27224.75,27225.50,3,12586,11440,0,-3.4,-279.00,-319.00,-105.50,-400.00,128.75,R,2,UNKNOWN,BRICK_CLOSE,src=primary color=R streak=2 o=27239.00 c=27223.00 hi=27239.00 lo=27223.00
2026-04-30 10:24:10,2656,27222.75,27335.63,27231.94,27226.19,49.12,18.14,19.2,0.0,30.5,0.0,30.5,0.05,0,0.0,0,0,0.00,0.00,0.00,0.00,,0.0,0,1,770.00,AUTO,,AGGR+CHP+ADP+RUN-EXT+PW+DLK+SLC+TPE+NWS+,WAIT,55.0,6.22,0,-1,0.00,0.00,27224.75,27225.50,3,12586,11440,0,-3.4,-279.00,-319.00,-105.50,-400.00,128.75,R,2,UNKNOWN,SIGNAL,
2026-04-30 10:25:53,2657,27218.75,27334.54,27228.70,27225.20,47.35,18.57,18.9,0.0,30.5,0.0,30.5,0.03,0,0.0,0,0,0.00,0.00,0.00,0.00,,0.0,0,1,770.00,AUTO,,AGGR+CHP+ADP+RUN-EXT+PW+DLK+SLC+TPE+NWS+,WAIT,55.0,6.24,0,-1,0.00,0.00,27217.00,27217.75,3,15040,14148,0,-3.8,-283.00,-323.00,-109.50,-404.00,124.75,R,3,UNKNOWN,BRICK_CLOSE,src=primary color=R streak=3 o=27235.00 c=27219.00 hi=27244.00 lo=27219.00
2026-04-30 10:25:53,2657,27218.75,27334.54,27228.70,27225.20,47.35,18.57,18.9,0.0,19.8,0.0,19.8,0.03,0,0.0,0,0,0.00,0.00,0.00,0.00,,0.0,0,1,770.00,AUTO,,AGGR+CHP+ADP+RUN-EXT+PW+DLK+SLC+TPE+NWS+,WAIT,55.0,6.24,0,-1,0.00,0.00,27217.00,27217.75,3,15040,14148,0,-3.8,-283.00,-323.00,-109.50,-404.00,124.75,R,3,UNKNOWN,SIGNAL,
2026-04-30 10:25:58,2658,27214.75,27334.43,27225.31,27223.94,45.57,18.37,17.3,0.0,19.8,0.0,19.8,0.03,0,0.0,0,0,0.00,0.00,0.00,0.00,,0.0,0,1,770.00,AUTO,,AGGR+CHP+ADP+RUN-EXT+PW+DLK+SLC+TPE+NWS+,WAIT,55.0,6.52,0,-1,0.00,0.00,27213.75,27214.25,2,15218,14474,0,-6.0,-287.00,-327.00,-113.50,-408.00,120.75,R,4,UNKNOWN,BRICK_CLOSE,src=primary color=R streak=4 o=27231.00 c=27215.00 hi=27231.00 lo=27215.00
2026-04-30 10:25:58,2658,27214.75,27334.43,27225.31,27223.94,45.57,18.37,17.3,0.0,15.5,0.0,15.5,0.03,0,0.0,0,0,0.00,0.00,0.00,0.00,,0.0,0,1,770.00,AUTO,,AGGR+CHP+ADP+RUN-EXT+PW+DLK+SLC+TPE+NWS+,WAIT,55.0,6.52,0,-1,0.00,0.00,27213.75,27214.25,2,15218,14474,0,-6.0,-287.00,-327.00,-113.50,-408.00,120.75,R,4,UNKNOWN,SIGNAL,
2026-04-30 10:25:59,2659,27210.75,27334.39,27221.80,27222.43,43.80,18.18,16.5,0.0,15.5,0.0,15.5,0.02,0,0.0,0,0,0.00,0.00,0.00,0.00,,0.0,0,1,770.00,AUTO,,AGGR+CHP+ADP+RUN-EXT+PW+DLK+SLC+TPE+NWS+,WAIT,55.0,6.80,0,-1,0.00,0.00,27211.75,27212.25,2,15256,14590,-1,-5.6,-291.00,-331.00,-117.50,-412.00,116.75,R,5,UNKNOWN,BRICK_CLOSE,src=primary color=R streak=5 o=27227.00 c=27211.00 hi=27227.00 lo=27211.00
2026-04-30 10:25:59,2659,27210.75,27334.39,27221.80,27222.43,43.80,18.18,16.5,0.0,98.5,0.0,98.5,0.02,-1,0.0,0,0,0.00,0.00,0.00,0.00,,0.0,0,1,770.00,AUTO,,AGGR+CHP+ADP+RUN-EXT+PW+DLK+SLC+TPE+NWS+,WAIT,55.0,6.80,0,-1,0.00,0.00,27211.75,27212.25,2,15256,14590,-1,-5.6,-291.00,-331.00,-117.50,-412.00,116.75,R,5,UNKNOWN,SIGNAL,
2026-04-30 10:25:59,2659,27210.75,27334.39,27221.80,27222.43,43.80,18.18,16.5,0.0,98.5,0.0,98.5,0.02,-1,0.0,0,0,0.00,0.00,0.00,0.00,,0.0,0,1,770.00,AUTO,,AGGR+CHP+ADP+RUN-EXT+PW+DLK+SLC+TPE+NWS+,STRONG_SELL,55.0,6.80,0,-1,0.00,0.00,27211.75,27212.25,2,15256,14590,-1,-5.6,-291.00,-331.00,-117.50,-412.00,116.75,R,5,UNKNOWN,BLOCK_CHOP,ADX<18 falling 3b (16.5)
2026-04-30 10:26:03,2660,27206.75,27334.32,27218.19,27220.70,42.05,18.00,16.4,0.0,98.5,0.0,98.5,0.02,-1,0.0,0,0,0.00,0.00,0.00,0.00,,0.0,0,1,770.00,AUTO,,AGGR+CHP+ADP+RUN-EXT+PW+DLK+SLC+TPE+NWS+,STRONG_SELL,55.0,7.09,0,-1,0.00,0.00,27205.00,27205.50,2,15370,14784,-1,-4.2,-295.00,-335.00,-121.50,-416.00,112.75,R,6,UNKNOWN,BRICK_CLOSE,src=primary color=R streak=6 o=27223.00 c=27207.00 hi=27223.00 lo=27207.00
2026-04-30 10:26:03,2660,27206.75,27334.32,27218.19,27220.70,42.05,18.00,16.4,0.0,93.5,0.0,93.5,0.02,-1,0.0,0,0,0.00,0.00,0.00,0.00,,0.0,0,1,770.00,AUTO,,AGGR+CHP+ADP+RUN-EXT+PW+DLK+SLC+TPE+NWS+,STRONG_SELL,55.0,7.09,0,-1,0.00,0.00,27205.00,27205.50,2,15370,14784,-1,-4.2,-295.00,-335.00,-121.25,-416.00,112.75,R,6,UNKNOWN,SIGNAL,
2026-04-30 10:26:03,2660,27206.75,27334.32,27218.19,27220.70,42.05,18.00,16.4,0.0,93.5,0.0,93.5,0.02,-1,0.0,0,0,0.00,0.00,0.00,0.00,,0.0,0,1,770.00,AUTO,,AGGR+CHP+ADP+RUN-EXT+PW+DLK+SLC+TPE+NWS+,STRONG_SELL,55.0,7.09,0,-1,0.00,0.00,27205.00,27205.50,2,15370,14784,-1,-4.2,-295.00,-335.00,-121.25,-416.00,112.75,R,6,UNKNOWN,BLOCK_CHOP,ADX<18 falling 3b (16.4)
2026-04-30 10:26:04,2661,27202.75,27334.26,27214.50,27218.75,40.31,17.84,16.7,0.0,93.5,0.0,93.5,0.02,-1,0.0,0,0,0.00,0.00,0.00,0.00,,0.0,0,1,770.00,AUTO,,AGGR+CHP+ADP+RUN-EXT+PW+DLK+SLC+TPE+NWS+,STRONG_SELL,55.0,7.37,0,-1,0.00,0.00,27201.00,27201.75,3,15450,14934,-1,-3.0,-299.00,-339.00,-125.25,-420.00,108.75,R,7,UNKNOWN,BRICK_CLOSE,src=primary color=R streak=7 o=27219.00 c=27203.00 hi=27219.00 lo=27203.00
2026-04-30 10:26:04,2661,27202.75,27334.26,27214.50,27218.75,40.31,17.84,16.7,0.0,88.5,0.0,88.5,0.02,-1,0.0,0,0,0.00,0.00,0.00,0.00,,0.0,0,1,770.00,AUTO,,AGGR+CHP+ADP+RUN-EXT+PW+DLK+SLC+TPE+NWS+,STRONG_SELL,55.0,7.37,0,-1,0.00,0.00,27201.00,27201.75,3,15450,14934,-1,-3.0,-299.00,-339.00,-125.25,-420.00,108.75,R,7,UNKNOWN,SIGNAL,
2026-04-30 10:26:04,2661,27202.75,27334.26,27214.50,27218.75,40.31,17.84,16.7,0.0,88.5,0.0,88.5,0.02,-1,0.0,0,0,0.00,0.00,0.00,0.00,,0.0,0,1,770.00,AUTO,,AGGR+CHP+ADP+RUN-EXT+PW+DLK+SLC+TPE+NWS+,STRONG_SELL,55.0,7.37,0,-1,0.00,0.00,27201.00,27201.75,3,15450,14934,-1,-3.0,-299.00,-339.00,-125.25,-420.00,108.75,R,7,UNKNOWN,BLOCK_CHOP,ADX<18 falling 3b (16.7)
2026-04-30 10:26:06,2662,27198.75,27334.18,27210.75,27216.63,38.59,17.69,17.3,0.0,88.5,0.0,88.5,0.01,-1,0.0,0,0,0.00,0.00,0.00,0.00,,0.0,0,1,770.00,AUTO,,AGGR+CHP+ADP+RUN-EXT+PW+DLK+SLC+TPE+NWS+,STRONG_SELL,55.0,7.66,0,-1,0.00,0.00,27199.00,27199.75,3,15558,15160,-1,-1.2,-303.00,-343.00,-129.25,-424.00,104.75,R,8,UNKNOWN,BRICK_CLOSE,src=primary color=R streak=8 o=27215.00 c=27199.00 hi=27215.00 lo=27199.00
2026-04-30 10:26:06,2662,27198.75,27334.18,27210.75,27216.63,38.59,17.69,17.3,0.0,88.5,0.0,88.5,0.01,-1,0.0,0,0,0.00,0.00,0.00,0.00,,0.0,0,1,770.00,AUTO,,AGGR+CHP+ADP+RUN-EXT+PW+DLK+SLC+TPE+NWS+,STRONG_SELL,55.0,7.66,0,-1,0.00,0.00,27199.00,27199.75,3,15558,15160,-1,-1.2,-303.00,-343.00,-129.25,-424.00,104.75,R,8,UNKNOWN,SIGNAL,
2026-04-30 10:26:06,2662,27198.75,27334.18,27210.75,27216.63,38.59,17.69,17.3,0.0,88.5,0.0,88.5,0.01,-1,0.0,0,0,0.00,0.00,0.00,0.00,,0.0,0,1,770.00,AUTO,,AGGR+CHP+ADP+RUN-EXT+PW+DLK+SLC+TPE+NWS+,STRONG_SELL,55.0,7.66,0,-1,0.00,0.00,27199.00,27199.75,3,15558,15160,-1,-1.2,-303.00,-343.00,-129.25,-424.00,104.75,R,8,UNKNOWN,BLOCK_CHOP,range 12.25 < 17.69 over 5b (ADX 17.3)
2026-04-30 10:26:44,2663,27194.75,27333.74,27206.95,27214.33,36.89,17.57,18.2,0.0,88.5,0.0,88.5,0.00,-1,0.0,0,0,0.00,0.00,0.00,0.00,,0.0,0,1,770.00,AUTO,,AGGR+CHP+ADP+RUN-EXT+PW+DLK+SLC+TPE+NWS+,STRONG_SELL,55.0,7.91,0,-1,0.00,0.00,27194.25,27194.75,2,236,236,-1,0.8,-307.00,-347.00,-133.25,-428.00,100.75,R,9,UNKNOWN,BRICK_CLOSE,src=primary color=R streak=9 o=27211.00 c=27195.00 hi=27211.25 lo=27195.00
2026-04-30 10:26:44,2663,27194.75,27333.74,27206.95,27214.33,36.89,17.57,18.2,0.0,101.5,0.0,101.5,0.00,-1,0.0,0,0,0.00,0.00,0.00,0.00,,0.0,0,1,770.00,AUTO,,AGGR+CHP+ADP+RUN-EXT+PW+DLK+SLC+TPE+NWS+,STRONG_SELL,55.0,7.91,0,-1,0.00,0.00,27194.25,27194.75,2,236,236,-1,0.8,-307.00,-347.00,-133.25,-428.00,100.75,R,9,UNKNOWN,SIGNAL,
2026-04-30 10:26:44,2663,27194.75,27333.74,27206.95,27214.33,36.89,17.57,18.2,0.0,101.5,0.0,101.5,0.00,-1,0.0,0,0,0.00,0.00,0.00,0.00,,0.0,0,1,770.00,AUTO,,AGGR+CHP+ADP+RUN-EXT+PW+DLK+SLC+TPE+NWS+,SELL,55.0,7.91,0,-1,0.00,0.00,27194.25,27194.75,2,236,236,-1,0.8,-307.00,-347.00,-133.25,-428.00,100.75,R,9,UNKNOWN,TREND_CHASE_FIRE,dir=-1 adx=18.2 streak=9 bear=101.5
2026-04-30 10:26:44,2663,27194.75,27333.74,27206.95,27214.33,36.89,17.57,18.2,0.0,101.5,0.0,101.5,0.00,-1,0.0,-1,1,0.00,0.00,0.00,0.00,,0.0,0,1,770.00,AUTO,Momentum+VWAP,AGGR+CHP+ADP+RUN-EXT+PW+DLK+SLC+TPE+NWS+,SELL,55.0,7.91,0,-1,0.00,0.00,27194.25,27194.75,2,236,236,-1,0.8,-307.00,-347.00,-133.25,-428.00,100.75,R,9,UNKNOWN,ENTRY_SHORT,manual=F bull=0.0 bear=101.5 sig=-1 htf=-1 tape=0.00 emaXAgo=4 distVwap=-139.0 atr=17.6 px=27194.75 sl=0.00 tp=0.00
2026-04-30 10:26:44,2663,27194.75,27333.74,27206.95,27214.33,36.89,17.57,18.2,0.0,101.5,0.0,101.5,0.00,-1,0.0,-1,1,27194.50,27212.50,27094.25,0.00,,0.0,0,1,770.00,AUTO,Momentum+VWAP,AGGR+CHP+ADP+RUN-EXT+PW+DLK+SLC+TPE+NWS+,SELL,55.0,7.91,0,-1,-0.25,0.00,27194.25,27194.75,2,236,238,-1,0.8,-307.00,-347.00,-133.25,-428.00,100.75,R,9,UNKNOWN,STOPS_ARMED,dir=-1 entry=27194.50 sl=27212.50 tp=27094.25 slPt=18 tpPt=50 RUNNER PD_CLAMP
2026-04-30 10:26:59,2664,27190.75,27333.50,27203.11,27211.87,35.22,17.44,19.4,0.0,101.5,0.0,101.5,-0.01,-1,0.0,-1,1,27194.50,27212.50,27094.25,27192.25,BrickMode*DORMANT,0.0,0,1,770.00,AUTO,Momentum+VWAP,AGGR+CHP+ADP+RUN-EXT+PW+DLK+SLC+TPE+NWS+,SELL,55.0,8.19,0,-1,3.75,6.25,27187.75,27188.25,2,682,690,-1,2.5,-311.00,-351.00,-137.25,-432.00,96.75,R,10,UNKNOWN,BRICK_CLOSE,src=primary color=R streak=10 o=27207.00 c=27191.00 hi=27207.00 lo=27191.00
2026-04-30 10:28:05,2664,27211.00,27332.68,27207.16,27213.71,47.97,18.27,19.3,0.0,101.5,0.0,101.5,0.07,-1,0.0,-1,0,27194.50,27212.50,27094.25,27192.25,BrickMode*DORMANT,0.0,1,0,355.00,AUTO,Momentum+VWAP,AGGR+CHP+ADP+RUN-EXT+PW+DLK+SLC+TPE+NWS+,SELL,60.0,6.66,0,-1,-16.50,6.25,27215.00,27215.50,2,2474,2154,0,2.5,-290.75,-330.75,-117.00,-411.75,117.00,R,10,UNKNOWN,ADAPT_WINDOW_ON,losses=3/5 thr=3
2026-04-30 10:28:05,2664,27211.00,27332.68,27207.16,27213.71,47.97,18.27,19.3,0.0,101.5,0.0,101.5,0.07,-1,0.0,-1,0,27194.50,27212.50,27094.25,27192.25,BrickMode*DORMANT,0.0,1,0,355.00,AUTO,Momentum+VWAP,AGGR+CHP+ADP+RUN-EXT+PW+DLK+SLC+TPE+NWS+,SELL,60.0,6.66,0,-1,-16.50,6.25,27215.00,27215.50,2,2474,2154,0,2.5,-290.75,-330.75,-117.00,-411.75,117.00,R,10,UNKNOWN,SL_CLUSTER_COOLDOWN,count=2 window=90m cooldown=25m until=10:53
2026-04-30 10:28:05,2664,27211.00,27332.68,27207.16,27213.71,47.97,18.27,19.3,0.0,101.5,0.0,101.5,0.07,-1,0.0,-1,0,27194.50,27212.50,27094.25,27192.25,BrickMode*DORMANT,0.0,1,0,355.00,AUTO,Momentum+VWAP,AGGR+CHP+ADP+RUN-EXT+PW+DLK+SLC+TPE+NWS+,SELL,60.0,6.66,0,-1,-16.50,6.25,27215.00,27215.50,2,2474,2154,0,2.5,-290.75,-330.75,-117.00,-411.75,117.00,R,10,UNKNOWN,EXIT_LOSS_SL,pnl=-415.00 consec=1
2026-04-30 10:28:05,2664,27211.00,27332.68,27207.16,27213.71,47.97,18.27,19.3,0.0,101.5,0.0,101.5,0.07,-1,0.0,-1,0,27194.50,27212.50,27094.25,27192.25,BrickMode*DORMANT,0.0,1,0,355.00,AUTO,Momentum+VWAP,AGGR+CHP+ADP+RUN-EXT+PW+DLK+SLC+TPE+NWS+,SELL,60.0,6.66,0,-1,-16.50,6.25,27215.00,27215.50,2,2474,2154,0,2.5,-290.75,-330.75,-117.00,-411.75,117.00,R,10,UNKNOWN,REGIME_PNL,regime=UNKNOWN tradePnl=-415.00 regTotal=390.00 thresh=-200
2026-04-30 10:28:11,2665,27219.25,27332.58,27210.86,27214.88,51.86,18.38,17.1,0.0,0.0,0.0,0.0,0.09,-1,0.0,0,0,0.00,0.00,0.00,0.00,,0.0,1,0,355.00,AUTO,,AGGR+CHP+ADP+RUN-EXT+PW+DLK+SLC+TPE+NWS+,SELL,60.0,6.17,0,-1,0.00,0.00,27220.00,27220.75,3,2820,2372,0,0.3,-282.50,-322.50,-108.75,-403.50,125.25,G,1,UNKNOWN,BRICK_CLOSE,src=primary color=G streak=1 o=27203.00 c=27219.00 hi=27219.00 lo=27187.00
2026-04-30 10:28:11,2665,27219.25,27332.58,27210.86,27214.88,51.86,18.38,17.1,0.0,0.0,0.0,0.0,0.09,-1,0.0,0,0,0.00,0.00,0.00,0.00,,0.0,1,0,355.00,AUTO,,AGGR+CHP+ADP+RUN-EXT+PW+DLK+SLC+TPE+NWS+,SELL,60.0,6.17,0,-1,0.00,0.00,27220.00,27220.75,3,2820,2372,0,0.3,-282.50,-322.50,-108.75,-403.50,125.25,G,1,UNKNOWN,RUN_END,color=R len=10 pts=24.0 maxFav=52.0 durSec=242 startPx=27243.00 endPx=27219.00
2026-04-30 10:28:11,2665,27219.25,27332.58,27210.86,27214.88,51.86,18.38,17.1,0.0,29.6,0.0,29.6,0.09,-1,0.0,0,0,0.00,0.00,0.00,0.00,,0.0,1,0,355.00,AUTO,,AGGR+CHP+ADP+RUN-EXT+PW+DLK+SLC+TPE+NWS+,SELL,60.0,6.17,0,-1,0.00,0.00,27220.00,27220.75,3,2820,2372,0,0.3,-282.50,-322.50,-108.75,-403.50,125.25,G,1,UNKNOWN,SIGNAL,
2026-04-30 10:28:11,2665,27219.25,27332.58,27210.86,27214.88,51.86,18.38,17.1,0.0,29.6,0.0,29.6,0.09,-1,0.0,0,0,0.00,0.00,0.00,0.00,,0.0,1,0,355.00,AUTO,,AGGR+CHP+ADP+RUN-EXT+PW+DLK+SLC+TPE+NWS+,WAIT,60.0,6.17,0,-1,0.00,0.00,27220.00,27220.75,3,2820,2372,0,0.3,-282.50,-322.50,-108.75,-403.50,125.25,G,1,UNKNOWN,BLOCK_AUTO,reason=postLossCD consecLoss=1 barsSinceExit=1 barsSinceLoss=1
2026-04-30 10:28:44,2666,27223.25,27332.18,27213.94,27215.95,53.67,18.29,15.6,0.0,29.6,0.0,29.6,0.10,-1,0.0,0,0,0.00,0.00,0.00,0.00,,0.0,1,0,355.00,AUTO,,AGGR+CHP+ADP+RUN-EXT+PW+DLK+SLC+TPE+NWS+,WAIT,60.0,5.96,0,-1,0.00,0.00,27221.50,27222.25,3,3836,3160,0,-1.5,-278.50,-318.50,-104.75,-399.50,129.25,G,2,UNKNOWN,BRICK_CLOSE,src=primary color=G streak=2 o=27207.00 c=27223.00 hi=27223.00 lo=27205.50
2026-04-30 10:28:44,2666,27223.25,27332.18,27213.94,27215.95,53.67,18.29,15.6,0.0,23.9,0.0,23.9,0.10,-1,0.0,0,0,0.00,0.00,0.00,0.00,,0.0,1,0,355.00,AUTO,,AGGR+CHP+ADP+RUN-EXT+PW+DLK+SLC+TPE+NWS+,WAIT,60.0,5.96,0,-1,0.00,0.00,27221.50,27222.25,3,3836,3160,0,-1.5,-278.50,-318.50,-104.75,-399.50,129.25,G,2,UNKNOWN,SIGNAL,
2026-04-30 10:28:44,2666,27223.25,27332.18,27213.94,27215.95,53.67,18.29,15.6,0.0,23.9,0.0,23.9,0.10,-1,0.0,0,0,0.00,0.00,0.00,0.00,,0.0,1,0,355.00,AUTO,,AGGR+CHP+ADP+RUN-EXT+PW+DLK+SLC+TPE+NWS+,WAIT,60.0,5.96,0,-1,0.00,0.00,27221.50,27222.25,3,3836,3160,0,-1.5,-278.50,-318.50,-104.75,-399.50,129.25,G,2,UNKNOWN,BLOCK_AUTO,reason=postLossCD consecLoss=1 barsSinceExit=2 barsSinceLoss=2
2026-04-30 10:29:11,2667,27227.25,27331.88,27217.20,27217.29,55.48,18.10,14.9,0.0,23.9,0.0,23.9,0.09,-1,0.0,0,0,0.00,0.00,0.00,0.00,,0.0,1,0,355.00,AUTO,,AGGR+CHP+ADP+RUN-EXT+PW+DLK+SLC+TPE+NWS+,WAIT,60.0,5.78,0,-1,0.00,0.00,27226.75,27227.25,2,4622,3830,0,-2.7,-274.50,-314.50,-100.75,-395.50,133.25,G,3,UNKNOWN,BRICK_CLOSE,src=primary color=G streak=3 o=27211.00 c=27227.00 hi=27227.00 lo=27211.00
2026-04-30 10:29:11,2667,27227.25,27331.88,27217.20,27217.29,55.48,18.10,14.9,7.5,20.9,7.5,20.9,0.09,-1,0.0,0,0,0.00,0.00,0.00,0.00,,0.0,1,0,355.00,AUTO,,AGGR+CHP+ADP+RUN-EXT+PW+DLK+SLC+TPE+NWS+,WAIT,60.0,5.78,0,-1,0.00,0.00,27226.75,27227.25,2,4622,3830,0,-2.7,-274.50,-314.50,-100.75,-395.50,133.25,G,3,UNKNOWN,SIGNAL,
2026-04-30 10:29:11,2667,27227.25,27331.88,27217.20,27217.29,55.48,18.10,14.9,7.5,20.9,7.5,20.9,0.09,-1,0.0,0,0,0.00,0.00,0.00,0.00,,0.0,1,0,355.00,AUTO,,AGGR+CHP+ADP+RUN-EXT+PW+DLK+SLC+TPE+NWS+,WAIT,60.0,5.78,0,-1,0.00,0.00,27226.75,27227.25,2,4622,3830,0,-2.7,-274.50,-314.50,-100.75,-395.50,133.25,G,3,UNKNOWN,BLOCK_AUTO,reason=postLossCD consecLoss=1 barsSinceExit=3 barsSinceLoss=3
2026-04-30 10:29:23,2668,27231.25,27331.77,27220.61,27218.87,57.27,17.93,14.9,7.5,20.9,7.5,20.9,0.09,-1,0.0,0,0,0.00,0.00,0.00,0.00,,0.0,1,0,355.00,AUTO,,AGGR+CHP+ADP+RUN-EXT+PW+DLK+SLC+TPE+NWS+,WAIT,60.0,5.60,0,-1,0.00,0.00,27231.25,27232.00,3,4916,4088,1,-3.6,-270.50,-310.50,-96.75,-391.50,137.25,G,4,UNKNOWN,BRICK_CLOSE,src=primary color=G streak=4 o=27215.00 c=27231.00 hi=27231.00 lo=27215.00
2026-04-30 10:29:23,2668,27231.25,27331.77,27220.61,27218.87,57.27,17.93,14.9,32.5,8.0,32.5,8.0,0.09,0,0.0,0,0,0.00,0.00,0.00,0.00,,0.0,1,0,355.00,AUTO,,AGGR+CHP+ADP+RUN-EXT+PW+DLK+SLC+TPE+NWS+,WAIT,60.0,5.60,0,-1,0.00,0.00,27231.25,27232.00,3,4916,4088,1,-3.6,-270.50,-310.50,-96.75,-391.50,137.25,G,4,UNKNOWN,SIGNAL,
2026-04-30 10:29:46,2669,27235.50,27331.59,27224.19,27220.69,59.16,17.79,15.3,32.5,8.0,32.5,8.0,0.10,0,0.0,0,0,0.00,0.00,0.00,0.00,,0.0,1,0,355.00,AUTO,,AGGR+CHP+ADP+RUN-EXT+PW+DLK+SLC+TPE+NWS+,WAIT,60.0,5.40,0,-1,0.00,0.00,27234.00,27234.50,2,5440,4486,1,-2.5,-266.25,-306.25,-92.50,-387.25,141.50,G,5,UNKNOWN,BRICK_CLOSE,src=primary color=G streak=5 o=27219.00 c=27235.00 hi=27235.00 lo=27219.00
2026-04-30 10:29:46,2669,27235.50,27331.59,27224.19,27220.69,59.16,17.79,15.3,57.3,8.0,57.3,8.0,0.10,0,0.0,0,0,0.00,0.00,0.00,0.00,,0.0,1,0,355.00,AUTO,,AGGR+CHP+ADP+RUN-EXT+PW+DLK+SLC+TPE+NWS+,WAIT,60.0,5.40,0,-1,0.00,0.00,27234.00,27234.50,2,5440,4486,1,-2.5,-266.25,-306.25,-92.50,-387.25,141.50,G,5,UNKNOWN,SIGNAL,
2026-04-30 10:30:05,2670,27206.75,27331.32,27216.14,27217.07,44.79,18.49,13.7,57.3,8.0,57.3,8.0,0.07,0,0.0,0,0,0.00,0.00,0.00,0.00,,0.0,1,0,355.00,AUTO,,AGGR+CHP+ADP+RUN-EXT+PW+DLK+SLC+TPE+NWS+,BUY,60.0,6.74,0,-1,0.00,0.00,27206.25,27207.00,3,5952,5214,-1,-3.0,-295.00,-335.00,-121.25,-416.00,112.75,R,1,UNKNOWN,BRICK_CLOSE,src=primary color=R streak=1 o=27223.00 c=27207.00 hi=27236.00 lo=27207.00
2026-04-30 10:30:05,2670,27206.75,27331.32,27216.14,27217.07,44.79,18.49,13.7,57.3,8.0,57.3,8.0,0.07,0,0.0,0,0,0.00,0.00,0.00,0.00,,0.0,1,0,355.00,AUTO,,AGGR+CHP+ADP+RUN-EXT+PW+DLK+SLC+TPE+NWS+,BUY,60.0,6.74,0,-1,0.00,0.00,27206.25,27207.00,3,5952,5214,-1,-3.0,-295.00,-335.00,-121.25,-416.00,112.75,R,1,UNKNOWN,RUN_END,color=G len=5 pts=4.0 maxFav=32.0 durSec=114 startPx=27203.00 endPx=27207.00
2026-04-30 10:30:05,2670,27206.75,27331.32,27216.14,27217.07,44.79,18.49,13.7,57.3,8.0,57.3,8.0,0.07,0,0.0,0,0,0.00,0.00,0.00,0.00,,0.0,1,0,355.00,AUTO,,AGGR+CHP+ADP+RUN-EXT+PW+DLK+SLC+TPE+NWS+,BUY,60.0,6.74,0,-1,0.00,0.00,27206.25,27207.00,3,5952,5214,-1,-3.0,-295.00,-335.00,-121.25,-416.00,112.75,R,1,UNKNOWN,HEARTBEAT,tradesToday=4 openDca=0
2026-04-30 10:30:05,2670,27206.75,27331.32,27216.14,27217.07,44.79,18.49,13.7,0.0,120.0,0.0,120.0,0.07,-1,0.0,0,0,0.00,0.00,0.00,0.00,,0.0,1,0,355.00,AUTO,,AGGR+CHP+ADP+RUN-EXT+PW+DLK+SLC+TPE+NWS+,BUY,60.0,6.74,0,-1,0.00,0.00,27206.25,27207.00,3,5952,5214,-1,-3.0,-295.00,-335.00,-121.25,-416.00,112.75,R,1,UNKNOWN,SIGNAL,
2026-04-30 10:30:05,2670,27206.75,27331.32,27216.14,27217.07,44.79,18.49,13.7,0.0,120.0,0.0,120.0,0.07,-1,0.0,0,0,0.00,0.00,0.00,0.00,,0.0,1,0,355.00,AUTO,,AGGR+CHP+ADP+RUN-EXT+PW+DLK+SLC+TPE+NWS+,STRONG_SELL,60.0,6.74,0,-1,0.00,0.00,27206.25,27207.00,3,5952,5214,-1,-3.0,-295.00,-335.00,-121.25,-416.00,112.75,R,1,UNKNOWN,BLOCK_CHOP,ADX<18 falling 3b (13.7)
2026-04-30 10:30:36,2671,27235.25,27330.92,27224.48,27221.05,56.23,19.34,13.6,0.0,120.0,0.0,120.0,0.08,-1,0.0,0,0,0.00,0.00,0.00,0.00,,0.0,1,0,355.00,AUTO,,AGGR+CHP+ADP+RUN-EXT+PW+DLK+SLC+TPE+NWS+,STRONG_SELL,60.0,4.95,0,-1,0.00,0.00,27237.25,27238.00,3,7108,6004,1,-2.1,-266.50,-306.50,-92.75,-387.50,141.25,G,1,UNKNOWN,BRICK_CLOSE,src=primary color=G streak=1 o=27219.00 c=27235.00 hi=27235.00 lo=27203.25
2026-04-30 10:30:36,2671,27235.25,27330.92,27224.48,27221.05,56.23,19.34,13.6,0.0,120.0,0.0,120.0,0.08,-1,0.0,0,0,0.00,0.00,0.00,0.00,,0.0,1,0,355.00,AUTO,,AGGR+CHP+ADP+RUN-EXT+PW+DLK+SLC+TPE+NWS+,STRONG_SELL,60.0,4.95,0,-1,0.00,0.00,27237.25,27238.00,3,7108,6004,1,-2.1,-266.50,-306.50,-92.75,-387.50,141.25,G,1,UNKNOWN,RUN_END,color=R len=1 pts=12.0 maxFav=0.0 durSec=31 startPx=27223.00 endPx=27235.00
2026-04-30 10:30:36,2671,27235.25,27330.92,27224.48,27221.05,56.23,19.34,13.6,0.0,120.0,0.0,120.0,0.08,-1,0.0,0,0,0.00,0.00,0.00,0.00,,0.0,1,0,355.00,AUTO,,AGGR+CHP+ADP+RUN-EXT+PW+DLK+SLC+TPE+NWS+,STRONG_SELL,60.0,4.95,0,-1,0.00,0.00,27237.25,27238.00,3,7108,6004,1,-2.1,-266.50,-306.50,-92.75,-387.50,141.25,G,1,CHOP,REGIME_CHANGE,from=UNKNOWN to=CHOP adx=13.6 slope=-2.15 atr/avg=1.04 eStack=1 distVwapAtr=-4.95 nr=Gx1 flips4=2
2026-04-30 10:30:36,2671,27235.25,27330.92,27224.48,27221.05,56.23,19.34,13.6,57.3,28.0,57.3,28.0,0.08,0,0.0,0,0,0.00,0.00,0.00,0.00,,0.0,1,0,355.00,AUTO,,AGGR+CHP+ADP+RUN-EXT+PW+DLK+SLC+TPE+NWS+,STRONG_SELL,60.0,4.95,0,-1,0.00,0.00,27237.25,27238.00,3,7108,6004,1,-2.1,-266.50,-306.50,-92.75,-387.50,141.25,G,1,CHOP,SIGNAL,
2026-04-30 10:30:36,2672,27239.25,27330.88,27228.04,27223.02,57.57,19.08,12.4,57.3,28.0,57.3,28.0,0.10,0,0.0,0,0,0.00,0.00,0.00,0.00,,0.0,1,0,355.00,AUTO,,AGGR+CHP+ADP+RUN-EXT+PW+DLK+SLC+TPE+NWS+,BUY,60.0,4.80,0,-1,0.00,0.00,27237.25,27238.00,3,7328,6038,1,-2.9,-262.50,-302.50,-88.75,-383.50,145.25,G,2,CHOP,BRICK_CLOSE,src=primary color=G streak=2 o=27223.00 c=27239.00 hi=27239.00 lo=27223.00
2026-04-30 10:30:36,2672,27239.25,27330.88,27228.04,27223.02,57.57,19.08,12.4,47.5,23.0,47.5,23.0,0.10,0,0.0,0,0,0.00,0.00,0.00,0.00,,0.0,1,0,355.00,AUTO,,AGGR+CHP+ADP+RUN-EXT+PW+DLK+SLC+TPE+NWS+,BUY,60.0,4.80,0,-1,0.00,0.00,27237.25,27238.00,3,7328,6038,1,-2.9,-262.50,-302.50,-88.75,-383.50,145.25,G,2,CHOP,SIGNAL,
2026-04-30 10:30:39,2673,27243.50,27330.76,27231.73,27225.19,59.00,18.86,11.9,47.5,23.0,47.5,23.0,0.10,0,0.0,0,0,0.00,0.00,0.00,0.00,,0.0,1,0,355.00,AUTO,,AGGR+CHP+ADP+RUN-EXT+PW+DLK+SLC+TPE+NWS+,WAIT,60.0,4.63,0,-1,0.00,0.00,27244.50,27245.25,3,7714,6304,1,-3.4,-258.25,-298.25,-84.50,-379.25,149.50,G,3,CHOP,BRICK_CLOSE,src=primary color=G streak=3 o=27227.00 c=27243.00 hi=27243.00 lo=27227.00
2026-04-30 10:30:39,2673,27243.50,27330.76,27231.73,27225.19,59.00,18.86,11.9,47.5,23.0,47.5,23.0,0.10,0,0.0,0,0,0.00,0.00,0.00,0.00,,0.0,1,0,355.00,AUTO,,AGGR+CHP+ADP+RUN-EXT+PW+DLK+SLC+TPE+NWS+,WAIT,60.0,4.63,0,-1,0.00,0.00,27244.50,27245.25,3,7714,6304,1,-3.4,-258.25,-298.25,-84.50,-379.25,149.50,G,3,UNKNOWN,REGIME_CHANGE,from=CHOP to=UNKNOWN adx=11.9 slope=-3.39 atr/avg=1.01 eStack=1 distVwapAtr=-4.63 nr=Gx3 flips4=1
2026-04-30 10:30:39,2673,27243.50,27330.76,27231.73,27225.19,59.00,18.86,11.9,32.5,23.0,32.5,23.0,0.10,0,0.0,0,0,0.00,0.00,0.00,0.00,,0.0,1,0,355.00,AUTO,,AGGR+CHP+ADP+RUN-EXT+PW+DLK+SLC+TPE+NWS+,WAIT,60.0,4.63,0,-1,0.00,0.00,27244.50,27245.25,3,7714,6304,1,-3.4,-258.25,-298.25,-84.50,-379.25,149.50,G,3,UNKNOWN,SIGNAL,
2026-04-30 10:30:54,2674,27247.25,27330.61,27235.39,27227.48,60.28,18.62,12.0,32.5,23.0,32.5,23.0,0.10,0,0.0,0,0,0.00,0.00,0.00,0.00,,0.0,1,0,355.00,AUTO,,AGGR+CHP+ADP+RUN-EXT+PW+DLK+SLC+TPE+NWS+,WAIT,60.0,4.48,0,-1,0.00,0.00,27245.75,27246.50,3,8212,6738,1,-2.4,-254.50,-294.50,-80.75,-375.50,153.25,G,4,UNKNOWN,BRICK_CLOSE,src=primary color=G streak=4 o=27231.00 c=27247.00 hi=27247.00 lo=27231.00
2026-04-30 10:30:54,2674,27247.25,27330.60,27235.39,27227.48,60.28,18.62,12.0,42.3,8.0,42.3,8.0,0.10,0,0.0,0,0,0.00,0.00,0.00,0.00,,0.0,1,0,355.00,AUTO,,AGGR+CHP+ADP+RUN-EXT+PW+DLK+SLC+TPE+NWS+,WAIT,60.0,4.48,0,-1,0.00,0.00,27245.75,27246.50,3,8212,6738,1,-2.4,-254.50,-294.50,-80.75,-375.50,153.25,G,4,UNKNOWN,SIGNAL,
2026-04-30 10:31:02,2675,27251.25,27330.51,27239.16,27229.95,61.65,18.41,12.5,42.3,8.0,42.3,8.0,0.10,0,0.0,0,0,0.00,0.00,0.00,0.00,,0.0,1,0,355.00,AUTO,,AGGR+CHP+ADP+RUN-EXT+PW+DLK+SLC+TPE+NWS+,WAIT,60.0,4.30,0,-1,0.00,0.00,27252.00,27252.75,3,8542,7004,1,-1.5,-250.50,-290.50,-76.75,-371.50,157.25,G,5,UNKNOWN,BRICK_CLOSE,src=primary color=G streak=5 o=27235.00 c=27251.00 hi=27251.00 lo=27235.00
2026-04-30 10:31:02,2675,27251.25,27330.51,27239.16,27229.95,61.65,18.41,12.5,45.5,8.0,45.5,8.0,0.10,0,0.0,0,0,0.00,0.00,0.00,0.00,,0.0,1,0,355.00,AUTO,,AGGR+CHP+ADP+RUN-EXT+PW+DLK+SLC+TPE+NWS+,WAIT,60.0,4.30,0,-1,0.00,0.00,27252.00,27252.75,3,8542,7004,1,-1.5,-250.50,-290.50,-76.75,-371.50,157.25,G,5,UNKNOWN,SIGNAL,
2026-04-30 10:31:03,2676,27255.25,27330.47,27242.98,27232.56,63.02,18.22,13.3,45.5,8.0,45.5,8.0,0.10,0,0.0,0,0,0.00,0.00,0.00,0.00,,0.0,1,0,355.00,AUTO,,AGGR+CHP+ADP+RUN-EXT+PW+DLK+SLC+TPE+NWS+,WAIT,60.0,4.13,0,-1,0.00,0.00,27252.75,27253.25,2,8678,7124,1,0.1,-246.50,-286.50,-72.75,-367.50,161.25,G,6,UNKNOWN,BRICK_CLOSE,src=primary color=G streak=6 o=27239.00 c=27255.00 hi=27255.00 lo=27239.00
2026-04-30 10:31:03,2676,27255.25,27330.47,27242.98,27232.56,63.02,18.22,13.3,35.0,8.0,35.0,8.0,0.10,0,0.0,0,0,0.00,0.00,0.00,0.00,,0.0,1,0,355.00,AUTO,,AGGR+CHP+ADP+RUN-EXT+PW+DLK+SLC+TPE+NWS+,WAIT,60.0,4.13,0,-1,0.00,0.00,27252.75,27253.25,2,8678,7124,1,0.1,-246.50,-286.50,-72.75,-367.50,161.25,G,6,UNKNOWN,SIGNAL,
2026-04-30 10:31:25,2677,27259.25,27330.27,27246.84,27235.30,64.39,18.09,14.4,35.0,8.0,35.0,8.0,0.09,0,0.0,0,0,0.00,0.00,0.00,0.00,,0.0,1,0,355.00,AUTO,,AGGR+CHP+ADP+RUN-EXT+PW+DLK+SLC+TPE+NWS+,WAIT,60.0,3.92,0,-1,0.00,0.00,27256.50,27257.00,2,9342,7848,1,1.9,-242.50,-282.50,-68.75,-363.50,165.25,G,7,UNKNOWN,BRICK_CLOSE,src=primary color=G streak=7 o=27243.00 c=27259.00 hi=27259.00 lo=27242.25
2026-04-30 10:31:25,2677,27259.25,27330.27,27246.84,27235.30,64.39,18.09,14.4,45.5,8.0,45.5,8.0,0.09,0,0.0,0,0,0.00,0.00,0.00,0.00,,0.0,1,0,355.00,AUTO,,AGGR+CHP+ADP+RUN-EXT+PW+DLK+SLC+TPE+NWS+,WAIT,60.0,3.92,0,-1,0.00,0.00,27256.50,27257.00,2,9342,7848,1,1.9,-242.50,-282.50,-68.75,-363.50,165.25,G,7,UNKNOWN,SIGNAL,
2026-04-30 10:31:34,2678,27263.25,27330.19,27250.72,27238.15,65.76,17.93,15.7,45.5,8.0,45.5,8.0,0.09,0,0.0,0,0,0.00,0.00,0.00,0.00,,0.0,1,0,355.00,AUTO,,AGGR+CHP+ADP+RUN-EXT+PW+DLK+SLC+TPE+NWS+,WAIT,60.0,3.73,0,-1,0.00,0.00,27264.75,27265.25,2,9670,8084,1,3.5,-238.50,-278.50,-64.75,-359.50,169.25,G,8,UNKNOWN,BRICK_CLOSE,src=primary color=G streak=8 o=27247.00 c=27263.00 hi=27263.00 lo=27247.00
2026-04-30 10:31:34,2678,27263.25,27330.19,27250.72,27238.15,65.76,17.93,15.7,45.5,8.0,45.5,8.0,0.09,0,0.0,0,0,0.00,0.00,0.00,0.00,,0.0,1,0,355.00,AUTO,,AGGR+CHP+ADP+RUN-EXT+PW+DLK+SLC+TPE+NWS+,WAIT,60.0,3.73,0,-1,0.00,0.00,27264.75,27265.25,2,9670,8084,1,3.5,-238.50,-278.50,-64.75,-359.50,169.25,G,8,UNKNOWN,SIGNAL,
2026-04-30 10:31:36,2679,27267.25,27330.16,27254.62,27241.11,67.12,17.77,17.3,45.5,8.0,45.5,8.0,0.09,0,0.0,0,0,0.00,0.00,0.00,0.00,,0.0,1,0,355.00,AUTO,,AGGR+CHP+ADP+RUN-EXT+PW+DLK+SLC+TPE+NWS+,WAIT,60.0,3.54,0,-1,0.00,0.00,27266.00,27266.75,3,9820,8194,1,4.9,-234.50,-274.50,-60.75,-355.50,173.25,G,9,UNKNOWN,BRICK_CLOSE,src=primary color=G streak=9 o=27251.00 c=27267.00 hi=27267.00 lo=27251.00
2026-04-30 10:31:36,2679,27267.25,27330.16,27254.62,27241.11,67.12,17.77,17.3,35.0,8.0,35.0,8.0,0.09,0,0.0,0,0,0.00,0.00,0.00,0.00,,0.0,1,0,355.00,AUTO,,AGGR+CHP+ADP+RUN-EXT+PW+DLK+SLC+TPE+NWS+,WAIT,60.0,3.54,0,-1,0.00,0.00,27266.00,27266.75,3,9820,8194,1,4.9,-234.50,-274.50,-60.75,-355.50,173.25,G,9,UNKNOWN,SIGNAL,
2026-04-30 10:32:28,2680,27271.25,27329.77,27258.55,27244.16,68.47,17.71,19.0,35.0,8.0,35.0,8.0,0.07,0,0.0,0,0,0.00,0.00,0.00,0.00,,0.0,1,0,355.00,AUTO,,AGGR+CHP+ADP+RUN-EXT+PW+DLK+SLC+TPE+NWS+,WAIT,60.0,3.30,0,-1,0.00,0.00,27269.25,27270.00,3,11370,9866,1,6.1,-230.50,-270.50,-56.75,-351.50,177.25,G,10,UNKNOWN,BRICK_CLOSE,src=primary color=G streak=10 o=27255.00 c=27271.00 hi=27271.00 lo=27253.75
2026-04-30 10:32:28,2680,27271.25,27329.77,27258.55,27244.16,68.47,17.71,19.0,52.3,8.0,52.3,8.0,0.07,0,0.0,0,0,0.00,0.00,0.00,0.00,,0.0,1,0,355.00,AUTO,,AGGR+CHP+ADP+RUN-EXT+PW+DLK+SLC+TPE+NWS+,WAIT,60.0,3.30,0,-1,0.00,0.00,27269.25,27270.00,3,11370,9866,1,6.1,-230.50,-270.50,-56.75,-351.50,177.25,G,10,UNKNOWN,SIGNAL,
2026-04-30 10:32:43,2681,27275.25,27329.67,27262.49,27247.29,69.81,17.57,20.8,52.3,8.0,52.3,8.0,0.07,0,0.0,0,0,0.00,0.00,0.00,0.00,,0.0,1,0,355.00,AUTO,,AGGR+CHP+ADP+RUN-EXT+PW+DLK+SLC+TPE+NWS+,WAIT,60.0,3.10,0,-1,0.00,0.00,27274.00,27274.75,3,11828,10312,1,7.1,-226.50,-266.50,-52.75,-347.50,181.25,G,11,UNKNOWN,BRICK_CLOSE,src=primary color=G streak=11 o=27259.00 c=27275.00 hi=27275.00 lo=27259.00
2026-04-30 10:32:43,2681,27275.25,27329.67,27262.49,27247.29,69.81,17.57,20.8,45.5,8.0,45.5,8.0,0.07,0,0.0,0,0,0.00,0.00,0.00,0.00,,0.0,1,0,355.00,AUTO,,AGGR+CHP+ADP+RUN-EXT+PW+DLK+SLC+TPE+NWS+,WAIT,60.0,3.10,0,-1,0.00,0.00,27274.00,27274.75,3,11828,10312,1,7.1,-226.50,-266.50,-52.75,-347.50,181.25,G,11,UNKNOWN,SIGNAL,
2026-04-30 10:33:20,2682,27246.75,27329.38,27254.82,27244.91,52.76,18.28,18.9,45.5,8.0,45.5,8.0,0.05,0,0.0,0,0,0.00,0.00,0.00,0.00,,0.0,1,0,355.00,AUTO,,AGGR+CHP+ADP+RUN-EXT+PW+DLK+SLC+TPE+NWS+,WAIT,60.0,4.52,0,-1,0.00,0.00,27246.50,27247.25,3,12778,11480,0,4.2,-255.00,-295.00,-81.25,-376.00,152.75,R,1,UNKNOWN,BRICK_CLOSE,src=primary color=R streak=1 o=27263.00 c=27247.00 hi=27275.75 lo=27247.00
2026-04-30 10:33:20,2682,27246.75,27329.38,27254.82,27244.91,52.76,18.28,18.9,45.5,8.0,45.5,8.0,0.05,0,0.0,0,0,0.00,0.00,0.00,0.00,,0.0,1,0,355.00,AUTO,,AGGR+CHP+ADP+RUN-EXT+PW+DLK+SLC+TPE+NWS+,WAIT,60.0,4.52,0,-1,0.00,0.00,27246.50,27247.25,3,12778,11480,0,4.2,-255.00,-295.00,-81.25,-376.00,152.75,R,1,UNKNOWN,RUN_END,color=G len=11 pts=28.0 maxFav=56.0 durSec=164 startPx=27219.00 endPx=27247.00
2026-04-30 10:33:20,2682,27246.75,27329.38,27254.82,27244.91,52.76,18.28,18.9,0.0,18.2,0.0,18.2,0.05,0,0.0,0,0,0.00,0.00,0.00,0.00,,0.0,1,0,355.00,AUTO,,AGGR+CHP+ADP+RUN-EXT+PW+DLK+SLC+TPE+NWS+,WAIT,60.0,4.52,0,-1,0.00,0.00,27246.50,27247.25,3,12778,11480,0,4.2,-255.00,-295.00,-81.25,-376.00,152.75,R,1,UNKNOWN,SIGNAL,
2026-04-30 10:33:20,2682,27246.75,27329.38,27254.82,27244.91,52.76,18.28,18.9,0.0,18.2,0.0,18.2,0.05,0,0.0,0,0,0.00,0.00,0.00,0.00,,0.0,1,0,355.00,AUTO,,AGGR+CHP+ADP+RUN-EXT+PW+DLK+SLC+TPE+NWS+,WAIT,60.0,4.52,0,-1,0.00,0.00,27246.50,27247.25,3,12778,11480,0,4.2,-255.00,-295.00,-81.25,-376.00,152.75,R,1,UNKNOWN,SWEEP_BOOST,bull=False bear=True lookback=30
2026-04-30 10:33:34,2683,27242.75,27329.28,27251.81,27244.40,50.86,18.10,17.9,0.0,18.2,0.0,18.2,0.05,0,0.0,0,0,0.00,0.00,0.00,0.00,,0.0,1,0,355.00,AUTO,,AGGR+CHP+ADP+RUN-EXT+PW+DLK+SLC+TPE+NWS+,WAIT,60.0,4.78,0,-1,0.00,0.00,27241.00,27241.75,3,13092,11822,0,1.9,-259.00,-299.00,-85.25,-380.00,148.75,R,2,UNKNOWN,BRICK_CLOSE,src=primary color=R streak=2 o=27259.00 c=27243.00 hi=27259.00 lo=27243.00
2026-04-30 10:33:34,2683,27242.75,27329.28,27251.81,27244.40,50.86,18.10,17.9,0.0,33.2,0.0,33.2,0.05,0,0.0,0,0,0.00,0.00,0.00,0.00,,0.0,1,0,355.00,AUTO,,AGGR+CHP+ADP+RUN-EXT+PW+DLK+SLC+TPE+NWS+,WAIT,60.0,4.78,0,-1,0.00,0.00,27241.00,27241.75,3,13092,11822,0,1.9,-259.00,-299.00,-85.25,-380.00,148.75,R,2,UNKNOWN,SIGNAL,
2026-04-30 10:33:35,2684,27238.75,27329.27,27248.60,27243.58,48.97,17.93,16.5,0.0,33.2,0.0,33.2,0.05,0,0.0,0,0,0.00,0.00,0.00,0.00,,0.0,1,0,355.00,AUTO,,AGGR+CHP+ADP+RUN-EXT+PW+DLK+SLC+TPE+NWS+,WAIT,60.0,5.05,0,-1,0.00,0.00,27237.25,27237.75,2,13118,11890,0,-1.0,-263.00,-303.00,-89.25,-384.00,144.75,R,3,UNKNOWN,BRICK_CLOSE,src=primary color=R streak=3 o=27255.00 c=27239.00 hi=27255.00 lo=27239.00
2026-04-30 10:33:35,2684,27238.75,27329.27,27248.60,27243.58,48.97,17.93,16.5,0.0,15.5,0.0,15.5,0.05,0,0.0,0,0,0.00,0.00,0.00,0.00,,0.0,1,0,355.00,AUTO,,AGGR+CHP+ADP+RUN-EXT+PW+DLK+SLC+TPE+NWS+,WAIT,60.0,5.05,0,-1,0.00,0.00,27237.25,27237.75,2,13118,11890,0,-1.0,-263.00,-303.00,-89.25,-384.00,144.75,R,3,UNKNOWN,SIGNAL,
2026-04-30 10:33:38,2685,27234.75,27329.23,27245.23,27242.47,47.08,17.77,15.3,0.0,15.5,0.0,15.5,0.05,0,0.0,0,0,0.00,0.00,0.00,0.00,,0.0,1,0,355.00,AUTO,,AGGR+CHP+ADP+RUN-EXT+PW+DLK+SLC+TPE+NWS+,WAIT,60.0,5.32,0,-1,0.00,0.00,27232.25,27233.00,3,13186,12048,0,-3.9,-267.00,-307.00,-93.25,-388.00,140.75,R,4,UNKNOWN,BRICK_CLOSE,src=primary color=R streak=4 o=27251.00 c=27235.00 hi=27251.00 lo=27235.00
2026-04-30 10:33:38,2685,27234.75,27329.23,27245.23,27242.47,47.08,17.77,15.3,0.0,15.5,0.0,15.5,0.05,0,0.0,0,0,0.00,0.00,0.00,0.00,,0.0,1,0,355.00,AUTO,,AGGR+CHP+ADP+RUN-EXT+PW+DLK+SLC+TPE+NWS+,WAIT,60.0,5.32,0,-1,0.00,0.00,27232.25,27233.00,3,13186,12048,0,-3.9,-267.00,-307.00,-93.25,-388.00,140.75,R,4,UNKNOWN,SIGNAL,
2026-04-30 10:33:39,2686,27230.75,27329.22,27241.73,27241.09,45.20,17.63,15.2,0.0,15.5,0.0,15.5,0.04,0,0.0,0,0,0.00,0.00,0.00,0.00,,0.0,1,0,355.00,AUTO,,AGGR+CHP+ADP+RUN-EXT+PW+DLK+SLC+TPE+NWS+,WAIT,60.0,5.59,0,-1,0.00,0.00,27230.25,27230.75,2,13206,12112,0,-3.9,-271.00,-311.00,-97.25,-392.00,136.75,R,5,UNKNOWN,BRICK_CLOSE,src=primary color=R streak=5 o=27247.00 c=27231.00 hi=27247.00 lo=27231.00
2026-04-30 10:33:39,2686,27230.75,27329.22,27241.73,27241.09,45.20,17.63,15.2,0.0,15.5,0.0,15.5,0.04,0,0.0,0,0,0.00,0.00,0.00,0.00,,0.0,1,0,355.00,AUTO,,AGGR+CHP+ADP+RUN-EXT+PW+DLK+SLC+TPE+NWS+,WAIT,60.0,5.59,0,-1,0.00,0.00,27230.25,27230.75,2,13206,12112,0,-3.9,-271.00,-311.00,-97.25,-392.00,136.75,R,5,UNKNOWN,SIGNAL,
2026-04-30 10:34:02,2687,27226.75,27329.02,27238.14,27239.48,43.34,17.49,15.4,0.0,15.5,0.0,15.5,0.04,0,0.0,0,0,0.00,0.00,0.00,0.00,,0.0,1,0,355.00,AUTO,,AGGR+CHP+ADP+RUN-EXT+PW+DLK+SLC+TPE+NWS+,WAIT,60.0,5.85,0,-1,0.00,0.00,27226.75,27227.50,3,13754,12694,-1,-3.1,-275.00,-315.00,-101.25,-396.00,132.75,R,6,UNKNOWN,BRICK_CLOSE,src=primary color=R streak=6 o=27243.00 c=27227.00 hi=27243.00 lo=27227.00
2026-04-30 10:34:02,2687,27226.75,27329.02,27238.14,27239.48,43.34,17.49,15.4,0.0,120.0,0.0,120.0,0.04,-1,0.0,0,0,0.00,0.00,0.00,0.00,,0.0,1,0,355.00,AUTO,,AGGR+CHP+ADP+RUN-EXT+PW+DLK+SLC+TPE+NWS+,WAIT,60.0,5.85,0,-1,0.00,0.00,27226.75,27227.50,3,13754,12694,-1,-3.1,-275.00,-315.00,-101.25,-396.00,132.75,R,6,UNKNOWN,SIGNAL,
2026-04-30 10:34:02,2687,27226.75,27329.02,27238.14,27239.48,43.34,17.49,15.4,0.0,120.0,0.0,120.0,0.04,-1,0.0,0,0,0.00,0.00,0.00,0.00,,0.0,1,0,355.00,AUTO,,AGGR+CHP+ADP+RUN-EXT+PW+DLK+SLC+TPE+NWS+,STRONG_SELL,60.0,5.85,0,-1,0.00,0.00,27226.75,27227.50,3,13754,12694,-1,-3.1,-275.00,-315.00,-101.25,-396.00,132.75,R,6,UNKNOWN,BLOCK_CHOP,ADX<18 falling 3b (15.4)
2026-04-30 10:34:03,2688,27222.75,27328.97,27234.46,27237.65,41.50,17.37,16.0,0.0,120.0,0.0,120.0,0.04,-1,0.0,0,0,0.00,0.00,0.00,0.00,,0.0,1,0,355.00,AUTO,,AGGR+CHP+ADP+RUN-EXT+PW+DLK+SLC+TPE+NWS+,STRONG_SELL,60.0,6.12,0,-1,0.00,0.00,27222.75,27223.50,3,13824,12868,-1,-1.5,-279.00,-319.00,-105.25,-400.00,128.75,R,7,UNKNOWN,BRICK_CLOSE,src=primary color=R streak=7 o=27239.00 c=27223.00 hi=27239.00 lo=27223.00
2026-04-30 10:34:03,2688,27222.75,27328.97,27234.46,27237.65,41.50,17.37,16.0,0.0,93.5,0.0,93.5,0.04,-1,0.0,0,0,0.00,0.00,0.00,0.00,,0.0,1,0,355.00,AUTO,,AGGR+CHP+ADP+RUN-EXT+PW+DLK+SLC+TPE+NWS+,STRONG_SELL,60.0,6.12,0,-1,0.00,0.00,27222.75,27223.50,3,13824,12868,-1,-1.5,-279.00,-319.00,-105.25,-400.00,128.75,R,7,UNKNOWN,SIGNAL,
2026-04-30 10:34:03,2688,27222.75,27328.97,27234.46,27237.65,41.50,17.37,16.0,0.0,93.5,0.0,93.5,0.04,-1,0.0,0,0,0.00,0.00,0.00,0.00,,0.0,1,0,355.00,AUTO,,AGGR+CHP+ADP+RUN-EXT+PW+DLK+SLC+TPE+NWS+,STRONG_SELL,60.0,6.12,0,-1,0.00,0.00,27222.75,27223.50,3,13824,12868,-1,-1.5,-279.00,-319.00,-105.25,-400.00,128.75,R,7,UNKNOWN,BLOCK_CHOP,EMA gap 3.19 < 5.21 (ADX 16.0)
2026-04-30 10:34:06,2689,27218.50,27328.91,27230.67,27235.60,39.57,17.27,16.8,0.0,93.5,0.0,93.5,0.03,-1,0.0,0,0,0.00,0.00,0.00,0.00,,0.0,1,0,355.00,AUTO,,AGGR+CHP+ADP+RUN-EXT+PW+DLK+SLC+TPE+NWS+,STRONG_SELL,60.0,6.39,0,-1,0.00,0.00,27219.50,27220.25,3,13948,13076,-1,0.5,-283.25,-323.25,-109.50,-404.25,124.50,R,8,UNKNOWN,BRICK_CLOSE,src=primary color=R streak=8 o=27235.00 c=27219.00 hi=27235.00 lo=27219.00
2026-04-30 10:34:06,2689,27218.50,27328.91,27230.67,27235.60,39.57,17.27,16.8,0.0,88.5,0.0,88.5,0.03,-1,0.0,0,0,0.00,0.00,0.00,0.00,,0.0,1,0,355.00,AUTO,,AGGR+CHP+ADP+RUN-EXT+PW+DLK+SLC+TPE+NWS+,STRONG_SELL,60.0,6.39,0,-1,0.00,0.00,27219.50,27220.25,3,13948,13076,-1,0.5,-283.25,-323.25,-109.50,-404.25,124.50,R,8,UNKNOWN,SIGNAL,
2026-04-30 10:34:06,2689,27218.50,27328.91,27230.67,27235.60,39.57,17.27,16.8,0.0,88.5,0.0,88.5,0.03,-1,0.0,0,0,0.00,0.00,0.00,0.00,,0.0,1,0,355.00,AUTO,,AGGR+CHP+ADP+RUN-EXT+PW+DLK+SLC+TPE+NWS+,STRONG_SELL,60.0,6.39,0,-1,0.00,0.00,27219.50,27220.25,3,13948,13076,-1,0.5,-283.25,-323.25,-109.50,-404.25,124.50,R,8,UNKNOWN,TREND_CHASE_FIRE,dir=-1 adx=16.8 streak=8 bear=88.5
2026-04-30 10:34:06,2689,27218.50,27328.91,27230.67,27235.60,39.57,17.27,16.8,0.0,88.5,0.0,88.5,0.03,-1,0.0,0,0,0.00,0.00,0.00,0.00,,0.0,1,0,355.00,AUTO,,AGGR+CHP+ADP+RUN-EXT+PW+DLK+SLC+TPE+NWS+,STRONG_SELL,60.0,6.39,0,-1,0.00,0.00,27219.50,27220.25,3,13948,13076,-1,0.5,-283.25,-323.25,-109.50,-404.25,124.50,R,8,UNKNOWN,BLOCK_SL_CLUSTER,cooldown_remaining_sec=1138
2026-04-30 10:34:07,2690,27214.25,27328.88,27226.82,27233.37,37.67,17.18,18.0,0.0,88.5,0.0,88.5,0.03,-1,0.0,0,0,0.00,0.00,0.00,0.00,,0.0,1,0,355.00,AUTO,,AGGR+CHP+ADP+RUN-EXT+PW+DLK+SLC+TPE+NWS+,STRONG_SELL,60.0,6.67,0,-1,0.00,0.00,27214.50,27215.25,3,14004,13158,-1,2.3,-287.50,-327.50,-113.75,-408.50,120.25,R,9,UNKNOWN,BRICK_CLOSE,src=primary color=R streak=9 o=27231.00 c=27215.00 hi=27231.00 lo=27215.00
2026-04-30 10:34:07,2690,27214.25,27328.88,27226.82,27233.37,37.67,17.18,18.0,0.0,88.5,0.0,88.5,0.03,-1,0.0,0,0,0.00,0.00,0.00,0.00,,0.0,1,0,355.00,AUTO,,AGGR+CHP+ADP+RUN-EXT+PW+DLK+SLC+TPE+NWS+,STRONG_SELL,60.0,6.67,0,-1,0.00,0.00,27214.50,27215.25,3,14004,13158,-1,2.3,-287.50,-327.50,-113.75,-408.50,120.25,R,9,UNKNOWN,SIGNAL,
2026-04-30 10:34:07,2690,27214.25,27328.88,27226.82,27233.37,37.67,17.18,18.0,0.0,88.5,0.0,88.5,0.03,-1,0.0,0,0,0.00,0.00,0.00,0.00,,0.0,1,0,355.00,AUTO,,AGGR+CHP+ADP+RUN-EXT+PW+DLK+SLC+TPE+NWS+,STRONG_SELL,60.0,6.67,0,-1,0.00,0.00,27214.50,27215.25,3,14004,13158,-1,2.3,-287.50,-327.50,-113.75,-408.50,120.25,R,9,UNKNOWN,TREND_CHASE_FIRE,dir=-1 adx=18.0 streak=9 bear=88.5
2026-04-30 10:34:07,2690,27214.25,27328.88,27226.82,27233.37,37.67,17.18,18.0,0.0,88.5,0.0,88.5,0.03,-1,0.0,0,0,0.00,0.00,0.00,0.00,,0.0,1,0,355.00,AUTO,,AGGR+CHP+ADP+RUN-EXT+PW+DLK+SLC+TPE+NWS+,STRONG_SELL,60.0,6.67,0,-1,0.00,0.00,27214.50,27215.25,3,14004,13158,-1,2.3,-287.50,-327.50,-113.75,-408.50,120.25,R,9,UNKNOWN,BLOCK_SL_CLUSTER,cooldown_remaining_sec=1137
2026-04-30 10:34:08,2691,27210.50,27328.85,27223.04,27231.02,36.04,17.06,19.3,0.0,88.5,0.0,88.5,0.03,-1,0.0,0,0,0.00,0.00,0.00,0.00,,0.0,1,0,355.00,AUTO,,AGGR+CHP+ADP+RUN-EXT+PW+DLK+SLC+TPE+NWS+,STRONG_SELL,60.0,6.94,0,-1,0.00,0.00,27212.25,27212.75,2,14028,13282,-1,3.8,-291.25,-331.25,-117.50,-412.25,116.50,R,10,UNKNOWN,BRICK_CLOSE,src=primary color=R streak=10 o=27227.00 c=27211.00 hi=27227.00 lo=27211.00
2026-04-30 10:34:08,2691,27210.50,27328.85,27223.04,27231.02,36.04,17.06,19.3,0.0,73.5,0.0,73.5,0.03,-1,0.0,0,0,0.00,0.00,0.00,0.00,,0.0,1,0,355.00,AUTO,,AGGR+CHP+ADP+RUN-EXT+PW+DLK+SLC+TPE+NWS+,STRONG_SELL,60.0,6.94,0,-1,0.00,0.00,27212.25,27212.75,2,14028,13282,-1,3.8,-291.25,-331.25,-117.50,-412.25,116.50,R,10,UNKNOWN,SIGNAL,
2026-04-30 10:34:08,2691,27210.50,27328.85,27223.04,27231.02,36.04,17.06,19.3,0.0,73.5,0.0,73.5,0.03,-1,0.0,0,0,0.00,0.00,0.00,0.00,,0.0,1,0,355.00,AUTO,,AGGR+CHP+ADP+RUN-EXT+PW+DLK+SLC+TPE+NWS+,SELL,60.0,6.94,0,-1,0.00,0.00,27212.25,27212.75,2,14028,13282,-1,3.8,-291.25,-331.25,-117.50,-412.25,116.50,R,10,UNKNOWN,TREND_CHASE_FIRE,dir=-1 adx=19.3 streak=10 bear=73.5
2026-04-30 10:34:08,2691,27210.50,27328.85,27223.04,27231.02,36.04,17.06,19.3,0.0,73.5,0.0,73.5,0.03,-1,0.0,0,0,0.00,0.00,0.00,0.00,,0.0,1,0,355.00,AUTO,,AGGR+CHP+ADP+RUN-EXT+PW+DLK+SLC+TPE+NWS+,SELL,60.0,6.94,0,-1,0.00,0.00,27212.25,27212.75,2,14028,13282,-1,3.8,-291.25,-331.25,-117.50,-412.25,116.50,R,10,UNKNOWN,BLOCK_SL_CLUSTER,cooldown_remaining_sec=1136
2026-04-30 10:34:32,2692,27206.75,27328.53,27219.22,27228.52,34.44,16.95,20.8,0.0,73.5,0.0,73.5,0.03,-1,0.0,0,0,0.00,0.00,0.00,0.00,,0.0,1,0,355.00,AUTO,,AGGR+CHP+ADP+RUN-EXT+PW+DLK+SLC+TPE+NWS+,SELL,60.0,7.19,0,-1,0.00,0.00,27205.75,27206.50,3,14796,14028,-1,5.1,-295.00,-335.00,-121.25,-416.00,112.75,R,11,UNKNOWN,BRICK_CLOSE,src=primary color=R streak=11 o=27223.00 c=27207.00 hi=27223.00 lo=27207.00
2026-04-30 10:34:32,2692,27206.75,27328.52,27219.22,27228.52,34.44,16.95,20.8,0.0,101.5,0.0,101.5,0.03,-1,0.0,0,0,0.00,0.00,0.00,0.00,,0.0,1,0,355.00,AUTO,,AGGR+CHP+ADP+RUN-EXT+PW+DLK+SLC+TPE+NWS+,SELL,60.0,7.19,0,-1,0.00,0.00,27205.75,27206.50,3,14796,14028,-1,5.1,-295.00,-335.00,-121.25,-416.00,112.75,R,11,UNKNOWN,SIGNAL,
2026-04-30 10:34:32,2692,27206.75,27328.52,27219.22,27228.52,34.44,16.95,20.8,0.0,101.5,0.0,101.5,0.03,-1,0.0,0,0,0.00,0.00,0.00,0.00,,0.0,1,0,355.00,AUTO,,AGGR+CHP+ADP+RUN-EXT+PW+DLK+SLC+TPE+NWS+,SELL,60.0,7.19,0,-1,0.00,0.00,27205.75,27206.50,3,14796,14028,-1,5.1,-295.00,-335.00,-121.25,-416.00,112.75,R,11,UNKNOWN,TREND_CHASE_FIRE,dir=-1 adx=20.8 streak=11 bear=101.5
2026-04-30 10:34:32,2692,27206.75,27328.52,27219.22,27228.52,34.44,16.95,20.8,0.0,101.5,0.0,101.5,0.03,-1,0.0,0,0,0.00,0.00,0.00,0.00,,0.0,1,0,355.00,AUTO,,AGGR+CHP+ADP+RUN-EXT+PW+DLK+SLC+TPE+NWS+,SELL,60.0,7.19,0,-1,0.00,0.00,27205.75,27206.50,3,14796,14028,-1,5.1,-295.00,-335.00,-121.25,-416.00,112.75,R,11,UNKNOWN,BLOCK_SL_CLUSTER,cooldown_remaining_sec=1112
2026-04-30 10:34:32,2693,27202.75,27328.47,27215.33,27225.87,32.77,16.86,22.5,0.0,101.5,0.0,101.5,0.03,-1,0.0,0,0,0.00,0.00,0.00,0.00,,0.0,1,0,355.00,AUTO,,AGGR+CHP+ADP+RUN-EXT+PW+DLK+SLC+TPE+NWS+,SELL,60.0,7.46,0,-1,0.00,0.00,27205.75,27206.50,3,14904,14174,-1,6.2,-299.00,-339.00,-125.25,-420.00,108.75,R,12,UNKNOWN,BRICK_CLOSE,src=primary color=R streak=12 o=27219.00 c=27203.00 hi=27219.00 lo=27203.00
2026-04-30 10:34:32,2693,27202.75,27328.47,27215.33,27225.87,32.77,16.86,22.5,0.0,101.5,0.0,101.5,0.03,-1,0.0,0,0,0.00,0.00,0.00,0.00,,0.0,1,0,355.00,AUTO,,AGGR+CHP+ADP+RUN-EXT+PW+DLK+SLC+TPE+NWS+,SELL,60.0,7.46,0,-1,0.00,0.00,27205.75,27206.50,3,14904,14174,-1,6.2,-299.00,-339.00,-125.25,-420.00,108.75,R,12,TREND_DN,REGIME_CHANGE,from=UNKNOWN to=TREND_DN adx=22.5 slope=6.23 atr/avg=0.94 eStack=-1 distVwapAtr=-7.46 nr=Rx12 flips4=0
2026-04-30 10:34:32,2693,27202.75,27328.47,27215.33,27225.87,32.77,16.86,22.5,0.0,73.5,0.0,73.5,0.03,-1,0.0,0,0,0.00,0.00,0.00,0.00,,0.0,1,0,355.00,AUTO,,AGGR+CHP+ADP+RUN-EXT+PW+DLK+SLC+TPE+NWS+,SELL,60.0,7.46,0,-1,0.00,0.00,27205.75,27206.50,3,14904,14174,-1,6.2,-299.00,-339.00,-125.25,-420.00,108.75,R,12,TREND_DN,SIGNAL,
2026-04-30 10:34:32,2693,27202.75,27328.47,27215.33,27225.87,32.77,16.86,22.5,0.0,73.5,0.0,73.5,0.03,-1,0.0,0,0,0.00,0.00,0.00,0.00,,0.0,1,0,355.00,AUTO,,AGGR+CHP+ADP+RUN-EXT+PW+DLK+SLC+TPE+NWS+,SELL,60.0,7.46,0,-1,0.00,0.00,27205.75,27206.50,3,14904,14174,-1,6.2,-299.00,-339.00,-125.25,-420.00,108.75,R,12,TREND_DN,TREND_CHASE_FIRE,dir=-1 adx=22.5 streak=12 bear=73.5
2026-04-30 10:34:32,2693,27202.75,27328.47,27215.33,27225.87,32.77,16.86,22.5,0.0,73.5,0.0,73.5,0.03,-1,0.0,0,0,0.00,0.00,0.00,0.00,,0.0,1,0,355.00,AUTO,,AGGR+CHP+ADP+RUN-EXT+PW+DLK+SLC+TPE+NWS+,SELL,60.0,7.46,0,-1,0.00,0.00,27205.75,27206.50,3,14904,14174,-1,6.2,-299.00,-339.00,-125.25,-420.00,108.75,R,12,TREND_DN,BLOCK_SL_CLUSTER,cooldown_remaining_sec=1112
2026-04-30 10:36:36,2694,27198.75,27327.08,27211.41,27223.10,31.14,17.82,20.6,0.0,73.5,0.0,73.5,-0.24,-1,0.0,0,0,0.00,0.00,0.00,0.00,,0.0,1,0,355.00,AUTO,,AGGR+CHP+ADP+RUN-EXT+PW+DLK+SLC+TPE+NWS+,SELL,60.0,7.20,0,-1,0.00,0.00,27198.50,27199.00,2,626,1014,-1,3.5,-303.00,-343.00,-129.25,-424.00,104.75,R,13,TREND_DN,BRICK_CLOSE,src=primary color=R streak=13 o=27215.00 c=27199.00 hi=27230.75 lo=27199.00
2026-04-30 10:36:36,2694,27198.75,27327.08,27211.41,27223.10,31.14,17.82,20.6,0.0,73.5,0.0,73.5,-0.24,-1,0.0,0,0,0.00,0.00,0.00,0.00,,0.0,1,0,355.00,AUTO,,AGGR+CHP+ADP+RUN-EXT+PW+DLK+SLC+TPE+NWS+,SELL,60.0,7.20,0,-1,0.00,0.00,27198.50,27199.00,2,626,1014,-1,3.5,-303.00,-343.00,-129.25,-424.00,104.75,R,13,UNKNOWN,REGIME_CHANGE,from=TREND_DN to=UNKNOWN adx=20.6 slope=3.46 atr/avg=0.99 eStack=-1 distVwapAtr=-7.20 nr=Rx13 flips4=0
2026-04-30 10:36:36,2694,27198.75,27327.08,27211.41,27223.10,31.14,17.82,20.6,0.0,115.5,0.0,115.5,-0.24,-1,0.0,0,0,0.00,0.00,0.00,0.00,,0.0,1,0,355.00,AUTO,,AGGR+CHP+ADP+RUN-EXT+PW+DLK+SLC+TPE+NWS+,SELL,60.0,7.20,0,-1,0.00,0.00,27198.50,27199.00,2,626,1014,-1,3.5,-303.00,-343.00,-129.25,-424.00,104.75,R,13,UNKNOWN,SIGNAL,
2026-04-30 10:36:36,2694,27198.75,27327.08,27211.41,27223.10,31.14,17.82,20.6,0.0,115.5,0.0,115.5,-0.24,-1,0.0,0,0,0.00,0.00,0.00,0.00,,0.0,1,0,355.00,AUTO,,AGGR+CHP+ADP+RUN-EXT+PW+DLK+SLC+TPE+NWS+,SELL,60.0,7.20,0,-1,0.00,0.00,27198.50,27199.00,2,626,1014,-1,3.5,-303.00,-343.00,-129.25,-424.00,104.75,R,13,UNKNOWN,TREND_CHASE_FIRE,dir=-1 adx=20.6 streak=13 bear=115.5
2026-04-30 10:36:36,2694,27198.75,27327.08,27211.41,27223.10,31.14,17.82,20.6,0.0,115.5,0.0,115.5,-0.24,-1,0.0,0,0,0.00,0.00,0.00,0.00,,0.0,1,0,355.00,AUTO,,AGGR+CHP+ADP+RUN-EXT+PW+DLK+SLC+TPE+NWS+,SELL,60.0,7.20,0,-1,0.00,0.00,27198.50,27199.00,2,626,1014,-1,3.5,-303.00,-343.00,-129.25,-424.00,104.75,R,13,UNKNOWN,BLOCK_SL_CLUSTER,cooldown_remaining_sec=988
2026-04-30 10:36:38,2695,27194.75,27327.03,27207.48,27220.21,29.56,17.67,21.0,0.0,115.5,0.0,115.5,-0.26,-1,0.0,0,0,0.00,0.00,0.00,0.00,,0.0,1,0,355.00,AUTO,,AGGR+CHP+ADP+RUN-EXT+PW+DLK+SLC+TPE+NWS+,SELL,60.0,7.48,0,-1,0.00,0.00,27193.25,27193.75,2,686,1174,-1,2.8,-307.00,-347.00,-133.25,-428.00,100.75,R,14,UNKNOWN,BRICK_CLOSE,src=primary color=R streak=14 o=27211.00 c=27195.00 hi=27211.00 lo=27195.00
2026-04-30 10:36:38,2695,27194.75,27327.03,27207.48,27220.21,29.56,17.67,21.0,0.0,83.5,0.0,83.5,-0.26,-1,0.0,0,0,0.00,0.00,0.00,0.00,,0.0,1,0,355.00,AUTO,,AGGR+CHP+ADP+RUN-EXT+PW+DLK+SLC+TPE+NWS+,SELL,60.0,7.48,0,-1,0.00,0.00,27193.25,27193.75,2,686,1174,-1,2.8,-307.00,-347.00,-133.25,-428.00,100.75,R,14,UNKNOWN,SIGNAL,
2026-04-30 10:36:38,2695,27194.75,27327.03,27207.48,27220.21,29.56,17.67,21.0,0.0,83.5,0.0,83.5,-0.26,-1,0.0,0,0,0.00,0.00,0.00,0.00,,0.0,1,0,355.00,AUTO,,AGGR+CHP+ADP+RUN-EXT+PW+DLK+SLC+TPE+NWS+,SELL,60.0,7.48,0,-1,0.00,0.00,27193.25,27193.75,2,686,1174,-1,2.8,-307.00,-347.00,-133.25,-428.00,100.75,R,14,UNKNOWN,TREND_CHASE_FIRE,dir=-1 adx=21.0 streak=14 bear=83.5
2026-04-30 10:36:38,2695,27194.75,27327.03,27207.48,27220.21,29.56,17.67,21.0,0.0,83.5,0.0,83.5,-0.26,-1,0.0,0,0,0.00,0.00,0.00,0.00,,0.0,1,0,355.00,AUTO,,AGGR+CHP+ADP+RUN-EXT+PW+DLK+SLC+TPE+NWS+,SELL,60.0,7.48,0,-1,0.00,0.00,27193.25,27193.75,2,686,1174,-1,2.8,-307.00,-347.00,-133.25,-428.00,100.75,R,14,UNKNOWN,BLOCK_SL_CLUSTER,cooldown_remaining_sec=986
2026-04-30 10:36:39,2696,27190.75,27326.99,27203.53,27217.22,28.02,17.54,21.7,0.0,83.5,0.0,83.5,-0.25,-1,0.0,0,0,0.00,0.00,0.00,0.00,,0.0,1,0,355.00,AUTO,,AGGR+CHP+ADP+RUN-EXT+PW+DLK+SLC+TPE+NWS+,SELL,60.0,7.77,0,-1,0.00,0.00,27187.00,27187.50,2,762,1264,-1,2.1,-311.00,-351.00,-137.25,-432.00,96.75,R,15,UNKNOWN,BRICK_CLOSE,src=primary color=R streak=15 o=27207.00 c=27191.00 hi=27207.00 lo=27191.00
2026-04-30 10:36:39,2696,27190.75,27326.99,27203.53,27217.22,28.02,17.54,21.7,0.0,73.5,0.0,73.5,-0.25,-1,0.0,0,0,0.00,0.00,0.00,0.00,,0.0,1,0,355.00,AUTO,,AGGR+CHP+ADP+RUN-EXT+PW+DLK+SLC+TPE+NWS+,SELL,60.0,7.77,0,-1,0.00,0.00,27187.00,27187.50,2,762,1264,-1,2.1,-311.00,-351.00,-137.25,-432.00,96.75,R,15,UNKNOWN,SIGNAL,
2026-04-30 10:36:39,2696,27190.75,27326.99,27203.53,27217.22,28.02,17.54,21.7,0.0,73.5,0.0,73.5,-0.25,-1,0.0,0,0,0.00,0.00,0.00,0.00,,0.0,1,0,355.00,AUTO,,AGGR+CHP+ADP+RUN-EXT+PW+DLK+SLC+TPE+NWS+,SELL,60.0,7.77,0,-1,0.00,0.00,27187.00,27187.50,2,762,1264,-1,2.1,-311.00,-351.00,-137.25,-432.00,96.75,R,15,UNKNOWN,TREND_CHASE_FIRE,dir=-1 adx=21.7 streak=15 bear=73.5
2026-04-30 10:36:39,2696,27190.75,27326.99,27203.53,27217.22,28.02,17.54,21.7,0.0,73.5,0.0,73.5,-0.25,-1,0.0,0,0,0.00,0.00,0.00,0.00,,0.0,1,0,355.00,AUTO,,AGGR+CHP+ADP+RUN-EXT+PW+DLK+SLC+TPE+NWS+,SELL,60.0,7.77,0,-1,0.00,0.00,27187.00,27187.50,2,762,1264,-1,2.1,-311.00,-351.00,-137.25,-432.00,96.75,R,15,UNKNOWN,BLOCK_SL_CLUSTER,cooldown_remaining_sec=985
2026-04-30 10:36:39,2697,27186.25,27326.95,27199.48,27214.10,26.35,17.44,22.7,0.0,73.5,0.0,73.5,-0.25,-1,0.0,0,0,0.00,0.00,0.00,0.00,,0.0,1,0,355.00,AUTO,,AGGR+CHP+ADP+RUN-EXT+PW+DLK+SLC+TPE+NWS+,SELL,60.0,8.07,0,-1,0.00,0.00,27187.00,27187.50,2,818,1372,-1,1.6,-315.50,-355.50,-141.75,-436.50,92.25,R,16,UNKNOWN,BRICK_CLOSE,src=primary color=R streak=16 o=27203.00 c=27187.00 hi=27203.00 lo=27187.00
2026-04-30 10:36:39,2697,27186.25,27326.95,27199.48,27214.10,26.35,17.44,22.7,0.0,73.5,0.0,73.5,-0.25,-1,0.0,0,0,0.00,0.00,0.00,0.00,,0.0,1,0,355.00,AUTO,,AGGR+CHP+ADP+RUN-EXT+PW+DLK+SLC+TPE+NWS+,SELL,60.0,8.07,0,-1,0.00,0.00,27187.00,27187.50,2,818,1372,-1,1.6,-315.50,-355.50,-141.75,-436.50,92.25,R,16,TREND_DN,REGIME_CHANGE,from=UNKNOWN to=TREND_DN adx=22.7 slope=1.62 atr/avg=0.97 eStack=-1 distVwapAtr=-8.07 nr=Rx16 flips4=0
2026-04-30 10:36:39,2697,27186.25,27326.95,27199.48,27214.10,26.35,17.44,22.7,0.0,83.5,0.0,83.5,-0.25,-1,0.0,0,0,0.00,0.00,0.00,0.00,,0.0,1,0,355.00,AUTO,,AGGR+CHP+ADP+RUN-EXT+PW+DLK+SLC+TPE+NWS+,SELL,60.0,8.07,0,-1,0.00,0.00,27187.00,27187.50,2,818,1372,-1,1.6,-315.50,-355.50,-141.75,-436.50,92.25,R,16,TREND_DN,SIGNAL,
2026-04-30 10:36:39,2697,27186.25,27326.95,27199.48,27214.10,26.35,17.44,22.7,0.0,83.5,0.0,83.5,-0.25,-1,0.0,0,0,0.00,0.00,0.00,0.00,,0.0,1,0,355.00,AUTO,,AGGR+CHP+ADP+RUN-EXT+PW+DLK+SLC+TPE+NWS+,SELL,60.0,8.07,0,-1,0.00,0.00,27187.00,27187.50,2,818,1372,-1,1.6,-315.50,-355.50,-141.75,-436.50,92.25,R,16,TREND_DN,TREND_CHASE_FIRE,dir=-1 adx=22.7 streak=16 bear=83.5
2026-04-30 10:36:39,2697,27186.25,27326.95,27199.48,27214.10,26.35,17.44,22.7,0.0,83.5,0.0,83.5,-0.25,-1,0.0,0,0,0.00,0.00,0.00,0.00,,0.0,1,0,355.00,AUTO,,AGGR+CHP+ADP+RUN-EXT+PW+DLK+SLC+TPE+NWS+,SELL,60.0,8.07,0,-1,0.00,0.00,27187.00,27187.50,2,818,1372,-1,1.6,-315.50,-355.50,-141.75,-436.50,92.25,R,16,TREND_DN,BLOCK_SL_CLUSTER,cooldown_remaining_sec=985
2026-04-30 10:37:06,2698,27182.75,27326.47,27195.61,27210.98,25.11,17.29,23.8,0.0,83.5,0.0,83.5,-0.12,-1,0.0,0,0,0.00,0.00,0.00,0.00,,0.0,1,0,355.00,AUTO,,AGGR+CHP+ADP+RUN-EXT+PW+DLK+SLC+TPE+NWS+,SELL,60.0,8.31,0,-1,0.00,0.00,27181.25,27182.00,3,1804,2310,-1,3.0,-319.00,-359.00,-145.25,-440.00,88.75,R,17,TREND_DN,BRICK_CLOSE,src=primary color=R streak=17 o=27199.00 c=27183.00 hi=27199.00 lo=27183.00
2026-04-30 10:37:06,2698,27182.75,27326.47,27195.61,27210.98,25.11,17.29,23.8,0.0,101.5,0.0,101.5,-0.12,-1,0.0,0,0,0.00,0.00,0.00,0.00,,0.0,1,0,355.00,AUTO,,AGGR+CHP+ADP+RUN-EXT+PW+DLK+SLC+TPE+NWS+,SELL,60.0,8.31,0,-1,0.00,0.00,27181.25,27182.00,3,1804,2310,-1,3.0,-319.00,-359.00,-145.25,-440.00,88.75,R,17,TREND_DN,SIGNAL,
2026-04-30 10:37:06,2698,27182.75,27326.47,27195.61,27210.98,25.11,17.29,23.8,0.0,101.5,0.0,101.5,-0.12,-1,0.0,0,0,0.00,0.00,0.00,0.00,,0.0,1,0,355.00,AUTO,,AGGR+CHP+ADP+RUN-EXT+PW+DLK+SLC+TPE+NWS+,SELL,60.0,8.31,0,-1,0.00,0.00,27181.25,27182.00,3,1804,2310,-1,3.0,-319.00,-359.00,-145.25,-440.00,88.75,R,17,TREND_DN,TREND_CHASE_FIRE,dir=-1 adx=23.8 streak=17 bear=101.5
2026-04-30 10:37:06,2698,27182.75,27326.47,27195.61,27210.98,25.11,17.29,23.8,0.0,101.5,0.0,101.5,-0.12,-1,0.0,0,0,0.00,0.00,0.00,0.00,,0.0,1,0,355.00,AUTO,,AGGR+CHP+ADP+RUN-EXT+PW+DLK+SLC+TPE+NWS+,SELL,60.0,8.31,0,-1,0.00,0.00,27181.25,27182.00,3,1804,2310,-1,3.0,-319.00,-359.00,-145.25,-440.00,88.75,R,17,TREND_DN,BLOCK_SL_CLUSTER,cooldown_remaining_sec=958
2026-04-30 10:37:07,2699,27178.75,27326.40,27191.64,27207.74,23.73,17.18,25.2,0.0,101.5,0.0,101.5,-0.15,-1,0.0,0,0,0.00,0.00,0.00,0.00,,0.0,1,0,355.00,AUTO,,AGGR+CHP+ADP+RUN-EXT+PW+DLK+SLC+TPE+NWS+,SELL,60.0,8.60,0,-1,0.00,0.00,27175.50,27176.25,3,1872,2520,-1,4.3,-323.00,-363.00,-149.25,-444.00,84.75,R,18,TREND_DN,BRICK_CLOSE,src=primary color=R streak=18 o=27195.00 c=27179.00 hi=27195.00 lo=27179.00
2026-04-30 10:37:07,2699,27178.75,27326.40,27191.64,27207.74,23.73,17.18,25.2,0.0,73.5,0.0,73.5,-0.15,-1,0.0,0,0,0.00,0.00,0.00,0.00,,0.0,1,0,355.00,AUTO,,AGGR+CHP+ADP+RUN-EXT+PW+DLK+SLC+TPE+NWS+,SELL,60.0,8.60,0,-1,0.00,0.00,27175.50,27176.25,3,1872,2520,-1,4.3,-323.00,-363.00,-149.25,-444.00,84.75,R,18,TREND_DN,SIGNAL,
2026-04-30 10:37:07,2699,27178.75,27326.40,27191.64,27207.74,23.73,17.18,25.2,0.0,73.5,0.0,73.5,-0.15,-1,0.0,0,0,0.00,0.00,0.00,0.00,,0.0,1,0,355.00,AUTO,,AGGR+CHP+ADP+RUN-EXT+PW+DLK+SLC+TPE+NWS+,SELL,60.0,8.60,0,-1,0.00,0.00,27175.50,27176.25,3,1872,2520,-1,4.3,-323.00,-363.00,-149.25,-444.00,84.75,R,18,TREND_DN,TREND_CHASE_FIRE,dir=-1 adx=25.2 streak=18 bear=73.5
2026-04-30 10:37:07,2699,27178.75,27326.40,27191.64,27207.74,23.73,17.18,25.2,0.0,73.5,0.0,73.5,-0.15,-1,0.0,0,0,0.00,0.00,0.00,0.00,,0.0,1,0,355.00,AUTO,,AGGR+CHP+ADP+RUN-EXT+PW+DLK+SLC+TPE+NWS+,SELL,60.0,8.60,0,-1,0.00,0.00,27175.50,27176.25,3,1872,2520,-1,4.3,-323.00,-363.00,-149.25,-444.00,84.75,R,18,TREND_DN,BLOCK_SL_CLUSTER,cooldown_remaining_sec=957
2026-04-30 10:37:55,2700,27207.25,27325.79,27199.28,27210.03,46.24,18.12,23.0,0.0,73.5,0.0,73.5,-0.05,-1,0.0,0,0,0.00,0.00,0.00,0.00,,0.0,1,0,355.00,AUTO,,AGGR+CHP+ADP+RUN-EXT+PW+DLK+SLC+TPE+NWS+,SELL,60.0,6.54,0,-1,0.00,0.00,27206.50,27207.25,3,3340,3664,0,1.7,-294.50,-334.50,-120.75,-415.50,113.25,G,1,TREND_DN,BRICK_CLOSE,src=primary color=G streak=1 o=27191.00 c=27207.00 hi=27207.00 lo=27175.25
2026-04-30 10:37:55,2700,27207.25,27325.79,27199.28,27210.03,46.24,18.12,23.0,0.0,73.5,0.0,73.5,-0.05,-1,0.0,0,0,0.00,0.00,0.00,0.00,,0.0,1,0,355.00,AUTO,,AGGR+CHP+ADP+RUN-EXT+PW+DLK+SLC+TPE+NWS+,SELL,60.0,6.54,0,-1,0.00,0.00,27206.50,27207.25,3,3340,3664,0,1.7,-294.50,-334.50,-120.75,-415.50,113.25,G,1,TREND_DN,RUN_END,color=R len=18 pts=56.0 maxFav=84.0 durSec=275 startPx=27263.00 endPx=27207.00
2026-04-30 10:37:55,2700,27207.25,27325.79,27199.28,27210.03,46.24,18.12,23.0,0.0,73.5,0.0,73.5,-0.05,-1,0.0,0,0,0.00,0.00,0.00,0.00,,0.0,1,0,355.00,AUTO,,AGGR+CHP+ADP+RUN-EXT+PW+DLK+SLC+TPE+NWS+,SELL,60.0,6.54,0,-1,0.00,0.00,27206.50,27207.25,3,3340,3664,0,1.7,-294.50,-334.50,-120.75,-415.50,113.25,G,1,UNKNOWN,REGIME_CHANGE,from=TREND_DN to=UNKNOWN adx=23.0 slope=1.67 atr/avg=1.01 eStack=0 distVwapAtr=-6.54 nr=Gx1 flips4=1
2026-04-30 10:37:55,2700,27207.25,27325.79,27199.28,27210.03,46.24,18.12,23.0,0.0,29.5,0.0,29.5,-0.05,-1,0.0,0,0,0.00,0.00,0.00,0.00,,0.0,1,0,355.00,AUTO,,AGGR+CHP+ADP+RUN-EXT+PW+DLK+SLC+TPE+NWS+,SELL,60.0,6.54,0,-1,0.00,0.00,27206.50,27207.25,3,3340,3664,0,1.7,-294.50,-334.50,-120.75,-415.50,113.25,G,1,UNKNOWN,SIGNAL,
2026-04-30 10:37:55,2700,27207.25,27325.79,27199.28,27210.03,46.24,18.12,23.0,0.0,29.5,0.0,29.5,-0.05,-1,0.0,0,0,0.00,0.00,0.00,0.00,,0.0,1,0,355.00,AUTO,,AGGR+CHP+ADP+RUN-EXT+PW+DLK+SLC+TPE+NWS+,WAIT,60.0,6.54,0,-1,0.00,0.00,27206.50,27207.25,3,3340,3664,0,1.7,-294.50,-334.50,-120.75,-415.50,113.25,G,1,UNKNOWN,SWEEP_BOOST,bull=True bear=False lookback=30
2026-04-30 10:38:16,2701,27211.25,27325.50,27202.27,27210.45,48.56,17.95,21.6,0.0,29.5,0.0,29.5,-0.03,-1,0.0,0,0,0.00,0.00,0.00,0.00,,0.0,1,0,355.00,AUTO,,AGGR+CHP+ADP+RUN-EXT+PW+DLK+SLC+TPE+NWS+,WAIT,60.0,6.37,0,-1,0.00,0.00,27210.25,27210.75,2,4048,4310,0,-0.4,-290.50,-330.50,-116.75,-411.50,117.25,G,2,UNKNOWN,BRICK_CLOSE,src=primary color=G streak=2 o=27195.00 c=27211.00 hi=27211.00 lo=27195.00
2026-04-30 10:38:16,2701,27211.25,27325.50,27202.27,27210.45,48.56,17.95,21.6,0.0,23.7,0.0,23.7,-0.03,-1,0.0,0,0,0.00,0.00,0.00,0.00,,0.0,1,0,355.00,AUTO,,AGGR+CHP+ADP+RUN-EXT+PW+DLK+SLC+TPE+NWS+,WAIT,60.0,6.37,0,-1,0.00,0.00,27210.25,27210.75,2,4048,4310,0,-0.4,-290.50,-330.50,-116.75,-411.50,117.25,G,2,UNKNOWN,SIGNAL,
2026-04-30 10:39:16,2702,27182.75,27324.85,27193.85,27205.60,36.47,18.77,22.7,0.0,23.7,0.0,23.7,-0.04,-1,0.0,0,0,0.00,0.00,0.00,0.00,,0.0,1,0,355.00,AUTO,,AGGR+CHP+ADP+RUN-EXT+PW+DLK+SLC+TPE+NWS+,WAIT,60.0,7.57,0,-1,0.00,0.00,27182.50,27183.25,3,5328,5782,-1,-0.2,-319.00,-359.00,-145.25,-440.00,88.75,R,1,UNKNOWN,BRICK_CLOSE,src=primary color=R streak=1 o=27199.00 c=27183.00 hi=27213.75 lo=27183.00
2026-04-30 10:39:16,2702,27182.75,27324.85,27193.85,27205.60,36.47,18.77,22.7,0.0,23.7,0.0,23.7,-0.04,-1,0.0,0,0,0.00,0.00,0.00,0.00,,0.0,1,0,355.00,AUTO,,AGGR+CHP+ADP+RUN-EXT+PW+DLK+SLC+TPE+NWS+,WAIT,60.0,7.57,0,-1,0.00,0.00,27182.50,27183.25,3,5328,5782,-1,-0.2,-319.00,-359.00,-145.25,-440.00,88.75,R,1,UNKNOWN,RUN_END,color=G len=2 pts=8.0 maxFav=20.0 durSec=80 startPx=27191.00 endPx=27183.00
2026-04-30 10:39:16,2702,27182.75,27324.85,27193.85,27205.60,36.47,18.77,22.7,0.0,115.5,0.0,115.5,-0.04,-1,0.0,0,0,0.00,0.00,0.00,0.00,,0.0,1,0,355.00,AUTO,,AGGR+CHP+ADP+RUN-EXT+PW+DLK+SLC+TPE+NWS+,WAIT,60.0,7.57,0,-1,0.00,0.00,27182.50,27183.25,3,5328,5782,-1,-0.2,-319.00,-359.00,-145.25,-440.00,88.75,R,1,UNKNOWN,SIGNAL,
2026-04-30 10:39:16,2702,27182.75,27324.85,27193.85,27205.60,36.47,18.77,22.7,0.0,115.5,0.0,115.5,-0.04,-1,0.0,0,0,0.00,0.00,0.00,0.00,,0.0,1,0,355.00,AUTO,,AGGR+CHP+ADP+RUN-EXT+PW+DLK+SLC+TPE+NWS+,SELL,60.0,7.57,0,-1,0.00,0.00,27182.50,27183.25,3,5328,5782,-1,-0.2,-319.00,-359.00,-145.25,-440.00,88.75,R,1,UNKNOWN,BLOCK_SL_CLUSTER,cooldown_remaining_sec=828
2026-04-30 10:39:19,2703,27178.75,27324.79,27190.23,27202.85,35.14,18.55,23.3,0.0,115.5,0.0,115.5,-0.05,-1,0.0,0,0,0.00,0.00,0.00,0.00,,0.0,1,0,355.00,AUTO,,AGGR+CHP+ADP+RUN-EXT+PW+DLK+SLC+TPE+NWS+,SELL,60.0,7.87,0,-1,0.00,0.00,27179.75,27180.25,2,5428,5940,-1,-0.8,-323.00,-363.00,-149.25,-444.00,84.75,R,2,UNKNOWN,BRICK_CLOSE,src=primary color=R streak=2 o=27195.00 c=27179.00 hi=27195.00 lo=27179.00
2026-04-30 10:39:19,2703,27178.75,27324.79,27190.23,27202.85,35.14,18.55,23.3,0.0,73.5,0.0,73.5,-0.05,-1,0.0,0,0,0.00,0.00,0.00,0.00,,0.0,1,0,355.00,AUTO,,AGGR+CHP+ADP+RUN-EXT+PW+DLK+SLC+TPE+NWS+,SELL,60.0,7.87,0,-1,0.00,0.00,27179.75,27180.25,2,5428,5940,-1,-0.8,-323.00,-363.00,-149.25,-444.00,84.75,R,2,UNKNOWN,SIGNAL,
2026-04-30 10:39:19,2703,27178.75,27324.79,27190.23,27202.85,35.14,18.55,23.3,0.0,73.5,0.0,73.5,-0.05,-1,0.0,0,0,0.00,0.00,0.00,0.00,,0.0,1,0,355.00,AUTO,,AGGR+CHP+ADP+RUN-EXT+PW+DLK+SLC+TPE+NWS+,SELL,60.0,7.87,0,-1,0.00,0.00,27179.75,27180.25,2,5428,5940,-1,-0.8,-323.00,-363.00,-149.25,-444.00,84.75,R,2,UNKNOWN,BLOCK_SL_CLUSTER,cooldown_remaining_sec=825
2026-04-30 10:39:24,2704,27174.75,27324.69,27186.53,27199.98,33.81,18.35,24.1,0.0,73.5,0.0,73.5,-0.06,-1,0.0,0,0,0.00,0.00,0.00,0.00,,0.0,1,0,355.00,AUTO,,AGGR+CHP+ADP+RUN-EXT+PW+DLK+SLC+TPE+NWS+,SELL,60.0,8.17,0,-1,0.00,0.00,27179.00,27179.50,2,5530,6196,-1,0.6,-327.00,-367.00,-153.25,-448.00,80.75,R,3,UNKNOWN,BRICK_CLOSE,src=primary color=R streak=3 o=27191.00 c=27175.00 hi=27191.00 lo=27175.00
2026-04-30 10:39:24,2704,27174.75,27324.69,27186.53,27199.98,33.81,18.35,24.1,0.0,73.5,0.0,73.5,-0.06,-1,0.0,0,0,0.00,0.00,0.00,0.00,,0.0,1,0,355.00,AUTO,,AGGR+CHP+ADP+RUN-EXT+PW+DLK+SLC+TPE+NWS+,SELL,60.0,8.17,0,-1,0.00,0.00,27179.00,27179.50,2,5530,6196,-1,0.6,-327.00,-367.00,-153.25,-448.00,80.75,R,3,TREND_DN,REGIME_CHANGE,from=UNKNOWN to=TREND_DN adx=24.1 slope=0.60 atr/avg=1.02 eStack=-1 distVwapAtr=-8.17 nr=Rx3 flips4=1
2026-04-30 10:39:24,2704,27174.75,27324.69,27186.53,27199.98,33.81,18.35,24.1,0.0,73.5,0.0,73.5,-0.06,-1,0.0,0,0,0.00,0.00,0.00,0.00,,0.0,1,0,355.00,AUTO,,AGGR+CHP+ADP+RUN-EXT+PW+DLK+SLC+TPE+NWS+,SELL,60.0,8.17,0,-1,0.00,0.00,27179.00,27179.50,2,5530,6196,-1,0.6,-327.00,-367.00,-153.25,-448.00,80.75,R,3,TREND_DN,SIGNAL,
2026-04-30 10:39:24,2704,27174.75,27324.69,27186.53,27199.98,33.81,18.35,24.1,0.0,73.5,0.0,73.5,-0.06,-1,0.0,0,0,0.00,0.00,0.00,0.00,,0.0,1,0,355.00,AUTO,,AGGR+CHP+ADP+RUN-EXT+PW+DLK+SLC+TPE+NWS+,SELL,60.0,8.17,0,-1,0.00,0.00,27179.00,27179.50,2,5530,6196,-1,0.6,-327.00,-367.00,-153.25,-448.00,80.75,R,3,TREND_DN,TREND_CHASE_FIRE,dir=-1 adx=24.1 streak=3 bear=73.5
2026-04-30 10:39:24,2704,27174.75,27324.69,27186.53,27199.98,33.81,18.35,24.1,0.0,73.5,0.0,73.5,-0.06,-1,0.0,0,0,0.00,0.00,0.00,0.00,,0.0,1,0,355.00,AUTO,,AGGR+CHP+ADP+RUN-EXT+PW+DLK+SLC+TPE+NWS+,SELL,60.0,8.17,0,-1,0.00,0.00,27179.00,27179.50,2,5530,6196,-1,0.6,-327.00,-367.00,-153.25,-448.00,80.75,R,3,TREND_DN,BLOCK_SL_CLUSTER,cooldown_remaining_sec=820
2026-04-30 10:40:07,2705,27204.00,27323.92,27194.55,27202.68,48.94,19.26,21.9,0.0,73.5,0.0,73.5,-0.03,-1,0.0,0,0,0.00,0.00,0.00,0.00,,0.0,1,0,355.00,AUTO,,AGGR+CHP+ADP+RUN-EXT+PW+DLK+SLC+TPE+NWS+,SELL,60.0,6.23,0,-1,0.00,0.00,27201.50,27202.25,3,7288,7730,0,-0.7,-297.75,-337.75,-124.00,-418.75,110.00,G,1,TREND_DN,BRICK_CLOSE,src=primary color=G streak=1 o=27187.00 c=27203.00 hi=27203.00 lo=27171.25
2026-04-30 10:40:07,2705,27204.00,27323.92,27194.55,27202.68,48.94,19.26,21.9,0.0,73.5,0.0,73.5,-0.03,-1,0.0,0,0,0.00,0.00,0.00,0.00,,0.0,1,0,355.00,AUTO,,AGGR+CHP+ADP+RUN-EXT+PW+DLK+SLC+TPE+NWS+,SELL,60.0,6.23,0,-1,0.00,0.00,27201.50,27202.25,3,7288,7730,0,-0.7,-297.75,-337.75,-124.00,-418.75,110.00,G,1,TREND_DN,RUN_END,color=R len=3 pts=4.0 maxFav=24.0 durSec=51 startPx=27199.00 endPx=27203.00
2026-04-30 10:40:07,2705,27204.00,27323.92,27194.55,27202.68,48.94,19.26,21.9,0.0,73.5,0.0,73.5,-0.03,-1,0.0,0,0,0.00,0.00,0.00,0.00,,0.0,1,0,355.00,AUTO,,AGGR+CHP+ADP+RUN-EXT+PW+DLK+SLC+TPE+NWS+,SELL,60.0,6.23,0,-1,0.00,0.00,27201.50,27202.25,3,7288,7730,0,-0.7,-297.75,-337.75,-124.00,-418.75,110.00,G,1,TREND_DN,HEARTBEAT,tradesToday=4 openDca=0
2026-04-30 10:40:07,2705,27204.00,27323.92,27194.55,27202.68,48.94,19.26,21.9,0.0,73.5,0.0,73.5,-0.03,-1,0.0,0,0,0.00,0.00,0.00,0.00,,0.0,1,0,355.00,AUTO,,AGGR+CHP+ADP+RUN-EXT+PW+DLK+SLC+TPE+NWS+,SELL,60.0,6.23,0,-1,0.00,0.00,27201.50,27202.25,3,7288,7730,0,-0.7,-297.75,-337.75,-124.00,-418.75,110.00,G,1,UNKNOWN,REGIME_CHANGE,from=TREND_DN to=UNKNOWN adx=21.9 slope=-0.66 atr/avg=1.06 eStack=0 distVwapAtr=-6.23 nr=Gx1 flips4=1
2026-04-30 10:40:07,2705,27204.00,27323.92,27194.55,27202.68,48.94,19.26,21.9,0.0,33.3,0.0,33.3,-0.03,-1,0.0,0,0,0.00,0.00,0.00,0.00,,0.0,1,0,355.00,AUTO,,AGGR+CHP+ADP+RUN-EXT+PW+DLK+SLC+TPE+NWS+,SELL,60.0,6.23,0,-1,0.00,0.00,27201.50,27202.25,3,7288,7730,0,-0.7,-297.75,-337.75,-124.00,-418.75,110.00,G,1,UNKNOWN,SIGNAL,
2026-04-30 10:40:07,2705,27204.00,27323.92,27194.55,27202.68,48.94,19.26,21.9,0.0,33.3,0.0,33.3,-0.03,-1,0.0,0,0,0.00,0.00,0.00,0.00,,0.0,1,0,355.00,AUTO,,AGGR+CHP+ADP+RUN-EXT+PW+DLK+SLC+TPE+NWS+,WAIT,60.0,6.23,0,-1,0.00,0.00,27201.50,27202.25,3,7288,7730,0,-0.7,-297.75,-337.75,-124.00,-418.75,110.00,G,1,UNKNOWN,SWEEP_BOOST,bull=True bear=False lookback=30
2026-04-30 10:40:07,2706,27207.25,27323.92,27197.57,27203.34,50.31,18.96,20.5,0.0,33.3,0.0,33.3,-0.03,-1,0.0,0,0,0.00,0.00,0.00,0.00,,0.0,1,0,355.00,AUTO,,AGGR+CHP+ADP+RUN-EXT+PW+DLK+SLC+TPE+NWS+,WAIT,60.0,6.15,0,-1,0.00,0.00,27201.50,27202.25,3,7314,7732,0,-2.1,-294.50,-334.50,-120.75,-415.50,113.25,G,2,UNKNOWN,BRICK_CLOSE,src=primary color=G streak=2 o=27191.00 c=27207.00 hi=27207.00 lo=27191.00
2026-04-30 10:40:07,2706,27207.25,27323.92,27197.57,27203.34,50.31,18.96,20.5,0.0,19.3,0.0,19.3,-0.03,-1,0.0,0,0,0.00,0.00,0.00,0.00,,0.0,1,0,355.00,AUTO,,AGGR+CHP+ADP+RUN-EXT+PW+DLK+SLC+TPE+NWS+,WAIT,60.0,6.15,0,-1,0.00,0.00,27201.50,27202.25,3,7314,7732,0,-2.1,-294.50,-334.50,-120.75,-415.50,113.25,G,2,UNKNOWN,SIGNAL,
2026-04-30 10:40:07,2707,27211.25,27323.90,27200.90,27204.37,52.02,18.73,18.8,0.0,19.3,0.0,19.3,-0.03,-1,0.0,0,0,0.00,0.00,0.00,0.00,,0.0,1,0,355.00,AUTO,,AGGR+CHP+ADP+RUN-EXT+PW+DLK+SLC+TPE+NWS+,WAIT,60.0,6.01,0,-1,0.00,0.00,27201.50,27202.25,3,7376,7764,0,-4.2,-290.50,-330.50,-116.75,-411.50,117.25,G,3,UNKNOWN,BRICK_CLOSE,src=primary color=G streak=3 o=27195.00 c=27211.00 hi=27211.00 lo=27195.00
2026-04-30 10:40:07,2707,27211.25,27323.90,27200.90,27204.37,52.02,18.73,18.8,0.0,18.0,0.0,18.0,-0.03,-1,0.0,0,0,0.00,0.00,0.00,0.00,,0.0,1,0,355.00,AUTO,,AGGR+CHP+ADP+RUN-EXT+PW+DLK+SLC+TPE+NWS+,WAIT,60.0,6.01,0,-1,0.00,0.00,27201.50,27202.25,3,7376,7764,0,-4.2,-290.50,-330.50,-116.75,-411.50,117.25,G,3,UNKNOWN,SIGNAL,
2026-04-30 10:41:25,2708,27215.25,27323.07,27204.37,27205.67,53.72,19.04,17.5,0.0,18.0,0.0,18.0,-0.02,-1,0.0,0,0,0.00,0.00,0.00,0.00,,0.0,1,0,355.00,AUTO,,AGGR+CHP+ADP+RUN-EXT+PW+DLK+SLC+TPE+NWS+,WAIT,60.0,5.66,0,-1,0.00,0.00,27216.00,27216.75,3,9428,9734,0,-6.1,-286.50,-326.50,-112.75,-407.50,121.25,G,4,UNKNOWN,BRICK_CLOSE,src=primary color=G streak=4 o=27199.00 c=27215.00 hi=27215.00 lo=27191.00
2026-04-30 10:41:25,2708,27215.25,27323.07,27204.37,27205.67,53.72,19.04,17.5,0.0,20.7,0.0,20.7,-0.02,-1,0.0,0,0,0.00,0.00,0.00,0.00,,0.0,1,0,355.00,AUTO,,AGGR+CHP+ADP+RUN-EXT+PW+DLK+SLC+TPE+NWS+,WAIT,60.0,5.66,0,-1,0.00,0.00,27216.00,27216.75,3,9428,9734,0,-6.1,-286.50,-326.50,-112.75,-407.50,121.25,G,4,UNKNOWN,SIGNAL,
2026-04-30 10:41:30,2709,27219.25,27322.99,27207.95,27207.22,55.43,18.81,16.8,0.0,20.7,0.0,20.7,-0.01,-1,0.0,0,0,0.00,0.00,0.00,0.00,,0.0,1,0,355.00,AUTO,,AGGR+CHP+ADP+RUN-EXT+PW+DLK+SLC+TPE+NWS+,WAIT,60.0,5.52,0,-1,0.00,0.00,27220.25,27221.00,3,9664,9944,1,-5.9,-282.50,-322.50,-108.75,-403.50,125.25,G,5,UNKNOWN,BRICK_CLOSE,src=primary color=G streak=5 o=27203.00 c=27219.00 hi=27219.00 lo=27203.00
2026-04-30 10:41:30,2709,27219.25,27322.98,27207.95,27207.22,55.43,18.81,16.8,57.5,8.0,57.5,8.0,-0.01,0,0.0,0,0,0.00,0.00,0.00,0.00,,0.0,1,0,355.00,AUTO,,AGGR+CHP+ADP+RUN-EXT+PW+DLK+SLC+TPE+NWS+,WAIT,60.0,5.52,0,-1,0.00,0.00,27220.25,27221.00,3,9664,9944,1,-5.9,-282.50,-322.50,-108.75,-403.50,125.25,G,5,UNKNOWN,SIGNAL,
2026-04-30 10:41:48,2710,27223.25,27322.79,27211.61,27208.98,57.14,18.59,16.7,57.5,8.0,57.5,8.0,-0.01,0,0.0,0,0,0.00,0.00,0.00,0.00,,0.0,1,0,355.00,AUTO,,AGGR+CHP+ADP+RUN-EXT+PW+DLK+SLC+TPE+NWS+,BUY,60.0,5.36,0,-1,0.00,0.00,27221.75,27222.25,2,10244,10404,1,-4.9,-278.50,-318.50,-104.75,-399.50,129.25,G,6,UNKNOWN,BRICK_CLOSE,src=primary color=G streak=6 o=27207.00 c=27223.00 hi=27223.00 lo=27207.00
2026-04-30 10:41:48,2710,27223.25,27322.79,27211.61,27208.98,57.14,18.59,16.7,77.3,8.0,77.3,8.0,-0.01,0,0.0,0,0,0.00,0.00,0.00,0.00,,0.0,1,0,355.00,AUTO,,AGGR+CHP+ADP+RUN-EXT+PW+DLK+SLC+TPE+NWS+,BUY,60.0,5.36,0,-1,0.00,0.00,27221.75,27222.25,2,10244,10404,1,-4.9,-278.50,-318.50,-104.75,-399.50,129.25,G,6,UNKNOWN,SIGNAL,
2026-04-30 10:41:48,2710,27223.25,27322.79,27211.61,27208.98,57.14,18.59,16.7,77.3,8.0,77.3,8.0,-0.01,0,0.0,0,0,0.00,0.00,0.00,0.00,,0.0,1,0,355.00,AUTO,,AGGR+CHP+ADP+RUN-EXT+PW+DLK+SLC+TPE+NWS+,STRONG_BUY,60.0,5.36,0,-1,0.00,0.00,27221.75,27222.25,2,10244,10404,1,-4.9,-278.50,-318.50,-104.75,-399.50,129.25,G,6,UNKNOWN,BLOCK_CHOP,ADX<18 falling 3b (16.7)
2026-04-30 10:41:57,2711,27227.25,27322.71,27215.34,27210.95,58.83,18.38,16.9,77.3,8.0,77.3,8.0,-0.01,0,0.0,0,0,0.00,0.00,0.00,0.00,,0.0,1,0,355.00,AUTO,,AGGR+CHP+ADP+RUN-EXT+PW+DLK+SLC+TPE+NWS+,STRONG_BUY,60.0,5.19,0,-1,0.00,0.00,27226.25,27227.00,3,10482,10634,1,-3.2,-274.50,-314.50,-100.75,-395.50,133.25,G,7,UNKNOWN,BRICK_CLOSE,src=primary color=G streak=7 o=27211.00 c=27227.00 hi=27227.00 lo=27211.00
2026-04-30 10:41:57,2711,27227.25,27322.71,27215.34,27210.95,58.83,18.38,16.9,47.5,8.0,47.5,8.0,-0.01,0,0.0,0,0,0.00,0.00,0.00,0.00,,0.0,1,0,355.00,AUTO,,AGGR+CHP+ADP+RUN-EXT+PW+DLK+SLC+TPE+NWS+,STRONG_BUY,60.0,5.19,0,-1,0.00,0.00,27226.25,27227.00,3,10482,10634,1,-3.2,-274.50,-314.50,-100.75,-395.50,133.25,G,7,UNKNOWN,SIGNAL,
2026-04-30 10:41:59,2712,27231.25,27322.67,27219.12,27213.11,60.52,18.20,17.5,47.5,8.0,47.5,8.0,0.00,0,0.0,0,0,0.00,0.00,0.00,0.00,,0.0,1,0,355.00,AUTO,,AGGR+CHP+ADP+RUN-EXT+PW+DLK+SLC+TPE+NWS+,WAIT,60.0,5.02,0,-1,0.00,0.00,27230.50,27231.25,3,10626,10716,1,-1.3,-270.50,-310.50,-96.75,-391.50,137.25,G,8,UNKNOWN,BRICK_CLOSE,src=primary color=G streak=8 o=27215.00 c=27231.00 hi=27231.00 lo=27215.00
2026-04-30 10:41:59,2712,27231.25,27322.67,27219.12,27213.11,60.52,18.20,17.5,50.0,8.0,50.0,8.0,0.00,0,0.0,0,0,0.00,0.00,0.00,0.00,,0.0,1,0,355.00,AUTO,,AGGR+CHP+ADP+RUN-EXT+PW+DLK+SLC+TPE+NWS+,WAIT,60.0,5.02,0,-1,0.00,0.00,27230.50,27231.25,3,10626,10716,1,-1.3,-270.50,-310.50,-96.75,-391.50,137.25,G,8,UNKNOWN,SIGNAL,
2026-04-30 10:42:02,2713,27235.25,27322.63,27222.95,27215.43,62.18,18.02,18.3,50.0,8.0,50.0,8.0,0.00,0,0.0,0,0,0.00,0.00,0.00,0.00,,0.0,1,0,355.00,AUTO,,AGGR+CHP+ADP+RUN-EXT+PW+DLK+SLC+TPE+NWS+,WAIT,60.0,4.85,0,-1,0.00,0.00,27235.00,27235.75,3,10766,10840,1,0.6,-266.50,-306.50,-92.75,-387.50,141.25,G,9,UNKNOWN,BRICK_CLOSE,src=primary color=G streak=9 o=27219.00 c=27235.00 hi=27235.00 lo=27219.00
2026-04-30 10:42:02,2713,27235.25,27322.63,27222.95,27215.43,62.18,18.02,18.3,35.0,8.0,35.0,8.0,0.00,0,0.0,0,0,0.00,0.00,0.00,0.00,,0.0,1,0,355.00,AUTO,,AGGR+CHP+ADP+RUN-EXT+PW+DLK+SLC+TPE+NWS+,WAIT,60.0,4.85,0,-1,0.00,0.00,27235.00,27235.75,3,10766,10840,1,0.6,-266.50,-306.50,-92.75,-387.50,141.25,G,9,UNKNOWN,SIGNAL,
2026-04-30 10:43:03,2714,27239.50,27322.18,27226.86,27217.93,63.93,17.94,19.4,35.0,8.0,35.0,8.0,0.00,0,0.0,0,0,0.00,0.00,0.00,0.00,,0.0,1,0,355.00,AUTO,,AGGR+CHP+ADP+RUN-EXT+PW+DLK+SLC+TPE+NWS+,WAIT,60.0,4.61,0,-1,0.00,0.00,27238.75,27239.25,2,12306,12196,1,2.2,-262.25,-302.25,-88.50,-383.25,145.50,G,10,UNKNOWN,BRICK_CLOSE,src=primary color=G streak=10 o=27223.00 c=27239.00 hi=27239.00 lo=27222.00
2026-04-30 10:43:03,2714,27239.50,27322.18,27226.86,27217.93,63.93,17.94,19.4,52.3,8.0,52.3,8.0,0.00,0,0.0,0,0,0.00,0.00,0.00,0.00,,0.0,1,0,355.00,AUTO,,AGGR+CHP+ADP+RUN-EXT+PW+DLK+SLC+TPE+NWS+,WAIT,60.0,4.61,0,-1,0.00,0.00,27238.75,27239.25,2,12306,12196,1,2.2,-262.25,-302.25,-88.50,-383.25,145.50,G,10,UNKNOWN,SIGNAL,
2026-04-30 10:43:07,2715,27243.25,27322.15,27230.70,27220.52,65.44,17.77,20.7,52.3,8.0,52.3,8.0,0.01,0,0.0,0,0,0.00,0.00,0.00,0.00,,0.0,1,0,355.00,AUTO,,AGGR+CHP+ADP+RUN-EXT+PW+DLK+SLC+TPE+NWS+,WAIT,60.0,4.44,0,-1,0.00,0.00,27241.25,27242.00,3,12404,12266,1,3.6,-258.50,-298.50,-84.75,-379.50,149.25,G,11,UNKNOWN,BRICK_CLOSE,src=primary color=G streak=11 o=27227.00 c=27243.00 hi=27243.00 lo=27227.00
2026-04-30 10:43:07,2715,27243.25,27322.15,27230.70,27220.52,65.44,17.77,20.7,35.0,8.0,35.0,8.0,0.01,0,0.0,0,0,0.00,0.00,0.00,0.00,,0.0,1,0,355.00,AUTO,,AGGR+CHP+ADP+RUN-EXT+PW+DLK+SLC+TPE+NWS+,WAIT,60.0,4.44,0,-1,0.00,0.00,27241.25,27242.00,3,12404,12266,1,3.6,-258.50,-298.50,-84.75,-379.50,149.25,G,11,UNKNOWN,SIGNAL,
2026-04-30 10:43:29,2716,27247.25,27322.00,27234.61,27223.26,67.03,17.62,22.2,35.0,8.0,35.0,8.0,0.01,0,0.0,0,0,0.00,0.00,0.00,0.00,,0.0,1,0,355.00,AUTO,,AGGR+CHP+ADP+RUN-EXT+PW+DLK+SLC+TPE+NWS+,WAIT,60.0,4.24,0,-1,0.00,0.00,27247.00,27247.75,3,12986,12796,1,4.9,-254.50,-294.50,-80.75,-375.50,153.25,G,12,UNKNOWN,BRICK_CLOSE,src=primary color=G streak=12 o=27231.00 c=27247.00 hi=27247.00 lo=27231.00
2026-04-30 10:43:29,2716,27247.25,27322.00,27234.61,27223.26,67.03,17.62,22.2,45.5,8.0,45.5,8.0,0.01,0,0.0,0,0,0.00,0.00,0.00,0.00,,0.0,1,0,355.00,AUTO,,AGGR+CHP+ADP+RUN-EXT+PW+DLK+SLC+TPE+NWS+,WAIT,60.0,4.24,0,-1,0.00,0.00,27247.00,27247.75,3,12986,12796,1,4.9,-254.50,-294.50,-80.75,-375.50,153.25,G,12,UNKNOWN,SIGNAL,
2026-04-30 10:43:44,2717,27251.25,27321.90,27238.53,27226.12,68.58,17.49,23.8,45.5,8.0,45.5,8.0,0.01,0,0.0,0,0,0.00,0.00,0.00,0.00,,0.0,1,0,355.00,AUTO,,AGGR+CHP+ADP+RUN-EXT+PW+DLK+SLC+TPE+NWS+,WAIT,60.0,4.04,0,-1,0.00,0.00,27247.50,27248.25,3,13408,13144,1,6.0,-250.50,-290.50,-76.75,-371.50,157.25,G,13,UNKNOWN,BRICK_CLOSE,src=primary color=G streak=13 o=27235.00 c=27251.00 hi=27251.00 lo=27235.00
2026-04-30 10:43:44,2717,27251.25,27321.90,27238.53,27226.12,68.58,17.49,23.8,45.5,8.0,45.5,8.0,0.01,0,0.0,0,0,0.00,0.00,0.00,0.00,,0.0,1,0,355.00,AUTO,,AGGR+CHP+ADP+RUN-EXT+PW+DLK+SLC+TPE+NWS+,WAIT,60.0,4.04,0,-1,0.00,0.00,27247.50,27248.25,3,13408,13144,1,6.0,-250.50,-290.50,-76.75,-371.50,157.25,G,13,UNKNOWN,SIGNAL,
2026-04-30 10:44:32,2718,27255.25,27321.62,27242.48,27229.07,70.10,17.69,25.6,45.5,8.0,45.5,8.0,0.01,0,0.0,0,0,0.00,0.00,0.00,0.00,,0.0,1,0,355.00,AUTO,,AGGR+CHP+ADP+RUN-EXT+PW+DLK+SLC+TPE+NWS+,WAIT,60.0,3.75,0,-1,0.00,0.00,27254.50,27255.25,3,14464,14288,1,7.0,-246.50,-286.50,-72.75,-367.50,161.25,G,14,UNKNOWN,BRICK_CLOSE,src=primary color=G streak=14 o=27239.00 c=27255.00 hi=27255.00 lo=27234.00
2026-04-30 10:44:32,2718,27255.25,27321.61,27242.48,27229.07,70.10,17.69,25.6,45.5,8.0,45.5,8.0,0.01,0,0.0,0,0,0.00,0.00,0.00,0.00,,0.0,1,0,355.00,AUTO,,AGGR+CHP+ADP+RUN-EXT+PW+DLK+SLC+TPE+NWS+,WAIT,60.0,3.75,0,-1,0.00,0.00,27254.50,27255.25,3,14464,14288,1,7.0,-246.50,-286.50,-72.75,-367.50,161.25,G,14,UNKNOWN,SIGNAL,
2026-04-30 10:45:08,2719,27259.25,27321.44,27246.43,27232.13,71.58,17.55,27.4,45.5,8.0,45.5,8.0,0.01,0,0.0,0,0,0.00,0.00,0.00,0.00,,0.0,1,0,355.00,AUTO,,AGGR+CHP+ADP+RUN-EXT+PW+DLK+SLC+TPE+NWS+,WAIT,60.0,3.54,0,-1,0.00,0.00,27261.50,27262.00,2,15214,14990,1,7.8,-242.50,-282.50,-68.75,-363.50,165.25,G,15,UNKNOWN,BRICK_CLOSE,src=primary color=G streak=15 o=27243.00 c=27259.00 hi=27259.00 lo=27243.00
2026-04-30 10:45:08,2719,27259.25,27321.44,27246.43,27232.13,71.58,17.55,27.4,45.5,8.0,45.5,8.0,0.01,0,0.0,0,0,0.00,0.00,0.00,0.00,,0.0,1,0,355.00,AUTO,,AGGR+CHP+ADP+RUN-EXT+PW+DLK+SLC+TPE+NWS+,WAIT,60.0,3.54,0,-1,0.00,0.00,27261.50,27262.00,2,15214,14990,1,7.8,-242.50,-282.50,-68.75,-363.50,165.25,G,15,UNKNOWN,SIGNAL,
2026-04-30 10:45:53,2720,27263.25,27321.26,27250.40,27235.27,73.01,17.42,29.4,45.5,8.0,45.5,8.0,0.01,0,0.0,0,0,0.00,0.00,0.00,0.00,,0.0,1,0,355.00,AUTO,,AGGR+CHP+ADP+RUN-EXT+PW+DLK+SLC+TPE+NWS+,WAIT,60.0,3.33,0,-1,0.00,0.00,27265.75,27266.50,3,16056,15826,1,8.4,-238.50,-278.50,-64.75,-359.50,169.25,G,16,UNKNOWN,BRICK_CLOSE,src=primary color=G streak=16 o=27247.00 c=27263.00 hi=27263.00 lo=27247.00
2026-04-30 10:45:53,2720,27263.25,27321.26,27250.40,27235.27,73.01,17.42,29.4,45.5,8.0,45.5,8.0,0.01,0,0.0,0,0,0.00,0.00,0.00,0.00,,0.0,1,0,355.00,AUTO,,AGGR+CHP+ADP+RUN-EXT+PW+DLK+SLC+TPE+NWS+,WAIT,60.0,3.33,0,-1,0.00,0.00,27265.75,27266.50,3,16056,15826,1,8.4,-238.50,-278.50,-64.75,-359.50,169.25,G,16,UNKNOWN,SIGNAL,
2026-04-30 10:46:05,2721,27267.25,27321.18,27254.37,27238.48,74.41,17.30,31.4,45.5,8.0,45.5,8.0,0.01,0,0.0,0,0,0.00,0.00,0.00,0.00,,0.0,1,0,355.00,AUTO,,AGGR+CHP+ADP+RUN-EXT+PW+DLK+SLC+TPE+NWS+,WAIT,60.0,3.12,0,-1,0.00,0.00,27266.50,27267.25,3,16534,16180,1,9.0,-234.50,-274.50,-60.75,-355.50,173.25,G,17,UNKNOWN,BRICK_CLOSE,src=primary color=G streak=17 o=27251.00 c=27267.00 hi=27267.00 lo=27251.00
2026-04-30 10:46:05,2721,27267.25,27321.18,27254.37,27238.48,74.41,17.30,31.4,45.5,8.0,45.5,8.0,0.01,0,0.0,0,0,0.00,0.00,0.00,0.00,,0.0,1,0,355.00,AUTO,,AGGR+CHP+ADP+RUN-EXT+PW+DLK+SLC+TPE+NWS+,WAIT,60.0,3.12,0,-1,0.00,0.00,27266.50,27267.25,3,16534,16180,1,9.0,-234.50,-274.50,-60.75,-355.50,173.25,G,17,UNKNOWN,SIGNAL,
2026-04-30 10:46:06,2722,27271.25,27321.16,27258.34,27241.77,75.75,17.19,33.5,45.5,8.0,45.5,8.0,0.01,0,0.0,0,0,0.00,0.00,0.00,0.00,,0.0,1,0,355.00,AUTO,,AGGR+CHP+ADP+RUN-EXT+PW+DLK+SLC+TPE+NWS+,WAIT,60.0,2.90,0,-1,0.00,0.00,27270.75,27271.25,2,16650,16216,1,9.5,-230.50,-270.50,-56.75,-351.50,177.25,G,18,UNKNOWN,BRICK_CLOSE,src=primary color=G streak=18 o=27255.00 c=27271.00 hi=27271.00 lo=27255.00
2026-04-30 10:46:06,2722,27271.25,27321.16,27258.34,27241.77,75.75,17.19,33.5,35.0,8.0,35.0,8.0,0.01,0,0.0,0,0,0.00,0.00,0.00,0.00,,0.0,1,0,355.00,AUTO,,AGGR+CHP+ADP+RUN-EXT+PW+DLK+SLC+TPE+NWS+,WAIT,60.0,2.90,0,-1,0.00,0.00,27270.75,27271.25,2,16650,16216,1,9.5,-230.50,-270.50,-56.75,-351.50,177.25,G,18,UNKNOWN,SIGNAL,
2026-04-30 10:46:22,2723,27275.25,27321.07,27262.32,27245.13,77.05,17.09,35.6,35.0,8.0,35.0,8.0,0.03,0,0.0,0,0,0.00,0.00,0.00,0.00,,0.0,1,0,355.00,AUTO,,AGGR+CHP+ADP+RUN-EXT+PW+DLK+SLC+TPE+NWS+,WAIT,60.0,2.68,0,-1,0.00,0.00,27277.50,27278.25,3,322,304,1,9.8,-226.50,-266.50,-52.75,-347.50,181.25,G,19,UNKNOWN,BRICK_CLOSE,src=primary color=G streak=19 o=27259.00 c=27275.00 hi=27275.00 lo=27259.00
2026-04-30 10:46:22,2723,27275.25,27321.07,27262.32,27245.13,77.05,17.09,35.6,45.5,8.0,45.5,8.0,0.03,0,0.0,0,0,0.00,0.00,0.00,0.00,,0.0,1,0,355.00,AUTO,,AGGR+CHP+ADP+RUN-EXT+PW+DLK+SLC+TPE+NWS+,WAIT,60.0,2.68,0,-1,0.00,0.00,27277.50,27278.25,3,322,304,1,9.8,-226.50,-266.50,-52.75,-347.50,181.25,G,19,UNKNOWN,SIGNAL,
2026-04-30 10:46:22,2724,27279.25,27321.06,27266.31,27248.54,78.31,16.99,37.8,45.5,8.0,45.5,8.0,0.15,0,0.0,0,0,0.00,0.00,0.00,0.00,,0.0,1,0,355.00,AUTO,,AGGR+CHP+ADP+RUN-EXT+PW+DLK+SLC+TPE+NWS+,WAIT,60.0,2.46,0,-1,0.00,0.00,27277.50,27278.25,3,416,310,1,10.1,-222.50,-262.50,-48.75,-343.50,185.25,G,20,UNKNOWN,BRICK_CLOSE,src=primary color=G streak=20 o=27263.00 c=27279.00 hi=27279.00 lo=27263.00
2026-04-30 10:46:22,2724,27279.25,27321.06,27266.31,27248.54,78.31,16.99,37.8,35.0,8.0,35.0,8.0,0.15,0,0.0,0,0,0.00,0.00,0.00,0.00,,0.0,1,0,355.00,AUTO,,AGGR+CHP+ADP+RUN-EXT+PW+DLK+SLC+TPE+NWS+,WAIT,60.0,2.46,0,-1,0.00,0.00,27277.50,27278.25,3,416,310,1,10.1,-222.50,-262.50,-48.75,-343.50,185.25,G,20,UNKNOWN,SIGNAL,
2026-04-30 10:46:36,2725,27283.25,27321.00,27270.30,27252.00,79.51,16.90,39.9,35.0,8.0,35.0,8.0,0.09,0,0.0,0,0,0.00,0.00,0.00,0.00,,0.0,1,0,355.00,AUTO,,AGGR+CHP+ADP+RUN-EXT+PW+DLK+SLC+TPE+NWS+,WAIT,60.0,2.23,0,-1,0.00,0.00,27282.25,27282.75,2,874,730,1,10.3,-218.50,-258.50,-44.75,-339.50,189.25,G,21,UNKNOWN,BRICK_CLOSE,src=primary color=G streak=21 o=27267.00 c=27283.00 hi=27283.00 lo=27267.00
2026-04-30 10:46:36,2725,27283.25,27321.00,27270.30,27252.00,79.51,16.90,39.9,45.5,8.0,45.5,8.0,0.09,0,0.0,0,0,0.00,0.00,0.00,0.00,,0.0,1,0,355.00,AUTO,,AGGR+CHP+ADP+RUN-EXT+PW+DLK+SLC+TPE+NWS+,WAIT,60.0,2.23,0,-1,0.00,0.00,27282.25,27282.75,2,874,730,1,10.3,-218.50,-258.50,-44.75,-339.50,189.25,G,21,UNKNOWN,SIGNAL,
2026-04-30 10:46:42,2726,27287.50,27320.97,27274.34,27255.54,80.74,16.83,42.1,45.5,8.0,45.5,8.0,0.15,0,0.0,0,0,0.00,0.00,0.00,0.00,,0.0,1,0,355.00,AUTO,,AGGR+CHP+ADP+RUN-EXT+PW+DLK+SLC+TPE+NWS+,WAIT,60.0,1.99,0,-1,0.00,0.00,27286.75,27287.50,3,1180,868,1,10.4,-214.25,-254.25,-40.50,-335.25,193.50,G,22,UNKNOWN,BRICK_CLOSE,src=primary color=G streak=22 o=27271.00 c=27287.00 hi=27287.00 lo=27271.00
2026-04-30 10:46:42,2726,27287.50,27320.97,27274.34,27255.54,80.74,16.83,42.1,35.0,8.0,35.0,8.0,0.15,0,0.0,0,0,0.00,0.00,0.00,0.00,,0.0,1,0,355.00,AUTO,,AGGR+CHP+ADP+RUN-EXT+PW+DLK+SLC+TPE+NWS+,WAIT,60.0,1.99,0,-1,0.00,0.00,27286.75,27287.50,3,1180,868,1,10.4,-214.25,-254.25,-40.50,-335.25,193.50,G,22,UNKNOWN,SIGNAL,
2026-04-30 10:46:45,2727,27291.25,27320.95,27278.28,27259.08,81.78,16.74,44.2,35.0,8.0,35.0,8.0,0.15,0,0.0,0,0,0.00,0.00,0.00,0.00,,0.0,1,0,355.00,AUTO,,AGGR+CHP+ADP+RUN-EXT+PW+DLK+SLC+TPE+NWS+,WAIT,60.0,1.77,0,-1,0.00,0.00,27290.50,27291.00,2,1360,1000,1,10.5,-210.50,-250.50,-36.75,-331.50,197.25,G,23,UNKNOWN,BRICK_CLOSE,src=primary color=G streak=23 o=27275.00 c=27291.00 hi=27291.00 lo=27275.00
2026-04-30 10:46:45,2727,27291.25,27320.95,27278.28,27259.08,81.78,16.74,44.2,35.0,8.0,35.0,8.0,0.15,0,0.0,0,0,0.00,0.00,0.00,0.00,,0.0,1,0,355.00,AUTO,,AGGR+CHP+ADP+RUN-EXT+PW+DLK+SLC+TPE+NWS+,WAIT,60.0,1.77,0,-1,0.00,0.00,27290.50,27291.00,2,1360,1000,1,10.5,-210.50,-250.50,-36.75,-331.50,197.25,G,23,UNKNOWN,SIGNAL,
2026-04-30 10:47:04,2728,27295.25,27320.89,27282.27,27262.67,82.84,16.67,46.3,35.0,8.0,35.0,8.0,0.09,0,0.0,0,0,0.00,0.00,0.00,0.00,,0.0,1,0,355.00,AUTO,,AGGR+CHP+ADP+RUN-EXT+PW+DLK+SLC+TPE+NWS+,WAIT,60.0,1.54,0,-1,0.00,0.00,27294.50,27295.25,3,1900,1590,1,10.5,-206.50,-246.50,-32.75,-327.50,201.25,G,24,UNKNOWN,BRICK_CLOSE,src=primary color=G streak=24 o=27279.00 c=27295.00 hi=27295.00 lo=27279.00
2026-04-30 10:47:04,2728,27295.25,27320.89,27282.27,27262.67,82.84,16.67,46.3,45.5,8.0,45.5,8.0,0.09,0,0.0,0,0,0.00,0.00,0.00,0.00,,0.0,1,0,355.00,AUTO,,AGGR+CHP+ADP+RUN-EXT+PW+DLK+SLC+TPE+NWS+,WAIT,60.0,1.54,0,-1,0.00,0.00,27294.50,27295.25,3,1900,1590,1,10.5,-206.50,-246.50,-32.75,-327.50,201.25,G,24,UNKNOWN,SIGNAL,
2026-04-30 10:48:07,2729,27299.25,27320.69,27286.27,27266.31,83.85,16.88,48.4,45.5,8.0,45.5,8.0,0.05,0,0.0,0,0,0.00,0.00,0.00,0.00,,0.0,1,0,355.00,AUTO,,AGGR+CHP+ADP+RUN-EXT+PW+DLK+SLC+TPE+NWS+,WAIT,60.0,1.27,0,-1,0.00,0.00,27297.50,27298.50,4,3892,3556,1,10.5,-202.50,-242.50,-28.75,-323.50,205.25,G,25,UNKNOWN,BRICK_CLOSE,src=primary color=G streak=25 o=27283.00 c=27299.00 hi=27299.00 lo=27278.75
2026-04-30 10:48:07,2729,27299.25,27320.69,27286.27,27266.31,83.85,16.88,48.4,52.3,8.0,52.3,8.0,0.05,0,0.0,0,0,0.00,0.00,0.00,0.00,,0.0,1,0,355.00,AUTO,,AGGR+CHP+ADP+RUN-EXT+PW+DLK+SLC+TPE+NWS+,WAIT,60.0,1.27,0,-1,0.00,0.00,27297.50,27298.50,4,3892,3556,1,10.5,-202.50,-242.50,-28.75,-323.50,205.25,G,25,UNKNOWN,SIGNAL,
2026-04-30 10:51:47,2730,27303.25,27320.30,27290.27,27269.98,84.81,17.73,48.0,52.3,8.0,52.3,8.0,0.04,0,0.0,0,0,0.00,0.00,0.00,0.00,,0.0,1,0,355.00,AUTO,,AGGR+CHP+ADP+RUN-EXT+PW+DLK+SLC+TPE+NWS+,WAIT,60.0,0.96,0,-1,0.00,0.00,27303.75,27304.25,2,8258,7684,1,7.9,-198.50,-238.50,-24.75,-319.50,209.25,G,26,UNKNOWN,BRICK_CLOSE,src=primary color=G streak=26 o=27287.00 c=27303.00 hi=27303.00 lo=27273.00
2026-04-30 10:51:47,2730,27303.25,27320.30,27290.27,27269.98,84.81,17.73,48.0,52.3,8.0,52.3,8.0,0.04,0,0.0,0,0,0.00,0.00,0.00,0.00,,0.0,1,0,355.00,AUTO,,AGGR+CHP+ADP+RUN-EXT+PW+DLK+SLC+TPE+NWS+,WAIT,60.0,0.96,0,-1,0.00,0.00,27303.75,27304.25,2,8258,7684,1,7.9,-198.50,-238.50,-24.75,-319.50,209.25,G,26,UNKNOWN,HEARTBEAT,tradesToday=4 openDca=0
2026-04-30 10:51:47,2730,27303.25,27320.30,27290.27,27269.98,84.81,17.73,48.0,52.3,8.0,52.3,8.0,0.04,0,0.0,0,0,0.00,0.00,0.00,0.00,,0.0,1,0,355.00,AUTO,,AGGR+CHP+ADP+RUN-EXT+PW+DLK+SLC+TPE+NWS+,WAIT,60.0,0.96,0,-1,0.00,0.00,27303.75,27304.25,2,8258,7684,1,7.9,-198.50,-238.50,-24.75,-319.50,209.25,G,26,UNKNOWN,SIGNAL,
2026-04-30 10:51:52,2731,27307.25,27320.29,27294.26,27273.68,85.73,17.59,49.0,52.3,8.0,52.3,8.0,0.04,0,0.0,0,0,0.00,0.00,0.00,0.00,,0.0,1,0,355.00,AUTO,,AGGR+CHP+ADP+RUN-EXT+PW+DLK+SLC+TPE+NWS+,WAIT,60.0,0.74,0,-1,0.00,0.00,27315.75,27316.25,2,8506,7802,1,6.8,-194.50,-234.50,-20.75,-315.50,213.25,G,27,UNKNOWN,BRICK_CLOSE,src=primary color=G streak=27 o=27291.00 c=27307.00 hi=27307.00 lo=27291.00
2026-04-30 10:51:52,2731,27307.25,27320.29,27294.26,27273.68,85.73,17.59,49.0,35.0,8.0,35.0,8.0,0.04,0,0.0,0,0,0.00,0.00,0.00,0.00,,0.0,1,0,355.00,AUTO,,AGGR+CHP+ADP+RUN-EXT+PW+DLK+SLC+TPE+NWS+,WAIT,60.0,0.74,0,-1,0.00,0.00,27315.75,27316.25,2,8506,7802,1,6.8,-194.50,-234.50,-20.75,-315.50,213.25,G,27,UNKNOWN,SIGNAL,
2026-04-30 10:51:52,2732,27311.25,27320.29,27298.26,27277.40,86.60,17.45,50.2,35.0,8.0,35.0,8.0,0.05,0,0.0,0,0,0.00,0.00,0.00,0.00,,0.0,1,0,355.00,AUTO,,AGGR+CHP+ADP+RUN-EXT+PW+DLK+SLC+TPE+NWS+,WAIT,60.0,0.52,0,-1,0.00,0.00,27315.75,27316.25,2,8650,7824,1,5.9,-190.50,-230.50,-16.75,-311.50,217.25,G,28,UNKNOWN,BRICK_CLOSE,src=primary color=G streak=28 o=27295.00 c=27311.00 hi=27311.00 lo=27295.00
2026-04-30 10:51:52,2732,27311.25,27320.29,27298.26,27277.40,86.60,17.45,50.2,35.0,8.0,35.0,8.0,0.05,0,0.0,0,0,0.00,0.00,0.00,0.00,,0.0,1,0,355.00,AUTO,,AGGR+CHP+ADP+RUN-EXT+PW+DLK+SLC+TPE+NWS+,WAIT,60.0,0.52,0,-1,0.00,0.00,27315.75,27316.25,2,8650,7824,1,5.9,-190.50,-230.50,-16.75,-311.50,217.25,G,28,UNKNOWN,SIGNAL,
2026-04-30 10:51:52,2733,27315.25,27320.28,27302.26,27281.15,87.43,17.33,51.5,35.0,8.0,35.0,8.0,0.06,0,0.0,0,0,0.00,0.00,0.00,0.00,,0.0,1,0,355.00,AUTO,,AGGR+CHP+ADP+RUN-EXT+PW+DLK+SLC+TPE+NWS+,WAIT,60.0,0.29,0,-1,0.00,0.00,27315.75,27316.25,2,8866,7850,1,5.0,-186.50,-226.50,-12.75,-307.50,221.25,G,29,UNKNOWN,BRICK_CLOSE,src=primary color=G streak=29 o=27299.00 c=27315.00 hi=27315.00 lo=27299.00
2026-04-30 10:51:52,2733,27315.25,27320.28,27302.26,27281.15,87.43,17.33,51.5,35.0,8.0,35.0,8.0,0.06,0,0.0,0,0,0.00,0.00,0.00,0.00,,0.0,1,0,355.00,AUTO,,AGGR+CHP+ADP+RUN-EXT+PW+DLK+SLC+TPE+NWS+,WAIT,60.0,0.29,0,-1,0.00,0.00,27315.75,27316.25,2,8866,7850,1,5.0,-186.50,-226.50,-12.75,-307.50,221.25,G,29,UNKNOWN,SIGNAL,
2026-04-30 10:51:54,2734,27319.25,27320.27,27306.26,27284.93,88.21,17.22,52.8,35.0,8.0,35.0,8.0,0.07,0,0.0,0,0,0.00,0.00,0.00,0.00,,0.0,1,0,355.00,AUTO,,AGGR+CHP+ADP+RUN-EXT+PW+DLK+SLC+TPE+NWS+,WAIT,60.0,0.06,0,-1,0.00,0.00,27319.00,27319.75,3,9322,8114,1,5.5,-182.50,-222.50,-8.75,-303.50,225.25,G,30,UNKNOWN,BRICK_CLOSE,src=primary color=G streak=30 o=27303.00 c=27319.00 hi=27319.00 lo=27303.00
2026-04-30 10:51:54,2734,27319.25,27320.27,27306.26,27284.93,88.21,17.22,52.8,45.5,8.0,45.5,8.0,0.07,0,0.0,0,0,0.00,0.00,0.00,0.00,,0.0,1,0,355.00,AUTO,,AGGR+CHP+ADP+RUN-EXT+PW+DLK+SLC+TPE+NWS+,WAIT,60.0,0.06,0,-1,0.00,0.00,27319.00,27319.75,3,9322,8114,1,5.5,-182.50,-222.50,-8.75,-303.50,225.25,G,30,UNKNOWN,SIGNAL,
2026-04-30 10:51:55,2735,27323.25,27320.27,27310.26,27288.72,88.95,17.11,54.1,45.5,8.0,45.5,8.0,0.07,0,0.0,0,0,0.00,0.00,0.00,0.00,,0.0,1,0,355.00,AUTO,,AGGR+CHP+ADP+RUN-EXT+PW+DLK+SLC+TPE+NWS+,WAIT,60.0,0.17,0,-1,0.00,0.00,27321.75,27322.25,2,9496,8186,1,6.0,-178.50,-218.50,-4.75,-299.50,229.25,G,31,UNKNOWN,BRICK_CLOSE,src=primary color=G streak=31 o=27307.00 c=27323.00 hi=27323.00 lo=27307.00
2026-04-30 10:51:55,2735,27323.25,27320.27,27310.26,27288.72,88.95,17.11,54.1,42.5,8.0,42.5,8.0,0.07,0,0.0,0,0,0.00,0.00,0.00,0.00,,0.0,1,0,355.00,AUTO,,AGGR+CHP+ADP+RUN-EXT+PW+DLK+SLC+TPE+NWS+,WAIT,60.0,0.17,0,-1,0.00,0.00,27321.75,27322.25,2,9496,8186,1,6.0,-178.50,-218.50,-4.75,-299.50,229.25,G,31,UNKNOWN,SIGNAL,
2026-04-30 10:52:01,2736,27327.50,27320.28,27314.30,27292.55,89.70,17.03,55.6,42.5,8.0,42.5,8.0,0.06,0,0.0,0,0,0.00,0.00,0.00,0.00,,0.0,1,0,355.00,AUTO,,AGGR+CHP+ADP+RUN-EXT+PW+DLK+SLC+TPE+NWS+,WAIT,60.0,0.42,0,-1,0.00,0.00,27326.00,27326.75,3,10052,8834,1,6.3,-174.25,-214.25,-0.50,-295.25,233.50,G,32,UNKNOWN,BRICK_CLOSE,src=primary color=G streak=32 o=27311.00 c=27327.00 hi=27327.00 lo=27311.00
2026-04-30 10:52:01,2736,27327.50,27320.28,27314.30,27292.55,89.70,17.03,55.6,55.3,8.0,55.3,8.0,0.06,0,0.0,0,0,0.00,0.00,0.00,0.00,,0.0,1,0,355.00,AUTO,,AGGR+CHP+ADP+RUN-EXT+PW+DLK+SLC+TPE+NWS+,WAIT,60.0,0.42,0,-1,0.00,0.00,27326.00,27326.75,3,10052,8834,1,6.3,-174.25,-214.25,-0.50,-295.25,233.50,G,32,UNKNOWN,SIGNAL,
2026-04-30 10:52:50,2737,27331.25,27320.31,27318.25,27296.36,90.31,16.92,57.0,55.3,8.0,55.3,8.0,0.05,0,0.0,0,0,0.00,0.00,0.00,0.00,,0.0,1,0,355.00,AUTO,,AGGR+CHP+ADP+RUN-EXT+PW+DLK+SLC+TPE+NWS+,BUY,60.0,0.65,0,-1,0.00,0.00,27335.25,27336.00,3,11794,10704,1,6.6,-170.50,-210.50,3.25,-291.50,237.25,G,33,UNKNOWN,BRICK_CLOSE,src=primary color=G streak=33 o=27315.00 c=27331.00 hi=27331.00 lo=27315.00
2026-04-30 10:52:50,2737,27331.25,27320.31,27318.25,27296.36,90.31,16.92,57.0,55.3,8.0,55.3,8.0,0.05,0,0.0,0,0,0.00,0.00,0.00,0.00,,0.0,1,0,355.00,AUTO,,AGGR+CHP+ADP+RUN-EXT+PW+DLK+SLC+TPE+NWS+,BUY,60.0,0.65,0,-1,0.00,0.00,27335.25,27336.00,3,11794,10704,1,6.6,-170.50,-210.50,3.25,-291.50,237.25,G,33,TREND_UP,REGIME_CHANGE,from=UNKNOWN to=TREND_UP adx=57.0 slope=6.60 atr/avg=0.97 eStack=1 distVwapAtr=0.65 nr=Gx33 flips4=0
2026-04-30 10:52:50,2737,27331.25,27320.31,27318.25,27296.36,90.31,16.92,57.0,63.5,8.0,63.5,8.0,0.05,0,0.0,0,0,0.00,0.00,0.00,0.00,,0.0,1,0,355.00,AUTO,,AGGR+CHP+ADP+RUN-EXT+PW+DLK+SLC+TPE+NWS+,BUY,60.0,0.65,0,-1,0.00,0.00,27335.25,27336.00,3,11794,10704,1,6.6,-170.50,-210.50,3.25,-291.50,237.25,G,33,TREND_UP,SIGNAL,
2026-04-30 10:52:50,2737,27331.25,27320.31,27318.25,27296.36,90.31,16.92,57.0,63.5,8.0,63.5,8.0,0.05,0,0.0,0,0,0.00,0.00,0.00,0.00,,0.0,1,0,355.00,AUTO,,AGGR+CHP+ADP+RUN-EXT+PW+DLK+SLC+TPE+NWS+,BUY,60.0,0.65,0,-1,0.00,0.00,27335.25,27336.00,3,11794,10704,1,6.6,-170.50,-210.50,3.25,-291.50,237.25,G,33,TREND_UP,TREND_CHASE_FIRE,dir=1 adx=57.0 streak=33 bull=63.5
2026-04-30 10:52:50,2737,27331.25,27320.31,27318.25,27296.36,90.31,16.92,57.0,63.5,8.0,63.5,8.0,0.05,0,0.0,0,0,0.00,0.00,0.00,0.00,,0.0,1,0,355.00,AUTO,,AGGR+CHP+ADP+RUN-EXT+PW+DLK+SLC+TPE+NWS+,BUY,60.0,0.65,0,-1,0.00,0.00,27335.25,27336.00,3,11794,10704,1,6.6,-170.50,-210.50,3.25,-291.50,237.25,G,33,TREND_UP,BLOCK_SL_CLUSTER,cooldown_remaining_sec=14
2026-04-30 10:52:50,2738,27335.25,27320.31,27322.25,27300.21,90.94,16.84,58.4,63.5,8.0,63.5,8.0,0.05,0,0.0,0,0,0.00,0.00,0.00,0.00,,0.0,1,0,355.00,AUTO,,AGGR+CHP+ADP+RUN-EXT+PW+DLK+SLC+TPE+NWS+,BUY,60.0,0.89,0,-1,0.00,0.00,27335.25,27336.00,3,11932,10704,1,6.8,-166.50,-206.50,7.25,-287.50,241.25,G,34,TREND_UP,BRICK_CLOSE,src=primary color=G streak=34 o=27319.00 c=27335.00 hi=27335.00 lo=27319.00
2026-04-30 10:52:50,2738,27335.25,27320.31,27322.25,27300.21,90.94,16.84,58.4,42.5,8.0,42.5,8.0,0.05,0,0.0,0,0,0.00,0.00,0.00,0.00,,0.0,1,0,355.00,AUTO,,AGGR+CHP+ADP+RUN-EXT+PW+DLK+SLC+TPE+NWS+,BUY,60.0,0.89,0,-1,0.00,0.00,27335.25,27336.00,3,11932,10704,1,6.8,-166.50,-206.50,7.25,-287.50,241.25,G,34,TREND_UP,SIGNAL,
2026-04-30 10:52:50,2739,27339.25,27320.31,27326.25,27304.07,91.53,16.76,59.9,42.5,8.0,42.5,8.0,0.06,0,0.0,0,0,0.00,0.00,0.00,0.00,,0.0,1,0,355.00,AUTO,,AGGR+CHP+ADP+RUN-EXT+PW+DLK+SLC+TPE+NWS+,WAIT,60.0,1.13,0,-1,0.00,0.00,27335.25,27336.00,3,12048,10704,1,7.0,-162.50,-202.50,11.25,-283.50,245.25,G,35,TREND_UP,BRICK_CLOSE,src=primary color=G streak=35 o=27323.00 c=27339.00 hi=27339.00 lo=27323.00
2026-04-30 10:52:50,2739,27339.25,27320.31,27326.25,27304.07,91.53,16.76,59.9,42.5,8.0,42.5,8.0,0.06,0,0.0,0,0,0.00,0.00,0.00,0.00,,0.0,1,0,355.00,AUTO,,AGGR+CHP+ADP+RUN-EXT+PW+DLK+SLC+TPE+NWS+,WAIT,60.0,1.13,0,-1,0.00,0.00,27335.25,27336.00,3,12048,10704,1,7.0,-162.50,-202.50,11.25,-283.50,245.25,G,35,TREND_UP,SIGNAL,
2026-04-30 10:54:36,2740,27343.25,27320.43,27330.25,27307.94,92.08,17.01,61.3,42.5,8.0,42.5,8.0,0.06,0,0.0,0,0,0.00,0.00,0.00,0.00,,0.0,1,0,355.00,AUTO,,AGGR+CHP+ADP+RUN-EXT+PW+DLK+SLC+TPE+NWS+,WAIT,60.0,1.34,0,-1,0.00,0.00,27344.75,27345.50,3,14552,12846,1,7.1,-158.50,-198.50,15.25,-279.50,249.25,G,36,TREND_UP,BRICK_CLOSE,src=primary color=G streak=36 o=27327.00 c=27343.00 hi=27343.00 lo=27322.00
2026-04-30 10:54:36,2740,27343.25,27320.43,27330.25,27307.94,92.08,17.01,61.3,63.5,8.0,63.5,8.0,0.06,0,0.0,0,0,0.00,0.00,0.00,0.00,,0.0,1,0,355.00,AUTO,,AGGR+CHP+ADP+RUN-EXT+PW+DLK+SLC+TPE+NWS+,WAIT,60.0,1.34,0,-1,0.00,0.00,27344.75,27345.50,3,14552,12846,1,7.1,-158.50,-198.50,15.25,-279.50,249.25,G,36,TREND_UP,SIGNAL,
2026-04-30 10:54:36,2740,27343.25,27320.43,27330.25,27307.94,92.08,17.01,61.3,63.5,8.0,63.5,8.0,0.06,0,0.0,0,0,0.00,0.00,0.00,0.00,,0.0,1,0,355.00,AUTO,,AGGR+CHP+ADP+RUN-EXT+PW+DLK+SLC+TPE+NWS+,BUY,60.0,1.34,0,-1,0.00,0.00,27344.75,27345.50,3,14552,12846,1,7.1,-158.50,-198.50,15.25,-279.50,249.25,G,36,TREND_UP,TREND_CHASE_FIRE,dir=1 adx=61.3 streak=36 bull=63.5
2026-04-30 10:54:36,2740,27343.25,27320.43,27330.25,27307.94,92.08,17.01,61.3,63.5,8.0,63.5,8.0,0.06,0,0.0,1,1,0.00,0.00,0.00,0.00,,0.0,1,0,355.00,AUTO,Momentum+VWAP,AGGR+CHP+ADP+RUN-EXT+PW+DLK+SLC+TPE+NWS+,BUY,60.0,1.34,0,-1,0.00,0.00,27344.75,27345.50,3,14552,12846,1,7.1,-158.50,-198.50,15.25,-279.50,249.25,G,36,TREND_UP,ENTRY_LONG,manual=F bull=63.5 bear=8.0 sig=1 htf=0 tape=0.06 emaXAgo=31 distVwap=22.8 atr=17.0 px=27343.25 sl=0.00 tp=0.00
2026-04-30 10:54:36,2740,27343.25,27320.43,27330.25,27307.94,92.08,17.01,61.3,63.5,8.0,63.5,8.0,0.06,0,0.0,1,1,27345.25,27327.25,27395.25,0.00,,0.0,1,0,355.00,AUTO,Momentum+VWAP,AGGR+CHP+ADP+RUN-EXT+PW+DLK+SLC+TPE+NWS+,BUY,60.0,1.34,0,-1,-2.00,0.00,27344.75,27345.50,3,14554,12846,1,7.1,-158.50,-198.50,15.25,-279.50,249.25,G,36,TREND_UP,CLAMP_SKIP,adx=61.3 thr=28.0
2026-04-30 10:54:36,2740,27343.25,27320.43,27330.25,27307.94,92.08,17.01,61.3,63.5,8.0,63.5,8.0,0.06,0,0.0,1,1,27345.25,27327.25,27395.25,0.00,,0.0,1,0,355.00,AUTO,Momentum+VWAP,AGGR+CHP+ADP+RUN-EXT+PW+DLK+SLC+TPE+NWS+,BUY,60.0,1.34,0,-1,-2.00,0.00,27344.75,27345.50,3,14554,12846,1,7.1,-158.50,-198.50,15.25,-279.50,249.25,G,36,TREND_UP,STOPS_ARMED,dir=1 entry=27345.25 sl=27327.25 tp=27395.25 slPt=18 tpPt=50
2026-04-30 10:54:37,2741,27347.50,27320.44,27334.30,27311.84,92.63,16.94,62.8,63.5,8.0,63.5,8.0,0.07,0,0.0,1,1,27345.25,27327.25,27395.25,27343.00,BrickMode*DORMANT,0.0,1,0,355.00,AUTO,Momentum+VWAP,AGGR+CHP+ADP+RUN-EXT+PW+DLK+SLC+TPE+NWS+,BUY,60.0,1.60,0,-1,2.25,1.75,27347.00,27347.75,3,14758,12906,1,7.1,-154.25,-194.25,19.50,-275.25,253.50,G,37,TREND_UP,BRICK_CLOSE,src=primary color=G streak=37 o=27331.00 c=27347.00 hi=27347.00 lo=27331.00
2026-04-30 10:55:25,2741,27349.50,27320.53,27334.70,27312.03,92.88,17.10,62.8,63.5,8.0,63.5,8.0,0.06,0,0.0,1,1,27345.25,27339.25,27395.25,27345.00,BrickMode*DORMANT,0.0,1,0,355.00,AUTO,Momentum+VWAP,AGGR+CHP+ADP+RUN-EXT+PW+DLK+SLC+TPE+NWS+,BUY,60.0,1.69,0,-1,4.25,5.25,27350.50,27351.25,3,15930,14034,1,7.2,-152.25,-192.25,21.50,-273.25,255.50,G,37,TREND_UP,SMART_BE_LADDER,tier=1 T1_LOSS_CAP peak=5.3pt sl=27339.25 entry=27345.25
2026-04-30 10:55:25,2742,27351.25,27320.55,27338.25,27315.72,93.09,16.84,64.2,63.5,8.0,63.5,8.0,0.07,0,0.0,1,1,27345.25,27339.25,27395.25,27346.50,BrickMode*DORMANT,0.0,1,0,355.00,AUTO,Momentum+VWAP,AGGR+CHP+ADP+RUN-EXT+PW+DLK+SLC+TPE+NWS+,BUY,60.0,1.82,0,-1,6.00,5.25,27350.50,27351.25,3,16230,14084,1,7.1,-150.50,-190.50,23.25,-271.50,257.25,G,38,TREND_UP,BRICK_CLOSE,src=primary color=G streak=38 o=27335.00 c=27351.00 hi=27351.00 lo=27335.00
2026-04-30 10:55:26,2742,27351.00,27320.55,27338.20,27315.69,93.06,16.84,64.2,63.5,8.0,63.5,8.0,0.07,0,0.0,1,1,27345.25,27346.00,27395.25,27346.50,BrickMode*DORMANT,0.0,1,0,355.00,AUTO,Momentum+VWAP,AGGR+CHP+ADP+RUN-EXT+PW+DLK+SLC+TPE+NWS+,BUY,60.0,1.81,0,-1,5.75,6.75,27352.00,27352.50,2,16256,14120,1,7.1,-150.75,-190.75,23.00,-271.75,257.00,G,38,TREND_UP,SMART_BE_LADDER,tier=2 T2_SOFT_BE peak=6.8pt sl=27346.00 entry=27345.25
2026-04-30 10:55:30,2742,27352.50,27320.57,27338.50,27315.83,93.24,17.03,64.3,63.5,8.0,63.5,8.0,0.07,0,0.0,1,1,27345.25,27346.00,27395.25,27348.75,BrickMode*DORMANT,0.0,1,0,355.00,AUTO,Momentum+VWAP,AGGR+CHP+ADP+RUN-EXT+PW+DLK+SLC+TPE+NWS+,BUY,60.0,1.87,0,-1,7.25,15.50,27360.75,27361.50,3,16424,14284,1,7.2,-149.25,-189.25,24.50,-270.25,258.50,G,38,TREND_UP,SMART_BE_HANDOFF,tier=3 peak=15.5pt -> BrickTrail PxStop owns SL
2026-04-30 10:55:30,2742,27352.50,27320.57,27338.50,27315.83,93.24,17.03,64.3,63.5,8.0,63.5,8.0,0.07,0,0.0,1,1,27345.25,27346.00,27395.25,27348.75,BrickMode*DORMANT,0.0,1,0,355.00,AUTO,Momentum+VWAP,AGGR+CHP+ADP+RUN-EXT+PW+DLK+SLC+TPE+NWS+,BUY,60.0,1.87,0,-1,7.25,15.50,27360.75,27361.50,3,16424,14284,1,7.2,-149.25,-189.25,24.50,-270.25,258.50,G,38,TREND_UP,PEAKLOCK_T1,peak=15.5pt giveback=12.0pt floor=27348.75 entry=27345.25
2026-04-30 10:55:30,2743,27355.25,27320.57,27342.25,27319.62,93.55,16.76,65.6,63.5,8.0,63.5,8.0,0.07,0,0.0,1,1,27345.25,27346.00,27395.25,27356.75,BrickMode*DORMANT,0.0,1,0,355.00,AUTO,Momentum+VWAP,AGGR+CHP+ADP+RUN-EXT+PW+DLK+SLC+TPE+NWS+,BUY,60.0,2.07,0,-1,10.00,15.50,27360.75,27361.50,3,16500,14290,1,7.1,-146.50,-186.50,27.25,-267.50,261.25,G,39,TREND_UP,BRICK_CLOSE,src=primary color=G streak=39 o=27339.00 c=27355.00 hi=27355.00 lo=27339.00
2026-04-30 10:55:30,2744,27359.25,27320.58,27346.25,27323.53,93.98,16.69,67.0,63.5,8.0,63.5,8.0,0.07,0,0.0,1,1,27345.25,27346.00,27395.25,27356.75,BrickMode*DORMANT,0.0,1,0,355.00,AUTO,Momentum+VWAP,AGGR+CHP+ADP+RUN-EXT+PW+DLK+SLC+TPE+NWS+,BUY,60.0,2.32,0,-1,14.00,15.50,27360.75,27361.50,3,16596,14318,1,7.1,-142.50,-182.50,31.25,-263.50,265.25,G,40,TREND_UP,BRICK_CLOSE,src=primary color=G streak=40 o=27343.00 c=27359.00 hi=27359.00 lo=27343.00
2026-04-30 10:55:33,2744,27355.00,27320.60,27345.40,27323.15,87.65,16.88,67.1,63.5,8.0,63.5,8.0,0.07,0,0.0,1,1,27345.25,27346.00,27395.25,27356.75,BrickMode,0.0,1,0,355.00,AUTO,Momentum+VWAP,AGGR+CHP+ADP+RUN-EXT+PW+DLK+SLC+TPE+NWS+,BUY,60.0,2.04,0,-1,9.75,15.50,27352.75,27353.50,3,16802,14478,1,7.1,-146.75,-186.75,27.00,-267.75,261.00,G,40,TREND_UP,BRICK_TRAIL_HIT,reason=px_stop peak=15.5pt cur=7.5pt retrace=8.0pt effRetraceMin=7.0pt trail=27356.75 px=27352.75 adxSlope=7.05 streak=40 effPct=50
2026-04-30 10:55:33,2744,27355.00,27320.60,27345.40,27323.15,87.65,16.88,67.1,63.5,8.0,63.5,8.0,0.07,0,0.0,1,0,27345.25,27346.00,27395.25,27356.75,BrickMode,0.0,0,1,505.00,AUTO,Momentum+VWAP,AGGR+CHP+ADP+RUN-EXT+PW+DLK+SLC+TPE+NWS+,BUY,60.0,2.04,0,-1,9.75,15.50,27352.75,27353.50,3,16802,14478,1,7.1,-146.75,-186.75,27.00,-267.75,261.00,G,40,TREND_UP,CAP_REFUND,pnl=150.00 thr=25.00 tradesToday=4/20
2026-04-30 10:55:33,2744,27355.00,27320.60,27345.40,27323.15,87.65,16.88,67.1,63.5,8.0,63.5,8.0,0.07,0,0.0,1,0,27345.25,27346.00,27395.25,27356.75,BrickMode,0.0,0,1,505.00,AUTO,Momentum+VWAP,AGGR+CHP+ADP+RUN-EXT+PW+DLK+SLC+TPE+NWS+,BUY,60.0,2.04,0,-1,9.75,15.50,27352.75,27353.50,3,16802,14478,1,7.1,-146.75,-186.75,27.00,-267.75,261.00,G,40,TREND_UP,BRICK_REENTRY_ARMED,dir=1 reason=TRAIL_BrickTrail_PxStop exitPx=27355.00 windowSec=90 minStreak=3
2026-04-30 10:55:33,2744,27355.00,27320.60,27345.40,27323.15,87.65,16.88,67.1,63.5,8.0,63.5,8.0,0.07,0,0.0,1,0,27345.25,27346.00,27395.25,27356.75,BrickMode,0.0,0,1,505.00,AUTO,Momentum+VWAP,AGGR+CHP+ADP+RUN-EXT+PW+DLK+SLC+TPE+NWS+,BUY,60.0,2.04,0,-1,9.75,15.50,27352.75,27353.50,3,16802,14478,1,7.1,-146.75,-186.75,27.00,-267.75,261.00,G,40,TREND_UP,EXIT_WIN_TRAIL_BrickTrail_PxStop,pnl=150.00 consec=1
2026-04-30 10:55:33,2744,27355.00,27320.60,27345.40,27323.15,87.65,16.88,67.1,63.5,8.0,63.5,8.0,0.07,0,0.0,1,0,27345.25,27346.00,27395.25,27356.75,BrickMode,0.0,0,1,505.00,AUTO,Momentum+VWAP,AGGR+CHP+ADP+RUN-EXT+PW+DLK+SLC+TPE+NWS+,BUY,60.0,2.04,0,-1,9.75,15.50,27352.75,27353.50,3,16802,14478,1,7.1,-146.75,-186.75,27.00,-267.75,261.00,G,40,TREND_UP,REGIME_PNL,regime=TREND_UP tradePnl=150.00 regTotal=150.00 thresh=-200
2026-04-30 10:57:05,2745,27363.25,27320.85,27350.25,27327.45,94.38,16.62,68.4,0.0,0.0,0.0,0.0,0.01,0,0.0,0,0,0.00,0.00,0.00,0.00,,0.0,0,1,505.00,AUTO,,AGGR+CHP+ADP+RUN-EXT+PW+DLK+SLC+TPE+NWS+,BUY,60.0,2.55,0,-1,0.00,0.00,27364.75,27365.25,2,1714,1688,1,7.0,-138.50,-178.50,35.25,-259.50,269.25,G,41,TREND_UP,BRICK_CLOSE,src=primary color=G streak=41 o=27347.00 c=27363.00 hi=27363.00 lo=27347.00
2026-04-30 10:57:05,2745,27363.25,27320.85,27350.25,27327.45,94.38,16.62,68.4,0.0,0.0,0.0,0.0,0.01,0,0.0,0,0,0.00,0.00,0.00,0.00,,0.0,0,1,505.00,AUTO,,AGGR+CHP+ADP+RUN-EXT+PW+DLK+SLC+TPE+NWS+,BUY,60.0,2.55,0,-1,0.00,0.00,27364.75,27365.25,2,1714,1688,1,7.0,-138.50,-178.50,35.25,-259.50,269.25,G,41,TREND_UP,BRICK_REENTRY_DISARM,why=window_expired
2026-04-30 10:57:05,2745,27363.25,27320.85,27350.25,27327.45,94.38,16.62,68.4,63.5,8.0,63.5,8.0,0.01,0,0.0,0,0,0.00,0.00,0.00,0.00,,0.0,0,1,505.00,AUTO,,AGGR+CHP+ADP+RUN-EXT+PW+DLK+SLC+TPE+NWS+,BUY,60.0,2.55,0,-1,0.00,0.00,27364.75,27365.25,2,1714,1688,1,7.0,-138.50,-178.50,35.25,-259.50,269.25,G,41,TREND_UP,SIGNAL,
2026-04-30 10:57:05,2745,27363.25,27320.85,27350.25,27327.45,94.38,16.62,68.4,63.5,8.0,63.5,8.0,0.01,0,0.0,0,0,0.00,0.00,0.00,0.00,,0.0,0,1,505.00,AUTO,,AGGR+CHP+ADP+RUN-EXT+PW+DLK+SLC+TPE+NWS+,BUY,60.0,2.55,0,-1,0.00,0.00,27364.75,27365.25,2,1714,1688,1,7.0,-138.50,-178.50,35.25,-259.50,269.25,G,41,TREND_UP,TREND_CHASE_FIRE,dir=1 adx=68.4 streak=41 bull=63.5
2026-04-30 10:57:05,2745,27363.25,27320.85,27350.25,27327.45,94.38,16.62,68.4,63.5,8.0,63.5,8.0,0.01,0,0.0,1,1,0.00,0.00,0.00,0.00,,0.0,0,1,505.00,AUTO,Momentum+VWAP,AGGR+CHP+ADP+RUN-EXT+PW+DLK+SLC+TPE+NWS+,BUY,60.0,2.55,0,-1,0.00,0.00,27364.75,27365.25,2,1714,1688,1,7.0,-138.50,-178.50,35.25,-259.50,269.25,G,41,TREND_UP,ENTRY_LONG,manual=F bull=63.5 bear=8.0 sig=1 htf=0 tape=0.01 emaXAgo=36 distVwap=42.4 atr=16.6 px=27363.25 sl=0.00 tp=0.00
2026-04-30 10:57:05,2745,27363.25,27320.85,27350.25,27327.45,94.38,16.62,68.4,63.5,8.0,63.5,8.0,0.01,0,0.0,1,1,27364.75,27346.75,27414.75,0.00,,0.0,0,1,505.00,AUTO,Momentum+VWAP,AGGR+CHP+ADP+RUN-EXT+PW+DLK+SLC+TPE+NWS+,BUY,60.0,2.55,0,-1,-1.50,0.00,27364.75,27365.25,2,1716,1688,1,7.0,-138.50,-178.50,35.25,-259.50,269.25,G,41,TREND_UP,CLAMP_SKIP,adx=68.4 thr=28.0
2026-04-30 10:57:05,2745,27363.25,27320.85,27350.25,27327.45,94.38,16.62,68.4,63.5,8.0,63.5,8.0,0.01,0,0.0,1,1,27364.75,27346.75,27414.75,0.00,,0.0,0,1,505.00,AUTO,Momentum+VWAP,AGGR+CHP+ADP+RUN-EXT+PW+DLK+SLC+TPE+NWS+,BUY,60.0,2.55,0,-1,-1.50,0.00,27364.75,27365.25,2,1716,1688,1,7.0,-138.50,-178.50,35.25,-259.50,269.25,G,41,TREND_UP,STOPS_ARMED,dir=1 entry=27364.75 sl=27346.75 tp=27414.75 slPt=18 tpPt=50
2026-04-30 10:57:06,2746,27367.25,27320.86,27354.25,27331.38,94.76,16.55,69.7,63.5,8.0,63.5,8.0,0.05,0,0.0,1,1,27364.75,27346.75,27414.75,27363.50,BrickMode*DORMANT,0.0,0,1,505.00,AUTO,Momentum+VWAP,AGGR+CHP+ADP+RUN-EXT+PW+DLK+SLC+TPE+NWS+,BUY,60.0,2.80,0,-1,2.50,2.75,27367.50,27368.25,3,1914,1738,1,6.9,-134.50,-174.50,39.25,-255.50,273.25,G,42,TREND_UP,BRICK_CLOSE,src=primary color=G streak=42 o=27351.00 c=27367.00 hi=27367.00 lo=27351.00
2026-04-30 10:57:45,2746,27368.25,27321.01,27354.45,27331.47,94.85,16.70,69.8,63.5,8.0,63.5,8.0,0.03,0,0.0,1,1,27364.75,27358.75,27414.75,27364.25,BrickMode*DORMANT,0.0,0,1,505.00,AUTO,Momentum+VWAP,AGGR+CHP+ADP+RUN-EXT+PW+DLK+SLC+TPE+NWS+,BUY,60.0,2.83,0,-1,3.50,5.25,27370.00,27370.50,2,2974,2784,1,6.9,-133.50,-173.50,40.25,-254.50,274.25,G,42,TREND_UP,SMART_BE_LADDER,tier=1 T1_LOSS_CAP peak=5.3pt sl=27358.75 entry=27364.75
2026-04-30 10:57:45,2747,27371.25,27321.02,27358.25,27335.32,95.12,16.50,71.1,63.5,8.0,63.5,8.0,0.04,0,0.0,1,1,27364.75,27358.75,27414.75,27366.00,BrickMode*DORMANT,0.0,0,1,505.00,AUTO,Momentum+VWAP,AGGR+CHP+ADP+RUN-EXT+PW+DLK+SLC+TPE+NWS+,BUY,60.0,3.05,0,-1,6.50,5.25,27370.00,27370.50,2,3038,2792,1,6.7,-130.50,-170.50,43.25,-251.50,277.25,G,43,TREND_UP,BRICK_CLOSE,src=primary color=G streak=43 o=27355.00 c=27371.00 hi=27371.00 lo=27355.00
2026-04-30 10:58:24,2747,27370.50,27321.11,27358.10,27335.25,94.24,16.50,71.1,63.5,8.0,63.5,8.0,0.02,0,0.0,1,1,27364.75,27365.50,27414.75,27366.00,BrickMode*DORMANT,0.0,0,1,505.00,AUTO,Momentum+VWAP,AGGR+CHP+ADP+RUN-EXT+PW+DLK+SLC+TPE+NWS+,BUY,60.0,2.99,0,-1,5.75,6.00,27370.75,27371.25,2,3628,3490,1,6.7,-131.25,-171.25,42.50,-252.25,276.50,G,43,TREND_UP,SMART_BE_LADDER,tier=2 T2_SOFT_BE peak=6.0pt sl=27365.50 entry=27364.75
2026-04-30 10:58:32,2747,27367.00,27321.13,27357.40,27334.93,88.64,16.55,71.1,63.5,8.0,63.5,8.0,0.02,0,0.0,1,0,27364.75,27365.50,27414.75,27366.75,BrickMode*DORMANT,0.0,0,2,510.00,AUTO,Momentum+VWAP,AGGR+CHP+ADP+RUN-EXT+PW+DLK+SLC+TPE+NWS+,BUY,55.0,2.77,0,-1,2.25,6.00,27365.00,27365.50,2,3754,3604,1,6.8,-134.75,-174.75,39.00,-255.75,273.00,G,43,TREND_UP,ADAPT_WINDOW_OFF,wins=2
2026-04-30 10:58:32,2747,27367.00,27321.13,27357.40,27334.93,88.64,16.55,71.1,63.5,8.0,63.5,8.0,0.02,0,0.0,1,0,27364.75,27365.50,27414.75,27366.75,BrickMode*DORMANT,0.0,0,2,510.00,AUTO,Momentum+VWAP,AGGR+CHP+ADP+RUN-EXT+PW+DLK+SLC+TPE+NWS+,BUY,55.0,2.77,0,-1,2.25,6.00,27365.00,27365.50,2,3754,3604,1,6.8,-134.75,-174.75,39.00,-255.75,273.00,G,43,TREND_UP,EXIT_WIN_SL,pnl=5.00 consec=2
2026-04-30 10:58:32,2747,27367.00,27321.13,27357.40,27334.93,88.64,16.55,71.1,63.5,8.0,63.5,8.0,0.02,0,0.0,1,0,27364.75,27365.50,27414.75,27366.75,BrickMode*DORMANT,0.0,0,2,510.00,AUTO,Momentum+VWAP,AGGR+CHP+ADP+RUN-EXT+PW+DLK+SLC+TPE+NWS+,BUY,55.0,2.77,0,-1,2.25,6.00,27365.00,27365.50,2,3754,3604,1,6.8,-134.75,-174.75,39.00,-255.75,273.00,G,43,TREND_UP,REGIME_PNL,regime=TREND_UP tradePnl=5.00 regTotal=155.00 thresh=-200
2026-04-30 10:59:05,2748,27375.25,27321.22,27362.25,27339.26,95.45,16.47,72.3,0.0,0.0,0.0,0.0,0.03,0,0.0,0,0,0.00,0.00,0.00,0.00,,0.0,0,2,510.00,AUTO,,AGGR+CHP+ADP+RUN-EXT+PW+DLK+SLC+TPE+NWS+,BUY,55.0,3.28,0,-1,0.00,0.00,27375.25,27375.75,2,4346,4122,1,6.6,-126.50,-166.50,47.25,-247.50,281.25,G,44,TREND_UP,BRICK_CLOSE,src=primary color=G streak=44 o=27359.00 c=27375.00 hi=27375.00 lo=27358.50
2026-04-30 10:59:05,2748,27375.25,27321.23,27362.25,27339.26,95.45,16.47,72.3,55.3,8.0,55.3,8.0,0.03,0,0.0,0,0,0.00,0.00,0.00,0.00,,0.0,0,2,510.00,AUTO,,AGGR+CHP+ADP+RUN-EXT+PW+DLK+SLC+TPE+NWS+,BUY,55.0,3.28,0,-1,0.00,0.00,27375.25,27375.75,2,4346,4122,1,6.6,-126.50,-166.50,47.25,-247.50,281.25,G,44,TREND_UP,SIGNAL,
2026-04-30 10:59:05,2748,27375.25,27321.23,27362.25,27339.26,95.45,16.47,72.3,55.3,8.0,55.3,8.0,0.03,0,0.0,0,0,0.00,0.00,0.00,0.00,,0.0,0,2,510.00,AUTO,,AGGR+CHP+ADP+RUN-EXT+PW+DLK+SLC+TPE+NWS+,BUY,55.0,3.28,0,-1,0.00,0.00,27375.25,27375.75,2,4346,4122,1,6.6,-126.50,-166.50,47.25,-247.50,281.25,G,44,TREND_UP,TREND_CHASE_FIRE,dir=1 adx=72.3 streak=44 bull=55.3
2026-04-30 10:59:05,2748,27375.25,27321.23,27362.25,27339.26,95.45,16.47,72.3,55.3,8.0,55.3,8.0,0.03,0,0.0,1,1,0.00,0.00,0.00,0.00,,0.0,0,2,510.00,AUTO,Momentum+VWAP,AGGR+CHP+ADP+RUN-EXT+PW+DLK+SLC+TPE+NWS+,BUY,55.0,3.28,0,-1,0.00,0.00,27375.25,27375.75,2,4346,4122,1,6.6,-126.50,-166.50,47.25,-247.50,281.25,G,44,TREND_UP,ENTRY_LONG,manual=F bull=55.3 bear=8.0 sig=1 htf=0 tape=0.03 emaXAgo=39 distVwap=54.0 atr=16.5 px=27375.25 sl=0.00 tp=0.00
2026-04-30 10:59:05,2748,27375.25,27321.23,27362.25,27339.26,95.45,16.47,72.3,55.3,8.0,55.3,8.0,0.03,0,0.0,1,1,27376.25,27358.25,27426.25,0.00,,0.0,0,2,510.00,AUTO,Momentum+VWAP,AGGR+CHP+ADP+RUN-EXT+PW+DLK+SLC+TPE+NWS+,BUY,55.0,3.28,0,-1,-1.00,0.00,27375.25,27375.75,2,4348,4122,1,6.6,-126.50,-166.50,47.25,-247.50,281.25,G,44,TREND_UP,CLAMP_SKIP,adx=72.3 thr=28.0
2026-04-30 10:59:05,2748,27375.25,27321.23,27362.25,27339.26,95.45,16.47,72.3,55.3,8.0,55.3,8.0,0.03,0,0.0,1,1,27376.25,27358.25,27426.25,0.00,,0.0,0,2,510.00,AUTO,Momentum+VWAP,AGGR+CHP+ADP+RUN-EXT+PW+DLK+SLC+TPE+NWS+,BUY,55.0,3.28,0,-1,-1.00,0.00,27375.25,27375.75,2,4348,4122,1,6.6,-126.50,-166.50,47.25,-247.50,281.25,G,44,TREND_UP,STOPS_ARMED,dir=1 entry=27376.25 sl=27358.25 tp=27426.25 slPt=18 tpPt=50
2026-04-30 11:00:08,2748,27376.25,27321.48,27362.45,27339.35,95.53,16.92,72.4,55.3,8.0,55.3,8.0,0.03,0,0.0,1,1,27376.25,27358.25,27426.25,27371.25,BrickMode*DORMANT,0.0,0,2,510.00,AUTO,Momentum+VWAP,AGGR+CHP+ADP+RUN-EXT+PW+DLK+SLC+TPE+NWS+,BUY,55.0,3.24,0,-1,0.00,9.25,27385.50,27386.25,3,6058,5694,1,6.6,-125.50,-165.50,48.25,-246.50,282.25,G,44,TREND_UP,SMART_BE_HANDOFF,tier=3 peak=9.3pt -> BrickTrail PxStop owns SL
2026-04-30 11:00:08,2749,27379.25,27321.51,27366.25,27343.20,95.76,16.70,73.6,55.3,8.0,55.3,8.0,0.04,0,0.0,1,1,27376.25,27358.25,27426.25,27381.50,BrickMode*DORMANT,0.0,0,2,510.00,AUTO,Momentum+VWAP,AGGR+CHP+ADP+RUN-EXT+PW+DLK+SLC+TPE+NWS+,BUY,55.0,3.46,0,-1,3.00,9.25,27385.50,27386.25,3,6176,5738,1,6.5,-122.50,-162.50,51.25,-243.50,285.25,G,45,TREND_UP,BRICK_CLOSE,src=primary color=G streak=45 o=27363.00 c=27379.00 hi=27379.00 lo=27358.75
2026-04-30 11:00:08,2750,27383.25,27321.52,27370.25,27347.15,96.05,16.63,74.8,55.3,8.0,55.3,8.0,0.04,0,0.0,1,1,27376.25,27358.25,27426.25,27381.50,BrickMode*DORMANT,0.0,0,2,510.00,AUTO,Momentum+VWAP,AGGR+CHP+ADP+RUN-EXT+PW+DLK+SLC+TPE+NWS+,BUY,55.0,3.71,0,-1,7.00,9.25,27385.50,27386.25,3,6280,5742,1,6.3,-118.50,-158.50,55.25,-239.50,289.25,G,46,TREND_UP,BRICK_CLOSE,src=primary color=G streak=46 o=27367.00 c=27383.00 hi=27383.00 lo=27367.00
2026-04-30 11:00:11,2750,27385.25,27321.56,27370.65,27347.33,96.19,16.90,74.8,55.3,8.0,55.3,8.0,0.05,0,0.0,1,1,27376.25,27374.25,27426.25,27381.50,BrickMode*DORMANT,0.0,0,2,510.00,AUTO,Momentum+VWAP,AGGR+CHP+ADP+RUN-EXT+PW+DLK+SLC+TPE+NWS+,BUY,55.0,3.77,0,-1,9.00,11.00,27387.25,27388.00,3,6574,5940,1,6.3,-116.50,-156.50,57.25,-237.50,291.25,G,46,TREND_UP,PROFIT_SAFEGUARD,tier=1 T1_PROFIT_SAFE peak=11.0pt sl=27374.25 offset=-2.0pt entry=27376.25 runner=False
2026-04-30 11:00:11,2751,27387.50,27321.56,27374.30,27351.13,96.34,16.59,75.9,55.3,8.0,55.3,8.0,0.05,0,0.0,1,1,27376.25,27374.25,27426.25,27383.25,BrickMode*DORMANT,0.0,0,2,510.00,AUTO,Momentum+VWAP,AGGR+CHP+ADP+RUN-EXT+PW+DLK+SLC+TPE+NWS+,BUY,55.0,3.98,0,-1,11.25,11.00,27387.25,27388.00,3,6578,5954,1,6.1,-114.25,-154.25,59.50,-235.25,293.50,G,47,TREND_UP,BRICK_CLOSE,src=primary color=G streak=47 o=27371.00 c=27387.00 hi=27387.00 lo=27371.00
2026-04-30 11:00:18,2751,27384.00,27321.63,27373.60,27350.81,91.25,16.66,76.0,55.3,8.0,55.3,8.0,0.05,0,0.0,1,1,27376.25,27374.25,27426.25,27383.25,BrickMode*DORMANT,0.0,0,2,510.00,AUTO,Momentum+VWAP,AGGR+CHP+ADP+RUN-EXT+PW+DLK+SLC+TPE+NWS+,BUY,55.0,3.74,0,-1,7.75,11.00,27381.00,27381.75,3,6950,6300,1,6.1,-117.75,-157.75,56.00,-238.75,290.00,G,47,TREND_UP,BRICK_TRAIL_HIT,reason=px_stop peak=11.0pt cur=4.8pt retrace=6.3pt effRetraceMin=5.0pt trail=27383.25 px=27381.00 adxSlope=6.13 streak=47 effPct=50
2026-04-30 11:00:18,2751,27384.00,27321.63,27373.60,27350.81,91.25,16.66,76.0,55.3,8.0,55.3,8.0,0.05,0,0.0,1,0,27376.25,27374.25,27426.25,27383.25,BrickMode*DORMANT,0.0,0,3,610.00,AUTO,Momentum+VWAP,AGGR+CHP+ADP+RUN-EXT+PW+DLK+SLC+TPE+NWS+,BUY,55.0,3.74,0,-1,7.75,11.00,27381.00,27381.75,3,6950,6300,1,6.1,-117.75,-157.75,56.00,-238.75,290.00,G,47,TREND_UP,CAP_REFUND,pnl=100.00 thr=25.00 tradesToday=5/20
2026-04-30 11:00:18,2751,27384.00,27321.63,27373.60,27350.81,91.25,16.66,76.0,55.3,8.0,55.3,8.0,0.05,0,0.0,1,0,27376.25,27374.25,27426.25,27383.25,BrickMode*DORMANT,0.0,0,3,610.00,AUTO,Momentum+VWAP,AGGR+CHP+ADP+RUN-EXT+PW+DLK+SLC+TPE+NWS+,BUY,55.0,3.74,0,-1,7.75,11.00,27381.00,27381.75,3,6950,6300,1,6.1,-117.75,-157.75,56.00,-238.75,290.00,G,47,TREND_UP,BRICK_REENTRY_ARMED,dir=1 reason=TRAIL_BrickTrail_PxStop exitPx=27384.00 windowSec=90 minStreak=3
2026-04-30 11:00:18,2751,27384.00,27321.63,27373.60,27350.81,91.25,16.66,76.0,55.3,8.0,55.3,8.0,0.05,0,0.0,1,0,27376.25,27374.25,27426.25,27383.25,BrickMode*DORMANT,0.0,0,3,610.00,AUTO,Momentum+VWAP,AGGR+CHP+ADP+RUN-EXT+PW+DLK+SLC+TPE+NWS+,BUY,55.0,3.74,0,-1,7.75,11.00,27381.00,27381.75,3,6950,6300,1,6.1,-117.75,-157.75,56.00,-238.75,290.00,G,47,TREND_UP,EXIT_WIN_TRAIL_BrickTrail_PxStop,pnl=100.00 consec=3
2026-04-30 11:00:18,2751,27384.00,27321.63,27373.60,27350.81,91.25,16.66,76.0,55.3,8.0,55.3,8.0,0.05,0,0.0,1,0,27376.25,27374.25,27426.25,27383.25,BrickMode*DORMANT,0.0,0,3,610.00,AUTO,Momentum+VWAP,AGGR+CHP+ADP+RUN-EXT+PW+DLK+SLC+TPE+NWS+,BUY,55.0,3.74,0,-1,7.75,11.00,27381.00,27381.75,3,6950,6300,1,6.1,-117.75,-157.75,56.00,-238.75,290.00,G,47,TREND_UP,REGIME_PNL,regime=TREND_UP tradePnl=100.00 regTotal=255.00 thresh=-200
2026-04-30 11:01:10,2752,27391.25,27321.95,27378.25,27355.07,96.57,16.51,77.1,0.0,0.0,0.0,0.0,0.05,0,0.0,0,0,0.00,0.00,0.00,0.00,,0.0,0,3,610.00,AUTO,,AGGR+CHP+ADP+RUN-EXT+PW+DLK+SLC+TPE+NWS+,BUY,55.0,4.20,0,-1,0.00,0.00,27391.50,27392.00,2,8550,7742,1,5.9,-110.50,-150.50,63.25,-231.50,297.25,G,48,TREND_UP,BRICK_CLOSE,src=primary color=G streak=48 o=27375.00 c=27391.00 hi=27391.00 lo=27375.00
2026-04-30 11:01:10,2752,27391.25,27321.95,27378.25,27355.07,96.57,16.51,77.1,0.0,0.0,0.0,0.0,0.05,0,0.0,0,0,0.00,0.00,0.00,0.00,,0.0,0,3,610.00,AUTO,,AGGR+CHP+ADP+RUN-EXT+PW+DLK+SLC+TPE+NWS+,BUY,55.0,4.20,0,-1,0.00,0.00,27391.50,27392.00,2,8550,7742,1,5.9,-110.50,-150.50,63.25,-231.50,297.25,G,48,TREND_UP,BRICK_REENTRY_FIRE,dir=1 streak=48 secsArmed=52 exitPx=27384.00 curPx=27391.00 usedCount=1/1
2026-04-30 11:01:10,2752,27391.25,27321.95,27378.25,27355.07,96.57,16.51,77.1,0.0,0.0,0.0,0.0,0.05,0,0.0,1,1,0.00,0.00,0.00,0.00,,0.0,0,3,610.00,AUTO,Momentum+VWAP,AGGR+CHP+ADP+RUN-EXT+PW+DLK+SLC+TPE+NWS+,BUY,55.0,4.20,0,-1,0.00,0.00,27391.50,27392.00,2,8550,7742,1,5.9,-110.50,-150.50,63.25,-231.50,297.25,G,48,TREND_UP,ENTRY_LONG,manual=F bull=0.0 bear=0.0 sig=1 htf=0 tape=0.05 emaXAgo=42 distVwap=69.3 atr=16.5 px=27391.25 sl=0.00 tp=0.00
2026-04-30 11:01:10,2752,27391.25,27321.95,27378.25,27355.07,96.57,16.51,77.1,0.0,0.0,0.0,0.0,0.05,0,0.0,1,1,0.00,0.00,0.00,0.00,,0.0,0,3,610.00,AUTO,Momentum+VWAP,AGGR+CHP+ADP+RUN-EXT+PW+DLK+SLC+TPE+NWS+,BUY,55.0,4.20,0,-1,0.00,0.00,27391.50,27392.00,2,8550,7742,1,5.9,-110.50,-150.50,63.25,-231.50,297.25,G,48,TREND_UP,BRICK_REENTRY_DISARM,why=quota_used_after_fire
2026-04-30 11:01:10,2752,27391.25,27321.95,27378.25,27355.07,96.57,16.51,77.1,0.0,0.0,0.0,0.0,0.05,0,0.0,1,1,27392.50,27374.50,27442.50,0.00,,0.0,0,3,610.00,AUTO,Momentum+VWAP,AGGR+CHP+ADP+RUN-EXT+PW+DLK+SLC+TPE+NWS+,BUY,55.0,4.20,0,-1,-1.25,0.00,27391.50,27392.00,2,8550,7742,1,5.9,-110.50,-150.50,63.25,-231.50,297.25,G,48,TREND_UP,CLAMP_SKIP,adx=77.1 thr=28.0
2026-04-30 11:01:10,2752,27391.25,27321.95,27378.25,27355.07,96.57,16.51,77.1,0.0,0.0,0.0,0.0,0.05,0,0.0,1,1,27392.50,27374.50,27442.50,0.00,,0.0,0,3,610.00,AUTO,Momentum+VWAP,AGGR+CHP+ADP+RUN-EXT+PW+DLK+SLC+TPE+NWS+,BUY,55.0,4.20,0,-1,-1.25,0.00,27391.50,27392.00,2,8550,7742,1,5.9,-110.50,-150.50,63.25,-231.50,297.25,G,48,TREND_UP,STOPS_ARMED,dir=1 entry=27392.50 sl=27374.50 tp=27442.50 slPt=18 tpPt=50
2026-04-30 11:01:13,2753,27395.25,27321.97,27382.25,27359.03,96.81,16.45,78.2,0.0,0.0,0.0,0.0,0.06,0,2.3,1,1,27392.50,27374.50,27442.50,27391.00,BrickMode*DORMANT,0.0,0,3,610.00,AUTO,Momentum+VWAP,AGGR+CHP+ADP+RUN-EXT+PW+DLK+SLC+TPE+NWS+,BUY,55.0,4.45,0,-1,2.75,2.50,27395.00,27395.50,2,8730,7816,1,5.8,-106.50,-146.50,67.25,-227.50,301.25,G,49,TREND_UP,BRICK_CLOSE,src=primary color=G streak=49 o=27379.00 c=27395.00 hi=27395.00 lo=27379.00
2026-04-30 11:01:30,2753,27396.00,27322.07,27382.40,27359.10,96.85,16.63,78.2,0.0,0.0,0.0,0.0,0.06,0,1.9,1,1,27392.50,27386.50,27442.50,27392.25,BrickMode*DORMANT,0.0,0,3,610.00,AUTO,Momentum+VWAP,AGGR+CHP+ADP+RUN-EXT+PW+DLK+SLC+TPE+NWS+,BUY,55.0,4.44,0,-1,3.50,4.00,27396.50,27397.00,2,9234,8228,1,5.8,-105.75,-145.75,68.00,-226.75,302.00,G,49,TREND_UP,SMART_BE_LADDER,tier=1 T1_LOSS_CAP peak=4.0pt sl=27386.50 entry=27392.50
2026-04-30 11:01:47,2753,27397.00,27322.17,27382.60,27359.19,96.91,16.69,78.2,0.0,0.0,0.0,0.0,0.06,0,1.9,1,1,27392.50,27393.25,27442.50,27393.75,BrickMode*DORMANT,0.0,0,3,610.00,AUTO,Momentum+VWAP,AGGR+CHP+ADP+RUN-EXT+PW+DLK+SLC+TPE+NWS+,BUY,55.0,4.48,0,-1,4.50,6.00,27398.50,27399.00,2,9704,8570,1,5.8,-104.75,-144.75,69.00,-225.75,303.00,G,49,TREND_UP,SMART_BE_LADDER,tier=2 T2_SOFT_BE peak=6.0pt sl=27393.25 entry=27392.50
2026-04-30 11:01:47,2754,27399.25,27322.17,27386.25,27363.00,97.03,16.40,79.2,0.0,0.0,0.0,0.0,0.06,0,1.9,1,1,27392.50,27393.25,27442.50,27394.50,BrickMode*DORMANT,0.0,0,3,610.00,AUTO,Momentum+VWAP,AGGR+CHP+ADP+RUN-EXT+PW+DLK+SLC+TPE+NWS+,BUY,55.0,4.70,0,-1,6.75,6.00,27398.50,27399.00,2,9734,8576,1,5.6,-102.50,-142.50,71.25,-223.50,305.25,G,50,TREND_UP,BRICK_CLOSE,src=primary color=G streak=50 o=27383.00 c=27399.00 hi=27399.00 lo=27383.00
2026-04-30 11:01:48,2754,27399.50,27322.17,27386.30,27363.02,97.04,16.42,79.2,0.0,0.0,0.0,0.0,0.06,0,1.6,1,1,27392.50,27393.25,27442.50,27394.50,BrickMode*DORMANT,0.0,0,3,610.00,AUTO,Momentum+VWAP,AGGR+CHP+ADP+RUN-EXT+PW+DLK+SLC+TPE+NWS+,BUY,55.0,4.71,0,-1,7.00,9.00,27401.50,27402.00,2,9742,8576,1,5.6,-102.25,-142.25,71.50,-223.25,305.50,G,50,TREND_UP,SMART_BE_HANDOFF,tier=3 peak=9.0pt -> BrickTrail PxStop owns SL
2026-04-30 11:01:48,2755,27403.25,27322.21,27390.25,27366.97,97.23,16.35,80.2,0.0,0.0,0.0,0.0,0.07,0,1.6,1,1,27392.50,27393.25,27442.50,27397.50,BrickMode*DORMANT,0.0,0,3,610.00,AUTO,Momentum+VWAP,AGGR+CHP+ADP+RUN-EXT+PW+DLK+SLC+TPE+NWS+,BUY,55.0,4.96,0,-1,10.75,9.00,27401.50,27402.00,2,9984,8598,1,5.4,-98.50,-138.50,75.25,-219.50,309.25,G,51,TREND_UP,BRICK_CLOSE,src=primary color=G streak=51 o=27387.00 c=27403.00 hi=27403.00 lo=27387.00
2026-04-30 11:01:48,2755,27403.25,27322.21,27390.25,27366.97,97.23,16.35,80.2,0.0,0.0,0.0,0.0,0.07,0,1.6,1,1,27392.50,27393.25,27442.50,27397.50,BrickMode*DORMANT,0.0,0,3,610.00,AUTO,Momentum+VWAP,AGGR+CHP+ADP+RUN-EXT+PW+DLK+SLC+TPE+NWS+,BUY,55.0,4.96,0,-1,10.75,9.00,27401.50,27402.00,2,9984,8598,1,5.4,-98.50,-138.50,75.25,-219.50,309.25,G,51,TREND_UP,HEARTBEAT,tradesToday=6 openDca=1
2026-04-30 11:02:02,2755,27400.50,27322.28,27389.70,27366.72,92.89,16.37,80.2,0.0,0.0,0.0,0.0,0.07,0,1.4,1,1,27392.50,27393.25,27442.50,27397.50,BrickMode*DORMANT,0.0,0,3,610.00,AUTO,Momentum+VWAP,AGGR+CHP+ADP+RUN-EXT+PW+DLK+SLC+TPE+NWS+,BUY,55.0,4.78,0,-1,8.00,9.00,27397.00,27397.50,2,10302,8928,1,5.4,-101.25,-141.25,72.50,-222.25,306.50,G,51,TREND_UP,BRICK_TRAIL_HIT,reason=px_stop peak=9.0pt cur=4.5pt retrace=4.5pt effRetraceMin=4.1pt trail=27397.50 px=27397.00 adxSlope=5.39 streak=51 effPct=50
2026-04-30 11:02:02,2755,27400.50,27322.28,27389.70,27366.72,92.89,16.37,80.2,0.0,0.0,0.0,0.0,0.07,0,1.4,1,0,27392.50,27393.25,27442.50,27397.50,BrickMode*DORMANT,0.0,0,4,690.00,AUTO,Momentum+VWAP,AGGR+CHP+ADP+RUN-EXT+PW+DLK+SLC+TPE+NWS+,BUY,55.0,4.78,0,-1,8.00,9.00,27397.00,27397.50,2,10302,8928,1,5.4,-101.25,-141.25,72.50,-222.25,306.50,G,51,TREND_UP,CAP_REFUND,pnl=80.00 thr=25.00 tradesToday=5/20
2026-04-30 11:02:02,2755,27400.50,27322.28,27389.70,27366.72,92.89,16.37,80.2,0.0,0.0,0.0,0.0,0.07,0,1.4,1,0,27392.50,27393.25,27442.50,27397.50,BrickMode*DORMANT,0.0,0,4,690.00,AUTO,Momentum+VWAP,AGGR+CHP+ADP+RUN-EXT+PW+DLK+SLC+TPE+NWS+,BUY,55.0,4.78,0,-1,8.00,9.00,27397.00,27397.50,2,10302,8928,1,5.4,-101.25,-141.25,72.50,-222.25,306.50,G,51,TREND_UP,BRICK_REENTRY_ARMED,dir=1 reason=TRAIL_BrickTrail_PxStop exitPx=27400.50 windowSec=90 minStreak=3
2026-04-30 11:02:02,2755,27400.50,27322.28,27389.70,27366.72,92.89,16.37,80.2,0.0,0.0,0.0,0.0,0.07,0,1.4,1,0,27392.50,27393.25,27442.50,27397.50,BrickMode*DORMANT,0.0,0,4,690.00,AUTO,Momentum+VWAP,AGGR+CHP+ADP+RUN-EXT+PW+DLK+SLC+TPE+NWS+,BUY,55.0,4.78,0,-1,8.00,9.00,27397.00,27397.50,2,10302,8928,1,5.4,-101.25,-141.25,72.50,-222.25,306.50,G,51,TREND_UP,EXIT_WIN_TRAIL_BrickTrail_PxStop,pnl=80.00 consec=4
2026-04-30 11:02:02,2755,27400.50,27322.28,27389.70,27366.72,92.89,16.37,80.2,0.0,0.0,0.0,0.0,0.07,0,1.4,1,0,27392.50,27393.25,27442.50,27397.50,BrickMode*DORMANT,0.0,0,4,690.00,AUTO,Momentum+VWAP,AGGR+CHP+ADP+RUN-EXT+PW+DLK+SLC+TPE+NWS+,BUY,55.0,4.78,0,-1,8.00,9.00,27397.00,27397.50,2,10302,8928,1,5.4,-101.25,-141.25,72.50,-222.25,306.50,G,51,TREND_UP,REGIME_PNL,regime=TREND_UP tradePnl=80.00 regTotal=335.00 thresh=-200
2026-04-30 11:02:50,2756,27374.75,27322.54,27382.63,27365.34,63.66,17.14,76.1,0.0,0.0,0.0,0.0,0.04,0,0.0,0,0,0.00,0.00,0.00,0.00,,0.0,0,4,690.00,AUTO,,AGGR+CHP+ADP+RUN-EXT+PW+DLK+SLC+TPE+NWS+,BUY,55.0,3.05,0,-1,0.00,0.00,27374.50,27375.25,3,11466,10574,0,0.2,-127.00,-167.00,46.75,-248.00,280.75,R,1,TREND_UP,BRICK_CLOSE,src=primary color=R streak=1 o=27391.00 c=27375.00 hi=27403.50 lo=27375.00
2026-04-30 11:02:50,2756,27374.75,27322.54,27382.63,27365.34,63.66,17.14,76.1,0.0,0.0,0.0,0.0,0.04,0,0.0,0,0,0.00,0.00,0.00,0.00,,0.0,0,4,690.00,AUTO,,AGGR+CHP+ADP+RUN-EXT+PW+DLK+SLC+TPE+NWS+,BUY,55.0,3.05,0,-1,0.00,0.00,27374.50,27375.25,3,11466,10574,0,0.2,-127.00,-167.00,46.75,-248.00,280.75,R,1,TREND_UP,BRICK_REENTRY_DISARM,why=opp_brick
2026-04-30 11:02:50,2756,27374.75,27322.54,27382.63,27365.34,63.66,17.14,76.1,0.0,0.0,0.0,0.0,0.04,0,0.0,0,0,0.00,0.00,0.00,0.00,,0.0,0,4,690.00,AUTO,,AGGR+CHP+ADP+RUN-EXT+PW+DLK+SLC+TPE+NWS+,BUY,55.0,3.05,0,-1,0.00,0.00,27374.50,27375.25,3,11466,10574,0,0.2,-127.00,-167.00,46.75,-248.00,280.75,R,1,TREND_UP,RUN_END,color=G len=51 pts=188.0 maxFav=216.0 durSec=1363 startPx=27187.00 endPx=27375.00
2026-04-30 11:02:50,2756,27374.75,27322.54,27382.63,27365.34,63.66,17.14,76.1,0.0,0.0,0.0,0.0,0.04,0,0.0,0,0,0.00,0.00,0.00,0.00,,0.0,0,4,690.00,AUTO,,AGGR+CHP+ADP+RUN-EXT+PW+DLK+SLC+TPE+NWS+,BUY,55.0,3.05,0,-1,0.00,0.00,27374.50,27375.25,3,11466,10574,0,0.2,-127.00,-167.00,46.75,-248.00,280.75,R,1,TREND_UP,PULLBACK_ARM,dir=1 runLen=51 runPts=188.0 maxFav=216.0 extremePx=27375.00 windowSec=900
2026-04-30 11:02:50,2756,27374.75,27322.54,27382.63,27365.34,63.66,17.14,76.1,0.0,0.0,0.0,0.0,0.04,0,0.0,0,0,0.00,0.00,0.00,0.00,,0.0,0,4,690.00,AUTO,,AGGR+CHP+ADP+RUN-EXT+PW+DLK+SLC+TPE+NWS+,BUY,55.0,3.05,0,-1,0.00,0.00,27374.50,27375.25,3,11466,10574,0,0.2,-127.00,-167.00,46.75,-248.00,280.75,R,1,UNKNOWN,REGIME_CHANGE,from=TREND_UP to=UNKNOWN adx=76.1 slope=0.16 atr/avg=1.01 eStack=0 distVwapAtr=3.05 nr=Rx1 flips4=1
2026-04-30 11:02:50,2756,27374.75,27322.54,27382.63,27365.34,63.66,17.14,76.1,10.9,8.0,10.9,8.0,0.04,0,0.0,0,0,0.00,0.00,0.00,0.00,,0.0,0,4,690.00,AUTO,,AGGR+CHP+ADP+RUN-EXT+PW+DLK+SLC+TPE+NWS+,BUY,55.0,3.05,0,-1,0.00,0.00,27374.50,27375.25,3,11466,10574,0,0.2,-127.00,-167.00,46.75,-248.00,280.75,R,1,UNKNOWN,SIGNAL,
2026-04-30 11:02:50,2756,27374.75,27322.54,27382.63,27365.34,63.66,17.14,76.1,10.9,8.0,10.9,8.0,0.04,0,0.0,0,0,0.00,0.00,0.00,0.00,,0.0,0,4,690.00,AUTO,,AGGR+CHP+ADP+RUN-EXT+PW+DLK+SLC+TPE+NWS+,WAIT,55.0,3.05,0,-1,0.00,0.00,27374.50,27375.25,3,11466,10574,0,0.2,-127.00,-167.00,46.75,-248.00,280.75,R,1,UNKNOWN,PULLBACK_DISARM,reason=window dir=1
2026-04-30 11:02:50,2756,27374.75,27322.54,27382.63,27365.34,63.66,17.14,76.1,10.9,8.0,10.9,8.0,0.04,0,0.0,0,0,0.00,0.00,0.00,0.00,,0.0,0,4,690.00,AUTO,,AGGR+CHP+ADP+RUN-EXT+PW+DLK+SLC+TPE+NWS+,WAIT,55.0,3.05,0,-1,0.00,0.00,27374.50,27375.25,3,11466,10574,0,0.2,-127.00,-167.00,46.75,-248.00,280.75,R,1,UNKNOWN,BLOCK_AUTO,reason=tooSoon consecLoss=0 barsSinceExit=1 barsSinceLoss=92
2026-04-30 11:03:49,2757,27370.75,27322.79,27379.65,27365.52,60.46,17.12,73.4,10.9,8.0,10.9,8.0,0.03,0,0.0,0,0,0.00,0.00,0.00,0.00,,0.0,0,4,690.00,AUTO,,AGGR+CHP+ADP+RUN-EXT+PW+DLK+SLC+TPE+NWS+,WAIT,55.0,2.80,0,-1,0.00,0.00,27371.50,27372.25,3,12766,12138,0,-3.7,-131.00,-171.00,42.75,-252.00,276.75,R,2,UNKNOWN,BRICK_CLOSE,src=primary color=R streak=2 o=27387.00 c=27371.00 hi=27388.25 lo=27371.00
2026-04-30 11:03:49,2757,27370.75,27322.79,27379.65,27365.52,60.46,17.12,73.4,10.0,8.0,10.0,8.0,0.03,0,0.0,0,0,0.00,0.00,0.00,0.00,,0.0,0,4,690.00,AUTO,,AGGR+CHP+ADP+RUN-EXT+PW+DLK+SLC+TPE+NWS+,WAIT,55.0,2.80,0,-1,0.00,0.00,27371.50,27372.25,3,12766,12138,0,-3.7,-131.00,-171.00,42.75,-252.00,276.75,R,2,UNKNOWN,SIGNAL,
2026-04-30 11:03:49,2757,27370.75,27322.79,27379.65,27365.52,60.46,17.12,73.4,10.0,8.0,10.0,8.0,0.03,0,0.0,0,0,0.00,0.00,0.00,0.00,,0.0,0,4,690.00,AUTO,,AGGR+CHP+ADP+RUN-EXT+PW+DLK+SLC+TPE+NWS+,WAIT,55.0,2.80,0,-1,0.00,0.00,27371.50,27372.25,3,12766,12138,0,-3.7,-131.00,-171.00,42.75,-252.00,276.75,R,2,UNKNOWN,BLOCK_AUTO,reason=tooSoon consecLoss=0 barsSinceExit=2 barsSinceLoss=93
2026-04-30 11:04:16,2758,27366.75,27322.91,27376.47,27365.32,57.36,17.02,70.3,10.0,8.0,10.0,8.0,0.02,0,0.0,0,0,0.00,0.00,0.00,0.00,,0.0,0,4,690.00,AUTO,,AGGR+CHP+ADP+RUN-EXT+PW+DLK+SLC+TPE+NWS+,WAIT,55.0,2.58,0,-1,0.00,0.00,27365.25,27366.25,4,13496,12970,0,-7.9,-135.00,-175.00,38.75,-256.00,272.75,R,3,UNKNOWN,BRICK_CLOSE,src=primary color=R streak=3 o=27383.00 c=27367.00 hi=27383.00 lo=27367.00
2026-04-30 11:04:16,2758,27366.75,27322.91,27376.47,27365.32,57.36,17.02,70.3,10.0,8.0,10.0,8.0,0.02,0,0.0,0,0,0.00,0.00,0.00,0.00,,0.0,0,4,690.00,AUTO,,AGGR+CHP+ADP+RUN-EXT+PW+DLK+SLC+TPE+NWS+,WAIT,55.0,2.58,0,-1,0.00,0.00,27365.25,27366.25,4,13496,12970,0,-7.9,-135.00,-175.00,38.75,-256.00,272.75,R,3,UNKNOWN,SIGNAL,
2026-04-30 11:04:16,2758,27366.75,27322.91,27376.47,27365.32,57.36,17.02,70.3,10.0,8.0,10.0,8.0,0.02,0,0.0,0,0,0.00,0.00,0.00,0.00,,0.0,0,4,690.00,AUTO,,AGGR+CHP+ADP+RUN-EXT+PW+DLK+SLC+TPE+NWS+,WAIT,55.0,2.58,0,-1,0.00,0.00,27365.25,27366.25,4,13496,12970,0,-7.9,-135.00,-175.00,38.75,-256.00,272.75,R,3,UNKNOWN,BLOCK_AUTO,reason=tooSoon consecLoss=0 barsSinceExit=3 barsSinceLoss=94
2026-04-30 11:06:21,2759,27362.75,27323.35,27373.13,27364.78,54.36,17.26,66.8,10.0,8.0,10.0,8.0,-0.03,0,0.0,0,0,0.00,0.00,0.00,0.00,,0.0,0,4,690.00,AUTO,,AGGR+CHP+ADP+RUN-EXT+PW+DLK+SLC+TPE+NWS+,WAIT,55.0,2.28,0,-1,0.00,0.00,27359.25,27359.75,2,2164,2298,0,-12.5,-139.00,-179.00,34.75,-260.00,268.75,R,4,UNKNOWN,BRICK_CLOSE,src=primary color=R streak=4 o=27379.00 c=27363.00 hi=27384.00 lo=27363.00
2026-04-30 11:06:21,2759,27362.75,27323.35,27373.13,27364.78,54.36,17.26,66.8,10.0,8.0,10.0,8.0,-0.03,0,0.0,0,0,0.00,0.00,0.00,0.00,,0.0,0,4,690.00,AUTO,,AGGR+CHP+ADP+RUN-EXT+PW+DLK+SLC+TPE+NWS+,WAIT,55.0,2.28,0,-1,0.00,0.00,27359.25,27359.75,2,2164,2298,0,-12.5,-139.00,-179.00,34.75,-260.00,268.75,R,4,UNKNOWN,SIGNAL,
2026-04-30 11:06:21,2760,27358.75,27323.36,27369.65,27363.92,51.46,17.15,63.0,10.0,8.0,10.0,8.0,-0.05,0,0.0,0,0,0.00,0.00,0.00,0.00,,0.0,0,4,690.00,AUTO,,AGGR+CHP+ADP+RUN-EXT+PW+DLK+SLC+TPE+NWS+,WAIT,55.0,2.06,0,-1,0.00,0.00,27359.25,27359.75,2,2174,2422,0,-14.7,-143.00,-183.00,30.75,-264.00,264.75,R,5,UNKNOWN,BRICK_CLOSE,src=primary color=R streak=5 o=27375.00 c=27359.00 hi=27375.00 lo=27359.00
2026-04-30 11:06:21,2760,27358.75,27323.36,27369.65,27363.92,51.46,17.15,63.0,10.0,8.0,10.0,8.0,-0.05,0,0.0,0,0,0.00,0.00,0.00,0.00,,0.0,0,4,690.00,AUTO,,AGGR+CHP+ADP+RUN-EXT+PW+DLK+SLC+TPE+NWS+,WAIT,55.0,2.06,0,-1,0.00,0.00,27359.25,27359.75,2,2174,2422,0,-14.7,-143.00,-183.00,30.75,-264.00,264.75,R,5,UNKNOWN,SIGNAL,
2026-04-30 11:07:52,2761,27387.25,27323.88,27377.69,27368.38,65.60,18.01,61.9,10.0,8.0,10.0,8.0,0.04,0,0.0,0,0,0.00,0.00,0.00,0.00,,0.0,0,4,690.00,AUTO,,AGGR+CHP+ADP+RUN-EXT+PW+DLK+SLC+TPE+NWS+,WAIT,55.0,3.52,0,-1,0.00,0.00,27390.00,27390.75,3,5670,5250,1,-13.6,-114.50,-154.50,59.25,-235.50,293.25,G,1,UNKNOWN,BRICK_CLOSE,src=primary color=G streak=1 o=27371.00 c=27387.00 hi=27387.00 lo=27356.50
2026-04-30 11:07:52,2761,27387.25,27323.88,27377.69,27368.38,65.60,18.01,61.9,10.0,8.0,10.0,8.0,0.04,0,0.0,0,0,0.00,0.00,0.00,0.00,,0.0,0,4,690.00,AUTO,,AGGR+CHP+ADP+RUN-EXT+PW+DLK+SLC+TPE+NWS+,WAIT,55.0,3.52,0,-1,0.00,0.00,27390.00,27390.75,3,5670,5250,1,-13.6,-114.50,-154.50,59.25,-235.50,293.25,G,1,UNKNOWN,RUN_END,color=R len=5 pts=4.0 maxFav=32.0 durSec=302 startPx=27391.00 endPx=27387.00
2026-04-30 11:07:52,2761,27387.25,27323.88,27377.69,27368.38,65.60,18.01,61.9,63.5,8.0,63.5,8.0,0.04,0,0.0,0,0,0.00,0.00,0.00,0.00,,0.0,0,4,690.00,AUTO,,AGGR+CHP+ADP+RUN-EXT+PW+DLK+SLC+TPE+NWS+,WAIT,55.0,3.52,0,-1,0.00,0.00,27390.00,27390.75,3,5670,5250,1,-13.6,-114.50,-154.50,59.25,-235.50,293.25,G,1,UNKNOWN,SIGNAL,
2026-04-30 11:07:52,2761,27387.25,27323.88,27377.69,27368.38,65.60,18.01,61.9,63.5,8.0,63.5,8.0,0.04,0,0.0,0,0,0.00,0.00,0.00,0.00,,0.0,0,4,690.00,AUTO,,AGGR+CHP+ADP+RUN-EXT+PW+DLK+SLC+TPE+NWS+,BUY,55.0,3.52,0,-1,0.00,0.00,27390.00,27390.75,3,5670,5250,1,-13.6,-114.50,-154.50,59.25,-235.50,293.25,G,1,UNKNOWN,BLOCK_AUTO,side=L reason=htfBlockL bull=63.5 effMin=60.0 tc=False
2026-04-30 11:07:52,2762,27391.25,27323.90,27381.00,27370.77,67.05,17.85,60.4,63.5,8.0,63.5,8.0,0.04,0,0.0,0,0,0.00,0.00,0.00,0.00,,0.0,0,4,690.00,AUTO,,AGGR+CHP+ADP+RUN-EXT+PW+DLK+SLC+TPE+NWS+,BUY,55.0,3.77,0,-1,0.00,0.00,27390.00,27390.75,3,5816,5340,1,-12.4,-110.50,-150.50,63.25,-231.50,297.25,G,2,UNKNOWN,BRICK_CLOSE,src=primary color=G streak=2 o=27375.00 c=27391.00 hi=27391.00 lo=27375.00
2026-04-30 11:07:52,2762,27391.25,27323.90,27381.00,27370.77,67.05,17.85,60.4,42.5,8.0,42.5,8.0,0.04,0,0.0,0,0,0.00,0.00,0.00,0.00,,0.0,0,4,690.00,AUTO,,AGGR+CHP+ADP+RUN-EXT+PW+DLK+SLC+TPE+NWS+,BUY,55.0,3.77,0,-1,0.00,0.00,27390.00,27390.75,3,5816,5340,1,-12.4,-110.50,-150.50,63.25,-231.50,297.25,G,2,UNKNOWN,SIGNAL,
2026-04-30 11:08:32,2763,27395.25,27324.10,27384.45,27373.30,68.49,17.70,59.4,42.5,8.0,42.5,8.0,0.04,0,0.0,0,0,0.00,0.00,0.00,0.00,,0.0,0,4,690.00,AUTO,,AGGR+CHP+ADP+RUN-EXT+PW+DLK+SLC+TPE+NWS+,WAIT,55.0,4.02,0,-1,0.00,0.00,27395.00,27395.75,3,6796,6322,1,-10.3,-106.50,-146.50,67.25,-227.50,301.25,G,3,UNKNOWN,BRICK_CLOSE,src=primary color=G streak=3 o=27379.00 c=27395.00 hi=27395.00 lo=27379.00
2026-04-30 11:08:32,2763,27395.25,27324.10,27384.45,27373.30,68.49,17.70,59.4,55.3,8.0,55.3,8.0,0.04,0,0.0,0,0,0.00,0.00,0.00,0.00,,0.0,0,4,690.00,AUTO,,AGGR+CHP+ADP+RUN-EXT+PW+DLK+SLC+TPE+NWS+,WAIT,55.0,4.02,0,-1,0.00,0.00,27395.00,27395.75,3,6796,6322,1,-10.3,-106.50,-146.50,67.25,-227.50,301.25,G,3,UNKNOWN,SIGNAL,
2026-04-30 11:09:26,2764,27399.25,27324.34,27388.01,27375.97,69.90,17.56,58.6,55.3,8.0,55.3,8.0,0.04,0,0.0,0,0,0.00,0.00,0.00,0.00,,0.0,0,4,690.00,AUTO,,AGGR+CHP+ADP+RUN-EXT+PW+DLK+SLC+TPE+NWS+,BUY,55.0,4.27,0,-1,0.00,0.00,27397.50,27398.25,3,7998,7404,1,-7.6,-102.50,-142.50,71.25,-223.50,305.25,G,4,UNKNOWN,BRICK_CLOSE,src=primary color=G streak=4 o=27383.00 c=27399.00 hi=27399.00 lo=27383.00
2026-04-30 11:09:26,2764,27399.25,27324.34,27388.01,27375.97,69.90,17.56,58.6,55.3,8.0,55.3,8.0,0.04,0,0.0,0,0,0.00,0.00,0.00,0.00,,0.0,0,4,690.00,AUTO,,AGGR+CHP+ADP+RUN-EXT+PW+DLK+SLC+TPE+NWS+,BUY,55.0,4.27,0,-1,0.00,0.00,27397.50,27398.25,3,7998,7404,1,-7.6,-102.50,-142.50,71.25,-223.50,305.25,G,4,UNKNOWN,SIGNAL,
2026-04-30 11:09:56,2765,27403.25,27324.57,27391.66,27378.76,71.29,17.43,58.1,55.3,8.0,55.3,8.0,0.03,0,0.0,0,0,0.00,0.00,0.00,0.00,,0.0,0,4,690.00,AUTO,,AGGR+CHP+ADP+RUN-EXT+PW+DLK+SLC+TPE+NWS+,BUY,55.0,4.51,0,-1,0.00,0.00,27401.75,27402.50,3,9022,8456,1,-5.9,-98.50,-138.50,75.25,-219.50,309.25,G,5,UNKNOWN,BRICK_CLOSE,src=primary color=G streak=5 o=27387.00 c=27403.00 hi=27403.00 lo=27387.00
2026-04-30 11:09:56,2765,27403.25,27324.57,27391.66,27378.76,71.29,17.43,58.1,55.3,8.0,55.3,8.0,0.03,0,0.0,0,0,0.00,0.00,0.00,0.00,,0.0,0,4,690.00,AUTO,,AGGR+CHP+ADP+RUN-EXT+PW+DLK+SLC+TPE+NWS+,BUY,55.0,4.51,0,-1,0.00,0.00,27401.75,27402.50,3,9022,8456,1,-5.9,-98.50,-138.50,75.25,-219.50,309.25,G,5,UNKNOWN,SIGNAL,
2026-04-30 11:10:00,2766,27407.25,27324.60,27395.38,27381.66,72.65,17.31,57.9,55.3,8.0,55.3,8.0,0.04,0,0.0,0,0,0.00,0.00,0.00,0.00,,0.0,0,4,690.00,AUTO,,AGGR+CHP+ADP+RUN-EXT+PW+DLK+SLC+TPE+NWS+,BUY,55.0,4.78,0,-1,0.00,0.00,27406.50,27407.25,3,9218,8570,1,-4.3,-94.50,-134.50,79.25,-215.50,313.25,G,6,UNKNOWN,BRICK_CLOSE,src=primary color=G streak=6 o=27391.00 c=27407.00 hi=27407.00 lo=27391.00
2026-04-30 11:10:00,2766,27407.25,27324.60,27395.38,27381.66,72.65,17.31,57.9,42.5,8.0,42.5,8.0,0.04,0,0.0,0,0,0.00,0.00,0.00,0.00,,0.0,0,4,690.00,AUTO,,AGGR+CHP+ADP+RUN-EXT+PW+DLK+SLC+TPE+NWS+,BUY,55.0,4.78,0,-1,0.00,0.00,27406.50,27407.25,3,9218,8570,1,-4.3,-94.50,-134.50,79.25,-215.50,313.25,G,6,UNKNOWN,SIGNAL,
2026-04-30 11:10:27,2767,27411.25,27324.84,27399.15,27384.66,73.97,17.33,57.8,42.5,8.0,42.5,8.0,0.03,0,0.0,0,0,0.00,0.00,0.00,0.00,,0.0,0,4,690.00,AUTO,,AGGR+CHP+ADP+RUN-EXT+PW+DLK+SLC+TPE+NWS+,WAIT,55.0,4.99,0,-1,0.00,0.00,27409.50,27410.00,2,10196,9518,1,-2.8,-90.50,-130.50,83.25,-211.50,317.25,G,7,UNKNOWN,BRICK_CLOSE,src=primary color=G streak=7 o=27395.00 c=27411.00 hi=27411.00 lo=27393.00
2026-04-30 11:10:27,2767,27411.25,27324.84,27399.15,27384.66,73.97,17.33,57.8,55.3,8.0,55.3,8.0,0.03,0,0.0,0,0,0.00,0.00,0.00,0.00,,0.0,0,4,690.00,AUTO,,AGGR+CHP+ADP+RUN-EXT+PW+DLK+SLC+TPE+NWS+,WAIT,55.0,4.99,0,-1,0.00,0.00,27409.50,27410.00,2,10196,9518,1,-2.8,-90.50,-130.50,83.25,-211.50,317.25,G,7,UNKNOWN,SIGNAL,
2026-04-30 11:11:51,2768,27415.25,27325.27,27402.97,27387.75,75.26,17.31,58.0,55.3,8.0,55.3,8.0,0.05,0,0.0,0,0,0.00,0.00,0.00,0.00,,0.0,0,4,690.00,AUTO,,AGGR+CHP+ADP+RUN-EXT+PW+DLK+SLC+TPE+NWS+,BUY,55.0,5.20,0,-1,0.00,0.00,27413.00,27413.75,3,12114,11002,1,-1.6,-86.50,-126.50,87.25,-207.50,321.25,G,8,UNKNOWN,BRICK_CLOSE,src=primary color=G streak=8 o=27399.00 c=27415.00 hi=27415.00 lo=27397.50
2026-04-30 11:11:51,2768,27415.25,27325.27,27402.97,27387.75,75.26,17.31,58.0,55.3,8.0,55.3,8.0,0.05,0,0.0,0,0,0.00,0.00,0.00,0.00,,0.0,0,4,690.00,AUTO,,AGGR+CHP+ADP+RUN-EXT+PW+DLK+SLC+TPE+NWS+,BUY,55.0,5.20,0,-1,0.00,0.00,27413.00,27413.75,3,12114,11002,1,-1.6,-86.50,-126.50,87.25,-207.50,321.25,G,8,UNKNOWN,HEARTBEAT,tradesToday=5 openDca=0
2026-04-30 11:11:51,2768,27415.25,27325.27,27402.97,27387.75,75.26,17.31,58.0,93.5,8.0,93.5,8.0,0.05,1,0.0,0,0,0.00,0.00,0.00,0.00,,0.0,0,4,690.00,AUTO,,AGGR+CHP+ADP+RUN-EXT+PW+DLK+SLC+TPE+NWS+,BUY,55.0,5.20,0,-1,0.00,0.00,27413.00,27413.75,3,12114,11002,1,-1.6,-86.50,-126.50,87.25,-207.50,321.25,G,8,UNKNOWN,SIGNAL,
2026-04-30 11:11:51,2768,27415.25,27325.27,27402.97,27387.75,75.26,17.31,58.0,93.5,8.0,93.5,8.0,0.05,1,0.0,0,0,0.00,0.00,0.00,0.00,,0.0,0,4,690.00,AUTO,,AGGR+CHP+ADP+RUN-EXT+PW+DLK+SLC+TPE+NWS+,BUY,55.0,5.20,0,-1,0.00,0.00,27413.00,27413.75,3,12114,11002,1,-1.6,-86.50,-126.50,87.25,-207.50,321.25,G,8,UNKNOWN,BLOCK_EXTENSION,dir=1 dist=90.0 atr=17.3 ratio=5.20 max=5.00 loose=False
2026-04-30 11:12:28,2769,27386.75,27325.51,27395.21,27385.33,54.61,18.01,54.7,93.5,8.0,93.5,8.0,0.03,1,0.0,0,0,0.00,0.00,0.00,0.00,,0.0,0,4,690.00,AUTO,,AGGR+CHP+ADP+RUN-EXT+PW+DLK+SLC+TPE+NWS+,BUY,55.0,3.40,0,-1,0.00,0.00,27387.25,27388.00,3,13078,12330,0,-4.1,-115.00,-155.00,58.75,-236.00,292.75,R,1,UNKNOWN,BRICK_CLOSE,src=primary color=R streak=1 o=27403.00 c=27387.00 hi=27415.25 lo=27387.00
2026-04-30 11:12:28,2769,27386.75,27325.51,27395.21,27385.33,54.61,18.01,54.7,93.5,8.0,93.5,8.0,0.03,1,0.0,0,0,0.00,0.00,0.00,0.00,,0.0,0,4,690.00,AUTO,,AGGR+CHP+ADP+RUN-EXT+PW+DLK+SLC+TPE+NWS+,BUY,55.0,3.40,0,-1,0.00,0.00,27387.25,27388.00,3,13078,12330,0,-4.1,-115.00,-155.00,58.75,-236.00,292.75,R,1,UNKNOWN,RUN_END,color=G len=8 pts=16.0 maxFav=44.0 durSec=276 startPx=27371.00 endPx=27387.00
2026-04-30 11:12:28,2769,27386.75,27325.51,27395.21,27385.33,54.61,18.01,54.7,11.0,8.0,11.0,8.0,0.03,0,0.0,0,0,0.00,0.00,0.00,0.00,,0.0,0,4,690.00,AUTO,,AGGR+CHP+ADP+RUN-EXT+PW+DLK+SLC+TPE+NWS+,BUY,55.0,3.40,0,-1,0.00,0.00,27387.25,27388.00,3,13078,12330,0,-4.1,-115.00,-155.00,58.75,-236.00,292.75,R,1,UNKNOWN,SIGNAL,
2026-04-30 11:12:28,2769,27386.75,27325.51,27395.21,27385.33,54.61,18.01,54.7,11.0,8.0,11.0,8.0,0.03,0,0.0,0,0,0.00,0.00,0.00,0.00,,0.0,0,4,690.00,AUTO,,AGGR+CHP+ADP+RUN-EXT+PW+DLK+SLC+TPE+NWS+,WAIT,55.0,3.40,0,-1,0.00,0.00,27387.25,27388.00,3,13078,12330,0,-4.1,-115.00,-155.00,58.75,-236.00,292.75,R,1,UNKNOWN,SWEEP_BOOST,bull=False bear=True lookback=30
2026-04-30 11:13:00,2770,27382.75,27325.63,27392.12,27384.78,52.41,17.85,52.1,11.0,8.0,11.0,8.0,0.02,0,0.0,0,0,0.00,0.00,0.00,0.00,,0.0,0,4,690.00,AUTO,,AGGR+CHP+ADP+RUN-EXT+PW+DLK+SLC+TPE+NWS+,WAIT,55.0,3.20,0,-1,0.00,0.00,27382.25,27383.00,3,13646,13062,0,-6.2,-119.00,-159.00,54.75,-240.00,288.75,R,2,UNKNOWN,BRICK_CLOSE,src=primary color=R streak=2 o=27399.00 c=27383.00 hi=27399.00 lo=27383.00
2026-04-30 11:13:00,2770,27382.75,27325.63,27392.12,27384.78,52.41,17.85,52.1,10.0,8.0,10.0,8.0,0.02,0,0.0,0,0,0.00,0.00,0.00,0.00,,0.0,0,4,690.00,AUTO,,AGGR+CHP+ADP+RUN-EXT+PW+DLK+SLC+TPE+NWS+,WAIT,55.0,3.20,0,-1,0.00,0.00,27382.25,27383.00,3,13646,13062,0,-6.2,-119.00,-159.00,54.75,-240.00,288.75,R,2,UNKNOWN,SIGNAL,
2026-04-30 11:13:01,2771,27378.75,27325.64,27388.84,27383.92,50.24,17.70,49.3,10.0,8.0,10.0,8.0,0.02,0,0.0,0,0,0.00,0.00,0.00,0.00,,0.0,0,4,690.00,AUTO,,AGGR+CHP+ADP+RUN-EXT+PW+DLK+SLC+TPE+NWS+,WAIT,55.0,3.00,0,-1,0.00,0.00,27379.00,27379.50,2,13674,13160,0,-8.8,-123.00,-163.00,50.75,-244.00,284.75,R,3,UNKNOWN,BRICK_CLOSE,src=primary color=R streak=3 o=27395.00 c=27379.00 hi=27395.00 lo=27379.00
2026-04-30 11:13:01,2771,27378.75,27325.64,27388.84,27383.92,50.24,17.70,49.3,10.0,8.0,10.0,8.0,0.02,0,0.0,0,0,0.00,0.00,0.00,0.00,,0.0,0,4,690.00,AUTO,,AGGR+CHP+ADP+RUN-EXT+PW+DLK+SLC+TPE+NWS+,WAIT,55.0,3.00,0,-1,0.00,0.00,27379.00,27379.50,2,13674,13160,0,-8.8,-123.00,-163.00,50.75,-244.00,284.75,R,3,UNKNOWN,SIGNAL,
2026-04-30 11:13:04,2772,27374.75,27325.67,27385.42,27382.78,48.09,17.56,46.1,10.0,8.0,10.0,8.0,0.02,0,0.0,0,0,0.00,0.00,0.00,0.00,,0.0,0,4,690.00,AUTO,,AGGR+CHP+ADP+RUN-EXT+PW+DLK+SLC+TPE+NWS+,WAIT,55.0,2.80,0,-1,0.00,0.00,27374.25,27374.75,2,13786,13358,0,-11.9,-127.00,-167.00,46.75,-248.00,280.75,R,4,UNKNOWN,BRICK_CLOSE,src=primary color=R streak=4 o=27391.00 c=27375.00 hi=27391.00 lo=27375.00
2026-04-30 11:13:04,2772,27374.75,27325.67,27385.42,27382.78,48.09,17.56,46.1,10.0,8.0,10.0,8.0,0.02,0,0.0,0,0,0.00,0.00,0.00,0.00,,0.0,0,4,690.00,AUTO,,AGGR+CHP+ADP+RUN-EXT+PW+DLK+SLC+TPE+NWS+,WAIT,55.0,2.80,0,-1,0.00,0.00,27374.25,27374.75,2,13786,13358,0,-11.9,-127.00,-167.00,46.75,-248.00,280.75,R,4,UNKNOWN,SIGNAL,
2026-04-30 11:15:00,2773,27403.50,27326.14,27393.56,27387.00,61.02,18.39,45.7,10.0,8.0,10.0,8.0,0.41,0,0.0,0,0,0.00,0.00,0.00,0.00,,0.0,0,4,690.00,AUTO,,AGGR+CHP+ADP+RUN-EXT+PW+DLK+SLC+TPE+NWS+,WAIT,55.0,4.21,0,-1,0.00,0.00,27402.00,27402.75,3,302,126,1,-10.6,-98.25,-138.25,75.50,-219.25,309.50,G,1,UNKNOWN,BRICK_CLOSE,src=primary color=G streak=1 o=27387.00 c=27403.00 hi=27403.00 lo=27372.75
2026-04-30 11:15:00,2773,27403.50,27326.14,27393.56,27387.00,61.02,18.39,45.7,10.0,8.0,10.0,8.0,0.41,0,0.0,0,0,0.00,0.00,0.00,0.00,,0.0,0,4,690.00,AUTO,,AGGR+CHP+ADP+RUN-EXT+PW+DLK+SLC+TPE+NWS+,WAIT,55.0,4.21,0,-1,0.00,0.00,27402.00,27402.75,3,302,126,1,-10.6,-98.25,-138.25,75.50,-219.25,309.50,G,1,UNKNOWN,RUN_END,color=R len=4 pts=0.0 maxFav=28.0 durSec=152 startPx=27403.00 endPx=27403.00
2026-04-30 11:15:00,2773,27403.50,27326.14,27393.56,27387.00,61.02,18.39,45.7,73.5,3.0,73.5,3.0,0.41,0,0.0,0,0,0.00,0.00,0.00,0.00,,0.0,0,4,690.00,AUTO,,AGGR+CHP+ADP+RUN-EXT+PW+DLK+SLC+TPE+NWS+,WAIT,55.0,4.21,0,-1,0.00,0.00,27402.00,27402.75,3,302,126,1,-10.6,-98.25,-138.25,75.50,-219.25,309.50,G,1,UNKNOWN,SIGNAL,
2026-04-30 11:15:00,2773,27403.50,27326.14,27393.56,27387.00,61.02,18.39,45.7,73.5,3.0,73.5,3.0,0.41,0,0.0,0,0,0.00,0.00,0.00,0.00,,0.0,0,4,690.00,AUTO,,AGGR+CHP+ADP+RUN-EXT+PW+DLK+SLC+TPE+NWS+,BUY,55.0,4.21,0,-1,0.00,0.00,27402.00,27402.75,3,302,126,1,-10.6,-98.25,-138.25,75.50,-219.25,309.50,G,1,UNKNOWN,BLOCK_AUTO,side=L reason=htfBlockL bull=73.5 effMin=60.0 tc=False
2026-04-30 11:15:30,2774,27407.25,27326.27,27396.86,27389.13,62.34,18.18,44.8,73.5,3.0,73.5,3.0,0.21,0,0.0,0,0,0.00,0.00,0.00,0.00,,0.0,0,4,690.00,AUTO,,AGGR+CHP+ADP+RUN-EXT+PW+DLK+SLC+TPE+NWS+,BUY,55.0,4.45,0,-1,0.00,0.00,27407.50,27408.00,2,936,612,1,-9.3,-94.50,-134.50,79.25,-215.50,313.25,G,2,UNKNOWN,BRICK_CLOSE,src=primary color=G streak=2 o=27391.00 c=27407.00 hi=27407.00 lo=27391.00
2026-04-30 11:15:30,2774,27407.25,27326.27,27396.86,27389.13,62.34,18.18,44.8,55.3,8.0,55.3,8.0,0.21,0,0.0,0,0,0.00,0.00,0.00,0.00,,0.0,0,4,690.00,AUTO,,AGGR+CHP+ADP+RUN-EXT+PW+DLK+SLC+TPE+NWS+,BUY,55.0,4.45,0,-1,0.00,0.00,27407.50,27408.00,2,936,612,1,-9.3,-94.50,-134.50,79.25,-215.50,313.25,G,2,UNKNOWN,SIGNAL,
2026-04-30 11:21:55,2775,27378.75,27327.32,27388.72,27385.85,48.83,19.00,41.0,55.3,8.0,55.3,8.0,0.02,0,0.0,0,0,0.00,0.00,0.00,0.00,,0.0,0,4,690.00,AUTO,,AGGR+CHP+ADP+RUN-EXT+PW+DLK+SLC+TPE+NWS+,BUY,55.0,2.71,0,-1,0.00,0.00,27378.75,27379.50,3,6624,6338,0,-10.6,-123.00,-163.00,50.75,-244.00,284.75,R,1,UNKNOWN,BRICK_CLOSE,src=primary color=R streak=1 o=27395.00 c=27379.00 hi=27410.00 lo=27379.00
2026-04-30 11:21:55,2775,27378.75,27327.32,27388.72,27385.85,48.83,19.00,41.0,55.3,8.0,55.3,8.0,0.02,0,0.0,0,0,0.00,0.00,0.00,0.00,,0.0,0,4,690.00,AUTO,,AGGR+CHP+ADP+RUN-EXT+PW+DLK+SLC+TPE+NWS+,BUY,55.0,2.71,0,-1,0.00,0.00,27378.75,27379.50,3,6624,6338,0,-10.6,-123.00,-163.00,50.75,-244.00,284.75,R,1,UNKNOWN,RUN_END,color=G len=2 pts=8.0 maxFav=20.0 durSec=415 startPx=27387.00 endPx=27379.00
2026-04-30 11:21:55,2775,27378.75,27327.32,27388.72,27385.85,48.83,19.00,41.0,55.3,8.0,55.3,8.0,0.02,0,0.0,0,0,0.00,0.00,0.00,0.00,,0.0,0,4,690.00,AUTO,,AGGR+CHP+ADP+RUN-EXT+PW+DLK+SLC+TPE+NWS+,BUY,55.0,2.71,0,-1,0.00,0.00,27378.75,27379.50,3,6624,6338,0,-10.6,-123.00,-163.00,50.75,-244.00,284.75,R,1,UNKNOWN,HEARTBEAT,tradesToday=5 openDca=0
2026-04-30 11:21:55,2775,27378.75,27327.32,27388.72,27385.85,48.83,19.00,41.0,15.0,8.0,15.0,8.0,0.02,0,0.0,0,0,0.00,0.00,0.00,0.00,,0.0,0,4,690.00,AUTO,,AGGR+CHP+ADP+RUN-EXT+PW+DLK+SLC+TPE+NWS+,BUY,55.0,2.71,0,-1,0.00,0.00,27378.75,27379.50,3,6624,6338,0,-10.6,-123.00,-163.00,50.75,-244.00,284.75,R,1,UNKNOWN,SIGNAL,
2026-04-30 11:26:39,2776,27407.25,27328.22,27396.94,27390.13,58.57,19.70,38.5,15.0,8.0,15.0,8.0,0.06,0,0.0,0,0,0.00,0.00,0.00,0.00,,0.0,0,4,690.00,AUTO,,AGGR+CHP+ADP+RUN-EXT+PW+DLK+SLC+TPE+NWS+,WAIT,55.0,4.01,0,-1,0.00,0.00,27405.75,27406.50,3,2048,1834,1,-10.3,-94.50,-134.50,79.25,-215.50,313.25,G,1,UNKNOWN,BRICK_CLOSE,src=primary color=G streak=1 o=27391.00 c=27407.00 hi=27407.00 lo=27377.00
2026-04-30 11:26:39,2776,27407.25,27328.22,27396.94,27390.13,58.57,19.70,38.5,15.0,8.0,15.0,8.0,0.06,0,0.0,0,0,0.00,0.00,0.00,0.00,,0.0,0,4,690.00,AUTO,,AGGR+CHP+ADP+RUN-EXT+PW+DLK+SLC+TPE+NWS+,WAIT,55.0,4.01,0,-1,0.00,0.00,27405.75,27406.50,3,2048,1834,1,-10.3,-94.50,-134.50,79.25,-215.50,313.25,G,1,UNKNOWN,RUN_END,color=R len=1 pts=12.0 maxFav=0.0 durSec=284 startPx=27395.00 endPx=27407.00
2026-04-30 11:26:39,2776,27407.25,27328.22,27396.94,27390.13,58.57,19.70,38.5,63.5,8.0,63.5,8.0,0.06,0,0.0,0,0,0.00,0.00,0.00,0.00,,0.0,0,4,690.00,AUTO,,AGGR+CHP+ADP+RUN-EXT+PW+DLK+SLC+TPE+NWS+,WAIT,55.0,4.01,0,-1,0.00,0.00,27405.75,27406.50,3,2048,1834,1,-10.3,-94.50,-134.50,79.25,-215.50,313.25,G,1,UNKNOWN,SIGNAL,
2026-04-30 11:26:39,2776,27407.25,27328.22,27396.94,27390.13,58.57,19.70,38.5,63.5,8.0,63.5,8.0,0.06,0,0.0,0,0,0.00,0.00,0.00,0.00,,0.0,0,4,690.00,AUTO,,AGGR+CHP+ADP+RUN-EXT+PW+DLK+SLC+TPE+NWS+,BUY,55.0,4.01,0,-1,0.00,0.00,27405.75,27406.50,3,2048,1834,1,-10.3,-94.50,-134.50,79.25,-215.50,313.25,G,1,UNKNOWN,BLOCK_AUTO,side=L reason=htfBlockL bull=63.5 effMin=60.0 tc=False
2026-04-30 11:29:16,2777,27411.25,27328.71,27400.40,27392.36,59.73,19.78,37.0,63.5,8.0,63.5,8.0,0.05,0,0.0,0,0,0.00,0.00,0.00,0.00,,0.0,0,4,690.00,AUTO,,AGGR+CHP+ADP+RUN-EXT+PW+DLK+SLC+TPE+NWS+,BUY,55.0,4.17,0,-1,0.00,0.00,27410.00,27410.50,2,4426,4032,1,-10.2,-90.50,-130.50,83.25,-211.50,317.25,G,2,UNKNOWN,BRICK_CLOSE,src=primary color=G streak=2 o=27395.00 c=27411.00 hi=27411.00 lo=27389.50
2026-04-30 11:29:16,2777,27411.25,27328.71,27400.40,27392.36,59.73,19.78,37.0,55.3,8.0,55.3,8.0,0.05,0,0.0,0,0,0.00,0.00,0.00,0.00,,0.0,0,4,690.00,AUTO,,AGGR+CHP+ADP+RUN-EXT+PW+DLK+SLC+TPE+NWS+,BUY,55.0,4.17,0,-1,0.00,0.00,27410.00,27410.50,2,4426,4032,1,-10.2,-90.50,-130.50,83.25,-211.50,317.25,G,2,UNKNOWN,SIGNAL,
2026-04-30 11:29:24,2778,27415.25,27328.77,27403.97,27394.75,60.91,19.49,35.9,55.3,8.0,55.3,8.0,0.05,0,0.0,0,0,0.00,0.00,0.00,0.00,,0.0,0,4,690.00,AUTO,,AGGR+CHP+ADP+RUN-EXT+PW+DLK+SLC+TPE+NWS+,BUY,55.0,4.44,0,-1,0.00,0.00,27413.75,27414.25,2,4700,4286,1,-10.0,-86.50,-126.50,87.25,-207.50,321.25,G,3,UNKNOWN,BRICK_CLOSE,src=primary color=G streak=3 o=27399.00 c=27415.00 hi=27415.00 lo=27399.00
2026-04-30 11:29:24,2778,27415.25,27328.77,27403.97,27394.75,60.91,19.49,35.9,65.5,8.0,65.5,8.0,0.05,1,0.0,0,0,0.00,0.00,0.00,0.00,,0.0,0,4,690.00,AUTO,,AGGR+CHP+ADP+RUN-EXT+PW+DLK+SLC+TPE+NWS+,BUY,55.0,4.44,0,-1,0.00,0.00,27413.75,27414.25,2,4700,4286,1,-10.0,-86.50,-126.50,87.25,-207.50,321.25,G,3,UNKNOWN,SIGNAL,
2026-04-30 11:29:24,2778,27415.25,27328.77,27403.97,27394.75,60.91,19.49,35.9,65.5,8.0,65.5,8.0,0.05,1,0.0,0,0,0.00,0.00,0.00,0.00,,0.0,0,4,690.00,AUTO,,AGGR+CHP+ADP+RUN-EXT+PW+DLK+SLC+TPE+NWS+,BUY,55.0,4.44,0,-1,0.00,0.00,27413.75,27414.25,2,4700,4286,1,-10.0,-86.50,-126.50,87.25,-207.50,321.25,G,3,UNKNOWN,BLOCK_AUTO,side=L reason=htfBlockL bull=65.5 effMin=60.0 tc=False
2026-04-30 11:30:27,2779,27419.25,27329.14,27407.63,27397.29,62.11,19.24,35.2,65.5,8.0,65.5,8.0,0.04,1,0.0,0,0,0.00,0.00,0.00,0.00,,0.0,0,4,690.00,AUTO,,AGGR+CHP+ADP+RUN-EXT+PW+DLK+SLC+TPE+NWS+,BUY,55.0,4.68,0,-1,0.00,0.00,27419.25,27420.00,3,6270,5748,1,-8.2,-82.50,-122.50,91.25,-203.50,325.25,G,4,UNKNOWN,BRICK_CLOSE,src=primary color=G streak=4 o=27403.00 c=27419.00 hi=27419.00 lo=27402.75
2026-04-30 11:30:27,2779,27419.25,27329.14,27407.63,27397.29,62.11,19.24,35.2,93.5,8.0,93.5,8.0,0.04,1,0.0,0,0,0.00,0.00,0.00,0.00,,0.0,0,4,690.00,AUTO,,AGGR+CHP+ADP+RUN-EXT+PW+DLK+SLC+TPE+NWS+,BUY,55.0,4.68,0,-1,0.00,0.00,27419.25,27420.00,3,6270,5748,1,-8.2,-82.50,-122.50,91.25,-203.50,325.25,G,4,UNKNOWN,SIGNAL,
2026-04-30 11:30:27,2779,27419.25,27329.14,27407.63,27397.29,62.11,19.24,35.2,93.5,8.0,93.5,8.0,0.04,1,0.0,0,0,0.00,0.00,0.00,0.00,,0.0,0,4,690.00,AUTO,,AGGR+CHP+ADP+RUN-EXT+PW+DLK+SLC+TPE+NWS+,BUY,55.0,4.68,0,-1,0.00,0.00,27419.25,27420.00,3,6270,5748,1,-8.2,-82.50,-122.50,91.25,-203.50,325.25,G,4,UNKNOWN,BLOCK_AUTO,side=L reason=htfBlockL bull=93.5 effMin=60.0 tc=False
2026-04-30 11:30:27,2780,27423.25,27329.16,27411.35,27399.96,63.32,18.99,34.9,93.5,8.0,93.5,8.0,0.06,1,0.0,0,0,0.00,0.00,0.00,0.00,,0.0,0,4,690.00,AUTO,,AGGR+CHP+ADP+RUN-EXT+PW+DLK+SLC+TPE+NWS+,BUY,55.0,4.96,0,-1,0.00,0.00,27419.25,27420.00,3,6430,5748,1,-6.0,-78.50,-118.50,95.25,-199.50,329.25,G,5,UNKNOWN,BRICK_CLOSE,src=primary color=G streak=5 o=27407.00 c=27423.00 hi=27423.00 lo=27407.00
2026-04-30 11:30:27,2780,27423.25,27329.16,27411.35,27399.96,63.32,18.99,34.9,65.5,8.0,65.5,8.0,0.06,1,0.0,0,0,0.00,0.00,0.00,0.00,,0.0,0,4,690.00,AUTO,,AGGR+CHP+ADP+RUN-EXT+PW+DLK+SLC+TPE+NWS+,BUY,55.0,4.96,0,-1,0.00,0.00,27419.25,27420.00,3,6430,5748,1,-6.0,-78.50,-118.50,95.25,-199.50,329.25,G,5,UNKNOWN,SIGNAL,
2026-04-30 11:30:27,2780,27423.25,27329.16,27411.35,27399.96,63.32,18.99,34.9,65.5,8.0,65.5,8.0,0.06,1,0.0,1,1,0.00,0.00,0.00,0.00,,0.0,0,4,690.00,AUTO,Momentum+VWAP,AGGR+CHP+ADP+RUN-EXT+PW+DLK+SLC+TPE+NWS+,BUY,55.0,4.96,0,-1,0.00,0.00,27419.25,27420.00,3,6430,5748,1,-6.0,-78.50,-118.50,95.25,-199.50,329.25,G,5,UNKNOWN,ENTRY_LONG,manual=F bull=65.5 bear=8.0 sig=1 htf=1 tape=0.06 emaXAgo=71 distVwap=94.1 atr=19.0 px=27423.25 sl=0.00 tp=0.00
2026-04-30 11:30:27,2780,27423.25,27329.16,27411.35,27399.96,63.32,18.99,34.9,65.5,8.0,65.5,8.0,0.06,1,0.0,1,1,27420.00,27402.00,27920.00,0.00,,0.0,0,4,690.00,AUTO,Momentum+VWAP,AGGR+CHP+ADP+RUN-EXT+PW+DLK+SLC+TPE+NWS+,BUY,55.0,4.96,0,-1,3.25,0.00,27419.25,27420.00,3,6432,5748,1,-6.0,-78.50,-118.50,95.25,-199.50,329.25,G,5,UNKNOWN,CLAMP_SKIP,adx=34.9 thr=28.0
2026-04-30 11:30:27,2780,27423.25,27329.16,27411.35,27399.96,63.32,18.99,34.9,65.5,8.0,65.5,8.0,0.06,1,0.0,1,1,27420.00,27402.00,27920.00,0.00,,0.0,0,4,690.00,AUTO,Momentum+VWAP,AGGR+CHP+ADP+RUN-EXT+PW+DLK+SLC+TPE+NWS+,BUY,55.0,4.96,0,-1,3.25,0.00,27419.25,27420.00,3,6432,5748,1,-6.0,-78.50,-118.50,95.25,-199.50,329.25,G,5,UNKNOWN,STOPS_ARMED,dir=1 entry=27420.00 sl=27402.00 tp=27920.00 slPt=18 tpPt=50 RUNNER
2026-04-30 11:31:17,2781,27427.50,27329.45,27415.18,27402.77,64.62,18.77,34.9,65.5,8.0,65.5,8.0,0.06,1,0.0,1,1,27420.00,27402.00,27920.00,27422.25,BrickMode*DORMANT,0.0,0,4,690.00,AUTO,Momentum+VWAP,AGGR+CHP+ADP+RUN-EXT+PW+DLK+SLC+TPE+NWS+,BUY,55.0,5.22,0,-1,7.50,6.25,27426.00,27426.50,2,7670,6762,1,-4.0,-74.25,-114.25,99.50,-195.25,333.50,G,6,UNKNOWN,BRICK_CLOSE,src=primary color=G streak=6 o=27411.00 c=27427.00 hi=27427.00 lo=27411.00
2026-04-30 11:31:23,2781,27427.50,27329.50,27415.18,27402.77,64.62,18.81,34.9,65.5,8.0,65.5,8.0,0.06,1,0.0,1,1,27420.00,27418.00,27920.00,27423.50,BrickMode*DORMANT,0.0,0,4,690.00,AUTO,Momentum+VWAP,AGGR+CHP+ADP+RUN-EXT+PW+DLK+SLC+TPE+NWS+,BUY,55.0,5.21,0,-1,7.50,12.75,27432.75,27434.25,6,7864,6914,1,-4.0,-74.25,-114.25,99.50,-195.25,333.50,G,6,UNKNOWN,PROFIT_SAFEGUARD,tier=1 T1_PROFIT_SAFE peak=12.8pt sl=27418.00 offset=-2.0pt entry=27420.00 runner=True
2026-04-30 11:31:23,2782,27431.25,27329.51,27418.96,27405.65,65.77,18.54,35.1,65.5,8.0,65.5,8.0,0.07,1,0.0,1,1,27420.00,27418.00,27920.00,27428.75,BrickMode*DORMANT,0.0,0,4,690.00,AUTO,Momentum+VWAP,AGGR+CHP+ADP+RUN-EXT+PW+DLK+SLC+TPE+NWS+,BUY,55.0,5.49,0,-1,11.25,12.75,27432.75,27434.25,6,7964,6930,1,-2.2,-70.50,-110.50,103.25,-191.50,337.25,G,7,UNKNOWN,BRICK_CLOSE,src=primary color=G streak=7 o=27415.00 c=27431.00 hi=27431.00 lo=27415.00
2026-04-30 11:31:23,2783,27435.25,27329.54,27422.81,27408.65,67.00,18.34,35.6,65.5,8.0,65.5,8.0,0.08,1,0.0,1,1,27420.00,27418.00,27920.00,27428.75,BrickMode*DORMANT,0.0,0,4,690.00,AUTO,Momentum+VWAP,AGGR+CHP+ADP+RUN-EXT+PW+DLK+SLC+TPE+NWS+,BUY,55.0,5.76,0,-1,15.25,12.75,27432.75,27434.25,6,8138,6964,1,-0.6,-66.50,-106.50,107.25,-187.50,341.25,G,8,UNKNOWN,BRICK_CLOSE,src=primary color=G streak=8 o=27419.00 c=27435.00 hi=27435.00 lo=27419.00
2026-04-30 11:31:23,2783,27435.25,27329.54,27422.81,27408.65,67.00,18.34,35.6,65.5,8.0,65.5,8.0,0.08,1,0.0,1,1,27420.00,27418.00,27920.00,27428.75,BrickMode*DORMANT,0.0,0,4,690.00,AUTO,Momentum+VWAP,AGGR+CHP+ADP+RUN-EXT+PW+DLK+SLC+TPE+NWS+,BUY,55.0,5.76,0,-1,15.25,12.75,27432.75,27434.25,6,8138,6964,1,-0.6,-66.50,-106.50,107.25,-187.50,341.25,G,8,UNKNOWN,RIDE_LOCK_PXSTOP,streak=8 slope=-0.64 base=3.83 prevMult_eff=2.68 rideMult=1.15 newEff=4.40 peak=12.8 cur=12.8
2026-04-30 11:31:43,2783,27430.50,27329.72,27421.86,27408.22,64.13,18.38,35.6,65.5,8.0,65.5,8.0,0.07,1,0.0,1,1,27420.00,27418.00,27920.00,27429.50,BrickMode*DORMANT,0.0,0,4,690.00,AUTO,Momentum+VWAP,AGGR+CHP+ADP+RUN-EXT+PW+DLK+SLC+TPE+NWS+,BUY,55.0,5.48,0,-1,10.50,13.50,27427.75,27428.50,3,8780,7608,1,-0.6,-71.25,-111.25,102.50,-192.25,336.50,G,8,UNKNOWN,BRICK_TRAIL_HIT,reason=px_stop peak=13.5pt cur=7.8pt retrace=5.8pt effRetraceMin=4.7pt trail=27429.50 px=27427.75 adxSlope=-0.64 streak=8 effPct=50
2026-04-30 11:31:43,2783,27430.50,27329.72,27421.86,27408.22,64.13,18.38,35.6,65.5,8.0,65.5,8.0,0.07,1,0.0,1,0,27420.00,27418.00,27920.00,27429.50,BrickMode*DORMANT,0.0,0,5,855.00,AUTO,Momentum+VWAP,AGGR+CHP+ADP+RUN-EXT+PW+DLK+SLC+TPE+NWS+,BUY,55.0,5.48,0,-1,10.50,13.50,27427.75,27428.50,3,8780,7608,1,-0.6,-71.25,-111.25,102.50,-192.25,336.50,G,8,UNKNOWN,CAP_REFUND,pnl=165.00 thr=25.00 tradesToday=5/20
2026-04-30 11:31:43,2783,27430.50,27329.72,27421.86,27408.22,64.13,18.38,35.6,65.5,8.0,65.5,8.0,0.07,1,0.0,1,0,27420.00,27418.00,27920.00,27429.50,BrickMode*DORMANT,0.0,0,5,855.00,AUTO,Momentum+VWAP,AGGR+CHP+ADP+RUN-EXT+PW+DLK+SLC+TPE+NWS+,BUY,55.0,5.48,0,-1,10.50,13.50,27427.75,27428.50,3,8780,7608,1,-0.6,-71.25,-111.25,102.50,-192.25,336.50,G,8,UNKNOWN,BRICK_REENTRY_ARMED,dir=1 reason=TRAIL_BrickTrail_PxStop exitPx=27430.50 windowSec=90 minStreak=3
2026-04-30 11:31:43,2783,27430.50,27329.72,27421.86,27408.22,64.13,18.38,35.6,65.5,8.0,65.5,8.0,0.07,1,0.0,1,0,27420.00,27418.00,27920.00,27429.50,BrickMode*DORMANT,0.0,0,5,855.00,AUTO,Momentum+VWAP,AGGR+CHP+ADP+RUN-EXT+PW+DLK+SLC+TPE+NWS+,BUY,55.0,5.48,0,-1,10.50,13.50,27427.75,27428.50,3,8780,7608,1,-0.6,-71.25,-111.25,102.50,-192.25,336.50,G,8,UNKNOWN,EXIT_WIN_TRAIL_BrickTrail_PxStop,pnl=165.00 consec=5
2026-04-30 11:31:43,2783,27430.50,27329.72,27421.86,27408.22,64.13,18.38,35.6,65.5,8.0,65.5,8.0,0.07,1,0.0,1,0,27420.00,27418.00,27920.00,27429.50,BrickMode*DORMANT,0.0,0,5,855.00,AUTO,Momentum+VWAP,AGGR+CHP+ADP+RUN-EXT+PW+DLK+SLC+TPE+NWS+,BUY,55.0,5.48,0,-1,10.50,13.50,27427.75,27428.50,3,8780,7608,1,-0.6,-71.25,-111.25,102.50,-192.25,336.50,G,8,UNKNOWN,REGIME_PNL,regime=UNKNOWN tradePnl=165.00 regTotal=555.00 thresh=-200
2026-04-30 11:34:49,2784,27406.75,27330.59,27415.08,27406.14,52.58,19.00,32.7,0.0,0.0,0.0,0.0,0.03,1,0.0,0,0,0.00,0.00,0.00,0.00,,0.0,0,5,855.00,AUTO,,AGGR+CHP+ADP+RUN-EXT+PW+DLK+SLC+TPE+NWS+,BUY,55.0,4.01,0,-1,0.00,0.00,27408.25,27409.00,3,12234,11488,0,-2.8,-95.00,-135.00,78.75,-216.00,312.75,R,1,UNKNOWN,BRICK_CLOSE,src=primary color=R streak=1 o=27423.00 c=27407.00 hi=27435.75 lo=27407.00
2026-04-30 11:34:49,2784,27406.75,27330.59,27415.08,27406.14,52.58,19.00,32.7,0.0,0.0,0.0,0.0,0.03,1,0.0,0,0,0.00,0.00,0.00,0.00,,0.0,0,5,855.00,AUTO,,AGGR+CHP+ADP+RUN-EXT+PW+DLK+SLC+TPE+NWS+,BUY,55.0,4.01,0,-1,0.00,0.00,27408.25,27409.00,3,12234,11488,0,-2.8,-95.00,-135.00,78.75,-216.00,312.75,R,1,UNKNOWN,BRICK_REENTRY_DISARM,why=window_expired
2026-04-30 11:34:49,2784,27406.75,27330.59,27415.08,27406.14,52.58,19.00,32.7,0.0,0.0,0.0,0.0,0.03,1,0.0,0,0,0.00,0.00,0.00,0.00,,0.0,0,5,855.00,AUTO,,AGGR+CHP+ADP+RUN-EXT+PW+DLK+SLC+TPE+NWS+,BUY,55.0,4.01,0,-1,0.00,0.00,27408.25,27409.00,3,12234,11488,0,-2.8,-95.00,-135.00,78.75,-216.00,312.75,R,1,UNKNOWN,RUN_END,color=G len=8 pts=16.0 maxFav=44.0 durSec=490 startPx=27391.00 endPx=27407.00
2026-04-30 11:34:49,2784,27406.75,27330.59,27415.08,27406.14,52.58,19.00,32.7,0.0,0.0,0.0,0.0,0.03,1,0.0,0,0,0.00,0.00,0.00,0.00,,0.0,0,5,855.00,AUTO,,AGGR+CHP+ADP+RUN-EXT+PW+DLK+SLC+TPE+NWS+,BUY,55.0,4.01,0,-1,0.00,0.00,27408.25,27409.00,3,12234,11488,0,-2.8,-95.00,-135.00,78.75,-216.00,312.75,R,1,UNKNOWN,HEARTBEAT,tradesToday=5 openDca=0
2026-04-30 11:34:49,2784,27406.75,27330.59,27415.08,27406.14,52.58,19.00,32.7,20.9,8.0,20.9,8.0,0.03,0,0.0,0,0,0.00,0.00,0.00,0.00,,0.0,0,5,855.00,AUTO,,AGGR+CHP+ADP+RUN-EXT+PW+DLK+SLC+TPE+NWS+,BUY,55.0,4.01,0,-1,0.00,0.00,27408.25,27409.00,3,12234,11488,0,-2.8,-95.00,-135.00,78.75,-216.00,312.75,R,1,UNKNOWN,SIGNAL,
2026-04-30 11:34:49,2784,27406.75,27330.59,27415.08,27406.14,52.58,19.00,32.7,20.9,8.0,20.9,8.0,0.03,0,0.0,0,0,0.00,0.00,0.00,0.00,,0.0,0,5,855.00,AUTO,,AGGR+CHP+ADP+RUN-EXT+PW+DLK+SLC+TPE+NWS+,WAIT,55.0,4.01,0,-1,0.00,0.00,27408.25,27409.00,3,12234,11488,0,-2.8,-95.00,-135.00,78.75,-216.00,312.75,R,1,UNKNOWN,BLOCK_AUTO,reason=tooSoon consecLoss=0 barsSinceExit=1 barsSinceLoss=120
2026-04-30 11:35:00,2785,27402.75,27330.65,27412.02,27405.52,50.91,18.77,30.7,20.9,8.0,20.9,8.0,-0.28,0,0.0,0,0,0.00,0.00,0.00,0.00,,0.0,0,5,855.00,AUTO,,AGGR+CHP+ADP+RUN-EXT+PW+DLK+SLC+TPE+NWS+,WAIT,55.0,3.84,0,-1,0.00,0.00,27400.50,27401.25,3,156,276,0,-4.5,-99.00,-139.00,74.75,-220.00,308.75,R,2,UNKNOWN,BRICK_CLOSE,src=primary color=R streak=2 o=27419.00 c=27403.00 hi=27419.00 lo=27403.00
2026-04-30 11:35:00,2785,27402.75,27330.65,27412.02,27405.52,50.91,18.77,30.7,5.8,18.0,5.8,18.0,-0.28,0,0.0,0,0,0.00,0.00,0.00,0.00,,0.0,0,5,855.00,AUTO,,AGGR+CHP+ADP+RUN-EXT+PW+DLK+SLC+TPE+NWS+,WAIT,55.0,3.84,0,-1,0.00,0.00,27400.50,27401.25,3,156,276,0,-4.5,-99.00,-139.00,74.75,-220.00,308.75,R,2,UNKNOWN,SIGNAL,
2026-04-30 11:35:00,2785,27402.75,27330.65,27412.02,27405.52,50.91,18.77,30.7,5.8,18.0,5.8,18.0,-0.28,0,0.0,0,0,0.00,0.00,0.00,0.00,,0.0,0,5,855.00,AUTO,,AGGR+CHP+ADP+RUN-EXT+PW+DLK+SLC+TPE+NWS+,WAIT,55.0,3.84,0,-1,0.00,0.00,27400.50,27401.25,3,156,276,0,-4.5,-99.00,-139.00,74.75,-220.00,308.75,R,2,UNKNOWN,BLOCK_AUTO,reason=tooSoon consecLoss=0 barsSinceExit=2 barsSinceLoss=121
2026-04-30 11:35:06,2786,27397.50,27330.69,27408.51,27404.49,48.69,18.64,28.2,5.8,18.0,5.8,18.0,-0.26,0,0.0,0,0,0.00,0.00,0.00,0.00,,0.0,0,5,855.00,AUTO,,AGGR+CHP+ADP+RUN-EXT+PW+DLK+SLC+TPE+NWS+,WAIT,55.0,3.58,0,-1,0.00,0.00,27395.75,27396.25,2,336,576,0,-6.9,-104.25,-144.25,69.50,-225.25,303.50,R,3,UNKNOWN,BRICK_CLOSE,src=primary color=R streak=3 o=27415.00 c=27399.00 hi=27415.00 lo=27399.00
2026-04-30 11:35:06,2786,27397.50,27330.69,27408.51,27404.49,48.69,18.64,28.2,20.0,18.0,20.0,18.0,-0.26,0,0.0,0,0,0.00,0.00,0.00,0.00,,0.0,0,5,855.00,AUTO,,AGGR+CHP+ADP+RUN-EXT+PW+DLK+SLC+TPE+NWS+,WAIT,55.0,3.58,0,-1,0.00,0.00,27395.75,27396.25,2,336,576,0,-6.9,-104.25,-144.25,69.50,-225.25,303.50,R,3,UNKNOWN,SIGNAL,
2026-04-30 11:35:06,2786,27397.50,27330.69,27408.51,27404.49,48.69,18.64,28.2,20.0,18.0,20.0,18.0,-0.26,0,0.0,0,0,0.00,0.00,0.00,0.00,,0.0,0,5,855.00,AUTO,,AGGR+CHP+ADP+RUN-EXT+PW+DLK+SLC+TPE+NWS+,WAIT,55.0,3.58,0,-1,0.00,0.00,27395.75,27396.25,2,336,576,0,-6.9,-104.25,-144.25,69.50,-225.25,303.50,R,3,UNKNOWN,BLOCK_AUTO,reason=tooSoon consecLoss=0 barsSinceExit=3 barsSinceLoss=122
2026-04-30 11:35:07,2787,27394.50,27330.72,27405.31,27403.37,47.43,18.37,26.4,20.0,18.0,20.0,18.0,-0.30,0,0.0,0,0,0.00,0.00,0.00,0.00,,0.0,0,5,855.00,AUTO,,AGGR+CHP+ADP+RUN-EXT+PW+DLK+SLC+TPE+NWS+,WAIT,55.0,3.47,0,-1,0.00,0.00,27395.75,27396.25,2,394,734,0,-9.0,-107.25,-147.25,66.50,-228.25,300.50,R,4,UNKNOWN,BRICK_CLOSE,src=primary color=R streak=4 o=27411.00 c=27395.00 hi=27411.00 lo=27395.00
2026-04-30 11:35:07,2787,27394.50,27330.72,27405.31,27403.37,47.43,18.37,26.4,20.0,18.0,20.0,18.0,-0.30,0,0.0,0,0,0.00,0.00,0.00,0.00,,0.0,0,5,855.00,AUTO,,AGGR+CHP+ADP+RUN-EXT+PW+DLK+SLC+TPE+NWS+,WAIT,55.0,3.47,0,-1,0.00,0.00,27395.75,27396.25,2,394,734,0,-9.0,-107.25,-147.25,66.50,-228.25,300.50,R,4,UNKNOWN,SIGNAL,
2026-04-30 11:35:37,2788,27390.75,27330.84,27401.84,27401.93,45.84,18.16,25.4,20.0,18.0,20.0,18.0,-0.16,0,0.0,0,0,0.00,0.00,0.00,0.00,,0.0,0,5,855.00,AUTO,,AGGR+CHP+ADP+RUN-EXT+PW+DLK+SLC+TPE+NWS+,WAIT,55.0,3.30,0,-1,0.00,0.00,27391.50,27392.00,2,1042,1434,-1,-8.6,-111.00,-151.00,62.75,-232.00,296.75,R,5,UNKNOWN,BRICK_CLOSE,src=primary color=R streak=5 o=27407.00 c=27391.00 hi=27407.00 lo=27391.00
2026-04-30 11:35:37,2788,27390.75,27330.84,27401.84,27401.93,45.84,18.16,25.4,0.0,82.5,0.0,82.5,-0.16,-1,0.0,0,0,0.00,0.00,0.00,0.00,,0.0,0,5,855.00,AUTO,,AGGR+CHP+ADP+RUN-EXT+PW+DLK+SLC+TPE+NWS+,WAIT,55.0,3.30,0,-1,0.00,0.00,27391.50,27392.00,2,1042,1434,-1,-8.6,-111.00,-151.00,62.75,-232.00,296.75,R,5,UNKNOWN,SIGNAL,
2026-04-30 11:35:37,2788,27390.75,27330.84,27401.84,27401.93,45.84,18.16,25.4,0.0,82.5,0.0,82.5,-0.16,-1,0.0,-1,1,0.00,0.00,0.00,0.00,,0.0,0,5,855.00,AUTO,Momentum+VWAP,AGGR+CHP+ADP+RUN-EXT+PW+DLK+SLC+TPE+NWS+,STRONG_SELL,55.0,3.30,0,-1,0.00,0.00,27391.50,27392.00,2,1042,1434,-1,-8.6,-111.00,-151.00,62.75,-232.00,296.75,R,5,UNKNOWN,ENTRY_SHORT,manual=F bull=0.0 bear=82.5 sig=-2 htf=-1 tape=-0.16 emaXAgo=0 distVwap=59.9 atr=18.2 px=27390.75 sl=0.00 tp=0.00
2026-04-30 11:35:37,2788,27390.75,27330.84,27401.84,27401.93,45.84,18.16,25.4,0.0,82.5,0.0,82.5,-0.16,-1,0.0,-1,1,27391.25,27409.25,27094.25,0.00,,0.0,0,5,855.00,AUTO,Momentum+VWAP,AGGR+CHP+ADP+RUN-EXT+PW+DLK+SLC+TPE+NWS+,STRONG_SELL,55.0,3.30,0,-1,0.50,0.00,27391.50,27392.00,2,1042,1436,-1,-8.6,-111.00,-151.00,62.75,-232.00,296.75,R,5,UNKNOWN,STOPS_ARMED,dir=-1 entry=27391.25 sl=27409.25 tp=27094.25 slPt=18 tpPt=50 RUNNER PD_CLAMP
2026-04-30 11:36:04,2789,27386.75,27330.95,27398.22,27400.24,44.14,17.99,24.8,0.0,82.5,0.0,82.5,-0.12,-1,0.0,-1,1,27391.25,27409.25,27094.25,27391.75,BrickMode*DORMANT,0.0,0,5,855.00,AUTO,Momentum+VWAP,AGGR+CHP+ADP+RUN-EXT+PW+DLK+SLC+TPE+NWS+,STRONG_SELL,55.0,3.10,0,-1,4.50,3.50,27387.25,27387.75,2,1668,2130,-1,-7.4,-115.00,-155.00,58.75,-236.00,292.75,R,6,UNKNOWN,BRICK_CLOSE,src=primary color=R streak=6 o=27403.00 c=27387.00 hi=27403.00 lo=27387.00
2026-04-30 11:36:22,2790,27382.75,27331.03,27394.53,27398.34,42.45,17.83,24.7,0.0,82.5,0.0,82.5,-0.10,-1,0.0,-1,1,27391.25,27409.25,27094.25,27387.00,BrickMode*DORMANT,0.0,0,5,855.00,AUTO,Momentum+VWAP,AGGR+CHP+ADP+RUN-EXT+PW+DLK+SLC+TPE+NWS+,STRONG_SELL,55.0,2.90,0,-1,8.50,8.25,27382.25,27383.00,3,2130,2624,-1,-5.6,-119.00,-159.00,54.75,-240.00,288.75,R,7,UNKNOWN,BRICK_CLOSE,src=primary color=R streak=7 o=27399.00 c=27383.00 hi=27399.00 lo=27383.00
2026-04-30 11:36:24,2790,27382.25,27331.03,27394.43,27398.30,42.23,17.88,24.8,0.0,82.5,0.0,82.5,-0.11,-1,0.0,-1,1,27391.25,27393.25,27094.25,27386.75,BrickMode*DORMANT,0.0,0,5,855.00,AUTO,Momentum+VWAP,AGGR+CHP+ADP+RUN-EXT+PW+DLK+SLC+TPE+NWS+,STRONG_SELL,55.0,2.86,0,-1,9.00,12.50,27378.25,27378.75,2,2138,2666,-1,-5.5,-119.50,-159.50,54.25,-240.50,288.25,R,7,UNKNOWN,PROFIT_SAFEGUARD,tier=1 T1_PROFIT_SAFE peak=12.5pt sl=27393.25 offset=-2.0pt entry=27391.25 runner=True
2026-04-30 11:36:24,2791,27378.50,27331.04,27390.72,27396.23,40.65,17.69,24.9,0.0,82.5,0.0,82.5,-0.12,-1,0.0,-1,1,27391.25,27393.25,27094.25,27382.75,BrickMode*DORMANT,0.0,0,5,855.00,AUTO,Momentum+VWAP,AGGR+CHP+ADP+RUN-EXT+PW+DLK+SLC+TPE+NWS+,STRONG_SELL,55.0,2.68,0,-1,12.75,12.50,27378.25,27378.75,2,2146,2754,-1,-3.3,-123.25,-163.25,50.50,-244.25,284.50,R,8,UNKNOWN,BRICK_CLOSE,src=primary color=R streak=8 o=27395.00 c=27379.00 hi=27395.00 lo=27379.00
2026-04-30 11:36:31,2791,27380.75,27331.07,27391.17,27396.43,41.95,17.82,25.0,0.0,82.5,0.0,82.5,-0.12,-1,0.0,-1,1,27391.25,27393.25,27094.25,27381.50,BrickMode*DORMANT,0.0,0,5,855.00,AUTO,Momentum+VWAP,AGGR+CHP+ADP+RUN-EXT+PW+DLK+SLC+TPE+NWS+,STRONG_SELL,55.0,2.79,0,-1,10.50,13.75,27381.50,27382.00,2,2360,2996,-1,-3.2,-121.00,-161.00,52.75,-242.00,286.75,R,8,UNKNOWN,BRICK_TRAIL_HIT,reason=px_stop_extreme peak=13.8pt cur=9.3pt retrace=4.5pt effRetraceMin=2.9pt trail=27381.50 px=27382.00 adxSlope=-3.33 streak=8 effPct=25
2026-04-30 11:36:31,2791,27380.75,27331.07,27391.17,27396.43,41.95,17.82,25.0,0.0,82.5,0.0,82.5,-0.12,-1,0.0,-1,0,27391.25,27393.25,27094.25,27381.50,BrickMode*DORMANT,0.0,0,6,1035.00,AUTO,Momentum+VWAP,AGGR+CHP+ADP+RUN-EXT+PW+DLK+SLC+TPE+NWS+,STRONG_SELL,55.0,2.79,0,-1,10.50,13.75,27381.50,27382.00,2,2360,2996,-1,-3.2,-121.00,-161.00,52.75,-242.00,286.75,R,8,UNKNOWN,CAP_REFUND,pnl=180.00 thr=25.00 tradesToday=5/20
2026-04-30 11:36:31,2791,27380.75,27331.07,27391.17,27396.43,41.95,17.82,25.0,0.0,82.5,0.0,82.5,-0.12,-1,0.0,-1,0,27391.25,27393.25,27094.25,27381.50,BrickMode*DORMANT,0.0,0,6,1035.00,AUTO,Momentum+VWAP,AGGR+CHP+ADP+RUN-EXT+PW+DLK+SLC+TPE+NWS+,STRONG_SELL,55.0,2.79,0,-1,10.50,13.75,27381.50,27382.00,2,2360,2996,-1,-3.2,-121.00,-161.00,52.75,-242.00,286.75,R,8,UNKNOWN,BRICK_REENTRY_ARMED,dir=-1 reason=TRAIL_BrickTrail_PxStop exitPx=27380.75 windowSec=90 minStreak=3
2026-04-30 11:36:31,2791,27380.75,27331.07,27391.17,27396.43,41.95,17.82,25.0,0.0,82.5,0.0,82.5,-0.12,-1,0.0,-1,0,27391.25,27393.25,27094.25,27381.50,BrickMode*DORMANT,0.0,0,6,1035.00,AUTO,Momentum+VWAP,AGGR+CHP+ADP+RUN-EXT+PW+DLK+SLC+TPE+NWS+,STRONG_SELL,55.0,2.79,0,-1,10.50,13.75,27381.50,27382.00,2,2360,2996,-1,-3.2,-121.00,-161.00,52.75,-242.00,286.75,R,8,UNKNOWN,EXIT_WIN_TRAIL_BrickTrail_PxStop,pnl=180.00 consec=6
2026-04-30 11:36:31,2791,27380.75,27331.07,27391.17,27396.43,41.95,17.82,25.0,0.0,82.5,0.0,82.5,-0.12,-1,0.0,-1,0,27391.25,27393.25,27094.25,27381.50,BrickMode*DORMANT,0.0,0,6,1035.00,AUTO,Momentum+VWAP,AGGR+CHP+ADP+RUN-EXT+PW+DLK+SLC+TPE+NWS+,STRONG_SELL,55.0,2.79,0,-1,10.50,13.75,27381.50,27382.00,2,2360,2996,-1,-3.2,-121.00,-161.00,52.75,-242.00,286.75,R,8,UNKNOWN,REGIME_PNL,regime=UNKNOWN tradePnl=180.00 regTotal=735.00 thresh=-200
2026-04-30 11:37:47,2792,27374.75,27331.27,27386.97,27393.99,39.09,17.82,25.4,0.0,0.0,0.0,0.0,-0.09,-1,0.0,0,0,0.00,0.00,0.00,0.00,,0.0,0,6,1035.00,AUTO,,AGGR+CHP+ADP+RUN-EXT+PW+DLK+SLC+TPE+NWS+,STRONG_SELL,55.0,2.44,0,-1,0.00,0.00,27374.25,27374.75,2,3756,4516,-1,-1.4,-127.00,-167.00,46.75,-248.00,280.75,R,9,UNKNOWN,BRICK_CLOSE,src=primary color=R streak=9 o=27391.00 c=27375.00 hi=27395.25 lo=27375.00
2026-04-30 11:37:47,2792,27374.75,27331.27,27386.97,27393.99,39.09,17.82,25.4,0.0,0.0,0.0,0.0,-0.09,-1,0.0,0,0,0.00,0.00,0.00,0.00,,0.0,0,6,1035.00,AUTO,,AGGR+CHP+ADP+RUN-EXT+PW+DLK+SLC+TPE+NWS+,STRONG_SELL,55.0,2.44,0,-1,0.00,0.00,27374.25,27374.75,2,3756,4516,-1,-1.4,-127.00,-167.00,46.75,-248.00,280.75,R,9,UNKNOWN,BRICK_REENTRY_FIRE,dir=-1 streak=9 secsArmed=76 exitPx=27380.75 curPx=27375.00 usedCount=1/1
2026-04-30 11:37:47,2792,27374.75,27331.27,27386.97,27393.99,39.09,17.82,25.4,0.0,0.0,0.0,0.0,-0.09,-1,0.0,-1,1,0.00,0.00,0.00,0.00,,0.0,0,6,1035.00,AUTO,Momentum+VWAP,AGGR+CHP+ADP+RUN-EXT+PW+DLK+SLC+TPE+NWS+,STRONG_SELL,55.0,2.44,0,-1,0.00,0.00,27374.25,27374.75,2,3756,4516,-1,-1.4,-127.00,-167.00,46.75,-248.00,280.75,R,9,UNKNOWN,ENTRY_SHORT,manual=F bull=0.0 bear=0.0 sig=-2 htf=-1 tape=-0.09 emaXAgo=3 distVwap=43.5 atr=17.8 px=27374.75 sl=0.00 tp=0.00
2026-04-30 11:37:47,2792,27374.75,27331.27,27386.97,27393.99,39.09,17.82,25.4,0.0,0.0,0.0,0.0,-0.09,-1,0.0,-1,1,0.00,0.00,0.00,0.00,,0.0,0,6,1035.00,AUTO,Momentum+VWAP,AGGR+CHP+ADP+RUN-EXT+PW+DLK+SLC+TPE+NWS+,STRONG_SELL,55.0,2.44,0,-1,0.00,0.00,27374.25,27374.75,2,3756,4516,-1,-1.4,-127.00,-167.00,46.75,-248.00,280.75,R,9,UNKNOWN,BRICK_REENTRY_DISARM,why=quota_used_after_fire
2026-04-30 11:37:47,2792,27374.75,27331.27,27386.97,27393.99,39.09,17.82,25.4,0.0,0.0,0.0,0.0,-0.09,-1,0.0,-1,1,27374.25,27392.25,27094.25,0.00,,0.0,0,6,1035.00,AUTO,Momentum+VWAP,AGGR+CHP+ADP+RUN-EXT+PW+DLK+SLC+TPE+NWS+,STRONG_SELL,55.0,2.44,0,-1,-0.50,0.00,27374.25,27374.75,2,3756,4516,-1,-1.4,-127.00,-167.00,46.75,-248.00,280.75,R,9,UNKNOWN,STOPS_ARMED,dir=-1 entry=27374.25 sl=27392.25 tp=27094.25 slPt=18 tpPt=50 RUNNER PD_CLAMP
2026-04-30 11:37:49,2793,27370.75,27331.28,27383.12,27391.57,37.44,17.67,26.1,0.0,0.0,0.0,0.0,-0.10,-1,0.8,-1,1,27374.25,27392.25,27094.25,27374.00,BrickMode*DORMANT,0.0,0,6,1035.00,AUTO,Momentum+VWAP,AGGR+CHP+ADP+RUN-EXT+PW+DLK+SLC+TPE+NWS+,STRONG_SELL,55.0,2.23,0,-1,3.50,4.25,27369.50,27370.00,2,3790,4644,-1,0.4,-131.00,-171.00,42.75,-252.00,276.75,R,10,UNKNOWN,BRICK_CLOSE,src=primary color=R streak=10 o=27387.00 c=27371.00 hi=27387.00 lo=27371.00
2026-04-30 11:38:03,2794,27366.75,27331.32,27379.25,27389.00,35.81,17.53,27.1,0.0,0.0,0.0,0.0,-0.09,-1,0.7,-1,1,27374.25,27392.25,27094.25,27369.50,BrickMode*DORMANT,0.0,0,6,1035.00,AUTO,Momentum+VWAP,AGGR+CHP+ADP+RUN-EXT+PW+DLK+SLC+TPE+NWS+,STRONG_SELL,55.0,2.02,0,-1,7.50,8.75,27364.75,27365.50,3,4152,4984,-1,1.9,-135.00,-175.00,38.75,-256.00,272.75,R,11,UNKNOWN,BRICK_CLOSE,src=primary color=R streak=11 o=27383.00 c=27367.00 hi=27383.00 lo=27367.00
2026-04-30 11:38:11,2794,27365.50,27331.35,27379.00,27388.89,35.30,17.73,27.3,0.0,0.0,0.0,0.0,-0.10,-1,0.6,-1,1,27374.25,27376.25,27094.25,27368.75,BrickMode*DORMANT,0.0,0,6,1035.00,AUTO,Momentum+VWAP,AGGR+CHP+ADP+RUN-EXT+PW+DLK+SLC+TPE+NWS+,STRONG_SELL,55.0,1.93,0,-1,8.75,10.00,27363.75,27364.25,2,4330,5280,-1,2.1,-136.25,-176.25,37.50,-257.25,271.50,R,11,UNKNOWN,PROFIT_SAFEGUARD,tier=1 T1_PROFIT_SAFE peak=10.0pt sl=27376.25 offset=-2.0pt entry=27374.25 runner=True
2026-04-30 11:38:14,2794,27367.50,27331.36,27379.40,27389.07,36.29,17.73,27.3,0.0,0.0,0.0,0.0,-0.10,-1,0.6,-1,1,27374.25,27376.25,27094.25,27368.25,BrickMode*DORMANT,0.0,0,6,1035.00,AUTO,Momentum+VWAP,AGGR+CHP+ADP+RUN-EXT+PW+DLK+SLC+TPE+NWS+,STRONG_SELL,55.0,2.04,0,-1,6.75,10.00,27368.50,27369.00,2,4398,5324,-1,2.1,-134.25,-174.25,39.50,-255.25,273.50,R,11,UNKNOWN,BRICK_TRAIL_HIT,reason=px_stop_extreme peak=10.0pt cur=5.3pt retrace=4.8pt effRetraceMin=4.5pt trail=27368.25 px=27369.00 adxSlope=1.92 streak=11 effPct=25
2026-04-30 11:38:14,2794,27367.50,27331.36,27379.40,27389.07,36.29,17.73,27.3,0.0,0.0,0.0,0.0,-0.10,-1,0.6,-1,0,27374.25,27376.25,27094.25,27368.25,BrickMode*DORMANT,0.0,0,7,1150.00,AUTO,Momentum+VWAP,AGGR+CHP+ADP+RUN-EXT+PW+DLK+SLC+TPE+NWS+,STRONG_SELL,55.0,2.04,0,-1,6.75,10.00,27368.50,27369.00,2,4398,5324,-1,2.1,-134.25,-174.25,39.50,-255.25,273.50,R,11,UNKNOWN,CAP_REFUND,pnl=115.00 thr=25.00 tradesToday=5/20
2026-04-30 11:38:14,2794,27367.50,27331.36,27379.40,27389.07,36.29,17.73,27.3,0.0,0.0,0.0,0.0,-0.10,-1,0.6,-1,0,27374.25,27376.25,27094.25,27368.25,BrickMode*DORMANT,0.0,0,7,1150.00,AUTO,Momentum+VWAP,AGGR+CHP+ADP+RUN-EXT+PW+DLK+SLC+TPE+NWS+,STRONG_SELL,55.0,2.04,0,-1,6.75,10.00,27368.50,27369.00,2,4398,5324,-1,2.1,-134.25,-174.25,39.50,-255.25,273.50,R,11,UNKNOWN,BRICK_REENTRY_ARMED,dir=-1 reason=TRAIL_BrickTrail_PxStop exitPx=27367.50 windowSec=90 minStreak=3
2026-04-30 11:38:14,2794,27367.50,27331.36,27379.40,27389.07,36.29,17.73,27.3,0.0,0.0,0.0,0.0,-0.10,-1,0.6,-1,0,27374.25,27376.25,27094.25,27368.25,BrickMode*DORMANT,0.0,0,7,1150.00,AUTO,Momentum+VWAP,AGGR+CHP+ADP+RUN-EXT+PW+DLK+SLC+TPE+NWS+,STRONG_SELL,55.0,2.04,0,-1,6.75,10.00,27368.50,27369.00,2,4398,5324,-1,2.1,-134.25,-174.25,39.50,-255.25,273.50,R,11,UNKNOWN,EXIT_WIN_TRAIL_BrickTrail_PxStop,pnl=115.00 consec=7
2026-04-30 11:38:14,2794,27367.50,27331.36,27379.40,27389.07,36.29,17.73,27.3,0.0,0.0,0.0,0.0,-0.10,-1,0.6,-1,0,27374.25,27376.25,27094.25,27368.25,BrickMode*DORMANT,0.0,0,7,1150.00,AUTO,Momentum+VWAP,AGGR+CHP+ADP+RUN-EXT+PW+DLK+SLC+TPE+NWS+,STRONG_SELL,55.0,2.04,0,-1,6.75,10.00,27368.50,27369.00,2,4398,5324,-1,2.1,-134.25,-174.25,39.50,-255.25,273.50,R,11,UNKNOWN,REGIME_PNL,regime=UNKNOWN tradePnl=115.00 regTotal=850.00 thresh=-200
2026-04-30 11:40:04,2795,27362.75,27331.54,27375.35,27386.30,34.21,17.47,28.3,0.0,0.0,0.0,0.0,-0.06,-1,0.0,0,0,0.00,0.00,0.00,0.00,,0.0,0,7,1150.00,AUTO,,AGGR+CHP+ADP+RUN-EXT+PW+DLK+SLC+TPE+NWS+,STRONG_SELL,55.0,1.79,0,-1,0.00,0.00,27364.25,27364.75,2,6296,7084,-1,3.3,-139.00,-179.00,34.75,-260.00,268.75,R,12,UNKNOWN,BRICK_CLOSE,src=primary color=R streak=12 o=27379.00 c=27363.00 hi=27380.00 lo=27363.00
2026-04-30 11:40:04,2795,27362.75,27331.54,27375.35,27386.30,34.21,17.47,28.3,0.0,0.0,0.0,0.0,-0.06,-1,0.0,0,0,0.00,0.00,0.00,0.00,,0.0,0,7,1150.00,AUTO,,AGGR+CHP+ADP+RUN-EXT+PW+DLK+SLC+TPE+NWS+,STRONG_SELL,55.0,1.79,0,-1,0.00,0.00,27364.25,27364.75,2,6296,7084,-1,3.3,-139.00,-179.00,34.75,-260.00,268.75,R,12,UNKNOWN,BRICK_REENTRY_DISARM,why=window_expired
2026-04-30 11:40:04,2795,27362.75,27331.54,27375.35,27386.30,34.21,17.47,28.3,0.0,111.6,0.0,111.6,-0.06,-1,0.0,0,0,0.00,0.00,0.00,0.00,,0.0,0,7,1150.00,AUTO,,AGGR+CHP+ADP+RUN-EXT+PW+DLK+SLC+TPE+NWS+,STRONG_SELL,55.0,1.79,0,-1,0.00,0.00,27364.25,27364.75,2,6296,7084,-1,3.3,-139.00,-179.00,34.75,-260.00,268.75,R,12,UNKNOWN,SIGNAL,
2026-04-30 11:40:04,2795,27362.75,27331.54,27375.35,27386.30,34.21,17.47,28.3,0.0,111.6,0.0,111.6,-0.06,-1,0.0,0,0,0.00,0.00,0.00,0.00,,0.0,0,7,1150.00,AUTO,,AGGR+CHP+ADP+RUN-EXT+PW+DLK+SLC+TPE+NWS+,SELL,55.0,1.79,0,-1,0.00,0.00,27364.25,27364.75,2,6296,7084,-1,3.3,-139.00,-179.00,34.75,-260.00,268.75,R,12,UNKNOWN,TREND_CHASE_FIRE,dir=-1 adx=28.3 streak=12 bear=111.6
2026-04-30 11:40:04,2795,27362.75,27331.54,27375.35,27386.30,34.21,17.47,28.3,0.0,111.6,0.0,111.6,-0.06,-1,0.0,-1,1,0.00,0.00,0.00,0.00,,0.0,0,7,1150.00,AUTO,Key Lvl Breakout,AGGR+CHP+ADP+RUN-EXT+PW+DLK+SLC+TPE+NWS+,SELL,55.0,1.79,0,-1,0.00,0.00,27364.25,27364.75,2,6296,7084,-1,3.3,-139.00,-179.00,34.75,-260.00,268.75,R,12,UNKNOWN,ENTRY_SHORT,manual=F bull=0.0 bear=111.6 sig=-1 htf=-1 tape=-0.06 emaXAgo=7 distVwap=31.2 atr=17.5 px=27362.75 sl=0.00 tp=0.00
2026-04-30 11:40:04,2795,27362.75,27331.54,27375.35,27386.30,34.21,17.47,28.3,0.0,111.6,0.0,111.6,-0.06,-1,0.0,-1,1,27364.00,27382.00,26864.00,0.00,,0.0,0,7,1150.00,AUTO,Key Lvl Breakout,AGGR+CHP+ADP+RUN-EXT+PW+DLK+SLC+TPE+NWS+,SELL,55.0,1.79,0,-1,1.25,0.00,27364.25,27364.75,2,6296,7086,-1,3.3,-139.00,-179.00,34.75,-260.00,268.75,R,12,UNKNOWN,CLAMP_SKIP,adx=28.3 thr=28.0
2026-04-30 11:40:04,2795,27362.75,27331.54,27375.35,27386.30,34.21,17.47,28.3,0.0,111.6,0.0,111.6,-0.06,-1,0.0,-1,1,27364.00,27382.00,26864.00,0.00,,0.0,0,7,1150.00,AUTO,Key Lvl Breakout,AGGR+CHP+ADP+RUN-EXT+PW+DLK+SLC+TPE+NWS+,SELL,55.0,1.79,0,-1,1.25,0.00,27364.25,27364.75,2,6296,7086,-1,3.3,-139.00,-179.00,34.75,-260.00,268.75,R,12,UNKNOWN,STOPS_ARMED,dir=-1 entry=27364.00 sl=27382.00 tp=26864.00 slPt=18 tpPt=50 RUNNER
2026-04-30 11:40:32,2796,27358.75,27331.59,27371.43,27383.49,32.63,17.35,29.6,0.0,111.6,0.0,111.6,-0.07,-1,0.0,-1,1,27364.00,27382.00,26864.00,27364.25,BrickMode*DORMANT,0.0,0,7,1150.00,AUTO,Key Lvl Breakout,AGGR+CHP+ADP+RUN-EXT+PW+DLK+SLC+TPE+NWS+,SELL,55.0,1.57,0,-1,5.25,3.75,27361.00,27361.50,2,6732,7690,-1,4.5,-143.00,-183.00,30.75,-264.00,264.75,R,13,UNKNOWN,BRICK_CLOSE,src=primary color=R streak=13 o=27375.00 c=27359.00 hi=27375.00 lo=27359.00
2026-04-30 11:42:54,2796,27356.75,27331.81,27371.03,27383.31,31.85,17.99,29.8,0.0,111.6,0.0,111.6,-0.05,-1,0.0,-1,1,27364.00,27366.00,26864.00,27360.75,BrickMode*DORMANT,0.0,0,7,1150.00,AUTO,Key Lvl Breakout,AGGR+CHP+ADP+RUN-EXT+PW+DLK+SLC+TPE+NWS+,SELL,55.0,1.39,0,-1,7.25,10.50,27352.75,27353.50,3,9328,10264,-1,4.6,-145.00,-185.00,28.75,-266.00,262.75,R,13,UNKNOWN,PROFIT_SAFEGUARD,tier=1 T1_PROFIT_SAFE peak=10.5pt sl=27366.00 offset=-2.0pt entry=27364.00 runner=True
2026-04-30 11:42:54,2797,27354.75,27331.81,27367.49,27380.57,31.09,17.64,31.1,0.0,111.6,0.0,111.6,-0.05,-1,0.0,-1,1,27364.00,27366.00,26864.00,27357.50,BrickMode*DORMANT,0.0,0,7,1150.00,AUTO,Key Lvl Breakout,AGGR+CHP+ADP+RUN-EXT+PW+DLK+SLC+TPE+NWS+,SELL,55.0,1.30,0,-1,9.25,10.50,27352.75,27353.50,3,9332,10300,-1,5.5,-147.00,-187.00,26.75,-268.00,260.75,R,14,UNKNOWN,BRICK_CLOSE,src=primary color=R streak=14 o=27371.00 c=27355.00 hi=27377.25 lo=27355.00
2026-04-30 11:42:54,2798,27350.75,27331.81,27363.54,27377.55,29.59,17.51,32.7,0.0,111.6,0.0,111.6,-0.05,-1,0.0,-1,1,27364.00,27366.00,26864.00,27357.50,BrickMode*DORMANT,0.0,0,7,1150.00,AUTO,Key Lvl Breakout,AGGR+CHP+ADP+RUN-EXT+PW+DLK+SLC+TPE+NWS+,SELL,55.0,1.08,0,-1,13.25,10.50,27352.75,27353.50,3,9332,10390,-1,6.4,-151.00,-191.00,22.75,-272.00,256.75,R,15,UNKNOWN,BRICK_CLOSE,src=primary color=R streak=15 o=27367.00 c=27351.00 hi=27367.00 lo=27351.00
2026-04-30 11:43:05,2798,27357.25,27331.82,27364.84,27378.14,34.97,17.53,32.8,0.0,111.6,0.0,111.6,-0.05,-1,0.0,-1,1,27364.00,27366.00,26864.00,27357.50,BrickMode*DORMANT,0.0,0,7,1150.00,AUTO,Key Lvl Breakout,AGGR+CHP+ADP+RUN-EXT+PW+DLK+SLC+TPE+NWS+,SELL,55.0,1.45,0,-1,6.75,10.50,27360.50,27361.00,2,9552,10592,-1,6.4,-144.50,-184.50,29.25,-265.50,263.25,R,15,UNKNOWN,BRICK_TRAIL_HIT,reason=px_stop peak=10.5pt cur=3.0pt retrace=7.5pt effRetraceMin=4.7pt trail=27357.50 px=27361.00 adxSlope=6.35 streak=15 effPct=50
2026-04-30 11:43:05,2798,27357.25,27331.82,27364.84,27378.14,34.97,17.53,32.8,0.0,111.6,0.0,111.6,-0.05,-1,0.0,-1,0,27364.00,27366.00,26864.00,27357.50,BrickMode*DORMANT,0.0,0,8,1210.00,AUTO,Key Lvl Breakout,AGGR+CHP+ADP+RUN-EXT+PW+DLK+SLC+TPE+NWS+,SELL,55.0,1.45,0,-1,6.75,10.50,27360.50,27361.00,2,9552,10592,-1,6.4,-144.50,-184.50,29.25,-265.50,263.25,R,15,UNKNOWN,CAP_REFUND,pnl=60.00 thr=25.00 tradesToday=5/20
2026-04-30 11:43:05,2798,27357.25,27331.82,27364.84,27378.14,34.97,17.53,32.8,0.0,111.6,0.0,111.6,-0.05,-1,0.0,-1,0,27364.00,27366.00,26864.00,27357.50,BrickMode*DORMANT,0.0,0,8,1210.00,AUTO,Key Lvl Breakout,AGGR+CHP+ADP+RUN-EXT+PW+DLK+SLC+TPE+NWS+,SELL,55.0,1.45,0,-1,6.75,10.50,27360.50,27361.00,2,9552,10592,-1,6.4,-144.50,-184.50,29.25,-265.50,263.25,R,15,UNKNOWN,BRICK_REENTRY_ARMED,dir=-1 reason=TRAIL_BrickTrail_PxStop exitPx=27357.25 windowSec=90 minStreak=3
2026-04-30 11:43:05,2798,27357.25,27331.82,27364.84,27378.14,34.97,17.53,32.8,0.0,111.6,0.0,111.6,-0.05,-1,0.0,-1,0,27364.00,27366.00,26864.00,27357.50,BrickMode*DORMANT,0.0,0,8,1210.00,AUTO,Key Lvl Breakout,AGGR+CHP+ADP+RUN-EXT+PW+DLK+SLC+TPE+NWS+,SELL,55.0,1.45,0,-1,6.75,10.50,27360.50,27361.00,2,9552,10592,-1,6.4,-144.50,-184.50,29.25,-265.50,263.25,R,15,UNKNOWN,EXIT_WIN_TRAIL_BrickTrail_PxStop,pnl=60.00 consec=8
2026-04-30 11:43:05,2798,27357.25,27331.82,27364.84,27378.14,34.97,17.53,32.8,0.0,111.6,0.0,111.6,-0.05,-1,0.0,-1,0,27364.00,27366.00,26864.00,27357.50,BrickMode*DORMANT,0.0,0,8,1210.00,AUTO,Key Lvl Breakout,AGGR+CHP+ADP+RUN-EXT+PW+DLK+SLC+TPE+NWS+,SELL,55.0,1.45,0,-1,6.75,10.50,27360.50,27361.00,2,9552,10592,-1,6.4,-144.50,-184.50,29.25,-265.50,263.25,R,15,UNKNOWN,REGIME_PNL,regime=UNKNOWN tradePnl=60.00 regTotal=910.00 thresh=-200
2026-04-30 11:45:27,2799,27346.75,27331.94,27359.59,27374.44,28.12,18.01,32.2,0.0,0.0,0.0,0.0,-0.07,-1,0.0,0,0,0.00,0.00,0.00,0.00,,0.0,0,8,1210.00,AUTO,,AGGR+CHP+ADP+RUN-EXT+PW+DLK+SLC+TPE+NWS+,SELL,55.0,0.82,0,-1,0.00,0.00,27345.50,27346.00,2,934,1072,-1,4.9,-155.00,-195.00,18.75,-276.00,252.75,R,16,UNKNOWN,BRICK_CLOSE,src=primary color=R streak=16 o=27363.00 c=27347.00 hi=27372.50 lo=27347.00
2026-04-30 11:45:27,2799,27346.75,27331.94,27359.59,27374.44,28.12,18.01,32.2,0.0,0.0,0.0,0.0,-0.07,-1,0.0,0,0,0.00,0.00,0.00,0.00,,0.0,0,8,1210.00,AUTO,,AGGR+CHP+ADP+RUN-EXT+PW+DLK+SLC+TPE+NWS+,SELL,55.0,0.82,0,-1,0.00,0.00,27345.50,27346.00,2,934,1072,-1,4.9,-155.00,-195.00,18.75,-276.00,252.75,R,16,UNKNOWN,BRICK_REENTRY_DISARM,why=window_expired
2026-04-30 11:45:27,2799,27346.75,27331.94,27359.59,27374.44,28.12,18.01,32.2,0.0,0.0,0.0,0.0,-0.07,-1,0.0,0,0,0.00,0.00,0.00,0.00,,0.0,0,8,1210.00,AUTO,,AGGR+CHP+ADP+RUN-EXT+PW+DLK+SLC+TPE+NWS+,SELL,55.0,0.82,0,-1,0.00,0.00,27345.50,27346.00,2,934,1072,-1,4.9,-155.00,-195.00,18.75,-276.00,252.75,R,16,UNKNOWN,HEARTBEAT,tradesToday=5 openDca=0
2026-04-30 11:45:27,2799,27346.75,27331.94,27359.59,27374.44,28.12,18.01,32.2,0.0,96.6,0.0,96.6,-0.07,-1,0.0,0,0,0.00,0.00,0.00,0.00,,0.0,0,8,1210.00,AUTO,,AGGR+CHP+ADP+RUN-EXT+PW+DLK+SLC+TPE+NWS+,SELL,55.0,0.82,0,-1,0.00,0.00,27345.50,27346.00,2,934,1072,-1,4.9,-155.00,-195.00,18.75,-276.00,252.75,R,16,UNKNOWN,SIGNAL,
2026-04-30 11:45:27,2799,27346.75,27331.94,27359.59,27374.44,28.12,18.01,32.2,0.0,96.6,0.0,96.6,-0.07,-1,0.0,0,0,0.00,0.00,0.00,0.00,,0.0,0,8,1210.00,AUTO,,AGGR+CHP+ADP+RUN-EXT+PW+DLK+SLC+TPE+NWS+,SELL,55.0,0.82,0,-1,0.00,0.00,27345.50,27346.00,2,934,1072,-1,4.9,-155.00,-195.00,18.75,-276.00,252.75,R,16,UNKNOWN,TREND_CHASE_FIRE,dir=-1 adx=32.2 streak=16 bear=96.6
2026-04-30 11:45:27,2799,27346.75,27331.94,27359.59,27374.44,28.12,18.01,32.2,0.0,96.6,0.0,96.6,-0.07,-1,0.0,-1,1,0.00,0.00,0.00,0.00,,0.0,0,8,1210.00,AUTO,Key Lvl Breakout,AGGR+CHP+ADP+RUN-EXT+PW+DLK+SLC+TPE+NWS+,SELL,55.0,0.82,0,-1,0.00,0.00,27345.50,27346.00,2,934,1072,-1,4.9,-155.00,-195.00,18.75,-276.00,252.75,R,16,UNKNOWN,ENTRY_SHORT,manual=F bull=0.0 bear=96.6 sig=-1 htf=-1 tape=-0.07 emaXAgo=11 distVwap=14.8 atr=18.0 px=27346.75 sl=0.00 tp=0.00
2026-04-30 11:45:27,2799,27346.75,27331.94,27359.59,27374.44,28.12,18.01,32.2,0.0,96.6,0.0,96.6,-0.07,-1,0.0,-1,1,27344.75,27362.75,26844.75,0.00,,0.0,0,8,1210.00,AUTO,Key Lvl Breakout,AGGR+CHP+ADP+RUN-EXT+PW+DLK+SLC+TPE+NWS+,SELL,55.0,0.82,0,-1,-2.00,0.00,27345.50,27346.00,2,934,1074,-1,4.9,-155.00,-195.00,18.75,-276.00,252.75,R,16,UNKNOWN,CLAMP_SKIP,adx=32.2 thr=28.0
2026-04-30 11:45:27,2799,27346.75,27331.94,27359.59,27374.44,28.12,18.01,32.2,0.0,96.6,0.0,96.6,-0.07,-1,0.0,-1,1,27344.75,27362.75,26844.75,0.00,,0.0,0,8,1210.00,AUTO,Key Lvl Breakout,AGGR+CHP+ADP+RUN-EXT+PW+DLK+SLC+TPE+NWS+,SELL,55.0,0.82,0,-1,-2.00,0.00,27345.50,27346.00,2,934,1074,-1,4.9,-155.00,-195.00,18.75,-276.00,252.75,R,16,UNKNOWN,STOPS_ARMED,dir=-1 entry=27344.75 sl=27362.75 tp=26844.75 slPt=18 tpPt=50 RUNNER
2026-04-30 11:45:33,2800,27342.50,27331.96,27355.57,27371.22,26.61,17.87,33.2,0.0,96.6,0.0,96.6,-0.18,-1,0.0,-1,1,27344.75,27362.75,26844.75,27348.25,BrickMode*DORMANT,0.0,0,8,1210.00,AUTO,Key Lvl Breakout,AGGR+CHP+ADP+RUN-EXT+PW+DLK+SLC+TPE+NWS+,SELL,55.0,0.59,0,-1,2.25,0.50,27343.50,27344.25,3,1158,1682,-1,4.7,-159.25,-199.25,14.50,-280.25,248.50,R,17,UNKNOWN,BRICK_CLOSE,src=primary color=R streak=17 o=27359.00 c=27343.00 hi=27359.00 lo=27343.00
2026-04-30 11:47:03,2801,27338.75,27332.02,27351.64,27367.98,25.32,17.85,34.3,0.0,96.6,0.0,96.6,-0.06,-1,0.0,-1,1,27344.75,27362.75,26844.75,27345.25,BrickMode*DORMANT,0.0,0,8,1210.00,AUTO,Key Lvl Breakout,AGGR+CHP+ADP+RUN-EXT+PW+DLK+SLC+TPE+NWS+,SELL,55.0,0.38,0,-1,6.00,3.50,27340.50,27341.25,3,2980,3382,-1,4.4,-163.00,-203.00,10.75,-284.00,244.75,R,18,UNKNOWN,BRICK_CLOSE,src=primary color=R streak=18 o=27355.00 c=27339.00 hi=27357.25 lo=27339.00
2026-04-30 11:47:41,2802,27334.50,27332.04,27347.62,27364.63,23.90,17.71,35.6,0.0,96.6,0.0,96.6,-0.05,-1,0.0,-1,1,27344.75,27362.75,26844.75,27339.75,BrickMode*DORMANT,0.0,0,8,1210.00,AUTO,Key Lvl Breakout,AGGR+CHP+ADP+RUN-EXT+PW+DLK+SLC+TPE+NWS+,SELL,55.0,0.14,0,-1,10.25,9.00,27335.25,27335.75,2,3786,4198,-1,4.2,-167.25,-207.25,6.50,-288.25,240.50,R,19,UNKNOWN,BRICK_CLOSE,src=primary color=R streak=19 o=27351.00 c=27335.00 hi=27351.00 lo=27335.00
2026-04-30 11:47:47,2802,27334.25,27332.04,27347.57,27364.61,23.82,17.75,35.6,0.0,96.6,0.0,96.6,-0.05,-1,0.0,-1,1,27344.75,27346.75,26844.75,27339.25,BrickMode*DORMANT,0.0,0,8,1210.00,AUTO,Key Lvl Breakout,AGGR+CHP+ADP+RUN-EXT+PW+DLK+SLC+TPE+NWS+,SELL,55.0,0.12,0,-1,10.50,10.00,27334.25,27334.75,2,3850,4246,-1,4.3,-167.50,-207.50,6.25,-288.50,240.25,R,19,UNKNOWN,PROFIT_SAFEGUARD,tier=1 T1_PROFIT_SAFE peak=10.0pt sl=27346.75 offset=-2.0pt entry=27344.75 runner=True
2026-04-30 11:48:05,2802,27337.50,27332.05,27348.22,27364.90,26.67,17.95,35.8,0.0,96.6,0.0,96.6,-0.05,-1,0.0,-1,1,27344.75,27346.75,26844.75,27336.75,BrickMode,0.0,0,8,1210.00,AUTO,Key Lvl Breakout,AGGR+CHP+ADP+RUN-EXT+PW+DLK+SLC+TPE+NWS+,SELL,55.0,0.30,0,-1,7.25,12.00,27339.25,27339.75,2,4178,4662,-1,4.4,-164.25,-204.25,9.50,-285.25,243.50,R,19,UNKNOWN,BRICK_TRAIL_HIT,reason=px_stop peak=12.0pt cur=5.0pt retrace=7.0pt effRetraceMin=5.4pt trail=27336.75 px=27339.75 adxSlope=4.22 streak=19 effPct=50
2026-04-30 11:48:05,2802,27337.50,27332.05,27348.22,27364.90,26.67,17.95,35.8,0.0,96.6,0.0,96.6,-0.05,-1,0.0,-1,0,27344.75,27346.75,26844.75,27336.75,BrickMode,0.0,0,9,1315.00,AUTO,Key Lvl Breakout,AGGR+CHP+ADP+RUN-EXT+PW+DLK+SLC+TPE+NWS+,SELL,55.0,0.30,0,-1,7.25,12.00,27339.25,27339.75,2,4178,4662,-1,4.4,-164.25,-204.25,9.50,-285.25,243.50,R,19,UNKNOWN,CAP_REFUND,pnl=105.00 thr=25.00 tradesToday=5/20
2026-04-30 11:48:05,2802,27337.50,27332.05,27348.22,27364.90,26.67,17.95,35.8,0.0,96.6,0.0,96.6,-0.05,-1,0.0,-1,0,27344.75,27346.75,26844.75,27336.75,BrickMode,0.0,0,9,1315.00,AUTO,Key Lvl Breakout,AGGR+CHP+ADP+RUN-EXT+PW+DLK+SLC+TPE+NWS+,SELL,55.0,0.30,0,-1,7.25,12.00,27339.25,27339.75,2,4178,4662,-1,4.4,-164.25,-204.25,9.50,-285.25,243.50,R,19,UNKNOWN,BRICK_REENTRY_ARMED,dir=-1 reason=TRAIL_BrickTrail_PxStop exitPx=27337.50 windowSec=90 minStreak=3
2026-04-30 11:48:05,2802,27337.50,27332.05,27348.22,27364.90,26.67,17.95,35.8,0.0,96.6,0.0,96.6,-0.05,-1,0.0,-1,0,27344.75,27346.75,26844.75,27336.75,BrickMode,0.0,0,9,1315.00,AUTO,Key Lvl Breakout,AGGR+CHP+ADP+RUN-EXT+PW+DLK+SLC+TPE+NWS+,SELL,55.0,0.30,0,-1,7.25,12.00,27339.25,27339.75,2,4178,4662,-1,4.4,-164.25,-204.25,9.50,-285.25,243.50,R,19,UNKNOWN,EXIT_WIN_TRAIL_BrickTrail_PxStop,pnl=105.00 consec=9
2026-04-30 11:48:05,2802,27337.50,27332.05,27348.22,27364.90,26.67,17.95,35.8,0.0,96.6,0.0,96.6,-0.05,-1,0.0,-1,0,27344.75,27346.75,26844.75,27336.75,BrickMode,0.0,0,9,1315.00,AUTO,Key Lvl Breakout,AGGR+CHP+ADP+RUN-EXT+PW+DLK+SLC+TPE+NWS+,SELL,55.0,0.30,0,-1,7.25,12.00,27339.25,27339.75,2,4178,4662,-1,4.4,-164.25,-204.25,9.50,-285.25,243.50,R,19,UNKNOWN,REGIME_PNL,regime=UNKNOWN tradePnl=105.00 regTotal=1015.00 thresh=-200
2026-04-30 11:48:54,2803,27363.25,27332.12,27355.30,27366.86,45.80,18.60,32.9,0.0,0.0,0.0,0.0,0.01,-1,0.0,0,0,0.00,0.00,0.00,0.00,,0.0,0,9,1315.00,AUTO,,AGGR+CHP+ADP+RUN-EXT+PW+DLK+SLC+TPE+NWS+,SELL,55.0,1.67,0,-1,0.00,0.00,27363.75,27364.25,2,5498,5412,0,1.1,-138.50,-178.50,35.25,-259.50,269.25,G,1,UNKNOWN,BRICK_CLOSE,src=primary color=G streak=1 o=27347.00 c=27363.00 hi=27363.00 lo=27331.25
2026-04-30 11:48:54,2803,27363.25,27332.12,27355.30,27366.86,45.80,18.60,32.9,0.0,0.0,0.0,0.0,0.01,-1,0.0,0,0,0.00,0.00,0.00,0.00,,0.0,0,9,1315.00,AUTO,,AGGR+CHP+ADP+RUN-EXT+PW+DLK+SLC+TPE+NWS+,SELL,55.0,1.67,0,-1,0.00,0.00,27363.75,27364.25,2,5498,5412,0,1.1,-138.50,-178.50,35.25,-259.50,269.25,G,1,UNKNOWN,BRICK_REENTRY_DISARM,why=opp_brick
2026-04-30 11:48:54,2803,27363.25,27332.12,27355.30,27366.86,45.80,18.60,32.9,0.0,0.0,0.0,0.0,0.01,-1,0.0,0,0,0.00,0.00,0.00,0.00,,0.0,0,9,1315.00,AUTO,,AGGR+CHP+ADP+RUN-EXT+PW+DLK+SLC+TPE+NWS+,SELL,55.0,1.67,0,-1,0.00,0.00,27363.75,27364.25,2,5498,5412,0,1.1,-138.50,-178.50,35.25,-259.50,269.25,G,1,UNKNOWN,RUN_END,color=R len=19 pts=60.0 maxFav=88.0 durSec=845 startPx=27423.00 endPx=27363.00
2026-04-30 11:48:54,2803,27363.25,27332.12,27355.30,27366.86,45.80,18.60,32.9,0.0,26.9,0.0,26.9,0.01,-1,0.0,0,0,0.00,0.00,0.00,0.00,,0.0,0,9,1315.00,AUTO,,AGGR+CHP+ADP+RUN-EXT+PW+DLK+SLC+TPE+NWS+,SELL,55.0,1.67,0,-1,0.00,0.00,27363.75,27364.25,2,5498,5412,0,1.1,-138.50,-178.50,35.25,-259.50,269.25,G,1,UNKNOWN,SIGNAL,
2026-04-30 11:48:54,2803,27363.25,27332.12,27355.30,27366.86,45.80,18.60,32.9,0.0,26.9,0.0,26.9,0.01,-1,0.0,0,0,0.00,0.00,0.00,0.00,,0.0,0,9,1315.00,AUTO,,AGGR+CHP+ADP+RUN-EXT+PW+DLK+SLC+TPE+NWS+,WAIT,55.0,1.67,0,-1,0.00,0.00,27363.75,27364.25,2,5498,5412,0,1.1,-138.50,-178.50,35.25,-259.50,269.25,G,1,UNKNOWN,BLOCK_AUTO,reason=tooSoon consecLoss=0 barsSinceExit=1 barsSinceLoss=139
2026-04-30 11:49:17,2804,27367.25,27332.17,27358.29,27367.20,48.07,18.40,31.3,0.0,26.9,0.0,26.9,0.02,-1,0.0,0,0,0.00,0.00,0.00,0.00,,0.0,0,9,1315.00,AUTO,,AGGR+CHP+ADP+RUN-EXT+PW+DLK+SLC+TPE+NWS+,WAIT,55.0,1.91,0,-1,0.00,0.00,27366.00,27366.50,2,6190,5912,0,-1.2,-134.50,-174.50,39.25,-255.50,273.25,G,2,UNKNOWN,BRICK_CLOSE,src=primary color=G streak=2 o=27351.00 c=27367.00 hi=27367.00 lo=27351.00
2026-04-30 11:49:17,2804,27367.25,27332.17,27358.29,27367.20,48.07,18.40,31.3,0.0,23.9,0.0,23.9,0.02,-1,0.0,0,0,0.00,0.00,0.00,0.00,,0.0,0,9,1315.00,AUTO,,AGGR+CHP+ADP+RUN-EXT+PW+DLK+SLC+TPE+NWS+,WAIT,55.0,1.91,0,-1,0.00,0.00,27366.00,27366.50,2,6190,5912,0,-1.2,-134.50,-174.50,39.25,-255.50,273.25,G,2,UNKNOWN,SIGNAL,
2026-04-30 11:49:17,2804,27367.25,27332.17,27358.29,27367.20,48.07,18.40,31.3,0.0,23.9,0.0,23.9,0.02,-1,0.0,0,0,0.00,0.00,0.00,0.00,,0.0,0,9,1315.00,AUTO,,AGGR+CHP+ADP+RUN-EXT+PW+DLK+SLC+TPE+NWS+,WAIT,55.0,1.91,0,-1,0.00,0.00,27366.00,27366.50,2,6190,5912,0,-1.2,-134.50,-174.50,39.25,-255.50,273.25,G,2,UNKNOWN,BLOCK_AUTO,reason=tooSoon consecLoss=0 barsSinceExit=2 barsSinceLoss=140
2026-04-30 11:49:58,2805,27371.25,27332.22,27361.48,27367.88,50.32,18.21,29.2,0.0,23.9,0.0,23.9,0.03,-1,0.0,0,0,0.00,0.00,0.00,0.00,,0.0,0,9,1315.00,AUTO,,AGGR+CHP+ADP+RUN-EXT+PW+DLK+SLC+TPE+NWS+,WAIT,55.0,2.14,0,-1,0.00,0.00,27371.75,27372.25,2,6862,6430,0,-4.2,-130.50,-170.50,43.25,-251.50,277.25,G,3,UNKNOWN,BRICK_CLOSE,src=primary color=G streak=3 o=27355.00 c=27371.00 hi=27371.00 lo=27355.00
2026-04-30 11:49:58,2805,27371.25,27332.22,27361.48,27367.88,50.32,18.21,29.2,0.0,20.9,0.0,20.9,0.03,-1,0.0,0,0,0.00,0.00,0.00,0.00,,0.0,0,9,1315.00,AUTO,,AGGR+CHP+ADP+RUN-EXT+PW+DLK+SLC+TPE+NWS+,WAIT,55.0,2.14,0,-1,0.00,0.00,27371.75,27372.25,2,6862,6430,0,-4.2,-130.50,-170.50,43.25,-251.50,277.25,G,3,UNKNOWN,SIGNAL,
2026-04-30 11:49:58,2805,27371.25,27332.22,27361.48,27367.88,50.32,18.21,29.2,0.0,20.9,0.0,20.9,0.03,-1,0.0,0,0,0.00,0.00,0.00,0.00,,0.0,0,9,1315.00,AUTO,,AGGR+CHP+ADP+RUN-EXT+PW+DLK+SLC+TPE+NWS+,WAIT,55.0,2.14,0,-1,0.00,0.00,27371.75,27372.25,2,6862,6430,0,-4.2,-130.50,-170.50,43.25,-251.50,277.25,G,3,UNKNOWN,BLOCK_AUTO,reason=tooSoon consecLoss=0 barsSinceExit=3 barsSinceLoss=141
2026-04-30 11:50:00,2806,27375.50,27332.23,27364.89,27368.88,52.67,18.05,26.9,0.0,20.9,0.0,20.9,0.04,-1,0.0,0,0,0.00,0.00,0.00,0.00,,0.0,0,9,1315.00,AUTO,,AGGR+CHP+ADP+RUN-EXT+PW+DLK+SLC+TPE+NWS+,WAIT,55.0,2.40,0,-1,0.00,0.00,27373.00,27373.75,3,7004,6478,0,-7.6,-126.25,-166.25,47.50,-247.25,281.50,G,4,UNKNOWN,BRICK_CLOSE,src=primary color=G streak=4 o=27359.00 c=27375.00 hi=27375.00 lo=27359.00
2026-04-30 11:50:00,2806,27375.50,27332.23,27364.89,27368.88,52.67,18.05,26.9,0.0,18.0,0.0,18.0,0.04,-1,0.0,0,0,0.00,0.00,0.00,0.00,,0.0,0,9,1315.00,AUTO,,AGGR+CHP+ADP+RUN-EXT+PW+DLK+SLC+TPE+NWS+,WAIT,55.0,2.40,0,-1,0.00,0.00,27373.00,27373.75,3,7004,6478,0,-7.6,-126.25,-166.25,47.50,-247.25,281.50,G,4,UNKNOWN,SIGNAL,
2026-04-30 11:50:19,2807,27379.50,27332.28,27368.37,27370.14,54.84,17.88,25.4,0.0,18.0,0.0,18.0,0.04,-1,0.0,0,0,0.00,0.00,0.00,0.00,,0.0,0,9,1315.00,AUTO,,AGGR+CHP+ADP+RUN-EXT+PW+DLK+SLC+TPE+NWS+,WAIT,55.0,2.64,0,-1,0.00,0.00,27378.50,27379.25,3,7472,6952,0,-8.4,-122.25,-162.25,51.50,-243.25,285.50,G,5,UNKNOWN,BRICK_CLOSE,src=primary color=G streak=5 o=27363.00 c=27379.00 hi=27379.00 lo=27363.00
2026-04-30 11:50:19,2807,27379.50,27332.28,27368.37,27370.14,54.84,17.88,25.4,0.0,26.6,0.0,26.6,0.04,-1,0.0,0,0,0.00,0.00,0.00,0.00,,0.0,0,9,1315.00,AUTO,,AGGR+CHP+ADP+RUN-EXT+PW+DLK+SLC+TPE+NWS+,WAIT,55.0,2.64,0,-1,0.00,0.00,27378.50,27379.25,3,7472,6952,0,-8.4,-122.25,-162.25,51.50,-243.25,285.50,G,5,UNKNOWN,SIGNAL,
2026-04-30 11:50:21,2808,27383.25,27332.29,27371.91,27371.62,56.83,17.71,24.6,0.0,26.6,0.0,26.6,0.04,-1,0.0,0,0,0.00,0.00,0.00,0.00,,0.0,0,9,1315.00,AUTO,,AGGR+CHP+ADP+RUN-EXT+PW+DLK+SLC+TPE+NWS+,WAIT,55.0,2.88,0,-1,0.00,0.00,27381.25,27381.75,2,7564,6972,1,-7.9,-118.50,-158.50,55.25,-239.50,289.25,G,6,UNKNOWN,BRICK_CLOSE,src=primary color=G streak=6 o=27367.00 c=27383.00 hi=27383.00 lo=27367.00
2026-04-30 11:50:21,2808,27383.25,27332.29,27371.91,27371.62,56.83,17.71,24.6,67.5,8.0,67.5,8.0,0.04,0,0.0,0,0,0.00,0.00,0.00,0.00,,0.0,0,9,1315.00,AUTO,,AGGR+CHP+ADP+RUN-EXT+PW+DLK+SLC+TPE+NWS+,WAIT,55.0,2.88,0,-1,0.00,0.00,27381.25,27381.75,2,7564,6972,1,-7.9,-118.50,-158.50,55.25,-239.50,289.25,G,6,UNKNOWN,SIGNAL,
2026-04-30 11:50:21,2808,27383.25,27332.29,27371.91,27371.62,56.83,17.71,24.6,67.5,8.0,67.5,8.0,0.04,0,0.0,1,1,0.00,0.00,0.00,0.00,,0.0,0,9,1315.00,AUTO,Momentum+VWAP,AGGR+CHP+ADP+RUN-EXT+PW+DLK+SLC+TPE+NWS+,BUY,55.0,2.88,0,-1,0.00,0.00,27381.25,27381.75,2,7564,6972,1,-7.9,-118.50,-158.50,55.25,-239.50,289.25,G,6,UNKNOWN,ENTRY_LONG,manual=F bull=67.5 bear=8.0 sig=1 htf=0 tape=0.04 emaXAgo=0 distVwap=51.0 atr=17.7 px=27383.25 sl=0.00 tp=0.00
2026-04-30 11:50:21,2808,27383.25,27332.29,27371.91,27371.62,56.83,17.71,24.6,67.5,8.0,67.5,8.0,0.04,0,0.0,1,1,27382.00,27364.00,27432.00,0.00,,0.0,0,9,1315.00,AUTO,Momentum+VWAP,AGGR+CHP+ADP+RUN-EXT+PW+DLK+SLC+TPE+NWS+,BUY,55.0,2.88,0,-1,1.25,0.00,27381.25,27381.75,2,7566,6972,1,-7.9,-118.50,-158.50,55.25,-239.50,289.25,G,6,UNKNOWN,STOPS_ARMED,dir=1 entry=27382.00 sl=27364.00 tp=27432.00 slPt=18 tpPt=50
2026-04-30 11:50:48,2808,27384.50,27332.36,27372.16,27371.73,57.50,17.96,24.9,67.5,8.0,67.5,8.0,0.04,0,0.0,1,1,27382.00,27376.00,27432.00,27381.75,BrickMode*DORMANT,0.0,0,9,1315.00,AUTO,Momentum+VWAP,AGGR+CHP+ADP+RUN-EXT+PW+DLK+SLC+TPE+NWS+,BUY,55.0,2.90,0,-1,2.50,4.25,27386.25,27387.00,3,8152,7490,1,-7.5,-117.25,-157.25,56.50,-238.25,290.50,G,6,UNKNOWN,SMART_BE_LADDER,tier=1 T1_LOSS_CAP peak=4.3pt sl=27376.00 entry=27382.00
2026-04-30 11:50:54,2809,27387.25,27332.37,27375.57,27373.35,58.91,17.57,24.3,67.5,8.0,67.5,8.0,0.04,0,0.0,1,1,27382.00,27376.00,27432.00,27382.25,BrickMode*DORMANT,0.0,0,9,1315.00,AUTO,Momentum+VWAP,AGGR+CHP+ADP+RUN-EXT+PW+DLK+SLC+TPE+NWS+,BUY,55.0,3.12,0,-1,5.25,4.25,27386.00,27386.50,2,8238,7568,1,-6.5,-114.50,-154.50,59.25,-235.50,293.25,G,7,UNKNOWN,BRICK_CLOSE,src=primary color=G streak=7 o=27371.00 c=27387.00 hi=27387.00 lo=27371.00
2026-04-30 11:51:01,2809,27386.75,27332.39,27375.47,27373.30,58.58,17.68,24.4,67.5,8.0,67.5,8.0,0.04,0,0.0,1,1,27382.00,27382.75,27432.00,27383.75,BrickMode*DORMANT,0.0,0,9,1315.00,AUTO,Momentum+VWAP,AGGR+CHP+ADP+RUN-EXT+PW+DLK+SLC+TPE+NWS+,BUY,55.0,3.08,0,-1,4.75,6.25,27388.25,27388.75,2,8396,7684,1,-6.4,-115.00,-155.00,58.75,-236.00,292.75,G,7,UNKNOWN,SMART_BE_LADDER,tier=2 T2_SOFT_BE peak=6.3pt sl=27382.75 entry=27382.00
2026-04-30 11:51:05,2809,27386.25,27332.40,27375.37,27373.26,58.21,17.71,24.5,67.5,8.0,67.5,8.0,0.05,0,0.0,1,0,27382.00,27382.75,27432.00,27384.25,BrickMode*DORMANT,0.0,0,10,1330.00,AUTO,Momentum+VWAP,AGGR+CHP+ADP+RUN-EXT+PW+DLK+SLC+TPE+NWS+,BUY,55.0,3.04,0,-1,4.25,6.25,27382.50,27383.25,3,8514,7760,1,-6.3,-115.50,-155.50,58.25,-236.50,292.25,G,7,UNKNOWN,EXIT_WIN_SL,pnl=15.00 consec=10
2026-04-30 11:51:05,2809,27386.25,27332.40,27375.37,27373.26,58.21,17.71,24.5,67.5,8.0,67.5,8.0,0.05,0,0.0,1,0,27382.00,27382.75,27432.00,27384.25,BrickMode*DORMANT,0.0,0,10,1330.00,AUTO,Momentum+VWAP,AGGR+CHP+ADP+RUN-EXT+PW+DLK+SLC+TPE+NWS+,BUY,55.0,3.04,0,-1,4.25,6.25,27382.50,27383.25,3,8514,7760,1,-6.3,-115.50,-155.50,58.25,-236.50,292.25,G,7,UNKNOWN,REGIME_PNL,regime=UNKNOWN tradePnl=15.00 regTotal=1030.00 thresh=-200
2026-04-30 11:51:25,2810,27391.25,27332.45,27379.31,27375.29,60.93,17.44,24.3,0.0,0.0,0.0,0.0,0.04,0,0.0,0,0,0.00,0.00,0.00,0.00,,0.0,0,10,1330.00,AUTO,,AGGR+CHP+ADP+RUN-EXT+PW+DLK+SLC+TPE+NWS+,BUY,55.0,3.37,0,-1,0.00,0.00,27392.50,27393.25,3,8842,8082,1,-4.5,-110.50,-150.50,63.25,-231.50,297.25,G,8,UNKNOWN,BRICK_CLOSE,src=primary color=G streak=8 o=27375.00 c=27391.00 hi=27391.00 lo=27375.00
2026-04-30 11:51:25,2810,27391.25,27332.45,27379.31,27375.29,60.93,17.44,24.3,85.3,8.0,85.3,8.0,0.04,0,0.0,0,0,0.00,0.00,0.00,0.00,,0.0,0,10,1330.00,AUTO,,AGGR+CHP+ADP+RUN-EXT+PW+DLK+SLC+TPE+NWS+,BUY,55.0,3.37,0,-1,0.00,0.00,27392.50,27393.25,3,8842,8082,1,-4.5,-110.50,-150.50,63.25,-231.50,297.25,G,8,UNKNOWN,SIGNAL,
2026-04-30 11:51:25,2810,27391.25,27332.45,27379.31,27375.29,60.93,17.44,24.3,85.3,8.0,85.3,8.0,0.04,0,0.0,0,0,0.00,0.00,0.00,0.00,,0.0,0,10,1330.00,AUTO,,AGGR+CHP+ADP+RUN-EXT+PW+DLK+SLC+TPE+NWS+,STRONG_BUY,55.0,3.37,0,-1,0.00,0.00,27392.50,27393.25,3,8842,8082,1,-4.5,-110.50,-150.50,63.25,-231.50,297.25,G,8,UNKNOWN,BLOCK_AUTO,reason=tooSoon consecLoss=0 barsSinceExit=1 barsSinceLoss=146
2026-04-30 11:51:25,2811,27395.25,27332.46,27383.10,27377.41,62.90,17.32,24.7,85.3,8.0,85.3,8.0,0.05,0,0.0,0,0,0.00,0.00,0.00,0.00,,0.0,0,10,1330.00,AUTO,,AGGR+CHP+ADP+RUN-EXT+PW+DLK+SLC+TPE+NWS+,STRONG_BUY,55.0,3.63,0,-1,0.00,0.00,27392.50,27393.25,3,8960,8088,1,-2.3,-106.50,-146.50,67.25,-227.50,301.25,G,9,UNKNOWN,BRICK_CLOSE,src=primary color=G streak=9 o=27379.00 c=27395.00 hi=27395.00 lo=27379.00
2026-04-30 11:51:25,2811,27395.25,27332.46,27383.10,27377.41,62.90,17.32,24.7,57.5,8.0,57.5,8.0,0.05,0,0.0,0,0,0.00,0.00,0.00,0.00,,0.0,0,10,1330.00,AUTO,,AGGR+CHP+ADP+RUN-EXT+PW+DLK+SLC+TPE+NWS+,STRONG_BUY,55.0,3.63,0,-1,0.00,0.00,27392.50,27393.25,3,8960,8088,1,-2.3,-106.50,-146.50,67.25,-227.50,301.25,G,9,UNKNOWN,SIGNAL,
2026-04-30 11:51:25,2811,27395.25,27332.46,27383.10,27377.41,62.90,17.32,24.7,57.5,8.0,57.5,8.0,0.05,0,0.0,0,0,0.00,0.00,0.00,0.00,,0.0,0,10,1330.00,AUTO,,AGGR+CHP+ADP+RUN-EXT+PW+DLK+SLC+TPE+NWS+,BUY,55.0,3.63,0,-1,0.00,0.00,27392.50,27393.25,3,8960,8088,1,-2.3,-106.50,-146.50,67.25,-227.50,301.25,G,9,UNKNOWN,BLOCK_AUTO,reason=tooSoon consecLoss=0 barsSinceExit=2 barsSinceLoss=147
2026-04-30 11:53:05,2812,27399.50,27332.71,27386.98,27379.73,64.93,17.27,25.4,57.5,8.0,57.5,8.0,0.04,0,0.0,0,0,0.00,0.00,0.00,0.00,,0.0,0,10,1330.00,AUTO,,AGGR+CHP+ADP+RUN-EXT+PW+DLK+SLC+TPE+NWS+,BUY,55.0,3.87,0,-1,0.00,0.00,27399.00,27399.50,2,10506,9652,1,-0.3,-102.25,-142.25,71.50,-223.25,305.50,G,10,UNKNOWN,BRICK_CLOSE,src=primary color=G streak=10 o=27383.00 c=27399.00 hi=27399.00 lo=27382.25
2026-04-30 11:53:05,2812,27399.50,27332.71,27386.98,27379.73,64.93,17.27,25.4,55.3,8.0,55.3,8.0,0.04,0,0.0,0,0,0.00,0.00,0.00,0.00,,0.0,0,10,1330.00,AUTO,,AGGR+CHP+ADP+RUN-EXT+PW+DLK+SLC+TPE+NWS+,BUY,55.0,3.87,0,-1,0.00,0.00,27399.00,27399.50,2,10506,9652,1,-0.3,-102.25,-142.25,71.50,-223.25,305.50,G,10,UNKNOWN,SIGNAL,
2026-04-30 11:53:05,2812,27399.50,27332.71,27386.98,27379.73,64.93,17.27,25.4,55.3,8.0,55.3,8.0,0.04,0,0.0,0,0,0.00,0.00,0.00,0.00,,0.0,0,10,1330.00,AUTO,,AGGR+CHP+ADP+RUN-EXT+PW+DLK+SLC+TPE+NWS+,BUY,55.0,3.87,0,-1,0.00,0.00,27399.00,27399.50,2,10506,9652,1,-0.3,-102.25,-142.25,71.50,-223.25,305.50,G,10,UNKNOWN,BLOCK_AUTO,reason=tooSoon consecLoss=0 barsSinceExit=3 barsSinceLoss=148
2026-04-30 11:54:18,2813,27403.25,27332.89,27390.79,27382.16,66.66,17.38,26.4,55.3,8.0,55.3,8.0,0.08,0,0.0,0,0,0.00,0.00,0.00,0.00,,0.0,0,10,1330.00,AUTO,,AGGR+CHP+ADP+RUN-EXT+PW+DLK+SLC+TPE+NWS+,BUY,55.0,4.05,0,-1,0.00,0.00,27403.25,27403.75,2,728,614,1,1.4,-98.50,-138.50,75.25,-219.50,309.25,G,11,UNKNOWN,BRICK_CLOSE,src=primary color=G streak=11 o=27387.00 c=27403.00 hi=27403.00 lo=27383.50
2026-04-30 11:54:18,2813,27403.25,27332.89,27390.79,27382.16,66.66,17.38,26.4,55.3,8.0,55.3,8.0,0.08,0,0.0,0,0,0.00,0.00,0.00,0.00,,0.0,0,10,1330.00,AUTO,,AGGR+CHP+ADP+RUN-EXT+PW+DLK+SLC+TPE+NWS+,BUY,55.0,4.05,0,-1,0.00,0.00,27403.25,27403.75,2,728,614,1,1.4,-98.50,-138.50,75.25,-219.50,309.25,G,11,TREND_UP,REGIME_CHANGE,from=UNKNOWN to=TREND_UP adx=26.4 slope=1.41 atr/avg=0.96 eStack=1 distVwapAtr=4.05 nr=Gx11 flips4=0
2026-04-30 11:54:18,2813,27403.25,27332.89,27390.79,27382.16,66.66,17.38,26.4,55.3,8.0,55.3,8.0,0.08,0,0.0,0,0,0.00,0.00,0.00,0.00,,0.0,0,10,1330.00,AUTO,,AGGR+CHP+ADP+RUN-EXT+PW+DLK+SLC+TPE+NWS+,BUY,55.0,4.05,0,-1,0.00,0.00,27403.25,27403.75,2,728,614,1,1.4,-98.50,-138.50,75.25,-219.50,309.25,G,11,TREND_UP,SIGNAL,
2026-04-30 11:54:23,2814,27407.25,27332.94,27394.68,27384.75,68.44,17.26,27.5,55.3,8.0,55.3,8.0,0.17,0,0.0,0,0,0.00,0.00,0.00,0.00,,0.0,0,10,1330.00,AUTO,,AGGR+CHP+ADP+RUN-EXT+PW+DLK+SLC+TPE+NWS+,BUY,55.0,4.31,0,-1,0.00,0.00,27405.75,27406.00,1,1066,760,1,2.9,-94.50,-134.50,79.25,-215.50,313.25,G,12,TREND_UP,BRICK_CLOSE,src=primary color=G streak=12 o=27391.00 c=27407.00 hi=27407.00 lo=27391.00
2026-04-30 11:54:23,2814,27407.25,27332.94,27394.68,27384.75,68.44,17.26,27.5,42.5,8.0,42.5,8.0,0.17,0,0.0,0,0,0.00,0.00,0.00,0.00,,0.0,0,10,1330.00,AUTO,,AGGR+CHP+ADP+RUN-EXT+PW+DLK+SLC+TPE+NWS+,BUY,55.0,4.31,0,-1,0.00,0.00,27405.75,27406.00,1,1066,760,1,2.9,-94.50,-134.50,79.25,-215.50,313.25,G,12,TREND_UP,SIGNAL,
2026-04-30 11:54:32,2815,27411.25,27332.97,27398.60,27387.47,70.16,17.15,28.9,42.5,8.0,42.5,8.0,0.13,0,0.0,0,0,0.00,0.00,0.00,0.00,,0.0,0,10,1330.00,AUTO,,AGGR+CHP+ADP+RUN-EXT+PW+DLK+SLC+TPE+NWS+,WAIT,55.0,4.56,0,-1,0.00,0.00,27409.50,27410.00,2,1254,972,1,4.2,-90.50,-130.50,83.25,-211.50,317.25,G,13,TREND_UP,BRICK_CLOSE,src=primary color=G streak=13 o=27395.00 c=27411.00 hi=27411.00 lo=27395.00
2026-04-30 11:54:32,2815,27411.25,27332.97,27398.60,27387.47,70.16,17.15,28.9,42.5,8.0,42.5,8.0,0.13,0,0.0,0,0,0.00,0.00,0.00,0.00,,0.0,0,10,1330.00,AUTO,,AGGR+CHP+ADP+RUN-EXT+PW+DLK+SLC+TPE+NWS+,WAIT,55.0,4.56,0,-1,0.00,0.00,27409.50,27410.00,2,1254,972,1,4.2,-90.50,-130.50,83.25,-211.50,317.25,G,13,TREND_UP,SIGNAL,
2026-04-30 11:55:21,2816,27415.25,27333.18,27402.53,27390.30,71.82,17.05,30.4,42.5,8.0,42.5,8.0,0.08,0,0.0,0,0,0.00,0.00,0.00,0.00,,0.0,0,10,1330.00,AUTO,,AGGR+CHP+ADP+RUN-EXT+PW+DLK+SLC+TPE+NWS+,WAIT,55.0,4.81,0,-1,0.00,0.00,27415.00,27415.75,3,2288,1960,1,5.3,-86.50,-126.50,87.25,-207.50,321.25,G,14,TREND_UP,BRICK_CLOSE,src=primary color=G streak=14 o=27399.00 c=27415.00 hi=27415.00 lo=27399.00
2026-04-30 11:55:21,2816,27415.25,27333.18,27402.53,27390.30,71.82,17.05,30.4,93.5,8.0,93.5,8.0,0.08,1,0.0,0,0,0.00,0.00,0.00,0.00,,0.0,0,10,1330.00,AUTO,,AGGR+CHP+ADP+RUN-EXT+PW+DLK+SLC+TPE+NWS+,WAIT,55.0,4.81,0,-1,0.00,0.00,27415.00,27415.75,3,2288,1960,1,5.3,-86.50,-126.50,87.25,-207.50,321.25,G,14,TREND_UP,SIGNAL,
2026-04-30 11:55:21,2816,27415.25,27333.18,27402.53,27390.30,71.82,17.05,30.4,93.5,8.0,93.5,8.0,0.08,1,0.0,0,0,0.00,0.00,0.00,0.00,,0.0,0,10,1330.00,AUTO,,AGGR+CHP+ADP+RUN-EXT+PW+DLK+SLC+TPE+NWS+,BUY,55.0,4.81,0,-1,0.00,0.00,27415.00,27415.75,3,2288,1960,1,5.3,-86.50,-126.50,87.25,-207.50,321.25,G,14,TREND_UP,TREND_CHASE_FIRE,dir=1 adx=30.4 streak=14 bull=93.5
2026-04-30 11:55:21,2816,27415.25,27333.18,27402.53,27390.30,71.82,17.05,30.4,93.5,8.0,93.5,8.0,0.08,1,0.0,1,1,0.00,0.00,0.00,0.00,,0.0,0,10,1330.00,AUTO,Momentum+VWAP,AGGR+CHP+ADP+RUN-EXT+PW+DLK+SLC+TPE+NWS+,BUY,55.0,4.81,0,-1,0.00,0.00,27415.00,27415.75,3,2288,1960,1,5.3,-86.50,-126.50,87.25,-207.50,321.25,G,14,TREND_UP,ENTRY_LONG,manual=F bull=93.5 bear=8.0 sig=1 htf=1 tape=0.08 emaXAgo=8 distVwap=82.1 atr=17.0 px=27415.25 sl=0.00 tp=0.00
2026-04-30 11:55:21,2816,27415.25,27333.18,27402.53,27390.30,71.82,17.05,30.4,93.5,8.0,93.5,8.0,0.08,1,0.0,1,1,27415.50,27397.50,27915.50,0.00,,0.0,0,10,1330.00,AUTO,Momentum+VWAP,AGGR+CHP+ADP+RUN-EXT+PW+DLK+SLC+TPE+NWS+,BUY,55.0,4.81,0,-1,-0.25,0.00,27415.00,27415.75,3,2288,1962,1,5.3,-86.50,-126.50,87.25,-207.50,321.25,G,14,TREND_UP,CLAMP_SKIP,adx=30.4 thr=28.0
2026-04-30 11:55:21,2816,27415.25,27333.18,27402.53,27390.30,71.82,17.05,30.4,93.5,8.0,93.5,8.0,0.08,1,0.0,1,1,27415.50,27397.50,27915.50,0.00,,0.0,0,10,1330.00,AUTO,Momentum+VWAP,AGGR+CHP+ADP+RUN-EXT+PW+DLK+SLC+TPE+NWS+,BUY,55.0,4.81,0,-1,-0.25,0.00,27415.00,27415.75,3,2288,1962,1,5.3,-86.50,-126.50,87.25,-207.50,321.25,G,14,TREND_UP,STOPS_ARMED,dir=1 entry=27415.50 sl=27397.50 tp=27915.50 slPt=18 tpPt=50 RUNNER
2026-04-30 11:55:36,2817,27419.25,27333.24,27406.47,27393.24,73.40,16.96,32.0,93.5,8.0,93.5,8.0,0.08,1,0.0,1,1,27415.50,27397.50,27915.50,27415.00,BrickMode*DORMANT,0.0,0,10,1330.00,AUTO,Momentum+VWAP,AGGR+CHP+ADP+RUN-EXT+PW+DLK+SLC+TPE+NWS+,BUY,55.0,5.07,0,-1,3.75,3.50,27419.00,27419.50,2,2608,2240,1,6.3,-82.50,-122.50,91.25,-203.50,325.25,G,15,TREND_UP,BRICK_CLOSE,src=primary color=G streak=15 o=27403.00 c=27419.00 hi=27419.00 lo=27403.00
2026-04-30 11:55:36,2817,27419.25,27333.24,27406.47,27393.24,73.40,16.96,32.0,93.5,8.0,93.5,8.0,0.08,1,0.0,1,1,27415.50,27397.50,27915.50,27415.00,BrickMode*DORMANT,0.0,0,10,1330.00,AUTO,Momentum+VWAP,AGGR+CHP+ADP+RUN-EXT+PW+DLK+SLC+TPE+NWS+,BUY,55.0,5.07,0,-1,3.75,3.50,27419.00,27419.50,2,2608,2240,1,6.3,-82.50,-122.50,91.25,-203.50,325.25,G,15,TREND_UP,HEARTBEAT,tradesToday=7 openDca=1
2026-04-30 11:59:01,2817,27398.00,27333.82,27402.22,27391.31,55.61,17.79,31.1,93.5,8.0,93.5,8.0,-0.02,1,0.0,1,0,27415.50,27397.50,27915.50,27416.00,BrickMode*DORMANT,0.0,1,0,915.00,AUTO,Momentum+VWAP,AGGR+CHP+ADP+RUN-EXT+PW+DLK+SLC+TPE+NWS+,BUY,55.0,3.61,0,-1,-17.50,4.50,27394.25,27394.75,2,5366,5594,0,5.4,-103.75,-143.75,70.00,-224.75,304.00,G,15,TREND_UP,EXIT_LOSS_SL,pnl=-415.00 consec=1
2026-04-30 11:59:01,2817,27398.00,27333.82,27402.22,27391.31,55.61,17.79,31.1,93.5,8.0,93.5,8.0,-0.02,1,0.0,1,0,27415.50,27397.50,27915.50,27416.00,BrickMode*DORMANT,0.0,1,0,915.00,AUTO,Momentum+VWAP,AGGR+CHP+ADP+RUN-EXT+PW+DLK+SLC+TPE+NWS+,BUY,55.0,3.61,0,-1,-17.50,4.50,27394.25,27394.75,2,5366,5594,0,5.4,-103.75,-143.75,70.00,-224.75,304.00,G,15,TREND_UP,REGIME_PNL,regime=TREND_UP tradePnl=-415.00 regTotal=-80.00 thresh=-200
2026-04-30 11:59:51,2818,27390.50,27333.91,27398.76,27390.66,51.17,17.88,29.6,0.0,0.0,0.0,0.0,-0.02,1,0.0,0,0,0.00,0.00,0.00,0.00,,0.0,1,0,915.00,AUTO,,AGGR+CHP+ADP+RUN-EXT+PW+DLK+SLC+TPE+NWS+,BUY,55.0,3.16,0,-1,0.00,0.00,27389.75,27390.25,2,6088,6334,0,2.9,-111.25,-151.25,62.50,-232.25,296.50,R,1,TREND_UP,BRICK_CLOSE,src=primary color=R streak=1 o=27407.00 c=27391.00 hi=27422.00 lo=27391.00
2026-04-30 11:59:51,2818,27390.50,27333.91,27398.76,27390.66,51.17,17.88,29.6,0.0,0.0,0.0,0.0,-0.02,1,0.0,0,0,0.00,0.00,0.00,0.00,,0.0,1,0,915.00,AUTO,,AGGR+CHP+ADP+RUN-EXT+PW+DLK+SLC+TPE+NWS+,BUY,55.0,3.16,0,-1,0.00,0.00,27389.75,27390.25,2,6088,6334,0,2.9,-111.25,-151.25,62.50,-232.25,296.50,R,1,TREND_UP,RUN_END,color=G len=15 pts=44.0 maxFav=72.0 durSec=657 startPx=27347.00 endPx=27391.00
2026-04-30 11:59:51,2818,27390.50,27333.91,27398.76,27390.66,51.17,17.88,29.6,0.0,0.0,0.0,0.0,-0.02,1,0.0,0,0,0.00,0.00,0.00,0.00,,0.0,1,0,915.00,AUTO,,AGGR+CHP+ADP+RUN-EXT+PW+DLK+SLC+TPE+NWS+,BUY,55.0,3.16,0,-1,0.00,0.00,27389.75,27390.25,2,6088,6334,0,2.9,-111.25,-151.25,62.50,-232.25,296.50,R,1,UNKNOWN,REGIME_CHANGE,from=TREND_UP to=UNKNOWN adx=29.6 slope=2.94 atr/avg=0.99 eStack=0 distVwapAtr=3.16 nr=Rx1 flips4=1
2026-04-30 11:59:51,2818,27390.50,27333.91,27398.76,27390.66,51.17,17.88,29.6,12.6,8.0,12.6,8.0,-0.02,0,0.0,0,0,0.00,0.00,0.00,0.00,,0.0,1,0,915.00,AUTO,,AGGR+CHP+ADP+RUN-EXT+PW+DLK+SLC+TPE+NWS+,BUY,55.0,3.16,0,-1,0.00,0.00,27389.75,27390.25,2,6088,6334,0,2.9,-111.25,-151.25,62.50,-232.25,296.50,R,1,UNKNOWN,SIGNAL,
2026-04-30 11:59:51,2818,27390.50,27333.91,27398.76,27390.66,51.17,17.88,29.6,12.6,8.0,12.6,8.0,-0.02,0,0.0,0,0,0.00,0.00,0.00,0.00,,0.0,1,0,915.00,AUTO,,AGGR+CHP+ADP+RUN-EXT+PW+DLK+SLC+TPE+NWS+,WAIT,55.0,3.16,0,-1,0.00,0.00,27389.75,27390.25,2,6088,6334,0,2.9,-111.25,-151.25,62.50,-232.25,296.50,R,1,UNKNOWN,BLOCK_AUTO,reason=postLossCD consecLoss=1 barsSinceExit=1 barsSinceLoss=1
2026-04-30 12:00:02,2819,27386.75,27333.96,27395.80,27390.02,49.07,17.71,28.2,12.6,8.0,12.6,8.0,-0.02,0,0.0,0,0,0.00,0.00,0.00,0.00,,0.0,1,0,915.00,AUTO,,AGGR+CHP+ADP+RUN-EXT+PW+DLK+SLC+TPE+NWS+,WAIT,55.0,2.98,0,-1,0.00,0.00,27386.00,27386.50,2,6402,6698,0,0.4,-115.00,-155.00,58.75,-236.00,292.75,R,2,UNKNOWN,BRICK_CLOSE,src=primary color=R streak=2 o=27403.00 c=27387.00 hi=27403.00 lo=27387.00
2026-04-30 12:00:02,2819,27386.75,27333.96,27395.80,27390.02,49.07,17.71,28.2,10.0,8.0,10.0,8.0,-0.02,0,0.0,0,0,0.00,0.00,0.00,0.00,,0.0,1,0,915.00,AUTO,,AGGR+CHP+ADP+RUN-EXT+PW+DLK+SLC+TPE+NWS+,WAIT,55.0,2.98,0,-1,0.00,0.00,27386.00,27386.50,2,6402,6698,0,0.4,-115.00,-155.00,58.75,-236.00,292.75,R,2,UNKNOWN,SIGNAL,
2026-04-30 12:00:02,2819,27386.75,27333.96,27395.80,27390.02,49.07,17.71,28.2,10.0,8.0,10.0,8.0,-0.02,0,0.0,0,0,0.00,0.00,0.00,0.00,,0.0,1,0,915.00,AUTO,,AGGR+CHP+ADP+RUN-EXT+PW+DLK+SLC+TPE+NWS+,WAIT,55.0,2.98,0,-1,0.00,0.00,27386.00,27386.50,2,6402,6698,0,0.4,-115.00,-155.00,58.75,-236.00,292.75,R,2,UNKNOWN,BLOCK_AUTO,reason=postLossCD consecLoss=1 barsSinceExit=2 barsSinceLoss=2
2026-04-30 12:00:03,2820,27382.75,27333.97,27392.59,27389.05,46.85,17.57,26.4,10.0,8.0,10.0,8.0,-0.03,0,0.0,0,0,0.00,0.00,0.00,0.00,,0.0,1,0,915.00,AUTO,,AGGR+CHP+ADP+RUN-EXT+PW+DLK+SLC+TPE+NWS+,WAIT,55.0,2.78,0,-1,0.00,0.00,27381.50,27382.00,2,6458,6814,0,-2.7,-119.00,-159.00,54.75,-240.00,288.75,R,3,UNKNOWN,BRICK_CLOSE,src=primary color=R streak=3 o=27399.00 c=27383.00 hi=27399.00 lo=27383.00
2026-04-30 12:00:03,2820,27382.75,27333.97,27392.59,27389.05,46.85,17.57,26.4,10.0,8.0,10.0,8.0,-0.03,0,0.0,0,0,0.00,0.00,0.00,0.00,,0.0,1,0,915.00,AUTO,,AGGR+CHP+ADP+RUN-EXT+PW+DLK+SLC+TPE+NWS+,WAIT,55.0,2.78,0,-1,0.00,0.00,27381.50,27382.00,2,6458,6814,0,-2.7,-119.00,-159.00,54.75,-240.00,288.75,R,3,UNKNOWN,SIGNAL,
2026-04-30 12:00:03,2820,27382.75,27333.97,27392.59,27389.05,46.85,17.57,26.4,10.0,8.0,10.0,8.0,-0.03,0,0.0,0,0,0.00,0.00,0.00,0.00,,0.0,1,0,915.00,AUTO,,AGGR+CHP+ADP+RUN-EXT+PW+DLK+SLC+TPE+NWS+,WAIT,55.0,2.78,0,-1,0.00,0.00,27381.50,27382.00,2,6458,6814,0,-2.7,-119.00,-159.00,54.75,-240.00,288.75,R,3,UNKNOWN,BLOCK_AUTO,reason=postLossCD consecLoss=1 barsSinceExit=3 barsSinceLoss=3
2026-04-30 12:00:04,2821,27378.75,27333.99,27389.22,27387.80,44.68,17.44,24.3,10.0,8.0,10.0,8.0,-0.04,0,0.0,0,0,0.00,0.00,0.00,0.00,,0.0,1,0,915.00,AUTO,,AGGR+CHP+ADP+RUN-EXT+PW+DLK+SLC+TPE+NWS+,WAIT,55.0,2.57,0,-1,0.00,0.00,27378.75,27379.25,2,6510,7012,0,-6.4,-123.00,-163.00,50.75,-244.00,284.75,R,4,UNKNOWN,BRICK_CLOSE,src=primary color=R streak=4 o=27395.00 c=27379.00 hi=27395.00 lo=27379.00
2026-04-30 12:00:04,2821,27378.75,27333.99,27389.22,27387.80,44.68,17.44,24.3,10.0,15.5,10.0,15.5,-0.04,0,0.0,0,0,0.00,0.00,0.00,0.00,,0.0,1,0,915.00,AUTO,,AGGR+CHP+ADP+RUN-EXT+PW+DLK+SLC+TPE+NWS+,WAIT,55.0,2.57,0,-1,0.00,0.00,27378.75,27379.25,2,6510,7012,0,-6.4,-123.00,-163.00,50.75,-244.00,284.75,R,4,UNKNOWN,SIGNAL,
2026-04-30 12:01:49,2822,27374.75,27334.20,27385.73,27386.30,42.55,17.52,22.9,10.0,15.5,10.0,15.5,-0.04,0,0.0,0,0,0.00,0.00,0.00,0.00,,0.0,1,0,915.00,AUTO,,AGGR+CHP+ADP+RUN-EXT+PW+DLK+SLC+TPE+NWS+,WAIT,55.0,2.31,0,-1,0.00,0.00,27374.50,27375.00,2,8184,8856,-1,-7.2,-127.00,-167.00,46.75,-248.00,280.75,R,5,UNKNOWN,BRICK_CLOSE,src=primary color=R streak=5 o=27391.00 c=27375.00 hi=27394.00 lo=27375.00
2026-04-30 12:01:49,2822,27374.75,27334.20,27385.73,27386.30,42.55,17.52,22.9,0.0,120.0,0.0,120.0,-0.04,-1,0.0,0,0,0.00,0.00,0.00,0.00,,0.0,1,0,915.00,AUTO,,AGGR+CHP+ADP+RUN-EXT+PW+DLK+SLC+TPE+NWS+,WAIT,55.0,2.31,0,-1,0.00,0.00,27374.50,27375.00,2,8184,8856,-1,-7.2,-127.00,-167.00,46.75,-248.00,280.75,R,5,UNKNOWN,SIGNAL,
2026-04-30 12:01:49,2822,27374.75,27334.20,27385.73,27386.30,42.55,17.52,22.9,0.0,120.0,0.0,120.0,-0.04,-1,0.0,-1,1,0.00,0.00,0.00,0.00,,0.0,1,0,915.00,AUTO,Momentum+VWAP,AGGR+CHP+ADP+RUN-EXT+PW+DLK+SLC+TPE+NWS+,STRONG_SELL,55.0,2.31,0,-1,0.00,0.00,27374.50,27375.00,2,8184,8856,-1,-7.2,-127.00,-167.00,46.75,-248.00,280.75,R,5,UNKNOWN,ENTRY_SHORT,manual=F bull=0.0 bear=120.0 sig=-2 htf=-1 tape=-0.04 emaXAgo=0 distVwap=40.5 atr=17.5 px=27374.75 sl=0.00 tp=0.00
2026-04-30 12:01:49,2822,27374.75,27334.20,27385.73,27386.30,42.55,17.52,22.9,0.0,120.0,0.0,120.0,-0.04,-1,0.0,-1,1,27374.25,27392.25,27094.25,0.00,,0.0,1,0,915.00,AUTO,Momentum+VWAP,AGGR+CHP+ADP+RUN-EXT+PW+DLK+SLC+TPE+NWS+,STRONG_SELL,55.0,2.31,0,-1,-0.50,0.00,27374.50,27375.00,2,8184,8858,-1,-7.2,-127.00,-167.00,46.75,-248.00,280.75,R,5,UNKNOWN,STOPS_ARMED,dir=-1 entry=27374.25 sl=27392.25 tp=27094.25 slPt=18 tpPt=50 RUNNER PD_CLAMP
2026-04-30 12:02:04,2823,27370.75,27334.24,27382.13,27384.58,40.48,17.39,22.3,0.0,120.0,0.0,120.0,-0.05,-1,0.0,-1,1,27374.25,27392.25,27094.25,27376.00,BrickMode*DORMANT,0.0,1,0,915.00,AUTO,Momentum+VWAP,AGGR+CHP+ADP+RUN-EXT+PW+DLK+SLC+TPE+NWS+,STRONG_SELL,55.0,2.10,0,-1,3.50,2.25,27371.50,27372.00,2,8480,9280,-1,-6.8,-131.00,-171.00,42.75,-252.00,276.75,R,6,UNKNOWN,BRICK_CLOSE,src=primary color=R streak=6 o=27387.00 c=27371.00 hi=27387.00 lo=27371.00
2026-04-30 12:02:05,2824,27366.75,27334.25,27378.45,27382.65,38.46,17.27,22.2,0.0,120.0,0.0,120.0,-0.05,-1,0.0,-1,1,27374.25,27392.25,27094.25,27372.75,BrickMode*DORMANT,0.0,1,0,915.00,AUTO,Momentum+VWAP,AGGR+CHP+ADP+RUN-EXT+PW+DLK+SLC+TPE+NWS+,STRONG_SELL,55.0,1.88,0,-1,7.50,5.50,27368.25,27368.75,2,8510,9444,-1,-5.5,-135.00,-175.00,38.75,-256.00,272.75,R,7,UNKNOWN,BRICK_CLOSE,src=primary color=R streak=7 o=27383.00 c=27367.00 hi=27383.00 lo=27367.00
2026-04-30 12:02:27,2824,27364.50,27334.28,27378.00,27382.44,37.34,17.52,22.5,0.0,120.0,0.0,120.0,-0.06,-1,0.0,-1,1,27374.25,27376.25,27094.25,27369.00,BrickMode*DORMANT,0.0,1,0,915.00,AUTO,Momentum+VWAP,AGGR+CHP+ADP+RUN-EXT+PW+DLK+SLC+TPE+NWS+,STRONG_SELL,55.0,1.72,0,-1,9.75,14.25,27359.50,27360.00,2,8810,9858,-1,-5.2,-137.25,-177.25,36.50,-258.25,270.50,R,7,UNKNOWN,PROFIT_SAFEGUARD,tier=1 T1_PROFIT_SAFE peak=14.3pt sl=27376.25 offset=-2.0pt entry=27374.25 runner=True
2026-04-30 12:02:27,2825,27362.75,27334.28,27374.71,27380.53,36.50,17.16,22.4,0.0,120.0,0.0,120.0,-0.06,-1,0.0,-1,1,27374.25,27376.25,27094.25,27364.00,BrickMode*DORMANT,0.0,1,0,915.00,AUTO,Momentum+VWAP,AGGR+CHP+ADP+RUN-EXT+PW+DLK+SLC+TPE+NWS+,STRONG_SELL,55.0,1.66,0,-1,11.50,14.25,27359.50,27360.00,2,8812,9892,-1,-3.5,-139.00,-179.00,34.75,-260.00,268.75,R,8,UNKNOWN,BRICK_CLOSE,src=primary color=R streak=8 o=27379.00 c=27363.00 hi=27379.00 lo=27363.00
2026-04-30 12:02:27,2826,27358.50,27334.29,27370.87,27378.22,34.48,17.08,23.0,0.0,120.0,0.0,120.0,-0.06,-1,0.0,-1,1,27374.25,27376.25,27094.25,27364.00,BrickMode*DORMANT,0.0,1,0,915.00,AUTO,Momentum+VWAP,AGGR+CHP+ADP+RUN-EXT+PW+DLK+SLC+TPE+NWS+,STRONG_SELL,55.0,1.42,0,-1,15.75,14.25,27359.50,27360.00,2,8816,9994,-1,-1.3,-143.25,-183.25,30.50,-264.25,264.50,R,9,UNKNOWN,BRICK_CLOSE,src=primary color=R streak=9 o=27375.00 c=27359.00 hi=27375.00 lo=27359.00
2026-04-30 12:02:27,2826,27358.50,27334.29,27370.87,27378.22,34.48,17.08,23.0,0.0,120.0,0.0,120.0,-0.06,-1,0.0,-1,1,27374.25,27376.25,27094.25,27364.00,BrickMode*DORMANT,0.0,1,0,915.00,AUTO,Momentum+VWAP,AGGR+CHP+ADP+RUN-EXT+PW+DLK+SLC+TPE+NWS+,STRONG_SELL,55.0,1.42,0,-1,15.75,14.25,27359.50,27360.00,2,8816,9994,-1,-1.3,-143.25,-183.25,30.50,-264.25,264.50,R,9,UNKNOWN,RIDE_LOCK_PXSTOP,streak=9 slope=-1.34 base=4.28 prevMult_eff=2.99 rideMult=1.20 newEff=5.13 peak=14.3 cur=14.3
2026-04-30 12:02:34,2826,27364.00,27334.30,27371.97,27378.72,38.99,17.24,23.2,0.0,120.0,0.0,120.0,-0.06,-1,0.0,-1,1,27374.25,27376.25,27094.25,27364.00,BrickMode*DORMANT,0.0,1,0,915.00,AUTO,Momentum+VWAP,AGGR+CHP+ADP+RUN-EXT+PW+DLK+SLC+TPE+NWS+,STRONG_SELL,55.0,1.72,0,-1,10.25,14.25,27364.50,27365.25,3,9048,10174,-1,-1.1,-137.75,-177.75,36.00,-258.75,270.00,R,9,UNKNOWN,BRICK_TRAIL_HIT,reason=px_stop peak=14.3pt cur=9.0pt retrace=5.3pt effRetraceMin=5.1pt trail=27364.00 px=27365.25 adxSlope=-1.34 streak=9 effPct=50
2026-04-30 12:02:34,2826,27364.00,27334.30,27371.97,27378.72,38.99,17.24,23.2,0.0,120.0,0.0,120.0,-0.06,-1,0.0,-1,0,27374.25,27376.25,27094.25,27364.00,BrickMode*DORMANT,0.0,0,1,1095.00,AUTO,Momentum+VWAP,AGGR+CHP+ADP+RUN-EXT+PW+DLK+SLC+TPE+NWS+,STRONG_SELL,55.0,1.72,0,-1,10.25,14.25,27364.50,27365.25,3,9048,10174,-1,-1.1,-137.75,-177.75,36.00,-258.75,270.00,R,9,UNKNOWN,CAP_REFUND,pnl=180.00 thr=25.00 tradesToday=7/20
2026-04-30 12:02:34,2826,27364.00,27334.30,27371.97,27378.72,38.99,17.24,23.2,0.0,120.0,0.0,120.0,-0.06,-1,0.0,-1,0,27374.25,27376.25,27094.25,27364.00,BrickMode*DORMANT,0.0,0,1,1095.00,AUTO,Momentum+VWAP,AGGR+CHP+ADP+RUN-EXT+PW+DLK+SLC+TPE+NWS+,STRONG_SELL,55.0,1.72,0,-1,10.25,14.25,27364.50,27365.25,3,9048,10174,-1,-1.1,-137.75,-177.75,36.00,-258.75,270.00,R,9,UNKNOWN,BRICK_REENTRY_ARMED,dir=-1 reason=TRAIL_BrickTrail_PxStop exitPx=27364.00 windowSec=90 minStreak=3
2026-04-30 12:02:34,2826,27364.00,27334.30,27371.97,27378.72,38.99,17.24,23.2,0.0,120.0,0.0,120.0,-0.06,-1,0.0,-1,0,27374.25,27376.25,27094.25,27364.00,BrickMode*DORMANT,0.0,0,1,1095.00,AUTO,Momentum+VWAP,AGGR+CHP+ADP+RUN-EXT+PW+DLK+SLC+TPE+NWS+,STRONG_SELL,55.0,1.72,0,-1,10.25,14.25,27364.50,27365.25,3,9048,10174,-1,-1.1,-137.75,-177.75,36.00,-258.75,270.00,R,9,UNKNOWN,EXIT_WIN_TRAIL_BrickTrail_PxStop,pnl=180.00 consec=1
2026-04-30 12:02:34,2826,27364.00,27334.30,27371.97,27378.72,38.99,17.24,23.2,0.0,120.0,0.0,120.0,-0.06,-1,0.0,-1,0,27374.25,27376.25,27094.25,27364.00,BrickMode*DORMANT,0.0,0,1,1095.00,AUTO,Momentum+VWAP,AGGR+CHP+ADP+RUN-EXT+PW+DLK+SLC+TPE+NWS+,STRONG_SELL,55.0,1.72,0,-1,10.25,14.25,27364.50,27365.25,3,9048,10174,-1,-1.1,-137.75,-177.75,36.00,-258.75,270.00,R,9,UNKNOWN,REGIME_PNL,regime=UNKNOWN tradePnl=180.00 regTotal=1210.00 thresh=-200
2026-04-30 12:04:06,2827,27387.50,27334.46,27378.76,27381.42,53.35,17.96,20.1,0.0,0.0,0.0,0.0,0.26,-1,0.0,0,0,0.00,0.00,0.00,0.00,,0.0,0,1,1095.00,AUTO,,AGGR+CHP+ADP+RUN-EXT+PW+DLK+SLC+TPE+NWS+,STRONG_SELL,55.0,2.95,0,-1,0.00,0.00,27388.00,27388.50,2,1084,638,0,-3.1,-114.25,-154.25,59.50,-235.25,293.50,G,1,UNKNOWN,BRICK_CLOSE,src=primary color=G streak=1 o=27371.00 c=27387.00 hi=27387.00 lo=27356.25
2026-04-30 12:04:06,2827,27387.50,27334.46,27378.76,27381.42,53.35,17.96,20.1,0.0,0.0,0.0,0.0,0.26,-1,0.0,0,0,0.00,0.00,0.00,0.00,,0.0,0,1,1095.00,AUTO,,AGGR+CHP+ADP+RUN-EXT+PW+DLK+SLC+TPE+NWS+,STRONG_SELL,55.0,2.95,0,-1,0.00,0.00,27388.00,27388.50,2,1084,638,0,-3.1,-114.25,-154.25,59.50,-235.25,293.50,G,1,UNKNOWN,BRICK_REENTRY_DISARM,why=window_expired
2026-04-30 12:04:06,2827,27387.50,27334.46,27378.76,27381.42,53.35,17.96,20.1,0.0,0.0,0.0,0.0,0.26,-1,0.0,0,0,0.00,0.00,0.00,0.00,,0.0,0,1,1095.00,AUTO,,AGGR+CHP+ADP+RUN-EXT+PW+DLK+SLC+TPE+NWS+,STRONG_SELL,55.0,2.95,0,-1,0.00,0.00,27388.00,27388.50,2,1084,638,0,-3.1,-114.25,-154.25,59.50,-235.25,293.50,G,1,UNKNOWN,RUN_END,color=R len=9 pts=20.0 maxFav=48.0 durSec=255 startPx=27407.00 endPx=27387.00
2026-04-30 12:04:06,2827,27387.50,27334.46,27378.76,27381.42,53.35,17.96,20.1,17.5,3.0,17.5,3.0,0.26,-1,0.0,0,0,0.00,0.00,0.00,0.00,,0.0,0,1,1095.00,AUTO,,AGGR+CHP+ADP+RUN-EXT+PW+DLK+SLC+TPE+NWS+,STRONG_SELL,55.0,2.95,0,-1,0.00,0.00,27388.00,27388.50,2,1084,638,0,-3.1,-114.25,-154.25,59.50,-235.25,293.50,G,1,UNKNOWN,SIGNAL,
2026-04-30 12:04:06,2827,27387.50,27334.46,27378.76,27381.42,53.35,17.96,20.1,17.5,3.0,17.5,3.0,0.26,-1,0.0,0,0,0.00,0.00,0.00,0.00,,0.0,0,1,1095.00,AUTO,,AGGR+CHP+ADP+RUN-EXT+PW+DLK+SLC+TPE+NWS+,WAIT,55.0,2.95,0,-1,0.00,0.00,27388.00,27388.50,2,1084,638,0,-3.1,-114.25,-154.25,59.50,-235.25,293.50,G,1,UNKNOWN,BLOCK_AUTO,reason=tooSoon consecLoss=0 barsSinceExit=1 barsSinceLoss=10
2026-04-30 12:04:33,2828,27391.25,27334.56,27381.82,27382.60,55.17,17.78,18.8,17.5,3.0,17.5,3.0,0.11,-1,0.0,0,0,0.00,0.00,0.00,0.00,,0.0,0,1,1095.00,AUTO,,AGGR+CHP+ADP+RUN-EXT+PW+DLK+SLC+TPE+NWS+,WAIT,55.0,3.19,0,-1,0.00,0.00,27391.25,27391.75,2,1732,1388,0,-3.9,-110.50,-150.50,63.25,-231.50,297.25,G,2,UNKNOWN,BRICK_CLOSE,src=primary color=G streak=2 o=27375.00 c=27391.00 hi=27391.00 lo=27375.00
2026-04-30 12:04:33,2828,27391.25,27334.56,27381.82,27382.60,55.17,17.78,18.8,32.5,8.0,32.5,8.0,0.11,-1,0.0,0,0,0.00,0.00,0.00,0.00,,0.0,0,1,1095.00,AUTO,,AGGR+CHP+ADP+RUN-EXT+PW+DLK+SLC+TPE+NWS+,WAIT,55.0,3.19,0,-1,0.00,0.00,27391.25,27391.75,2,1732,1388,0,-3.9,-110.50,-150.50,63.25,-231.50,297.25,G,2,UNKNOWN,SIGNAL,
2026-04-30 12:04:33,2828,27391.25,27334.56,27381.82,27382.60,55.17,17.78,18.8,32.5,8.0,32.5,8.0,0.11,-1,0.0,0,0,0.00,0.00,0.00,0.00,,0.0,0,1,1095.00,AUTO,,AGGR+CHP+ADP+RUN-EXT+PW+DLK+SLC+TPE+NWS+,WAIT,55.0,3.19,0,-1,0.00,0.00,27391.25,27391.75,2,1732,1388,0,-3.9,-110.50,-150.50,63.25,-231.50,297.25,G,2,UNKNOWN,BLOCK_AUTO,reason=tooSoon consecLoss=0 barsSinceExit=2 barsSinceLoss=11
2026-04-30 12:05:15,2829,27395.25,27334.65,27385.10,27384.06,57.09,17.64,18.3,32.5,8.0,32.5,8.0,0.09,-1,0.0,0,0,0.00,0.00,0.00,0.00,,0.0,0,1,1095.00,AUTO,,AGGR+CHP+ADP+RUN-EXT+PW+DLK+SLC+TPE+NWS+,WAIT,55.0,3.44,0,-1,0.00,0.00,27395.00,27395.50,2,2422,2042,1,-4.2,-106.50,-146.50,67.25,-227.50,301.25,G,3,UNKNOWN,BRICK_CLOSE,src=primary color=G streak=3 o=27379.00 c=27395.00 hi=27395.00 lo=27379.00
2026-04-30 12:05:15,2829,27395.25,27334.65,27385.10,27384.06,57.09,17.64,18.3,80.3,8.0,80.3,8.0,0.09,0,0.0,0,0,0.00,0.00,0.00,0.00,,0.0,0,1,1095.00,AUTO,,AGGR+CHP+ADP+RUN-EXT+PW+DLK+SLC+TPE+NWS+,WAIT,55.0,3.44,0,-1,0.00,0.00,27395.00,27395.50,2,2422,2042,1,-4.2,-106.50,-146.50,67.25,-227.50,301.25,G,3,UNKNOWN,SIGNAL,
2026-04-30 12:05:15,2829,27395.25,27334.65,27385.10,27384.06,57.09,17.64,18.3,80.3,8.0,80.3,8.0,0.09,0,0.0,0,0,0.00,0.00,0.00,0.00,,0.0,0,1,1095.00,AUTO,,AGGR+CHP+ADP+RUN-EXT+PW+DLK+SLC+TPE+NWS+,STRONG_BUY,55.0,3.44,0,-1,0.00,0.00,27395.00,27395.50,2,2422,2042,1,-4.2,-106.50,-146.50,67.25,-227.50,301.25,G,3,UNKNOWN,BLOCK_AUTO,reason=tooSoon consecLoss=0 barsSinceExit=3 barsSinceLoss=12
2026-04-30 12:05:57,2830,27399.50,27334.74,27388.58,27385.77,59.10,17.52,18.3,80.3,8.0,80.3,8.0,0.05,0,0.0,0,0,0.00,0.00,0.00,0.00,,0.0,0,1,1095.00,AUTO,,AGGR+CHP+ADP+RUN-EXT+PW+DLK+SLC+TPE+NWS+,STRONG_BUY,55.0,3.70,0,-1,0.00,0.00,27399.25,27399.75,2,2980,2716,1,-4.4,-102.25,-142.25,71.50,-223.25,305.50,G,4,UNKNOWN,BRICK_CLOSE,src=primary color=G streak=4 o=27383.00 c=27399.00 hi=27399.00 lo=27383.00
2026-04-30 12:05:57,2830,27399.50,27334.74,27388.58,27385.77,59.10,17.52,18.3,80.3,8.0,80.3,8.0,0.05,0,0.0,0,0,0.00,0.00,0.00,0.00,,0.0,0,1,1095.00,AUTO,,AGGR+CHP+ADP+RUN-EXT+PW+DLK+SLC+TPE+NWS+,STRONG_BUY,55.0,3.70,0,-1,0.00,0.00,27399.25,27399.75,2,2980,2716,1,-4.4,-102.25,-142.25,71.50,-223.25,305.50,G,4,UNKNOWN,HEARTBEAT,tradesToday=7 openDca=0
2026-04-30 12:05:57,2830,27399.50,27334.74,27388.58,27385.77,59.10,17.52,18.3,75.3,8.0,75.3,8.0,0.05,0,0.0,0,0,0.00,0.00,0.00,0.00,,0.0,0,1,1095.00,AUTO,,AGGR+CHP+ADP+RUN-EXT+PW+DLK+SLC+TPE+NWS+,STRONG_BUY,55.0,3.70,0,-1,0.00,0.00,27399.25,27399.75,2,2980,2716,1,-4.4,-102.25,-142.25,71.50,-223.25,305.50,G,4,UNKNOWN,SIGNAL,
2026-04-30 12:05:57,2830,27399.50,27334.74,27388.58,27385.77,59.10,17.52,18.3,75.3,8.0,75.3,8.0,0.05,0,0.0,0,0,0.00,0.00,0.00,0.00,,0.0,0,1,1095.00,AUTO,,AGGR+CHP+ADP+RUN-EXT+PW+DLK+SLC+TPE+NWS+,STRONG_BUY,55.0,3.70,0,-1,0.00,0.00,27399.25,27399.75,2,2980,2716,1,-4.4,-102.25,-142.25,71.50,-223.25,305.50,G,4,UNKNOWN,BLOCK_AUTO,side=L reason=htfBlockL bull=75.3 effMin=60.0 tc=False
2026-04-30 12:06:41,2831,27403.25,27334.85,27392.08,27387.65,60.84,17.41,18.7,75.3,8.0,75.3,8.0,0.01,0,0.0,0,0,0.00,0.00,0.00,0.00,,0.0,0,1,1095.00,AUTO,,AGGR+CHP+ADP+RUN-EXT+PW+DLK+SLC+TPE+NWS+,STRONG_BUY,55.0,3.93,0,-1,0.00,0.00,27402.75,27403.50,3,3556,3490,1,-2.8,-98.50,-138.50,75.25,-219.50,309.25,G,5,UNKNOWN,BRICK_CLOSE,src=primary color=G streak=5 o=27387.00 c=27403.00 hi=27403.00 lo=27386.50
2026-04-30 12:06:41,2831,27403.25,27334.85,27392.08,27387.65,60.84,17.41,18.7,70.3,8.0,70.3,8.0,0.01,0,0.0,0,0,0.00,0.00,0.00,0.00,,0.0,0,1,1095.00,AUTO,,AGGR+CHP+ADP+RUN-EXT+PW+DLK+SLC+TPE+NWS+,STRONG_BUY,55.0,3.93,0,-1,0.00,0.00,27402.75,27403.50,3,3556,3490,1,-2.8,-98.50,-138.50,75.25,-219.50,309.25,G,5,UNKNOWN,SIGNAL,
2026-04-30 12:06:41,2831,27403.25,27334.85,27392.08,27387.65,60.84,17.41,18.7,70.3,8.0,70.3,8.0,0.01,0,0.0,0,0,0.00,0.00,0.00,0.00,,0.0,0,1,1095.00,AUTO,,AGGR+CHP+ADP+RUN-EXT+PW+DLK+SLC+TPE+NWS+,STRONG_BUY,55.0,3.93,0,-1,0.00,0.00,27402.75,27403.50,3,3556,3490,1,-2.8,-98.50,-138.50,75.25,-219.50,309.25,G,5,UNKNOWN,BLOCK_CHOP,EMA gap 4.42 < 5.22 (ADX 18.7)
2026-04-30 12:08:19,2832,27407.25,27335.05,27395.71,27389.74,62.66,17.29,19.3,70.3,8.0,70.3,8.0,0.03,0,0.0,0,0,0.00,0.00,0.00,0.00,,0.0,0,1,1095.00,AUTO,,AGGR+CHP+ADP+RUN-EXT+PW+DLK+SLC+TPE+NWS+,STRONG_BUY,55.0,4.18,0,-1,0.00,0.00,27407.00,27407.50,2,4858,4560,1,-0.7,-94.50,-134.50,79.25,-215.50,313.25,G,6,UNKNOWN,BRICK_CLOSE,src=primary color=G streak=6 o=27391.00 c=27407.00 hi=27407.00 lo=27391.00
2026-04-30 12:08:19,2832,27407.25,27335.05,27395.71,27389.74,62.66,17.29,19.3,70.3,8.0,70.3,8.0,0.03,0,0.0,0,0,0.00,0.00,0.00,0.00,,0.0,0,1,1095.00,AUTO,,AGGR+CHP+ADP+RUN-EXT+PW+DLK+SLC+TPE+NWS+,STRONG_BUY,55.0,4.18,0,-1,0.00,0.00,27407.00,27407.50,2,4858,4560,1,-0.7,-94.50,-134.50,79.25,-215.50,313.25,G,6,UNKNOWN,SIGNAL,
2026-04-30 12:08:19,2832,27407.25,27335.05,27395.71,27389.74,62.66,17.29,19.3,70.3,8.0,70.3,8.0,0.03,0,0.0,0,0,0.00,0.00,0.00,0.00,,0.0,0,1,1095.00,AUTO,,AGGR+CHP+ADP+RUN-EXT+PW+DLK+SLC+TPE+NWS+,STRONG_BUY,55.0,4.18,0,-1,0.00,0.00,27407.00,27407.50,2,4858,4560,1,-0.7,-94.50,-134.50,79.25,-215.50,313.25,G,6,UNKNOWN,BLOCK_CHOP,range 12.25 < 17.29 over 5b (ADX 19.3)
2026-04-30 12:12:01,2833,27411.25,27335.46,27399.42,27392.01,64.45,17.69,20.2,70.3,8.0,70.3,8.0,0.03,0,0.0,0,0,0.00,0.00,0.00,0.00,,0.0,0,1,1095.00,AUTO,,AGGR+CHP+ADP+RUN-EXT+PW+DLK+SLC+TPE+NWS+,STRONG_BUY,55.0,4.28,0,-1,0.00,0.00,27409.50,27410.00,2,7272,6884,1,1.1,-90.50,-130.50,83.25,-211.50,317.25,G,7,UNKNOWN,BRICK_CLOSE,src=primary color=G streak=7 o=27395.00 c=27411.00 hi=27411.00 lo=27387.25
2026-04-30 12:12:01,2833,27411.25,27335.46,27399.42,27392.01,64.45,17.69,20.2,63.5,8.0,63.5,8.0,0.03,0,0.0,0,0,0.00,0.00,0.00,0.00,,0.0,0,1,1095.00,AUTO,,AGGR+CHP+ADP+RUN-EXT+PW+DLK+SLC+TPE+NWS+,STRONG_BUY,55.0,4.28,0,-1,0.00,0.00,27409.50,27410.00,2,7272,6884,1,1.1,-90.50,-130.50,83.25,-211.50,317.25,G,7,UNKNOWN,SIGNAL,
2026-04-30 12:12:01,2833,27411.25,27335.46,27399.42,27392.01,64.45,17.69,20.2,63.5,8.0,63.5,8.0,0.03,0,0.0,0,0,0.00,0.00,0.00,0.00,,0.0,0,1,1095.00,AUTO,,AGGR+CHP+ADP+RUN-EXT+PW+DLK+SLC+TPE+NWS+,BUY,55.0,4.28,0,-1,0.00,0.00,27409.50,27410.00,2,7272,6884,1,1.1,-90.50,-130.50,83.25,-211.50,317.25,G,7,UNKNOWN,TREND_CHASE_FIRE,dir=1 adx=20.2 streak=7 bull=63.5
2026-04-30 12:12:01,2833,27411.25,27335.46,27399.42,27392.01,64.45,17.69,20.2,63.5,8.0,63.5,8.0,0.03,0,0.0,1,1,0.00,0.00,0.00,0.00,,0.0,0,1,1095.00,AUTO,Momentum+VWAP,AGGR+CHP+ADP+RUN-EXT+PW+DLK+SLC+TPE+NWS+,BUY,55.0,4.28,0,-1,0.00,0.00,27409.50,27410.00,2,7272,6884,1,1.1,-90.50,-130.50,83.25,-211.50,317.25,G,7,UNKNOWN,ENTRY_LONG,manual=F bull=63.5 bear=8.0 sig=1 htf=0 tape=0.03 emaXAgo=4 distVwap=75.8 atr=17.7 px=27411.25 sl=0.00 tp=0.00
2026-04-30 12:12:01,2833,27411.25,27335.46,27399.42,27392.01,64.45,17.69,20.2,63.5,8.0,63.5,8.0,0.03,0,0.0,1,1,27410.25,27392.25,27460.25,0.00,,0.0,0,1,1095.00,AUTO,Momentum+VWAP,AGGR+CHP+ADP+RUN-EXT+PW+DLK+SLC+TPE+NWS+,BUY,55.0,4.28,0,-1,1.00,0.00,27409.50,27410.00,2,7274,6884,1,1.1,-90.50,-130.50,83.25,-211.50,317.25,G,7,UNKNOWN,STOPS_ARMED,dir=1 entry=27410.25 sl=27392.25 tp=27460.25 slPt=18 tpPt=50
2026-04-30 12:12:45,2833,27414.50,27335.55,27400.07,27392.30,65.87,17.92,20.5,63.5,8.0,63.5,8.0,0.03,0,0.0,1,1,27410.25,27404.25,27460.25,27409.75,BrickMode*DORMANT,0.0,0,1,1095.00,AUTO,Momentum+VWAP,AGGR+CHP+ADP+RUN-EXT+PW+DLK+SLC+TPE+NWS+,BUY,55.0,4.40,0,-1,4.25,4.25,27414.50,27414.75,1,7814,7382,1,1.4,-87.25,-127.25,86.50,-208.25,320.50,G,7,UNKNOWN,SMART_BE_LADDER,tier=1 T1_LOSS_CAP peak=4.3pt sl=27404.25 entry=27410.25
2026-04-30 12:12:46,2834,27415.25,27335.56,27403.18,27394.43,66.19,17.55,21.4,63.5,8.0,63.5,8.0,0.03,0,0.0,1,1,27410.25,27404.25,27460.25,27410.50,BrickMode*DORMANT,0.0,0,1,1095.00,AUTO,Momentum+VWAP,AGGR+CHP+ADP+RUN-EXT+PW+DLK+SLC+TPE+NWS+,BUY,55.0,4.54,0,-1,5.00,4.25,27413.25,27413.75,2,7896,7390,1,2.7,-86.50,-126.50,87.25,-207.50,321.25,G,8,UNKNOWN,BRICK_CLOSE,src=primary color=G streak=8 o=27399.00 c=27415.00 hi=27415.00 lo=27399.00
2026-04-30 12:13:01,2834,27416.00,27335.59,27403.33,27394.50,66.52,17.60,21.5,63.5,8.0,63.5,8.0,0.03,1,0.0,1,1,27410.25,27411.00,27460.25,27411.00,BrickMode*DORMANT,0.0,0,1,1095.00,AUTO,Momentum+VWAP,AGGR+CHP+ADP+RUN-EXT+PW+DLK+SLC+TPE+NWS+,BUY,55.0,4.57,0,-1,5.75,7.50,27417.75,27418.50,3,8020,7508,1,2.8,-85.75,-125.75,88.00,-206.75,322.00,G,8,UNKNOWN,SMART_BE_LADDER,tier=2 T2_SOFT_BE peak=7.5pt sl=27411.00 entry=27410.25
2026-04-30 12:13:03,2834,27418.75,27335.61,27403.88,27394.75,67.67,17.82,21.7,63.5,8.0,63.5,8.0,0.04,1,0.0,1,1,27410.25,27411.00,27460.25,27413.75,BrickMode*DORMANT,0.0,0,1,1095.00,AUTO,Momentum+VWAP,AGGR+CHP+ADP+RUN-EXT+PW+DLK+SLC+TPE+NWS+,BUY,55.0,4.67,0,-1,8.50,8.00,27418.25,27418.75,2,8184,7556,1,3.0,-83.00,-123.00,90.75,-204.00,324.75,G,8,UNKNOWN,SMART_BE_HANDOFF,tier=3 peak=8.0pt -> BrickTrail PxStop owns SL
2026-04-30 12:13:04,2835,27419.25,27335.61,27407.00,27397.00,67.88,17.42,22.8,63.5,8.0,63.5,8.0,0.04,1,0.0,1,1,27410.25,27411.00,27460.25,27414.75,BrickMode*DORMANT,0.0,0,1,1095.00,AUTO,Momentum+VWAP,AGGR+CHP+ADP+RUN-EXT+PW+DLK+SLC+TPE+NWS+,BUY,55.0,4.80,0,-1,9.00,8.50,27418.75,27419.50,3,8218,7576,1,4.1,-82.50,-122.50,91.25,-203.50,325.25,G,9,UNKNOWN,BRICK_CLOSE,src=primary color=G streak=9 o=27403.00 c=27419.00 hi=27419.00 lo=27403.00
2026-04-30 12:13:04,2835,27419.25,27335.61,27407.00,27397.00,67.88,17.42,22.8,63.5,8.0,63.5,8.0,0.04,1,0.0,1,1,27410.25,27411.00,27460.25,27414.75,BrickMode*DORMANT,0.0,0,1,1095.00,AUTO,Momentum+VWAP,AGGR+CHP+ADP+RUN-EXT+PW+DLK+SLC+TPE+NWS+,BUY,55.0,4.80,0,-1,9.00,8.50,27418.75,27419.50,3,8218,7576,1,4.1,-82.50,-122.50,91.25,-203.50,325.25,G,9,TREND_UP,REGIME_CHANGE,from=UNKNOWN to=TREND_UP adx=22.8 slope=4.11 atr/avg=0.98 eStack=1 distVwapAtr=4.80 nr=Gx9 flips4=0
2026-04-30 12:13:10,2836,27423.25,27335.64,27410.85,27399.69,69.52,17.30,24.3,63.5,8.0,63.5,8.0,0.05,1,0.0,1,1,27410.25,27411.00,27460.25,27418.25,BrickMode*DORMANT,0.0,0,1,1095.00,AUTO,Momentum+VWAP,AGGR+CHP+ADP+RUN-EXT+PW+DLK+SLC+TPE+NWS+,BUY,55.0,5.06,0,-1,13.00,12.00,27422.25,27422.75,2,8404,7662,1,5.3,-78.50,-118.50,95.25,-199.50,329.25,G,10,TREND_UP,BRICK_CLOSE,src=primary color=G streak=10 o=27407.00 c=27423.00 hi=27423.00 lo=27407.00
2026-04-30 12:13:41,2836,27423.25,27335.74,27410.85,27399.69,69.52,17.37,24.4,63.5,8.0,63.5,8.0,0.01,1,0.0,1,1,27410.25,27411.00,27460.25,27419.50,BrickMode*DORMANT,0.0,0,1,1095.00,AUTO,Momentum+VWAP,AGGR+CHP+ADP+RUN-EXT+PW+DLK+SLC+TPE+NWS+,BUY,55.0,5.04,0,-1,13.00,18.00,27428.25,27428.75,2,456,446,1,5.4,-78.50,-118.50,95.25,-199.50,329.25,G,10,TREND_UP,PEAKLOCK_T1,peak=18.0pt giveback=12.0pt floor=27416.25 entry=27410.25
2026-04-30 12:13:41,2837,27427.25,27335.76,27414.73,27402.51,71.11,17.19,26.0,63.5,8.0,63.5,8.0,0.16,1,0.0,1,1,27410.25,27411.00,27460.25,27424.25,BrickMode*DORMANT,0.0,0,1,1095.00,AUTO,Momentum+VWAP,AGGR+CHP+ADP+RUN-EXT+PW+DLK+SLC+TPE+NWS+,BUY,55.0,5.32,0,-1,17.00,18.00,27428.25,27428.75,2,624,452,1,6.4,-74.50,-114.50,99.25,-195.50,333.25,G,11,TREND_UP,BRICK_CLOSE,src=primary color=G streak=11 o=27411.00 c=27427.00 hi=27427.00 lo=27411.00
2026-04-30 12:13:43,2838,27431.25,27335.79,27418.63,27405.43,72.65,17.08,27.8,63.5,8.0,63.5,8.0,0.23,1,0.0,1,1,27410.25,27411.00,27460.25,27425.50,BrickMode*DORMANT,0.0,0,1,1095.00,AUTO,Momentum+VWAP,AGGR+CHP+ADP+RUN-EXT+PW+DLK+SLC+TPE+NWS+,BUY,55.0,5.59,0,-1,21.00,19.25,27429.50,27430.00,2,816,512,1,7.3,-70.50,-110.50,103.25,-191.50,337.25,G,12,TREND_UP,BRICK_CLOSE,src=primary color=G streak=12 o=27415.00 c=27431.00 hi=27431.00 lo=27415.00
2026-04-30 12:13:44,2838,27430.00,27335.81,27418.38,27405.32,71.53,17.23,27.9,63.5,8.0,63.5,8.0,0.23,1,0.0,1,1,27410.25,27411.25,27460.25,27425.50,BrickMode*DORMANT,0.0,0,1,1095.00,AUTO,Momentum+VWAP,AGGR+CHP+ADP+RUN-EXT+PW+DLK+SLC+TPE+NWS+,BUY,55.0,5.47,0,-1,19.75,20.50,27430.75,27431.25,2,914,570,1,7.4,-71.75,-111.75,102.00,-192.75,336.00,G,12,TREND_UP,PROFIT_SAFEGUARD,tier=2 T2_PROFIT_SAFE peak=20.5pt sl=27411.25 offset=1.0pt entry=27410.25 runner=False
2026-04-30 12:15:40,2838,27424.50,27336.20,27417.28,27404.82,66.38,17.35,28.0,63.5,8.0,63.5,8.0,-0.01,1,0.0,1,1,27410.25,27411.25,27460.25,27430.00,BrickMode,0.0,0,1,1095.00,AUTO,Momentum+VWAP,AGGR+CHP+ADP+RUN-EXT+PW+DLK+SLC+TPE+NWS+,BUY,55.0,5.09,0,-1,14.25,23.75,27423.00,27423.50,2,2444,2480,1,7.5,-77.25,-117.25,96.50,-198.25,330.50,G,12,TREND_UP,BRICK_TRAIL_HIT,reason=px_stop peak=23.8pt cur=12.8pt retrace=11.0pt effRetraceMin=10.7pt trail=27430.00 px=27423.00 adxSlope=7.26 streak=12 effPct=50
2026-04-30 12:15:40,2838,27424.50,27336.20,27417.28,27404.82,66.38,17.35,28.0,63.5,8.0,63.5,8.0,-0.01,1,0.0,1,0,27410.25,27411.25,27460.25,27430.00,BrickMode,0.0,0,2,1355.00,AUTO,Momentum+VWAP,AGGR+CHP+ADP+RUN-EXT+PW+DLK+SLC+TPE+NWS+,BUY,55.0,5.09,0,-1,14.25,23.75,27423.00,27423.50,2,2444,2480,1,7.5,-77.25,-117.25,96.50,-198.25,330.50,G,12,TREND_UP,CAP_REFUND,pnl=260.00 thr=25.00 tradesToday=7/20
2026-04-30 12:15:40,2838,27424.50,27336.20,27417.28,27404.82,66.38,17.35,28.0,63.5,8.0,63.5,8.0,-0.01,1,0.0,1,0,27410.25,27411.25,27460.25,27430.00,BrickMode,0.0,0,2,1355.00,AUTO,Momentum+VWAP,AGGR+CHP+ADP+RUN-EXT+PW+DLK+SLC+TPE+NWS+,BUY,55.0,5.09,0,-1,14.25,23.75,27423.00,27423.50,2,2444,2480,1,7.5,-77.25,-117.25,96.50,-198.25,330.50,G,12,TREND_UP,BRICK_REENTRY_ARMED,dir=1 reason=TRAIL_BrickTrail_PxStop exitPx=27424.50 windowSec=90 minStreak=3
2026-04-30 12:15:40,2838,27424.50,27336.20,27417.28,27404.82,66.38,17.35,28.0,63.5,8.0,63.5,8.0,-0.01,1,0.0,1,0,27410.25,27411.25,27460.25,27430.00,BrickMode,0.0,0,2,1355.00,AUTO,Momentum+VWAP,AGGR+CHP+ADP+RUN-EXT+PW+DLK+SLC+TPE+NWS+,BUY,55.0,5.09,0,-1,14.25,23.75,27423.00,27423.50,2,2444,2480,1,7.5,-77.25,-117.25,96.50,-198.25,330.50,G,12,TREND_UP,EXIT_WIN_TRAIL_BrickTrail_PxStop,pnl=260.00 consec=2
2026-04-30 12:15:40,2838,27424.50,27336.20,27417.28,27404.82,66.38,17.35,28.0,63.5,8.0,63.5,8.0,-0.01,1,0.0,1,0,27410.25,27411.25,27460.25,27430.00,BrickMode,0.0,0,2,1355.00,AUTO,Momentum+VWAP,AGGR+CHP+ADP+RUN-EXT+PW+DLK+SLC+TPE+NWS+,BUY,55.0,5.09,0,-1,14.25,23.75,27423.00,27423.50,2,2444,2480,1,7.5,-77.25,-117.25,96.50,-198.25,330.50,G,12,TREND_UP,REGIME_PNL,regime=UNKNOWN tradePnl=260.00 regTotal=1470.00 thresh=-200
2026-04-30 12:25:01,2839,27402.75,27337.30,27410.94,27402.85,51.65,18.05,25.7,0.0,0.0,0.0,0.0,-0.10,1,0.0,0,0,0.00,0.00,0.00,0.00,,0.0,0,2,1355.00,AUTO,,AGGR+CHP+ADP+RUN-EXT+PW+DLK+SLC+TPE+NWS+,BUY,55.0,3.63,0,-1,0.00,0.00,27402.25,27403.00,3,1036,1274,0,4.0,-99.00,-139.00,74.75,-220.00,308.75,R,1,TREND_UP,BRICK_CLOSE,src=primary color=R streak=1 o=27419.00 c=27403.00 hi=27435.00 lo=27403.00
2026-04-30 12:25:01,2839,27402.75,27337.30,27410.94,27402.85,51.65,18.05,25.7,0.0,0.0,0.0,0.0,-0.10,1,0.0,0,0,0.00,0.00,0.00,0.00,,0.0,0,2,1355.00,AUTO,,AGGR+CHP+ADP+RUN-EXT+PW+DLK+SLC+TPE+NWS+,BUY,55.0,3.63,0,-1,0.00,0.00,27402.25,27403.00,3,1036,1274,0,4.0,-99.00,-139.00,74.75,-220.00,308.75,R,1,TREND_UP,BRICK_REENTRY_DISARM,why=window_expired
2026-04-30 12:25:01,2839,27402.75,27337.30,27410.94,27402.85,51.65,18.05,25.7,0.0,0.0,0.0,0.0,-0.10,1,0.0,0,0,0.00,0.00,0.00,0.00,,0.0,0,2,1355.00,AUTO,,AGGR+CHP+ADP+RUN-EXT+PW+DLK+SLC+TPE+NWS+,BUY,55.0,3.63,0,-1,0.00,0.00,27402.25,27403.00,3,1036,1274,0,4.0,-99.00,-139.00,74.75,-220.00,308.75,R,1,TREND_UP,RUN_END,color=G len=12 pts=32.0 maxFav=60.0 durSec=1256 startPx=27371.00 endPx=27403.00
2026-04-30 12:25:01,2839,27402.75,27337.30,27410.94,27402.85,51.65,18.05,25.7,0.0,0.0,0.0,0.0,-0.10,1,0.0,0,0,0.00,0.00,0.00,0.00,,0.0,0,2,1355.00,AUTO,,AGGR+CHP+ADP+RUN-EXT+PW+DLK+SLC+TPE+NWS+,BUY,55.0,3.63,0,-1,0.00,0.00,27402.25,27403.00,3,1036,1274,0,4.0,-99.00,-139.00,74.75,-220.00,308.75,R,1,TREND_UP,HEARTBEAT,tradesToday=7 openDca=0
2026-04-30 12:25:01,2839,27402.75,27337.30,27410.94,27402.85,51.65,18.05,25.7,0.0,0.0,0.0,0.0,-0.10,1,0.0,0,0,0.00,0.00,0.00,0.00,,0.0,0,2,1355.00,AUTO,,AGGR+CHP+ADP+RUN-EXT+PW+DLK+SLC+TPE+NWS+,BUY,55.0,3.63,0,-1,0.00,0.00,27402.25,27403.00,3,1036,1274,0,4.0,-99.00,-139.00,74.75,-220.00,308.75,R,1,UNKNOWN,REGIME_CHANGE,from=TREND_UP to=UNKNOWN adx=25.7 slope=4.01 atr/avg=1.01 eStack=0 distVwapAtr=3.63 nr=Rx1 flips4=1
2026-04-30 12:25:01,2839,27402.75,27337.30,27410.94,27402.85,51.65,18.05,25.7,12.7,8.0,12.7,8.0,-0.10,0,0.0,0,0,0.00,0.00,0.00,0.00,,0.0,0,2,1355.00,AUTO,,AGGR+CHP+ADP+RUN-EXT+PW+DLK+SLC+TPE+NWS+,BUY,55.0,3.63,0,-1,0.00,0.00,27402.25,27403.00,3,1036,1274,0,4.0,-99.00,-139.00,74.75,-220.00,308.75,R,1,UNKNOWN,SIGNAL,
2026-04-30 12:25:01,2839,27402.75,27337.30,27410.94,27402.85,51.65,18.05,25.7,12.7,8.0,12.7,8.0,-0.10,0,0.0,0,0,0.00,0.00,0.00,0.00,,0.0,0,2,1355.00,AUTO,,AGGR+CHP+ADP+RUN-EXT+PW+DLK+SLC+TPE+NWS+,WAIT,55.0,3.63,0,-1,0.00,0.00,27402.25,27403.00,3,1036,1274,0,4.0,-99.00,-139.00,74.75,-220.00,308.75,R,1,UNKNOWN,BLOCK_AUTO,reason=tooSoon consecLoss=0 barsSinceExit=1 barsSinceLoss=22
2026-04-30 12:25:05,2840,27398.50,27337.32,27407.85,27402.15,49.33,17.90,24.5,12.7,8.0,12.7,8.0,-0.15,0,0.0,0,0,0.00,0.00,0.00,0.00,,0.0,0,2,1355.00,AUTO,,AGGR+CHP+ADP+RUN-EXT+PW+DLK+SLC+TPE+NWS+,WAIT,55.0,3.42,0,-1,0.00,0.00,27397.75,27398.25,2,1106,1492,0,1.4,-103.25,-143.25,70.50,-224.25,304.50,R,2,UNKNOWN,BRICK_CLOSE,src=primary color=R streak=2 o=27415.00 c=27399.00 hi=27415.00 lo=27399.00
2026-04-30 12:25:05,2840,27398.50,27337.32,27407.85,27402.15,49.33,17.90,24.5,10.0,8.0,10.0,8.0,-0.15,0,0.0,0,0,0.00,0.00,0.00,0.00,,0.0,0,2,1355.00,AUTO,,AGGR+CHP+ADP+RUN-EXT+PW+DLK+SLC+TPE+NWS+,WAIT,55.0,3.42,0,-1,0.00,0.00,27397.75,27398.25,2,1106,1492,0,1.4,-103.25,-143.25,70.50,-224.25,304.50,R,2,UNKNOWN,SIGNAL,
2026-04-30 12:25:05,2840,27398.50,27337.32,27407.85,27402.15,49.33,17.90,24.5,10.0,8.0,10.0,8.0,-0.15,0,0.0,0,0,0.00,0.00,0.00,0.00,,0.0,0,2,1355.00,AUTO,,AGGR+CHP+ADP+RUN-EXT+PW+DLK+SLC+TPE+NWS+,WAIT,55.0,3.42,0,-1,0.00,0.00,27397.75,27398.25,2,1106,1492,0,1.4,-103.25,-143.25,70.50,-224.25,304.50,R,2,UNKNOWN,BLOCK_AUTO,reason=tooSoon consecLoss=0 barsSinceExit=2 barsSinceLoss=23
2026-04-30 12:44:49,2841,27394.75,27338.90,27404.67,27401.19,47.32,18.61,25.3,10.0,8.0,10.0,8.0,-0.10,0,0.0,0,0,0.00,0.00,0.00,0.00,,0.0,0,2,1355.00,AUTO,,AGGR+CHP+ADP+RUN-EXT+PW+DLK+SLC+TPE+NWS+,WAIT,55.0,3.00,0,-1,0.00,0.00,27393.50,27394.00,2,924,1134,0,0.7,-107.00,-147.00,66.75,-228.00,300.75,R,3,UNKNOWN,BRICK_CLOSE,src=primary color=R streak=3 o=27411.00 c=27395.00 hi=27424.25 lo=27395.00
2026-04-30 12:44:49,2841,27394.75,27338.90,27404.67,27401.19,47.32,18.61,25.3,10.0,8.0,10.0,8.0,-0.10,0,0.0,0,0,0.00,0.00,0.00,0.00,,0.0,0,2,1355.00,AUTO,,AGGR+CHP+ADP+RUN-EXT+PW+DLK+SLC+TPE+NWS+,WAIT,55.0,3.00,0,-1,0.00,0.00,27393.50,27394.00,2,924,1134,0,0.7,-107.00,-147.00,66.75,-228.00,300.75,R,3,UNKNOWN,HEARTBEAT,tradesToday=7 openDca=0
2026-04-30 12:44:49,2841,27394.75,27338.90,27404.67,27401.19,47.32,18.61,25.3,10.0,8.0,10.0,8.0,-0.10,0,0.0,0,0,0.00,0.00,0.00,0.00,,0.0,0,2,1355.00,AUTO,,AGGR+CHP+ADP+RUN-EXT+PW+DLK+SLC+TPE+NWS+,WAIT,55.0,3.00,0,-1,0.00,0.00,27393.50,27394.00,2,924,1134,0,0.7,-107.00,-147.00,66.75,-228.00,300.75,R,3,UNKNOWN,SIGNAL,
2026-04-30 12:44:49,2841,27394.75,27338.90,27404.67,27401.19,47.32,18.61,25.3,10.0,8.0,10.0,8.0,-0.10,0,0.0,0,0,0.00,0.00,0.00,0.00,,0.0,0,2,1355.00,AUTO,,AGGR+CHP+ADP+RUN-EXT+PW+DLK+SLC+TPE+NWS+,WAIT,55.0,3.00,0,-1,0.00,0.00,27393.50,27394.00,2,924,1134,0,0.7,-107.00,-147.00,66.75,-228.00,300.75,R,3,UNKNOWN,BLOCK_AUTO,reason=tooSoon consecLoss=0 barsSinceExit=3 barsSinceLoss=24
2026-04-30 12:45:07,2842,27390.75,27338.96,27401.29,27399.93,45.20,18.40,24.4,10.0,8.0,10.0,8.0,-0.11,0,0.0,0,0,0.00,0.00,0.00,0.00,,0.0,0,2,1355.00,AUTO,,AGGR+CHP+ADP+RUN-EXT+PW+DLK+SLC+TPE+NWS+,WAIT,55.0,2.81,0,-1,0.00,0.00,27391.50,27392.25,3,1278,1596,0,-1.8,-111.00,-151.00,62.75,-232.00,296.75,R,4,UNKNOWN,BRICK_CLOSE,src=primary color=R streak=4 o=27407.00 c=27391.00 hi=27407.00 lo=27391.00
2026-04-30 12:45:07,2842,27390.75,27338.96,27401.29,27399.93,45.20,18.40,24.4,10.0,8.0,10.0,8.0,-0.11,0,0.0,0,0,0.00,0.00,0.00,0.00,,0.0,0,2,1355.00,AUTO,,AGGR+CHP+ADP+RUN-EXT+PW+DLK+SLC+TPE+NWS+,WAIT,55.0,2.81,0,-1,0.00,0.00,27391.50,27392.25,3,1278,1596,0,-1.8,-111.00,-151.00,62.75,-232.00,296.75,R,4,UNKNOWN,SIGNAL,
2026-04-30 12:45:15,2843,27386.75,27338.98,27397.78,27398.42,43.12,18.21,23.1,10.0,8.0,10.0,8.0,-0.13,0,0.0,0,0,0.00,0.00,0.00,0.00,,0.0,0,2,1355.00,AUTO,,AGGR+CHP+ADP+RUN-EXT+PW+DLK+SLC+TPE+NWS+,WAIT,55.0,2.62,0,-1,0.00,0.00,27385.75,27386.00,1,1424,1838,-1,-2.9,-115.00,-155.00,58.75,-236.00,292.75,R,5,UNKNOWN,BRICK_CLOSE,src=primary color=R streak=5 o=27403.00 c=27387.00 hi=27403.00 lo=27387.00
2026-04-30 12:45:15,2843,27386.75,27338.98,27397.78,27398.42,43.12,18.21,23.1,0.0,83.1,0.0,83.1,-0.13,-1,0.0,0,0,0.00,0.00,0.00,0.00,,0.0,0,2,1355.00,AUTO,,AGGR+CHP+ADP+RUN-EXT+PW+DLK+SLC+TPE+NWS+,WAIT,55.0,2.62,0,-1,0.00,0.00,27385.75,27386.00,1,1424,1838,-1,-2.9,-115.00,-155.00,58.75,-236.00,292.75,R,5,UNKNOWN,SIGNAL,
2026-04-30 12:45:15,2843,27386.75,27338.98,27397.78,27398.42,43.12,18.21,23.1,0.0,83.1,0.0,83.1,-0.13,-1,0.0,-1,1,0.00,0.00,0.00,0.00,,0.0,0,2,1355.00,AUTO,Momentum+VWAP,AGGR+CHP+ADP+RUN-EXT+PW+DLK+SLC+TPE+NWS+,STRONG_SELL,55.0,2.62,0,-1,0.00,0.00,27385.75,27386.00,1,1424,1838,-1,-2.9,-115.00,-155.00,58.75,-236.00,292.75,R,5,UNKNOWN,ENTRY_SHORT,manual=F bull=0.0 bear=83.1 sig=-2 htf=-1 tape=-0.13 emaXAgo=0 distVwap=47.8 atr=18.2 px=27386.75 sl=0.00 tp=0.00
2026-04-30 12:45:15,2843,27386.75,27338.98,27397.78,27398.42,43.12,18.21,23.1,0.0,83.1,0.0,83.1,-0.13,-1,0.0,-1,1,27385.75,27403.75,27094.25,0.00,,0.0,0,2,1355.00,AUTO,Momentum+VWAP,AGGR+CHP+ADP+RUN-EXT+PW+DLK+SLC+TPE+NWS+,STRONG_SELL,55.0,2.62,0,-1,-1.00,0.00,27385.75,27386.00,1,1424,1842,-1,-2.9,-115.00,-155.00,58.75,-236.00,292.75,R,5,UNKNOWN,STOPS_ARMED,dir=-1 entry=27385.75 sl=27403.75 tp=27094.25 slPt=18 tpPt=50 RUNNER PD_CLAMP
2026-04-30 12:45:48,2844,27382.75,27339.05,27394.17,27396.68,41.09,18.04,21.5,0.0,83.1,0.0,83.1,-0.13,-1,0.0,-1,1,27385.75,27403.75,27094.25,27386.75,BrickMode*DORMANT,0.0,0,2,1355.00,AUTO,Momentum+VWAP,AGGR+CHP+ADP+RUN-EXT+PW+DLK+SLC+TPE+NWS+,STRONG_SELL,55.0,2.42,0,-1,3.00,3.00,27382.50,27382.75,1,1876,2454,-1,-3.8,-119.00,-159.00,54.75,-240.00,288.75,R,6,UNKNOWN,BRICK_CLOSE,src=primary color=R streak=6 o=27399.00 c=27383.00 hi=27399.00 lo=27383.00
2026-04-30 12:51:29,2845,27378.50,27339.55,27390.44,27394.72,38.98,18.35,19.6,0.0,83.1,0.0,83.1,-0.06,-1,0.0,-1,1,27385.75,27403.75,27094.25,27383.50,BrickMode*DORMANT,0.0,0,2,1355.00,AUTO,Momentum+VWAP,AGGR+CHP+ADP+RUN-EXT+PW+DLK+SLC+TPE+NWS+,STRONG_SELL,55.0,2.12,0,-1,7.25,6.25,27379.00,27379.50,2,6250,6982,-1,-5.7,-123.25,-163.25,50.50,-244.25,284.50,R,7,UNKNOWN,BRICK_CLOSE,src=primary color=R streak=7 o=27395.00 c=27379.00 hi=27402.00 lo=27379.00
2026-04-30 12:52:00,2845,27379.25,27339.59,27390.59,27394.79,39.43,18.55,19.9,0.0,83.1,0.0,83.1,-0.06,-1,0.0,-1,1,27385.75,27403.75,27094.25,27380.75,BrickMode*DORMANT,0.0,0,2,1355.00,AUTO,Momentum+VWAP,AGGR+CHP+ADP+RUN-EXT+PW+DLK+SLC+TPE+NWS+,STRONG_SELL,55.0,2.14,0,-1,6.50,9.00,27380.50,27381.00,2,6620,7464,-1,-5.4,-122.50,-162.50,51.25,-243.50,285.25,R,7,UNKNOWN,BRICK_TRAIL_HIT,reason=px_stop_extreme peak=9.0pt cur=4.8pt retrace=4.3pt effRetraceMin=1.9pt trail=27380.75 px=27381.00 adxSlope=-5.66 streak=7 effPct=25
2026-04-30 12:52:00,2845,27379.25,27339.59,27390.59,27394.79,39.43,18.55,19.9,0.0,83.1,0.0,83.1,-0.06,-1,0.0,-1,0,27385.75,27403.75,27094.25,27380.75,BrickMode*DORMANT,0.0,0,3,1455.00,AUTO,Momentum+VWAP,AGGR+CHP+ADP+RUN-EXT+PW+DLK+SLC+TPE+NWS+,STRONG_SELL,55.0,2.14,0,-1,6.50,9.00,27380.50,27381.00,2,6620,7464,-1,-5.4,-122.50,-162.50,51.25,-243.50,285.25,R,7,UNKNOWN,CAP_REFUND,pnl=100.00 thr=25.00 tradesToday=7/20
2026-04-30 12:52:00,2845,27379.25,27339.59,27390.59,27394.79,39.43,18.55,19.9,0.0,83.1,0.0,83.1,-0.06,-1,0.0,-1,0,27385.75,27403.75,27094.25,27380.75,BrickMode*DORMANT,0.0,0,3,1455.00,AUTO,Momentum+VWAP,AGGR+CHP+ADP+RUN-EXT+PW+DLK+SLC+TPE+NWS+,STRONG_SELL,55.0,2.14,0,-1,6.50,9.00,27380.50,27381.00,2,6620,7464,-1,-5.4,-122.50,-162.50,51.25,-243.50,285.25,R,7,UNKNOWN,BRICK_REENTRY_ARMED,dir=-1 reason=TRAIL_BrickTrail_PxStop exitPx=27379.25 windowSec=90 minStreak=3
2026-04-30 12:52:00,2845,27379.25,27339.59,27390.59,27394.79,39.43,18.55,19.9,0.0,83.1,0.0,83.1,-0.06,-1,0.0,-1,0,27385.75,27403.75,27094.25,27380.75,BrickMode*DORMANT,0.0,0,3,1455.00,AUTO,Momentum+VWAP,AGGR+CHP+ADP+RUN-EXT+PW+DLK+SLC+TPE+NWS+,STRONG_SELL,55.0,2.14,0,-1,6.50,9.00,27380.50,27381.00,2,6620,7464,-1,-5.4,-122.50,-162.50,51.25,-243.50,285.25,R,7,UNKNOWN,EXIT_WIN_TRAIL_BrickTrail_PxStop,pnl=100.00 consec=3
2026-04-30 12:52:00,2845,27379.25,27339.59,27390.59,27394.79,39.43,18.55,19.9,0.0,83.1,0.0,83.1,-0.06,-1,0.0,-1,0,27385.75,27403.75,27094.25,27380.75,BrickMode*DORMANT,0.0,0,3,1455.00,AUTO,Momentum+VWAP,AGGR+CHP+ADP+RUN-EXT+PW+DLK+SLC+TPE+NWS+,STRONG_SELL,55.0,2.14,0,-1,6.50,9.00,27380.50,27381.00,2,6620,7464,-1,-5.4,-122.50,-162.50,51.25,-243.50,285.25,R,7,UNKNOWN,REGIME_PNL,regime=UNKNOWN tradePnl=100.00 regTotal=1570.00 thresh=-200
2026-04-30 12:52:43,2846,27374.75,27339.63,27386.74,27392.62,37.17,18.15,19.0,0.0,0.0,0.0,0.0,-0.05,-1,0.0,0,0,0.00,0.00,0.00,0.00,,0.0,0,3,1455.00,AUTO,,AGGR+CHP+ADP+RUN-EXT+PW+DLK+SLC+TPE+NWS+,STRONG_SELL,55.0,1.93,0,-1,0.00,0.00,27376.25,27376.75,2,7110,7896,-1,-5.8,-127.00,-167.00,46.75,-248.00,280.75,R,8,UNKNOWN,BRICK_CLOSE,src=primary color=R streak=8 o=27391.00 c=27375.00 hi=27391.00 lo=27375.00
2026-04-30 12:52:43,2846,27374.75,27339.63,27386.74,27392.62,37.17,18.15,19.0,0.0,0.0,0.0,0.0,-0.05,-1,0.0,0,0,0.00,0.00,0.00,0.00,,0.0,0,3,1455.00,AUTO,,AGGR+CHP+ADP+RUN-EXT+PW+DLK+SLC+TPE+NWS+,STRONG_SELL,55.0,1.93,0,-1,0.00,0.00,27376.25,27376.75,2,7110,7896,-1,-5.8,-127.00,-167.00,46.75,-248.00,280.75,R,8,UNKNOWN,BRICK_REENTRY_FIRE,dir=-1 streak=8 secsArmed=43 exitPx=27379.25 curPx=27375.00 usedCount=1/1
2026-04-30 12:52:43,2846,27374.75,27339.63,27386.74,27392.62,37.17,18.15,19.0,0.0,0.0,0.0,0.0,-0.05,-1,0.0,0,0,0.00,0.00,0.00,0.00,,0.0,0,3,1455.00,AUTO,,AGGR+CHP+ADP+RUN-EXT+PW+DLK+SLC+TPE+NWS+,STRONG_SELL,55.0,1.93,0,-1,0.00,0.00,27376.25,27376.75,2,7110,7896,-1,-5.8,-127.00,-167.00,46.75,-248.00,280.75,R,8,UNKNOWN,BLOCK_CHOP,range 12.25 < 18.15 over 5b (ADX 19.0)
2026-04-30 12:52:43,2846,27374.75,27339.63,27386.74,27392.62,37.17,18.15,19.0,0.0,0.0,0.0,0.0,-0.05,-1,0.0,0,0,0.00,0.00,0.00,0.00,,0.0,0,3,1455.00,AUTO,,AGGR+CHP+ADP+RUN-EXT+PW+DLK+SLC+TPE+NWS+,STRONG_SELL,55.0,1.93,0,-1,0.00,0.00,27376.25,27376.75,2,7110,7896,-1,-5.8,-127.00,-167.00,46.75,-248.00,280.75,R,8,UNKNOWN,BRICK_REENTRY_DISARM,why=quota_used_after_fire
2026-04-30 12:52:43,2846,27374.75,27339.63,27386.74,27392.62,37.17,18.15,19.0,0.0,109.5,0.0,109.5,-0.05,-1,0.0,0,0,0.00,0.00,0.00,0.00,,0.0,0,3,1455.00,AUTO,,AGGR+CHP+ADP+RUN-EXT+PW+DLK+SLC+TPE+NWS+,STRONG_SELL,55.0,1.93,0,-1,0.00,0.00,27376.25,27376.75,2,7110,7896,-1,-5.8,-127.00,-167.00,46.75,-248.00,280.75,R,8,UNKNOWN,SIGNAL,
2026-04-30 12:52:43,2846,27374.75,27339.63,27386.74,27392.62,37.17,18.15,19.0,0.0,109.5,0.0,109.5,-0.05,-1,0.0,0,0,0.00,0.00,0.00,0.00,,0.0,0,3,1455.00,AUTO,,AGGR+CHP+ADP+RUN-EXT+PW+DLK+SLC+TPE+NWS+,STRONG_SELL,55.0,1.93,0,-1,0.00,0.00,27376.25,27376.75,2,7110,7896,-1,-5.8,-127.00,-167.00,46.75,-248.00,280.75,R,8,UNKNOWN,BLOCK_AUTO,reason=tooSoon consecLoss=0 barsSinceExit=1 barsSinceLoss=29
2026-04-30 12:53:27,2847,27370.75,27339.67,27382.94,27390.32,35.29,17.98,18.9,0.0,109.5,0.0,109.5,-0.06,-1,0.0,0,0,0.00,0.00,0.00,0.00,,0.0,0,3,1455.00,AUTO,,AGGR+CHP+ADP+RUN-EXT+PW+DLK+SLC+TPE+NWS+,STRONG_SELL,55.0,1.73,0,-1,0.00,0.00,27371.50,27372.00,2,7520,8414,-1,-5.1,-131.00,-171.00,42.75,-252.00,276.75,R,9,UNKNOWN,BRICK_CLOSE,src=primary color=R streak=9 o=27387.00 c=27371.00 hi=27387.00 lo=27371.00
2026-04-30 12:53:27,2847,27370.75,27339.67,27382.94,27390.32,35.29,17.98,18.9,0.0,58.1,0.0,58.1,-0.06,-1,0.0,0,0,0.00,0.00,0.00,0.00,,0.0,0,3,1455.00,AUTO,,AGGR+CHP+ADP+RUN-EXT+PW+DLK+SLC+TPE+NWS+,STRONG_SELL,55.0,1.73,0,-1,0.00,0.00,27371.50,27372.00,2,7520,8414,-1,-5.1,-131.00,-171.00,42.75,-252.00,276.75,R,9,UNKNOWN,SIGNAL,
2026-04-30 12:53:27,2847,27370.75,27339.67,27382.94,27390.32,35.29,17.98,18.9,0.0,58.1,0.0,58.1,-0.06,-1,0.0,0,0,0.00,0.00,0.00,0.00,,0.0,0,3,1455.00,AUTO,,AGGR+CHP+ADP+RUN-EXT+PW+DLK+SLC+TPE+NWS+,SELL,55.0,1.73,0,-1,0.00,0.00,27371.50,27372.00,2,7520,8414,-1,-5.1,-131.00,-171.00,42.75,-252.00,276.75,R,9,UNKNOWN,BLOCK_AUTO,reason=tooSoon consecLoss=0 barsSinceExit=2 barsSinceLoss=30
2026-04-30 12:54:14,2848,27366.75,27339.71,27379.10,27387.87,33.46,17.82,19.1,0.0,58.1,0.0,58.1,-0.05,-1,0.0,0,0,0.00,0.00,0.00,0.00,,0.0,0,3,1455.00,AUTO,,AGGR+CHP+ADP+RUN-EXT+PW+DLK+SLC+TPE+NWS+,SELL,55.0,1.52,0,-1,0.00,0.00,27366.25,27366.75,2,8004,8904,-1,-3.6,-135.00,-175.00,38.75,-256.00,272.75,R,10,UNKNOWN,BRICK_CLOSE,src=primary color=R streak=10 o=27383.00 c=27367.00 hi=27383.00 lo=27367.00
2026-04-30 12:54:14,2848,27366.75,27339.71,27379.10,27387.87,33.46,17.82,19.1,0.0,58.1,0.0,58.1,-0.05,-1,0.0,0,0,0.00,0.00,0.00,0.00,,0.0,0,3,1455.00,AUTO,,AGGR+CHP+ADP+RUN-EXT+PW+DLK+SLC+TPE+NWS+,SELL,55.0,1.52,0,-1,0.00,0.00,27366.25,27366.75,2,8004,8904,-1,-3.6,-135.00,-175.00,38.75,-256.00,272.75,R,10,UNKNOWN,SIGNAL,
2026-04-30 12:54:14,2848,27366.75,27339.71,27379.10,27387.87,33.46,17.82,19.1,0.0,58.1,0.0,58.1,-0.05,-1,0.0,0,0,0.00,0.00,0.00,0.00,,0.0,0,3,1455.00,AUTO,,AGGR+CHP+ADP+RUN-EXT+PW+DLK+SLC+TPE+NWS+,SELL,55.0,1.52,0,-1,0.00,0.00,27366.25,27366.75,2,8004,8904,-1,-3.6,-135.00,-175.00,38.75,-256.00,272.75,R,10,UNKNOWN,BLOCK_AUTO,reason=tooSoon consecLoss=0 barsSinceExit=3 barsSinceLoss=31
2026-04-30 12:54:18,2849,27362.75,27339.72,27375.23,27385.27,31.70,17.67,19.6,0.0,58.1,0.0,58.1,-0.06,-1,0.0,0,0,0.00,0.00,0.00,0.00,,0.0,0,3,1455.00,AUTO,,AGGR+CHP+ADP+RUN-EXT+PW+DLK+SLC+TPE+NWS+,SELL,55.0,1.30,0,-1,0.00,0.00,27363.00,27363.75,3,8074,9034,-1,-1.4,-139.00,-179.00,34.75,-260.00,268.75,R,11,UNKNOWN,BRICK_CLOSE,src=primary color=R streak=11 o=27379.00 c=27363.00 hi=27379.00 lo=27363.00
2026-04-30 12:54:18,2849,27362.75,27339.72,27375.23,27385.27,31.70,17.67,19.6,0.0,58.1,0.0,58.1,-0.06,-1,0.0,0,0,0.00,0.00,0.00,0.00,,0.0,0,3,1455.00,AUTO,,AGGR+CHP+ADP+RUN-EXT+PW+DLK+SLC+TPE+NWS+,SELL,55.0,1.30,0,-1,0.00,0.00,27363.00,27363.75,3,8074,9034,-1,-1.4,-139.00,-179.00,34.75,-260.00,268.75,R,11,UNKNOWN,SIGNAL,
2026-04-30 12:55:33,2850,27358.75,27339.77,27371.34,27382.55,29.99,17.53,20.5,0.0,58.1,0.0,58.1,-0.05,-1,0.0,0,0,0.00,0.00,0.00,0.00,,0.0,0,3,1455.00,AUTO,,AGGR+CHP+ADP+RUN-EXT+PW+DLK+SLC+TPE+NWS+,SELL,55.0,1.08,0,-1,0.00,0.00,27358.50,27359.00,2,8986,9922,-1,0.5,-143.00,-183.00,30.75,-264.00,264.75,R,12,UNKNOWN,BRICK_CLOSE,src=primary color=R streak=12 o=27375.00 c=27359.00 hi=27375.00 lo=27359.00
2026-04-30 12:55:33,2850,27358.75,27339.77,27371.34,27382.55,29.99,17.53,20.5,0.0,58.1,0.0,58.1,-0.05,-1,0.0,0,0,0.00,0.00,0.00,0.00,,0.0,0,3,1455.00,AUTO,,AGGR+CHP+ADP+RUN-EXT+PW+DLK+SLC+TPE+NWS+,SELL,55.0,1.08,0,-1,0.00,0.00,27358.50,27359.00,2,8986,9922,-1,0.5,-143.00,-183.00,30.75,-264.00,264.75,R,12,UNKNOWN,HEARTBEAT,tradesToday=7 openDca=0
2026-04-30 12:55:33,2850,27358.75,27339.77,27371.34,27382.55,29.99,17.53,20.5,0.0,79.5,0.0,79.5,-0.05,-1,0.0,0,0,0.00,0.00,0.00,0.00,,0.0,0,3,1455.00,AUTO,,AGGR+CHP+ADP+RUN-EXT+PW+DLK+SLC+TPE+NWS+,SELL,55.0,1.08,0,-1,0.00,0.00,27358.50,27359.00,2,8986,9922,-1,0.5,-143.00,-183.00,30.75,-264.00,264.75,R,12,UNKNOWN,SIGNAL,
2026-04-30 12:55:33,2850,27358.75,27339.77,27371.34,27382.55,29.99,17.53,20.5,0.0,79.5,0.0,79.5,-0.05,-1,0.0,0,0,0.00,0.00,0.00,0.00,,0.0,0,3,1455.00,AUTO,,AGGR+CHP+ADP+RUN-EXT+PW+DLK+SLC+TPE+NWS+,SELL,55.0,1.08,0,-1,0.00,0.00,27358.50,27359.00,2,8986,9922,-1,0.5,-143.00,-183.00,30.75,-264.00,264.75,R,12,UNKNOWN,TREND_CHASE_FIRE,dir=-1 adx=20.5 streak=12 bear=79.5
2026-04-30 12:55:33,2850,27358.75,27339.77,27371.34,27382.55,29.99,17.53,20.5,0.0,79.5,0.0,79.5,-0.05,-1,0.0,-1,1,0.00,0.00,0.00,0.00,,0.0,0,3,1455.00,AUTO,Momentum+VWAP,AGGR+CHP+ADP+RUN-EXT+PW+DLK+SLC+TPE+NWS+,SELL,55.0,1.08,0,-1,0.00,0.00,27358.50,27359.00,2,8986,9922,-1,0.5,-143.00,-183.00,30.75,-264.00,264.75,R,12,UNKNOWN,ENTRY_SHORT,manual=F bull=0.0 bear=79.5 sig=-1 htf=-1 tape=-0.05 emaXAgo=7 distVwap=19.0 atr=17.5 px=27358.75 sl=0.00 tp=0.00
2026-04-30 12:55:33,2850,27358.75,27339.77,27371.34,27382.55,29.99,17.53,20.5,0.0,79.5,0.0,79.5,-0.05,-1,0.0,-1,1,27358.25,27376.25,27094.25,0.00,,0.0,0,3,1455.00,AUTO,Momentum+VWAP,AGGR+CHP+ADP+RUN-EXT+PW+DLK+SLC+TPE+NWS+,SELL,55.0,1.08,0,-1,-0.50,0.00,27358.50,27359.00,2,8986,9924,-1,0.5,-143.00,-183.00,30.75,-264.00,264.75,R,12,UNKNOWN,STOPS_ARMED,dir=-1 entry=27358.25 sl=27376.25 tp=27094.25 slPt=18 tpPt=50 RUNNER PD_CLAMP
2026-04-30 12:57:00,2851,27354.75,27339.83,27367.42,27379.71,28.35,17.40,21.6,0.0,79.5,0.0,79.5,-0.05,-1,0.0,-1,1,27358.25,27376.25,27094.25,27358.25,BrickMode*DORMANT,0.0,0,3,1455.00,AUTO,Momentum+VWAP,AGGR+CHP+ADP+RUN-EXT+PW+DLK+SLC+TPE+NWS+,SELL,55.0,0.86,0,-1,3.50,4.00,27353.75,27354.25,2,10148,11194,-1,2.2,-147.00,-187.00,26.75,-268.00,260.75,R,13,UNKNOWN,BRICK_CLOSE,src=primary color=R streak=13 o=27371.00 c=27355.00 hi=27371.00 lo=27355.00
2026-04-30 12:57:10,2852,27350.75,27339.84,27363.49,27376.77,26.78,17.28,22.9,0.0,79.5,0.0,79.5,-0.05,-1,0.0,-1,1,27358.25,27376.25,27094.25,27355.50,BrickMode*DORMANT,0.0,0,3,1455.00,AUTO,Momentum+VWAP,AGGR+CHP+ADP+RUN-EXT+PW+DLK+SLC+TPE+NWS+,SELL,55.0,0.63,0,-1,7.50,6.75,27351.25,27352.00,3,10468,11554,-1,3.6,-151.00,-191.00,22.75,-272.00,256.75,R,14,UNKNOWN,BRICK_CLOSE,src=primary color=R streak=14 o=27367.00 c=27351.00 hi=27367.00 lo=27351.00
2026-04-30 12:57:24,2852,27351.25,27339.85,27363.59,27376.82,27.15,17.44,23.0,0.0,79.5,0.0,79.5,-0.05,-1,0.0,-1,1,27358.25,27376.25,27094.25,27353.25,BrickMode*DORMANT,0.0,0,3,1455.00,AUTO,Momentum+VWAP,AGGR+CHP+ADP+RUN-EXT+PW+DLK+SLC+TPE+NWS+,SELL,55.0,0.65,0,-1,7.00,9.00,27353.00,27353.50,2,10690,11888,-1,3.8,-150.50,-190.50,23.25,-271.50,257.25,R,14,UNKNOWN,BRICK_TRAIL_HIT,reason=px_stop_extreme peak=9.0pt cur=4.8pt retrace=4.3pt effRetraceMin=4.1pt trail=27353.25 px=27353.50 adxSlope=3.63 streak=14 effPct=25
2026-04-30 12:57:24,2852,27351.25,27339.85,27363.59,27376.82,27.15,17.44,23.0,0.0,79.5,0.0,79.5,-0.05,-1,0.0,-1,0,27358.25,27376.25,27094.25,27353.25,BrickMode*DORMANT,0.0,0,4,1555.00,AUTO,Momentum+VWAP,AGGR+CHP+ADP+RUN-EXT+PW+DLK+SLC+TPE+NWS+,SELL,55.0,0.65,0,-1,7.00,9.00,27353.00,27353.50,2,10690,11888,-1,3.8,-150.50,-190.50,23.25,-271.50,257.25,R,14,UNKNOWN,CAP_REFUND,pnl=100.00 thr=25.00 tradesToday=7/20
2026-04-30 12:57:24,2852,27351.25,27339.85,27363.59,27376.82,27.15,17.44,23.0,0.0,79.5,0.0,79.5,-0.05,-1,0.0,-1,0,27358.25,27376.25,27094.25,27353.25,BrickMode*DORMANT,0.0,0,4,1555.00,AUTO,Momentum+VWAP,AGGR+CHP+ADP+RUN-EXT+PW+DLK+SLC+TPE+NWS+,SELL,55.0,0.65,0,-1,7.00,9.00,27353.00,27353.50,2,10690,11888,-1,3.8,-150.50,-190.50,23.25,-271.50,257.25,R,14,UNKNOWN,BRICK_REENTRY_ARMED,dir=-1 reason=TRAIL_BrickTrail_PxStop exitPx=27351.25 windowSec=90 minStreak=3
2026-04-30 12:57:24,2852,27351.25,27339.85,27363.59,27376.82,27.15,17.44,23.0,0.0,79.5,0.0,79.5,-0.05,-1,0.0,-1,0,27358.25,27376.25,27094.25,27353.25,BrickMode*DORMANT,0.0,0,4,1555.00,AUTO,Momentum+VWAP,AGGR+CHP+ADP+RUN-EXT+PW+DLK+SLC+TPE+NWS+,SELL,55.0,0.65,0,-1,7.00,9.00,27353.00,27353.50,2,10690,11888,-1,3.8,-150.50,-190.50,23.25,-271.50,257.25,R,14,UNKNOWN,EXIT_WIN_TRAIL_BrickTrail_PxStop,pnl=100.00 consec=4
2026-04-30 12:57:24,2852,27351.25,27339.85,27363.59,27376.82,27.15,17.44,23.0,0.0,79.5,0.0,79.5,-0.05,-1,0.0,-1,0,27358.25,27376.25,27094.25,27353.25,BrickMode*DORMANT,0.0,0,4,1555.00,AUTO,Momentum+VWAP,AGGR+CHP+ADP+RUN-EXT+PW+DLK+SLC+TPE+NWS+,SELL,55.0,0.65,0,-1,7.00,9.00,27353.00,27353.50,2,10690,11888,-1,3.8,-150.50,-190.50,23.25,-271.50,257.25,R,14,UNKNOWN,REGIME_PNL,regime=UNKNOWN tradePnl=100.00 regTotal=1670.00 thresh=-200
2026-04-30 13:00:16,2853,27379.25,27340.05,27371.16,27379.33,48.61,18.18,20.6,0.0,0.0,0.0,0.0,-0.03,-1,0.0,0,0,0.00,0.00,0.00,0.00,,0.0,0,4,1555.00,AUTO,,AGGR+CHP+ADP+RUN-EXT+PW+DLK+SLC+TPE+NWS+,SELL,55.0,2.16,0,-1,0.00,0.00,27382.00,27382.50,2,13720,14584,0,1.1,-122.50,-162.50,51.25,-243.50,285.25,G,1,UNKNOWN,BRICK_CLOSE,src=primary color=G streak=1 o=27363.00 c=27379.00 hi=27379.00 lo=27347.75
2026-04-30 13:00:16,2853,27379.25,27340.05,27371.16,27379.33,48.61,18.18,20.6,0.0,0.0,0.0,0.0,-0.03,-1,0.0,0,0,0.00,0.00,0.00,0.00,,0.0,0,4,1555.00,AUTO,,AGGR+CHP+ADP+RUN-EXT+PW+DLK+SLC+TPE+NWS+,SELL,55.0,2.16,0,-1,0.00,0.00,27382.00,27382.50,2,13720,14584,0,1.1,-122.50,-162.50,51.25,-243.50,285.25,G,1,UNKNOWN,BRICK_REENTRY_DISARM,why=window_expired
2026-04-30 13:00:16,2853,27379.25,27340.05,27371.16,27379.33,48.61,18.18,20.6,0.0,0.0,0.0,0.0,-0.03,-1,0.0,0,0,0.00,0.00,0.00,0.00,,0.0,0,4,1555.00,AUTO,,AGGR+CHP+ADP+RUN-EXT+PW+DLK+SLC+TPE+NWS+,SELL,55.0,2.16,0,-1,0.00,0.00,27382.00,27382.50,2,13720,14584,0,1.1,-122.50,-162.50,51.25,-243.50,285.25,G,1,UNKNOWN,RUN_END,color=R len=14 pts=40.0 maxFav=68.0 durSec=2115 startPx=27419.00 endPx=27379.00
2026-04-30 13:00:16,2853,27379.25,27340.05,27371.16,27379.33,48.61,18.18,20.6,7.5,8.0,7.5,8.0,-0.03,-1,0.0,0,0,0.00,0.00,0.00,0.00,,0.0,0,4,1555.00,AUTO,,AGGR+CHP+ADP+RUN-EXT+PW+DLK+SLC+TPE+NWS+,SELL,55.0,2.16,0,-1,0.00,0.00,27382.00,27382.50,2,13720,14584,0,1.1,-122.50,-162.50,51.25,-243.50,285.25,G,1,UNKNOWN,SIGNAL,
2026-04-30 13:00:16,2853,27379.25,27340.05,27371.16,27379.33,48.61,18.18,20.6,7.5,8.0,7.5,8.0,-0.03,-1,0.0,0,0,0.00,0.00,0.00,0.00,,0.0,0,4,1555.00,AUTO,,AGGR+CHP+ADP+RUN-EXT+PW+DLK+SLC+TPE+NWS+,WAIT,55.0,2.16,0,-1,0.00,0.00,27382.00,27382.50,2,13720,14584,0,1.1,-122.50,-162.50,51.25,-243.50,285.25,G,1,UNKNOWN,BLOCK_AUTO,reason=tooSoon consecLoss=0 barsSinceExit=1 barsSinceLoss=36
2026-04-30 13:00:25,2854,27383.25,27340.07,27374.18,27380.00,50.85,18.01,19.1,7.5,8.0,7.5,8.0,-0.03,-1,0.0,0,0,0.00,0.00,0.00,0.00,,0.0,0,4,1555.00,AUTO,,AGGR+CHP+ADP+RUN-EXT+PW+DLK+SLC+TPE+NWS+,WAIT,55.0,2.40,0,-1,0.00,0.00,27383.50,27384.00,2,13992,14756,0,-0.8,-118.50,-158.50,55.25,-239.50,289.25,G,2,UNKNOWN,BRICK_CLOSE,src=primary color=G streak=2 o=27367.00 c=27383.00 hi=27383.00 lo=27367.00
2026-04-30 13:00:25,2854,27383.25,27340.07,27374.18,27380.00,50.85,18.01,19.1,7.5,8.0,7.5,8.0,-0.03,-1,0.0,0,0,0.00,0.00,0.00,0.00,,0.0,0,4,1555.00,AUTO,,AGGR+CHP+ADP+RUN-EXT+PW+DLK+SLC+TPE+NWS+,WAIT,55.0,2.40,0,-1,0.00,0.00,27383.50,27384.00,2,13992,14756,0,-0.8,-118.50,-158.50,55.25,-239.50,289.25,G,2,UNKNOWN,SIGNAL,
2026-04-30 13:00:25,2854,27383.25,27340.07,27374.18,27380.00,50.85,18.01,19.1,7.5,8.0,7.5,8.0,-0.03,-1,0.0,0,0,0.00,0.00,0.00,0.00,,0.0,0,4,1555.00,AUTO,,AGGR+CHP+ADP+RUN-EXT+PW+DLK+SLC+TPE+NWS+,WAIT,55.0,2.40,0,-1,0.00,0.00,27383.50,27384.00,2,13992,14756,0,-0.8,-118.50,-158.50,55.25,-239.50,289.25,G,2,UNKNOWN,BLOCK_AUTO,reason=tooSoon consecLoss=0 barsSinceExit=2 barsSinceLoss=37
2026-04-30 13:00:28,2855,27387.25,27340.08,27377.39,27380.97,53.05,17.84,17.4,7.5,8.0,7.5,8.0,-0.02,-1,0.0,0,0,0.00,0.00,0.00,0.00,,0.0,0,4,1555.00,AUTO,,AGGR+CHP+ADP+RUN-EXT+PW+DLK+SLC+TPE+NWS+,WAIT,55.0,2.64,0,-1,0.00,0.00,27386.75,27387.25,2,14134,14828,0,-3.4,-114.50,-154.50,59.25,-235.50,293.25,G,3,UNKNOWN,BRICK_CLOSE,src=primary color=G streak=3 o=27371.00 c=27387.00 hi=27387.00 lo=27371.00
2026-04-30 13:00:28,2855,27387.25,27340.08,27377.39,27380.97,53.05,17.84,17.4,7.5,8.0,7.5,8.0,-0.02,-1,0.0,0,0,0.00,0.00,0.00,0.00,,0.0,0,4,1555.00,AUTO,,AGGR+CHP+ADP+RUN-EXT+PW+DLK+SLC+TPE+NWS+,WAIT,55.0,2.64,0,-1,0.00,0.00,27386.75,27387.25,2,14134,14828,0,-3.4,-114.50,-154.50,59.25,-235.50,293.25,G,3,UNKNOWN,SIGNAL,
2026-04-30 13:00:28,2855,27387.25,27340.08,27377.39,27380.97,53.05,17.84,17.4,7.5,8.0,7.5,8.0,-0.02,-1,0.0,0,0,0.00,0.00,0.00,0.00,,0.0,0,4,1555.00,AUTO,,AGGR+CHP+ADP+RUN-EXT+PW+DLK+SLC+TPE+NWS+,WAIT,55.0,2.64,0,-1,0.00,0.00,27386.75,27387.25,2,14134,14828,0,-3.4,-114.50,-154.50,59.25,-235.50,293.25,G,3,UNKNOWN,BLOCK_AUTO,reason=tooSoon consecLoss=0 barsSinceExit=3 barsSinceLoss=38
2026-04-30 13:00:32,2856,27391.25,27340.10,27380.76,27382.21,55.21,17.69,17.0,7.5,8.0,7.5,8.0,-0.02,-1,0.0,0,0,0.00,0.00,0.00,0.00,,0.0,0,4,1555.00,AUTO,,AGGR+CHP+ADP+RUN-EXT+PW+DLK+SLC+TPE+NWS+,WAIT,55.0,2.89,0,-1,0.00,0.00,27391.00,27391.50,2,14412,14978,0,-4.9,-110.50,-150.50,63.25,-231.50,297.25,G,4,UNKNOWN,BRICK_CLOSE,src=primary color=G streak=4 o=27375.00 c=27391.00 hi=27391.00 lo=27375.00
2026-04-30 13:00:32,2856,27391.25,27340.10,27380.76,27382.21,55.21,17.69,17.0,17.5,8.0,17.5,8.0,-0.02,-1,0.0,0,0,0.00,0.00,0.00,0.00,,0.0,0,4,1555.00,AUTO,,AGGR+CHP+ADP+RUN-EXT+PW+DLK+SLC+TPE+NWS+,WAIT,55.0,2.89,0,-1,0.00,0.00,27391.00,27391.50,2,14412,14978,0,-4.9,-110.50,-150.50,63.25,-231.50,297.25,G,4,UNKNOWN,SIGNAL,
2026-04-30 13:00:33,2857,27395.25,27340.11,27384.26,27383.71,57.32,17.55,16.9,17.5,8.0,17.5,8.0,-0.02,-1,0.0,0,0,0.00,0.00,0.00,0.00,,0.0,0,4,1555.00,AUTO,,AGGR+CHP+ADP+RUN-EXT+PW+DLK+SLC+TPE+NWS+,WAIT,55.0,3.14,0,-1,0.00,0.00,27394.50,27395.25,3,14486,15008,1,-4.3,-106.50,-146.50,67.25,-227.50,301.25,G,5,UNKNOWN,BRICK_CLOSE,src=primary color=G streak=5 o=27379.00 c=27395.00 hi=27395.00 lo=27379.00
2026-04-30 13:00:33,2857,27395.25,27340.11,27384.26,27383.71,57.32,17.55,16.9,82.5,8.0,82.5,8.0,-0.02,0,0.0,0,0,0.00,0.00,0.00,0.00,,0.0,0,4,1555.00,AUTO,,AGGR+CHP+ADP+RUN-EXT+PW+DLK+SLC+TPE+NWS+,WAIT,55.0,3.14,0,-1,0.00,0.00,27394.50,27395.25,3,14486,15008,1,-4.3,-106.50,-146.50,67.25,-227.50,301.25,G,5,UNKNOWN,SIGNAL,
2026-04-30 13:00:33,2857,27395.25,27340.11,27384.26,27383.71,57.32,17.55,16.9,82.5,8.0,82.5,8.0,-0.02,0,0.0,0,0,0.00,0.00,0.00,0.00,,0.0,0,4,1555.00,AUTO,,AGGR+CHP+ADP+RUN-EXT+PW+DLK+SLC+TPE+NWS+,STRONG_BUY,55.0,3.14,0,-1,0.00,0.00,27394.50,27395.25,3,14486,15008,1,-4.3,-106.50,-146.50,67.25,-227.50,301.25,G,5,UNKNOWN,BLOCK_CHOP,ADX<18 falling 3b (16.9)
2026-04-30 13:00:35,2858,27399.25,27340.13,27387.86,27385.43,59.39,17.42,17.3,82.5,8.0,82.5,8.0,-0.01,0,0.0,0,0,0.00,0.00,0.00,0.00,,0.0,0,4,1555.00,AUTO,,AGGR+CHP+ADP+RUN-EXT+PW+DLK+SLC+TPE+NWS+,STRONG_BUY,55.0,3.39,0,-1,0.00,0.00,27397.50,27398.00,2,14756,15098,1,-2.9,-102.50,-142.50,71.25,-223.50,305.25,G,6,UNKNOWN,BRICK_CLOSE,src=primary color=G streak=6 o=27383.00 c=27399.00 hi=27399.00 lo=27383.00
2026-04-30 13:00:35,2858,27399.25,27340.13,27387.86,27385.43,59.39,17.42,17.3,62.5,8.0,62.5,8.0,-0.01,0,0.0,0,0,0.00,0.00,0.00,0.00,,0.0,0,4,1555.00,AUTO,,AGGR+CHP+ADP+RUN-EXT+PW+DLK+SLC+TPE+NWS+,STRONG_BUY,55.0,3.39,0,-1,0.00,0.00,27397.50,27398.00,2,14756,15098,1,-2.9,-102.50,-142.50,71.25,-223.50,305.25,G,6,UNKNOWN,SIGNAL,
2026-04-30 13:00:35,2858,27399.25,27340.13,27387.86,27385.43,59.39,17.42,17.3,62.5,8.0,62.5,8.0,-0.01,0,0.0,0,0,0.00,0.00,0.00,0.00,,0.0,0,4,1555.00,AUTO,,AGGR+CHP+ADP+RUN-EXT+PW+DLK+SLC+TPE+NWS+,BUY,55.0,3.39,0,-1,0.00,0.00,27397.50,27398.00,2,14756,15098,1,-2.9,-102.50,-142.50,71.25,-223.50,305.25,G,6,UNKNOWN,BLOCK_CHOP,ADX<18 falling 3b (17.3)
2026-04-30 13:00:38,2859,27403.25,27340.15,27391.54,27387.36,61.40,17.30,17.9,62.5,8.0,62.5,8.0,-0.01,0,0.0,0,0,0.00,0.00,0.00,0.00,,0.0,0,4,1555.00,AUTO,,AGGR+CHP+ADP+RUN-EXT+PW+DLK+SLC+TPE+NWS+,BUY,55.0,3.65,0,-1,0.00,0.00,27401.00,27401.50,2,14962,15218,1,-0.8,-98.50,-138.50,75.25,-219.50,309.25,G,7,UNKNOWN,BRICK_CLOSE,src=primary color=G streak=7 o=27387.00 c=27403.00 hi=27403.00 lo=27387.00
2026-04-30 13:00:38,2859,27403.25,27340.16,27391.54,27387.36,61.40,17.30,17.9,57.5,8.0,57.5,8.0,-0.01,0,0.0,0,0,0.00,0.00,0.00,0.00,,0.0,0,4,1555.00,AUTO,,AGGR+CHP+ADP+RUN-EXT+PW+DLK+SLC+TPE+NWS+,BUY,55.0,3.65,0,-1,0.00,0.00,27401.00,27401.50,2,14962,15218,1,-0.8,-98.50,-138.50,75.25,-219.50,309.25,G,7,UNKNOWN,SIGNAL,
2026-04-30 13:01:44,2860,27407.25,27340.38,27395.28,27389.48,63.35,17.19,18.8,57.5,8.0,57.5,8.0,-0.02,0,0.0,0,0,0.00,0.00,0.00,0.00,,0.0,0,4,1555.00,AUTO,,AGGR+CHP+ADP+RUN-EXT+PW+DLK+SLC+TPE+NWS+,BUY,55.0,3.89,0,-1,0.00,0.00,27406.75,27407.25,2,16410,16934,1,1.1,-94.50,-134.50,79.25,-215.50,313.25,G,8,UNKNOWN,BRICK_CLOSE,src=primary color=G streak=8 o=27391.00 c=27407.00 hi=27407.00 lo=27391.00
2026-04-30 13:01:44,2860,27407.25,27340.38,27395.28,27389.48,63.35,17.19,18.8,70.3,8.0,70.3,8.0,-0.02,0,0.0,0,0,0.00,0.00,0.00,0.00,,0.0,0,4,1555.00,AUTO,,AGGR+CHP+ADP+RUN-EXT+PW+DLK+SLC+TPE+NWS+,BUY,55.0,3.89,0,-1,0.00,0.00,27406.75,27407.25,2,16410,16934,1,1.1,-94.50,-134.50,79.25,-215.50,313.25,G,8,UNKNOWN,SIGNAL,
2026-04-30 13:01:44,2860,27407.25,27340.38,27395.28,27389.48,63.35,17.19,18.8,70.3,8.0,70.3,8.0,-0.02,0,0.0,0,0,0.00,0.00,0.00,0.00,,0.0,0,4,1555.00,AUTO,,AGGR+CHP+ADP+RUN-EXT+PW+DLK+SLC+TPE+NWS+,STRONG_BUY,55.0,3.89,0,-1,0.00,0.00,27406.75,27407.25,2,16410,16934,1,1.1,-94.50,-134.50,79.25,-215.50,313.25,G,8,UNKNOWN,TREND_CHASE_FIRE,dir=1 adx=18.8 streak=8 bull=70.3
2026-04-30 13:01:44,2860,27407.25,27340.38,27395.28,27389.48,63.35,17.19,18.8,70.3,8.0,70.3,8.0,-0.02,0,0.0,1,1,0.00,0.00,0.00,0.00,,0.0,0,4,1555.00,AUTO,Momentum+VWAP,AGGR+CHP+ADP+RUN-EXT+PW+DLK+SLC+TPE+NWS+,STRONG_BUY,55.0,3.89,0,-1,0.00,0.00,27406.75,27407.25,2,16410,16934,1,1.1,-94.50,-134.50,79.25,-215.50,313.25,G,8,UNKNOWN,ENTRY_LONG,manual=F bull=70.3 bear=8.0 sig=2 htf=0 tape=-0.02 emaXAgo=3 distVwap=66.9 atr=17.2 px=27407.25 sl=0.00 tp=0.00
2026-04-30 13:01:44,2860,27407.25,27340.38,27395.28,27389.48,63.35,17.19,18.8,70.3,8.0,70.3,8.0,-0.02,0,0.0,1,1,27407.00,27389.00,27457.00,0.00,,0.0,0,4,1555.00,AUTO,Momentum+VWAP,AGGR+CHP+ADP+RUN-EXT+PW+DLK+SLC+TPE+NWS+,STRONG_BUY,55.0,3.89,0,-1,0.25,0.00,27406.75,27407.25,2,16412,16934,1,1.1,-94.50,-134.50,79.25,-215.50,313.25,G,8,UNKNOWN,STOPS_ARMED,dir=1 entry=27407.00 sl=27389.00 tp=27457.00 slPt=18 tpPt=50
2026-04-30 13:01:45,2860,27407.25,27340.38,27395.28,27389.48,63.35,17.19,18.8,70.3,8.0,70.3,8.0,-0.02,0,0.0,1,1,27407.00,27401.00,27457.00,27402.75,BrickMode*DORMANT,0.0,0,4,1555.00,AUTO,Momentum+VWAP,AGGR+CHP+ADP+RUN-EXT+PW+DLK+SLC+TPE+NWS+,STRONG_BUY,55.0,3.89,0,-1,0.25,4.25,27411.25,27412.00,3,16436,16940,1,1.1,-94.50,-134.50,79.25,-215.50,313.25,G,8,UNKNOWN,SMART_BE_LADDER,tier=1 T1_LOSS_CAP peak=4.3pt sl=27401.00 entry=27407.00
2026-04-30 13:01:45,2861,27411.25,27340.39,27399.07,27391.77,65.25,17.09,20.0,70.3,8.0,70.3,8.0,-0.01,0,0.0,1,1,27407.00,27401.00,27457.00,27407.25,BrickMode*DORMANT,0.0,0,4,1555.00,AUTO,Momentum+VWAP,AGGR+CHP+ADP+RUN-EXT+PW+DLK+SLC+TPE+NWS+,STRONG_BUY,55.0,4.15,0,-1,4.25,4.25,27411.25,27412.00,3,16566,16944,1,2.7,-90.50,-130.50,83.25,-211.50,317.25,G,9,UNKNOWN,BRICK_CLOSE,src=primary color=G streak=9 o=27395.00 c=27411.00 hi=27411.00 lo=27395.00
2026-04-30 13:01:49,2861,27412.75,27340.42,27399.37,27391.90,65.96,17.21,20.2,70.3,8.0,70.3,8.0,-0.01,0,0.0,1,1,27407.00,27407.75,27457.00,27408.25,BrickMode*DORMANT,0.0,0,4,1555.00,AUTO,Momentum+VWAP,AGGR+CHP+ADP+RUN-EXT+PW+DLK+SLC+TPE+NWS+,STRONG_BUY,55.0,4.20,0,-1,5.75,6.50,27413.50,27414.00,2,16850,17068,1,2.8,-89.00,-129.00,84.75,-210.00,318.75,G,9,UNKNOWN,SMART_BE_LADDER,tier=2 T2_SOFT_BE peak=6.5pt sl=27407.75 entry=27407.00
2026-04-30 13:01:50,2862,27415.25,27340.44,27402.91,27394.21,67.08,16.99,21.4,70.3,8.0,70.3,8.0,0.00,0,0.0,1,1,27407.00,27407.75,27457.00,27410.75,BrickMode*DORMANT,0.0,0,4,1555.00,AUTO,Momentum+VWAP,AGGR+CHP+ADP+RUN-EXT+PW+DLK+SLC+TPE+NWS+,STRONG_BUY,55.0,4.40,0,-1,8.25,7.75,27414.75,27415.25,2,17012,17128,1,4.1,-86.50,-126.50,87.25,-207.50,321.25,G,10,UNKNOWN,BRICK_CLOSE,src=primary color=G streak=10 o=27399.00 c=27415.00 hi=27415.00 lo=27399.00
2026-04-30 13:01:51,2862,27414.75,27340.45,27402.81,27394.17,66.73,17.04,21.5,70.3,8.0,70.3,8.0,0.00,0,0.0,1,1,27407.00,27407.75,27457.00,27410.75,BrickMode*DORMANT,0.0,0,4,1555.00,AUTO,Momentum+VWAP,AGGR+CHP+ADP+RUN-EXT+PW+DLK+SLC+TPE+NWS+,STRONG_BUY,55.0,4.36,0,-1,7.75,8.75,27415.75,27416.50,3,17026,17138,1,4.2,-87.00,-127.00,86.75,-208.00,320.75,G,10,UNKNOWN,SMART_BE_HANDOFF,tier=3 peak=8.8pt -> BrickTrail PxStop owns SL
2026-04-30 13:01:52,2863,27419.25,27340.46,27406.78,27396.80,68.85,16.90,23.0,70.3,8.0,70.3,8.0,0.00,0,0.0,1,1,27407.00,27407.75,27457.00,27416.00,BrickMode*DORMANT,0.0,0,4,1555.00,AUTO,Momentum+VWAP,AGGR+CHP+ADP+RUN-EXT+PW+DLK+SLC+TPE+NWS+,STRONG_BUY,55.0,4.66,0,-1,12.25,13.00,27420.00,27420.50,2,17124,17196,1,5.4,-82.50,-122.50,91.25,-203.50,325.25,G,11,UNKNOWN,BRICK_CLOSE,src=primary color=G streak=11 o=27403.00 c=27419.00 hi=27419.00 lo=27403.00
2026-04-30 13:01:52,2863,27419.25,27340.46,27406.78,27396.80,68.85,16.90,23.0,70.3,8.0,70.3,8.0,0.00,0,0.0,1,1,27407.00,27407.75,27457.00,27416.00,BrickMode*DORMANT,0.0,0,4,1555.00,AUTO,Momentum+VWAP,AGGR+CHP+ADP+RUN-EXT+PW+DLK+SLC+TPE+NWS+,STRONG_BUY,55.0,4.66,0,-1,12.25,13.00,27420.00,27420.50,2,17124,17196,1,5.4,-82.50,-122.50,91.25,-203.50,325.25,G,11,TREND_UP,REGIME_CHANGE,from=UNKNOWN to=TREND_UP adx=23.0 slope=5.38 atr/avg=0.94 eStack=1 distVwapAtr=4.66 nr=Gx11 flips4=0
2026-04-30 13:01:53,2863,27420.25,27340.46,27406.98,27396.89,69.29,16.97,23.0,70.3,8.0,70.3,8.0,0.00,1,0.0,1,1,27407.00,27407.75,27457.00,27416.00,BrickMode*DORMANT,0.0,0,4,1555.00,AUTO,Momentum+VWAP,AGGR+CHP+ADP+RUN-EXT+PW+DLK+SLC+TPE+NWS+,STRONG_BUY,55.0,4.70,0,-1,13.25,15.00,27422.00,27422.75,3,17150,17218,1,5.5,-81.50,-121.50,92.25,-202.50,326.25,G,11,TREND_UP,PEAKLOCK_T1,peak=15.0pt giveback=12.0pt floor=27410.00 entry=27407.00
2026-04-30 13:02:03,2864,27423.25,27340.52,27410.67,27399.51,70.55,16.82,24.7,70.3,8.0,70.3,8.0,0.00,1,0.0,1,1,27407.00,27407.75,27457.00,27418.00,BrickMode*DORMANT,0.0,0,4,1555.00,AUTO,Momentum+VWAP,AGGR+CHP+ADP+RUN-EXT+PW+DLK+SLC+TPE+NWS+,STRONG_BUY,55.0,4.92,0,-1,16.25,15.00,27419.75,27420.75,4,17502,17510,1,6.5,-78.50,-118.50,95.25,-199.50,329.25,G,12,TREND_UP,BRICK_CLOSE,src=primary color=G streak=12 o=27407.00 c=27423.00 hi=27423.00 lo=27407.00
2026-04-30 13:02:17,2864,27417.25,27340.56,27409.47,27398.97,64.95,16.82,24.7,70.3,8.0,70.3,8.0,0.00,1,0.0,1,1,27407.00,27407.75,27457.00,27418.00,BrickMode*DORMANT,0.0,0,4,1555.00,AUTO,Momentum+VWAP,AGGR+CHP+ADP+RUN-EXT+PW+DLK+SLC+TPE+NWS+,STRONG_BUY,55.0,4.56,0,-1,10.25,15.00,27413.00,27413.75,3,17698,17780,1,6.5,-84.50,-124.50,89.25,-205.50,323.25,G,12,TREND_UP,BRICK_TRAIL_HIT,reason=px_stop peak=15.0pt cur=6.0pt retrace=9.0pt effRetraceMin=6.8pt trail=27418.00 px=27413.00 adxSlope=6.46 streak=12 effPct=50
2026-04-30 13:02:17,2864,27417.25,27340.56,27409.47,27398.97,64.95,16.82,24.7,70.3,8.0,70.3,8.0,0.00,1,0.0,1,0,27407.00,27407.75,27457.00,27418.00,BrickMode*DORMANT,0.0,0,5,1680.00,AUTO,Momentum+VWAP,AGGR+CHP+ADP+RUN-EXT+PW+DLK+SLC+TPE+NWS+,STRONG_BUY,55.0,4.56,0,-1,10.25,15.00,27413.00,27413.75,3,17698,17780,1,6.5,-84.50,-124.50,89.25,-205.50,323.25,G,12,TREND_UP,CAP_REFUND,pnl=125.00 thr=25.00 tradesToday=7/20
2026-04-30 13:02:17,2864,27417.25,27340.56,27409.47,27398.97,64.95,16.82,24.7,70.3,8.0,70.3,8.0,0.00,1,0.0,1,0,27407.00,27407.75,27457.00,27418.00,BrickMode*DORMANT,0.0,0,5,1680.00,AUTO,Momentum+VWAP,AGGR+CHP+ADP+RUN-EXT+PW+DLK+SLC+TPE+NWS+,STRONG_BUY,55.0,4.56,0,-1,10.25,15.00,27413.00,27413.75,3,17698,17780,1,6.5,-84.50,-124.50,89.25,-205.50,323.25,G,12,TREND_UP,BRICK_REENTRY_ARMED,dir=1 reason=TRAIL_BrickTrail_PxStop exitPx=27417.25 windowSec=90 minStreak=3
2026-04-30 13:02:17,2864,27417.25,27340.56,27409.47,27398.97,64.95,16.82,24.7,70.3,8.0,70.3,8.0,0.00,1,0.0,1,0,27407.00,27407.75,27457.00,27418.00,BrickMode*DORMANT,0.0,0,5,1680.00,AUTO,Momentum+VWAP,AGGR+CHP+ADP+RUN-EXT+PW+DLK+SLC+TPE+NWS+,STRONG_BUY,55.0,4.56,0,-1,10.25,15.00,27413.00,27413.75,3,17698,17780,1,6.5,-84.50,-124.50,89.25,-205.50,323.25,G,12,TREND_UP,EXIT_WIN_TRAIL_BrickTrail_PxStop,pnl=125.00 consec=5
2026-04-30 13:02:17,2864,27417.25,27340.56,27409.47,27398.97,64.95,16.82,24.7,70.3,8.0,70.3,8.0,0.00,1,0.0,1,0,27407.00,27407.75,27457.00,27418.00,BrickMode*DORMANT,0.0,0,5,1680.00,AUTO,Momentum+VWAP,AGGR+CHP+ADP+RUN-EXT+PW+DLK+SLC+TPE+NWS+,STRONG_BUY,55.0,4.56,0,-1,10.25,15.00,27413.00,27413.75,3,17698,17780,1,6.5,-84.50,-124.50,89.25,-205.50,323.25,G,12,TREND_UP,REGIME_PNL,regime=UNKNOWN tradePnl=125.00 regTotal=1795.00 thresh=-200
2026-04-30 13:08:45,2865,27427.25,27341.45,27414.59,27402.34,72.19,17.37,24.3,0.0,0.0,0.0,0.0,-0.01,1,0.0,0,0,0.00,0.00,0.00,0.00,,0.0,0,5,1680.00,AUTO,,AGGR+CHP+ADP+RUN-EXT+PW+DLK+SLC+TPE+NWS+,STRONG_BUY,55.0,4.94,0,-1,0.00,0.00,27426.25,27426.50,1,22594,22840,1,5.2,-74.50,-114.50,99.25,-195.50,333.25,G,13,TREND_UP,BRICK_CLOSE,src=primary color=G streak=13 o=27411.00 c=27427.00 hi=27427.00 lo=27401.50
2026-04-30 13:08:45,2865,27427.25,27341.45,27414.59,27402.34,72.19,17.37,24.3,0.0,0.0,0.0,0.0,-0.01,1,0.0,0,0,0.00,0.00,0.00,0.00,,0.0,0,5,1680.00,AUTO,,AGGR+CHP+ADP+RUN-EXT+PW+DLK+SLC+TPE+NWS+,STRONG_BUY,55.0,4.94,0,-1,0.00,0.00,27426.25,27426.50,1,22594,22840,1,5.2,-74.50,-114.50,99.25,-195.50,333.25,G,13,TREND_UP,BRICK_REENTRY_DISARM,why=window_expired
2026-04-30 13:08:45,2865,27427.25,27341.45,27414.59,27402.34,72.19,17.37,24.3,0.0,0.0,0.0,0.0,-0.01,1,0.0,0,0,0.00,0.00,0.00,0.00,,0.0,0,5,1680.00,AUTO,,AGGR+CHP+ADP+RUN-EXT+PW+DLK+SLC+TPE+NWS+,STRONG_BUY,55.0,4.94,0,-1,0.00,0.00,27426.25,27426.50,1,22594,22840,1,5.2,-74.50,-114.50,99.25,-195.50,333.25,G,13,TREND_UP,HEARTBEAT,tradesToday=7 openDca=0
2026-04-30 13:08:45,2865,27427.25,27341.45,27414.59,27402.34,72.19,17.37,24.3,107.5,8.0,107.5,8.0,-0.01,1,0.0,0,0,0.00,0.00,0.00,0.00,,0.0,0,5,1680.00,AUTO,,AGGR+CHP+ADP+RUN-EXT+PW+DLK+SLC+TPE+NWS+,STRONG_BUY,55.0,4.94,0,-1,0.00,0.00,27426.25,27426.50,1,22594,22840,1,5.2,-74.50,-114.50,99.25,-195.50,333.25,G,13,TREND_UP,SIGNAL,
2026-04-30 13:08:45,2865,27427.25,27341.45,27414.59,27402.34,72.19,17.37,24.3,107.5,8.0,107.5,8.0,-0.01,1,0.0,0,0,0.00,0.00,0.00,0.00,,0.0,0,5,1680.00,AUTO,,AGGR+CHP+ADP+RUN-EXT+PW+DLK+SLC+TPE+NWS+,BUY,55.0,4.94,0,-1,0.00,0.00,27426.25,27426.50,1,22594,22840,1,5.2,-74.50,-114.50,99.25,-195.50,333.25,G,13,TREND_UP,TREND_CHASE_FIRE,dir=1 adx=24.3 streak=13 bull=107.5
2026-04-30 13:08:45,2865,27427.25,27341.45,27414.59,27402.34,72.19,17.37,24.3,107.5,8.0,107.5,8.0,-0.01,1,0.0,1,1,0.00,0.00,0.00,0.00,,0.0,0,5,1680.00,AUTO,Momentum+VWAP,AGGR+CHP+ADP+RUN-EXT+PW+DLK+SLC+TPE+NWS+,BUY,55.0,4.94,0,-1,0.00,0.00,27426.25,27426.50,1,22594,22840,1,5.2,-74.50,-114.50,99.25,-195.50,333.25,G,13,TREND_UP,ENTRY_LONG,manual=F bull=107.5 bear=8.0 sig=1 htf=1 tape=-0.01 emaXAgo=8 distVwap=85.8 atr=17.4 px=27427.25 sl=0.00 tp=0.00
2026-04-30 13:08:45,2865,27427.25,27341.45,27414.59,27402.34,72.19,17.37,24.3,107.5,8.0,107.5,8.0,-0.01,1,0.0,1,1,27426.50,27408.50,27622.50,0.00,,0.0,0,5,1680.00,AUTO,Momentum+VWAP,AGGR+CHP+ADP+RUN-EXT+PW+DLK+SLC+TPE+NWS+,BUY,55.0,4.94,0,-1,0.75,0.00,27426.25,27426.50,1,22596,22840,1,5.2,-74.50,-114.50,99.25,-195.50,333.25,G,13,TREND_UP,STOPS_ARMED,dir=1 entry=27426.50 sl=27408.50 tp=27622.50 slPt=18 tpPt=50 RUNNER PD_CLAMP
2026-04-30 13:09:20,2866,27431.25,27341.55,27418.52,27405.28,73.77,17.25,25.4,107.5,8.0,107.5,8.0,0.17,1,0.0,1,1,27426.50,27408.50,27622.50,27426.50,BrickMode*DORMANT,0.0,0,5,1680.00,AUTO,Momentum+VWAP,AGGR+CHP+ADP+RUN-EXT+PW+DLK+SLC+TPE+NWS+,BUY,55.0,5.20,0,-1,4.75,4.00,27430.50,27431.00,2,628,446,1,5.1,-70.50,-110.50,103.25,-191.50,337.25,G,14,TREND_UP,BRICK_CLOSE,src=primary color=G streak=14 o=27415.00 c=27431.00 hi=27431.00 lo=27415.00
2026-04-30 13:10:36,2867,27435.25,27341.71,27422.47,27408.32,75.27,17.14,26.7,107.5,8.0,107.5,8.0,0.03,1,0.0,1,1,27426.50,27408.50,27622.50,27432.00,BrickMode*DORMANT,0.0,0,5,1680.00,AUTO,Momentum+VWAP,AGGR+CHP+ADP+RUN-EXT+PW+DLK+SLC+TPE+NWS+,BUY,55.0,5.46,0,-1,8.75,9.50,27436.00,27436.50,2,1370,1284,1,5.0,-66.50,-106.50,107.25,-187.50,341.25,G,15,TREND_UP,BRICK_CLOSE,src=primary color=G streak=15 o=27419.00 c=27435.00 hi=27435.00 lo=27419.00
2026-04-30 13:10:40,2867,27436.00,27341.74,27422.62,27408.38,75.55,17.29,26.8,107.5,8.0,107.5,8.0,0.06,1,0.0,1,1,27426.50,27424.50,27622.50,27432.25,BrickMode*DORMANT,0.0,0,5,1680.00,AUTO,Momentum+VWAP,AGGR+CHP+ADP+RUN-EXT+PW+DLK+SLC+TPE+NWS+,BUY,55.0,5.45,0,-1,9.50,15.00,27441.50,27442.25,3,1530,1366,1,5.1,-65.75,-105.75,108.00,-186.75,342.00,G,15,TREND_UP,PROFIT_SAFEGUARD,tier=1 T1_PROFIT_SAFE peak=15.0pt sl=27424.50 offset=-2.0pt entry=27426.50 runner=True
2026-04-30 13:10:40,2867,27436.00,27341.74,27422.62,27408.38,75.55,17.29,26.8,107.5,8.0,107.5,8.0,0.06,1,0.0,1,1,27426.50,27424.50,27622.50,27432.25,BrickMode*DORMANT,0.0,0,5,1680.00,AUTO,Momentum+VWAP,AGGR+CHP+ADP+RUN-EXT+PW+DLK+SLC+TPE+NWS+,BUY,55.0,5.45,0,-1,9.50,15.00,27441.50,27442.25,3,1530,1366,1,5.1,-65.75,-105.75,108.00,-186.75,342.00,G,15,TREND_UP,PEAKLOCK_T1,peak=15.0pt giveback=12.0pt floor=27429.50 entry=27426.50
2026-04-30 13:10:40,2868,27439.25,27341.75,27426.42,27411.44,76.71,17.04,28.1,107.5,8.0,107.5,8.0,0.09,1,0.0,1,1,27426.50,27424.50,27622.50,27437.50,BrickMode*DORMANT,0.0,0,5,1680.00,AUTO,Momentum+VWAP,AGGR+CHP+ADP+RUN-EXT+PW+DLK+SLC+TPE+NWS+,BUY,55.0,5.72,0,-1,12.75,15.00,27441.50,27442.25,3,1630,1370,1,4.9,-62.50,-102.50,111.25,-183.50,345.25,G,16,TREND_UP,BRICK_CLOSE,src=primary color=G streak=16 o=27423.00 c=27439.00 hi=27439.00 lo=27423.00
2026-04-30 13:11:20,2869,27443.25,27341.90,27430.39,27414.64,78.08,16.95,29.7,107.5,8.0,107.5,8.0,0.09,1,0.0,1,1,27426.50,27424.50,27622.50,27438.00,BrickMode*DORMANT,0.0,0,5,1680.00,AUTO,Momentum+VWAP,AGGR+CHP+ADP+RUN-EXT+PW+DLK+SLC+TPE+NWS+,BUY,55.0,5.98,0,-1,16.75,15.50,27442.00,27442.50,2,2426,2026,1,5.9,-58.50,-98.50,115.25,-179.50,349.25,G,17,TREND_UP,BRICK_CLOSE,src=primary color=G streak=17 o=27427.00 c=27443.00 hi=27443.00 lo=27427.00
2026-04-30 13:12:49,2869,27438.25,27342.14,27429.39,27414.19,72.53,17.22,30.0,107.5,8.0,107.5,8.0,0.04,1,0.0,1,1,27426.50,27424.50,27622.50,27440.25,BrickMode,0.0,0,5,1680.00,AUTO,Momentum+VWAP,AGGR+CHP+ADP+RUN-EXT+PW+DLK+SLC+TPE+NWS+,BUY,55.0,5.58,0,-1,11.75,17.75,27435.50,27436.00,2,3460,3168,1,6.2,-63.50,-103.50,110.25,-184.50,344.25,G,17,TREND_UP,BRICK_TRAIL_HIT,reason=px_stop peak=17.8pt cur=9.0pt retrace=8.8pt effRetraceMin=8.0pt trail=27440.25 px=27435.50 adxSlope=5.94 streak=17 effPct=50
2026-04-30 13:12:49,2869,27438.25,27342.14,27429.39,27414.19,72.53,17.22,30.0,107.5,8.0,107.5,8.0,0.04,1,0.0,1,0,27426.50,27424.50,27622.50,27440.25,BrickMode,0.0,0,6,1875.00,AUTO,Momentum+VWAP,AGGR+CHP+ADP+RUN-EXT+PW+DLK+SLC+TPE+NWS+,BUY,55.0,5.58,0,-1,11.75,17.75,27435.50,27436.00,2,3460,3168,1,6.2,-63.50,-103.50,110.25,-184.50,344.25,G,17,TREND_UP,CAP_REFUND,pnl=195.00 thr=25.00 tradesToday=7/20
2026-04-30 13:12:49,2869,27438.25,27342.14,27429.39,27414.19,72.53,17.22,30.0,107.5,8.0,107.5,8.0,0.04,1,0.0,1,0,27426.50,27424.50,27622.50,27440.25,BrickMode,0.0,0,6,1875.00,AUTO,Momentum+VWAP,AGGR+CHP+ADP+RUN-EXT+PW+DLK+SLC+TPE+NWS+,BUY,55.0,5.58,0,-1,11.75,17.75,27435.50,27436.00,2,3460,3168,1,6.2,-63.50,-103.50,110.25,-184.50,344.25,G,17,TREND_UP,BRICK_REENTRY_ARMED,dir=1 reason=TRAIL_BrickTrail_PxStop exitPx=27438.25 windowSec=90 minStreak=3
2026-04-30 13:12:49,2869,27438.25,27342.14,27429.39,27414.19,72.53,17.22,30.0,107.5,8.0,107.5,8.0,0.04,1,0.0,1,0,27426.50,27424.50,27622.50,27440.25,BrickMode,0.0,0,6,1875.00,AUTO,Momentum+VWAP,AGGR+CHP+ADP+RUN-EXT+PW+DLK+SLC+TPE+NWS+,BUY,55.0,5.58,0,-1,11.75,17.75,27435.50,27436.00,2,3460,3168,1,6.2,-63.50,-103.50,110.25,-184.50,344.25,G,17,TREND_UP,EXIT_WIN_TRAIL_BrickTrail_PxStop,pnl=195.00 consec=6
2026-04-30 13:12:49,2869,27438.25,27342.14,27429.39,27414.19,72.53,17.22,30.0,107.5,8.0,107.5,8.0,0.04,1,0.0,1,0,27426.50,27424.50,27622.50,27440.25,BrickMode,0.0,0,6,1875.00,AUTO,Momentum+VWAP,AGGR+CHP+ADP+RUN-EXT+PW+DLK+SLC+TPE+NWS+,BUY,55.0,5.58,0,-1,11.75,17.75,27435.50,27436.00,2,3460,3168,1,6.2,-63.50,-103.50,110.25,-184.50,344.25,G,17,TREND_UP,REGIME_PNL,regime=TREND_UP tradePnl=195.00 regTotal=115.00 thresh=-200
2026-04-30 13:13:21,2870,27447.25,27342.25,27434.36,27417.91,79.39,16.86,31.4,0.0,0.0,0.0,0.0,0.06,1,0.0,0,0,0.00,0.00,0.00,0.00,,0.0,0,6,1875.00,AUTO,,AGGR+CHP+ADP+RUN-EXT+PW+DLK+SLC+TPE+NWS+,BUY,55.0,6.23,0,-1,0.00,0.00,27448.00,27448.50,2,3984,3552,1,6.8,-54.50,-94.50,119.25,-175.50,353.25,G,18,TREND_UP,BRICK_CLOSE,src=primary color=G streak=18 o=27431.00 c=27447.00 hi=27447.00 lo=27431.00
2026-04-30 13:13:21,2870,27447.25,27342.25,27434.36,27417.91,79.39,16.86,31.4,0.0,0.0,0.0,0.0,0.06,1,0.0,0,0,0.00,0.00,0.00,0.00,,0.0,0,6,1875.00,AUTO,,AGGR+CHP+ADP+RUN-EXT+PW+DLK+SLC+TPE+NWS+,BUY,55.0,6.23,0,-1,0.00,0.00,27448.00,27448.50,2,3984,3552,1,6.8,-54.50,-94.50,119.25,-175.50,353.25,G,18,TREND_UP,BRICK_REENTRY_FIRE,dir=1 streak=18 secsArmed=32 exitPx=27438.25 curPx=27447.00 usedCount=1/1
2026-04-30 13:13:21,2870,27447.25,27342.25,27434.36,27417.91,79.39,16.86,31.4,0.0,0.0,0.0,0.0,0.06,1,0.0,0,0,0.00,0.00,0.00,0.00,,0.0,0,6,1875.00,AUTO,,AGGR+CHP+ADP+RUN-EXT+PW+DLK+SLC+TPE+NWS+,BUY,55.0,6.23,0,-1,0.00,0.00,27448.00,27448.50,2,3984,3552,1,6.8,-54.50,-94.50,119.25,-175.50,353.25,G,18,TREND_UP,EXT_LOOSEN,dir=1 ratio=6.23 base=5.00 eff=8.00 htfConsec=7 streak=18
2026-04-30 13:13:21,2870,27447.25,27342.25,27434.36,27417.91,79.39,16.86,31.4,0.0,0.0,0.0,0.0,0.06,1,0.0,1,1,0.00,0.00,0.00,0.00,,0.0,0,6,1875.00,AUTO,Momentum+VWAP,AGGR+CHP+ADP+RUN-EXT+PW+DLK+SLC+TPE+NWS+,BUY,55.0,6.23,0,-1,0.00,0.00,27448.00,27448.50,2,3984,3552,1,6.8,-54.50,-94.50,119.25,-175.50,353.25,G,18,TREND_UP,ENTRY_LONG,manual=F bull=0.0 bear=0.0 sig=1 htf=1 tape=0.06 emaXAgo=12 distVwap=105.0 atr=16.9 px=27447.25 sl=0.00 tp=0.00
2026-04-30 13:13:21,2870,27447.25,27342.25,27434.36,27417.91,79.39,16.86,31.4,0.0,0.0,0.0,0.0,0.06,1,0.0,1,1,0.00,0.00,0.00,0.00,,0.0,0,6,1875.00,AUTO,Momentum+VWAP,AGGR+CHP+ADP+RUN-EXT+PW+DLK+SLC+TPE+NWS+,BUY,55.0,6.23,0,-1,0.00,0.00,27448.00,27448.50,2,3984,3552,1,6.8,-54.50,-94.50,119.25,-175.50,353.25,G,18,TREND_UP,BRICK_REENTRY_DISARM,why=quota_used_after_fire
2026-04-30 13:13:21,2870,27447.25,27342.25,27434.36,27417.91,79.39,16.86,31.4,0.0,0.0,0.0,0.0,0.06,1,0.0,1,1,27448.25,27430.25,27948.25,0.00,,0.0,0,6,1875.00,AUTO,Momentum+VWAP,AGGR+CHP+ADP+RUN-EXT+PW+DLK+SLC+TPE+NWS+,BUY,55.0,6.23,0,-1,-1.00,0.00,27448.00,27448.50,2,3984,3552,1,6.8,-54.50,-94.50,119.25,-175.50,353.25,G,18,TREND_UP,CLAMP_SKIP,adx=31.4 thr=28.0
2026-04-30 13:13:21,2870,27447.25,27342.25,27434.36,27417.91,79.39,16.86,31.4,0.0,0.0,0.0,0.0,0.06,1,0.0,1,1,27448.25,27430.25,27948.25,0.00,,0.0,0,6,1875.00,AUTO,Momentum+VWAP,AGGR+CHP+ADP+RUN-EXT+PW+DLK+SLC+TPE+NWS+,BUY,55.0,6.23,0,-1,-1.00,0.00,27448.00,27448.50,2,3984,3552,1,6.8,-54.50,-94.50,119.25,-175.50,353.25,G,18,TREND_UP,STOPS_ARMED,dir=1 entry=27448.25 sl=27430.25 tp=27948.25 slPt=18 tpPt=50 RUNNER
2026-04-30 13:13:22,2871,27451.25,27342.27,27438.34,27421.25,80.64,16.78,33.2,0.0,0.0,0.0,0.0,0.07,1,1.8,1,1,27448.25,27430.25,27948.25,27446.75,BrickMode*DORMANT,0.0,0,6,1875.00,AUTO,Momentum+VWAP,AGGR+CHP+ADP+RUN-EXT+PW+DLK+SLC+TPE+NWS+,BUY,55.0,6.49,0,-1,3.00,2.50,27450.75,27451.25,2,4142,3566,1,7.6,-50.50,-90.50,123.25,-171.50,357.25,G,19,TREND_UP,BRICK_CLOSE,src=primary color=G streak=19 o=27435.00 c=27451.00 hi=27451.00 lo=27435.00
2026-04-30 13:17:45,2871,27430.75,27343.04,27434.24,27419.39,60.60,17.75,32.2,0.0,0.0,0.0,0.0,0.02,1,1.5,1,0,27448.25,27430.25,27948.25,27449.50,BrickMode*DORMANT,0.0,1,0,1515.00,AUTO,Momentum+VWAP,AGGR+CHP+ADP+RUN-EXT+PW+DLK+SLC+TPE+NWS+,BUY,55.0,4.94,0,-1,-17.50,5.25,27430.25,27430.75,2,7568,7218,0,6.5,-71.00,-111.00,102.75,-192.00,336.75,G,19,TREND_UP,SL_CLUSTER_COOLDOWN,count=2 window=90m cooldown=25m until=13:42
2026-04-30 13:17:45,2871,27430.75,27343.04,27434.24,27419.39,60.60,17.75,32.2,0.0,0.0,0.0,0.0,0.02,1,1.5,1,0,27448.25,27430.25,27948.25,27449.50,BrickMode*DORMANT,0.0,1,0,1515.00,AUTO,Momentum+VWAP,AGGR+CHP+ADP+RUN-EXT+PW+DLK+SLC+TPE+NWS+,BUY,55.0,4.94,0,-1,-17.50,5.25,27430.25,27430.75,2,7568,7218,0,6.5,-71.00,-111.00,102.75,-192.00,336.75,G,19,TREND_UP,EXIT_LOSS_SL,pnl=-360.00 consec=1
2026-04-30 13:17:45,2871,27430.75,27343.04,27434.24,27419.39,60.60,17.75,32.2,0.0,0.0,0.0,0.0,0.02,1,1.5,1,0,27448.25,27430.25,27948.25,27449.50,BrickMode*DORMANT,0.0,1,0,1515.00,AUTO,Momentum+VWAP,AGGR+CHP+ADP+RUN-EXT+PW+DLK+SLC+TPE+NWS+,BUY,55.0,4.94,0,-1,-17.50,5.25,27430.25,27430.75,2,7568,7218,0,6.5,-71.00,-111.00,102.75,-192.00,336.75,G,19,TREND_UP,REGIME_PNL,regime=TREND_UP tradePnl=-360.00 regTotal=-245.00 thresh=-200 GATE_TIGHTENED
2026-04-30 13:26:03,2872,27455.25,27344.30,27442.32,27424.66,81.82,17.57,31.8,0.0,0.0,0.0,0.0,0.02,1,0.0,0,0,0.00,0.00,0.00,0.00,,0.0,1,0,1515.00,AUTO,,AGGR+CHP+ADP+RUN-EXT+PW+DLK+SLC+TPE+NWS+,BUY,55.0,6.32,0,-1,0.00,0.00,27454.50,27455.00,2,12988,12404,1,4.9,-46.50,-86.50,127.25,-167.50,361.25,G,20,TREND_UP,BRICK_CLOSE,src=primary color=G streak=20 o=27439.00 c=27455.00 hi=27455.00 lo=27426.00
2026-04-30 13:26:03,2872,27455.25,27344.30,27442.32,27424.66,81.82,17.57,31.8,0.0,0.0,0.0,0.0,0.02,1,0.0,0,0,0.00,0.00,0.00,0.00,,0.0,1,0,1515.00,AUTO,,AGGR+CHP+ADP+RUN-EXT+PW+DLK+SLC+TPE+NWS+,BUY,55.0,6.32,0,-1,0.00,0.00,27454.50,27455.00,2,12988,12404,1,4.9,-46.50,-86.50,127.25,-167.50,361.25,G,20,TREND_UP,HEARTBEAT,tradesToday=8 openDca=0
2026-04-30 13:26:03,2872,27455.25,27344.30,27442.32,27424.66,81.82,17.57,31.8,107.5,8.0,107.5,8.0,0.02,1,0.0,0,0,0.00,0.00,0.00,0.00,,0.0,1,0,1515.00,AUTO,,AGGR+CHP+ADP+RUN-EXT+PW+DLK+SLC+TPE+NWS+,BUY,55.0,6.32,0,-1,0.00,0.00,27454.50,27455.00,2,12988,12404,1,4.9,-46.50,-86.50,127.25,-167.50,361.25,G,20,TREND_UP,SIGNAL,
2026-04-30 13:26:03,2872,27455.25,27344.30,27442.32,27424.66,81.82,17.57,31.8,107.5,8.0,107.5,8.0,0.02,1,0.0,0,0,0.00,0.00,0.00,0.00,,0.0,1,0,1515.00,AUTO,,AGGR+CHP+ADP+RUN-EXT+PW+DLK+SLC+TPE+NWS+,BUY,55.0,6.32,0,-1,0.00,0.00,27454.50,27455.00,2,12988,12404,1,4.9,-46.50,-86.50,127.25,-167.50,361.25,G,20,TREND_UP,TREND_CHASE_FIRE,dir=1 adx=31.8 streak=20 bull=107.5
2026-04-30 13:26:03,2872,27455.25,27344.30,27442.32,27424.66,81.82,17.57,31.8,107.5,8.0,107.5,8.0,0.02,1,0.0,0,0,0.00,0.00,0.00,0.00,,0.0,1,0,1515.00,AUTO,,AGGR+CHP+ADP+RUN-EXT+PW+DLK+SLC+TPE+NWS+,BUY,55.0,6.32,0,-1,0.00,0.00,27454.50,27455.00,2,12988,12404,1,4.9,-46.50,-86.50,127.25,-167.50,361.25,G,20,TREND_UP,BLOCK_SL_CLUSTER,cooldown_remaining_sec=1001
2026-04-30 13:29:56,2873,27459.25,27344.84,27446.31,27428.11,82.94,17.54,32.4,107.5,8.0,107.5,8.0,0.03,1,0.0,0,0,0.00,0.00,0.00,0.00,,0.0,1,0,1515.00,AUTO,,AGGR+CHP+ADP+RUN-EXT+PW+DLK+SLC+TPE+NWS+,BUY,55.0,6.52,0,-1,0.00,0.00,27459.00,27459.50,2,15336,14570,1,4.1,-42.50,-82.50,131.25,-163.50,365.25,G,21,TREND_UP,BRICK_CLOSE,src=primary color=G streak=21 o=27443.00 c=27459.00 hi=27459.00 lo=27441.50
2026-04-30 13:29:56,2873,27459.25,27344.84,27446.31,27428.11,82.94,17.54,32.4,93.5,8.0,93.5,8.0,0.03,1,0.0,0,0,0.00,0.00,0.00,0.00,,0.0,1,0,1515.00,AUTO,,AGGR+CHP+ADP+RUN-EXT+PW+DLK+SLC+TPE+NWS+,BUY,55.0,6.52,0,-1,0.00,0.00,27459.00,27459.50,2,15336,14570,1,4.1,-42.50,-82.50,131.25,-163.50,365.25,G,21,TREND_UP,SIGNAL,
2026-04-30 13:29:56,2873,27459.25,27344.84,27446.31,27428.11,82.94,17.54,32.4,93.5,8.0,93.5,8.0,0.03,1,0.0,0,0,0.00,0.00,0.00,0.00,,0.0,1,0,1515.00,AUTO,,AGGR+CHP+ADP+RUN-EXT+PW+DLK+SLC+TPE+NWS+,BUY,55.0,6.52,0,-1,0.00,0.00,27459.00,27459.50,2,15336,14570,1,4.1,-42.50,-82.50,131.25,-163.50,365.25,G,21,TREND_UP,TREND_CHASE_FIRE,dir=1 adx=32.4 streak=21 bull=93.5
2026-04-30 13:29:56,2873,27459.25,27344.84,27446.31,27428.11,82.94,17.54,32.4,93.5,8.0,93.5,8.0,0.03,1,0.0,0,0,0.00,0.00,0.00,0.00,,0.0,1,0,1515.00,AUTO,,AGGR+CHP+ADP+RUN-EXT+PW+DLK+SLC+TPE+NWS+,BUY,55.0,6.52,0,-1,0.00,0.00,27459.00,27459.50,2,15336,14570,1,4.1,-42.50,-82.50,131.25,-163.50,365.25,G,21,TREND_UP,BLOCK_SL_CLUSTER,cooldown_remaining_sec=768
2026-04-30 13:29:59,2874,27463.25,27344.91,27450.30,27431.61,84.01,17.41,33.3,93.5,8.0,93.5,8.0,0.04,1,0.0,0,0,0.00,0.00,0.00,0.00,,0.0,1,0,1515.00,AUTO,,AGGR+CHP+ADP+RUN-EXT+PW+DLK+SLC+TPE+NWS+,BUY,55.0,6.80,0,-1,0.00,0.00,27461.75,27462.25,2,15784,14698,1,3.3,-38.50,-78.50,135.25,-159.50,369.25,G,22,TREND_UP,BRICK_CLOSE,src=primary color=G streak=22 o=27447.00 c=27463.00 hi=27463.00 lo=27447.00
2026-04-30 13:29:59,2874,27463.25,27344.91,27450.30,27431.61,84.01,17.41,33.3,65.5,8.0,65.5,8.0,0.04,1,0.0,0,0,0.00,0.00,0.00,0.00,,0.0,1,0,1515.00,AUTO,,AGGR+CHP+ADP+RUN-EXT+PW+DLK+SLC+TPE+NWS+,BUY,55.0,6.80,0,-1,0.00,0.00,27461.75,27462.25,2,15784,14698,1,3.3,-38.50,-78.50,135.25,-159.50,369.25,G,22,TREND_UP,SIGNAL,
2026-04-30 13:29:59,2874,27463.25,27344.91,27450.30,27431.61,84.01,17.41,33.3,65.5,8.0,65.5,8.0,0.04,1,0.0,0,0,0.00,0.00,0.00,0.00,,0.0,1,0,1515.00,AUTO,,AGGR+CHP+ADP+RUN-EXT+PW+DLK+SLC+TPE+NWS+,BUY,55.0,6.80,0,-1,0.00,0.00,27461.75,27462.25,2,15784,14698,1,3.3,-38.50,-78.50,135.25,-159.50,369.25,G,22,TREND_UP,TREND_CHASE_FIRE,dir=1 adx=33.3 streak=22 bull=65.5
2026-04-30 13:29:59,2874,27463.25,27344.91,27450.30,27431.61,84.01,17.41,33.3,65.5,8.0,65.5,8.0,0.04,1,0.0,0,0,0.00,0.00,0.00,0.00,,0.0,1,0,1515.00,AUTO,,AGGR+CHP+ADP+RUN-EXT+PW+DLK+SLC+TPE+NWS+,BUY,55.0,6.80,0,-1,0.00,0.00,27461.75,27462.25,2,15784,14698,1,3.3,-38.50,-78.50,135.25,-159.50,369.25,G,22,TREND_UP,BLOCK_SL_CLUSTER,cooldown_remaining_sec=765
2026-04-30 13:30:03,2875,27467.25,27344.96,27454.29,27435.16,85.01,17.29,34.3,65.5,8.0,65.5,8.0,0.04,1,0.0,0,0,0.00,0.00,0.00,0.00,,0.0,1,0,1515.00,AUTO,,AGGR+CHP+ADP+RUN-EXT+PW+DLK+SLC+TPE+NWS+,BUY,55.0,7.07,0,-1,0.00,0.00,27469.75,27470.25,2,16064,14812,1,2.7,-34.50,-74.50,139.25,-155.50,373.25,G,23,TREND_UP,BRICK_CLOSE,src=primary color=G streak=23 o=27451.00 c=27467.00 hi=27467.00 lo=27451.00
2026-04-30 13:30:03,2875,27467.25,27344.96,27454.29,27435.16,85.01,17.29,34.3,65.5,8.0,65.5,8.0,0.04,1,0.0,0,0,0.00,0.00,0.00,0.00,,0.0,1,0,1515.00,AUTO,,AGGR+CHP+ADP+RUN-EXT+PW+DLK+SLC+TPE+NWS+,BUY,55.0,7.07,0,-1,0.00,0.00,27469.75,27470.25,2,16064,14812,1,2.7,-34.50,-74.50,139.25,-155.50,373.25,G,23,TREND_UP,SIGNAL,
2026-04-30 13:30:03,2875,27467.25,27344.96,27454.29,27435.16,85.01,17.29,34.3,65.5,8.0,65.5,8.0,0.04,1,0.0,0,0,0.00,0.00,0.00,0.00,,0.0,1,0,1515.00,AUTO,,AGGR+CHP+ADP+RUN-EXT+PW+DLK+SLC+TPE+NWS+,BUY,55.0,7.07,0,-1,0.00,0.00,27469.75,27470.25,2,16064,14812,1,2.7,-34.50,-74.50,139.25,-155.50,373.25,G,23,TREND_UP,TREND_CHASE_FIRE,dir=1 adx=34.3 streak=23 bull=65.5
2026-04-30 13:30:03,2875,27467.25,27344.96,27454.29,27435.16,85.01,17.29,34.3,65.5,8.0,65.5,8.0,0.04,1,0.0,0,0,0.00,0.00,0.00,0.00,,0.0,1,0,1515.00,AUTO,,AGGR+CHP+ADP+RUN-EXT+PW+DLK+SLC+TPE+NWS+,BUY,55.0,7.07,0,-1,0.00,0.00,27469.75,27470.25,2,16064,14812,1,2.7,-34.50,-74.50,139.25,-155.50,373.25,G,23,TREND_UP,BLOCK_SL_CLUSTER,cooldown_remaining_sec=761
2026-04-30 13:30:04,2876,27471.25,27345.01,27458.28,27438.75,85.97,17.18,35.6,65.5,8.0,65.5,8.0,0.05,1,0.0,0,0,0.00,0.00,0.00,0.00,,0.0,1,0,1515.00,AUTO,,AGGR+CHP+ADP+RUN-EXT+PW+DLK+SLC+TPE+NWS+,BUY,55.0,7.35,0,-1,0.00,0.00,27468.75,27469.25,2,16338,14920,1,3.8,-30.50,-70.50,143.25,-151.50,377.25,G,24,TREND_UP,BRICK_CLOSE,src=primary color=G streak=24 o=27455.00 c=27471.00 hi=27471.00 lo=27455.00
2026-04-30 13:30:04,2876,27471.25,27345.01,27458.28,27438.75,85.97,17.18,35.6,65.5,8.0,65.5,8.0,0.05,1,0.0,0,0,0.00,0.00,0.00,0.00,,0.0,1,0,1515.00,AUTO,,AGGR+CHP+ADP+RUN-EXT+PW+DLK+SLC+TPE+NWS+,BUY,55.0,7.35,0,-1,0.00,0.00,27468.75,27469.25,2,16338,14920,1,3.8,-30.50,-70.50,143.25,-151.50,377.25,G,24,TREND_UP,SIGNAL,
2026-04-30 13:30:04,2876,27471.25,27345.01,27458.28,27438.75,85.97,17.18,35.6,65.5,8.0,65.5,8.0,0.05,1,0.0,0,0,0.00,0.00,0.00,0.00,,0.0,1,0,1515.00,AUTO,,AGGR+CHP+ADP+RUN-EXT+PW+DLK+SLC+TPE+NWS+,BUY,55.0,7.35,0,-1,0.00,0.00,27468.75,27469.25,2,16338,14920,1,3.8,-30.50,-70.50,143.25,-151.50,377.25,G,24,TREND_UP,TREND_CHASE_FIRE,dir=1 adx=35.6 streak=24 bull=65.5
2026-04-30 13:30:04,2876,27471.25,27345.01,27458.28,27438.75,85.97,17.18,35.6,65.5,8.0,65.5,8.0,0.05,1,0.0,0,0,0.00,0.00,0.00,0.00,,0.0,1,0,1515.00,AUTO,,AGGR+CHP+ADP+RUN-EXT+PW+DLK+SLC+TPE+NWS+,BUY,55.0,7.35,0,-1,0.00,0.00,27468.75,27469.25,2,16338,14920,1,3.8,-30.50,-70.50,143.25,-151.50,377.25,G,24,TREND_UP,BLOCK_SL_CLUSTER,cooldown_remaining_sec=760
2026-04-30 13:30:07,2877,27475.25,27345.10,27462.27,27442.38,86.86,17.07,36.9,65.5,8.0,65.5,8.0,0.05,1,0.0,0,0,0.00,0.00,0.00,0.00,,0.0,1,0,1515.00,AUTO,,AGGR+CHP+ADP+RUN-EXT+PW+DLK+SLC+TPE+NWS+,BUY,55.0,7.62,0,-1,0.00,0.00,27475.25,27475.75,2,16738,15180,1,4.8,-26.50,-66.50,147.25,-147.50,381.25,G,25,TREND_UP,BRICK_CLOSE,src=primary color=G streak=25 o=27459.00 c=27475.00 hi=27475.00 lo=27459.00
2026-04-30 13:30:07,2877,27475.25,27345.10,27462.27,27442.38,86.86,17.07,36.9,65.5,8.0,65.5,8.0,0.05,1,0.0,0,0,0.00,0.00,0.00,0.00,,0.0,1,0,1515.00,AUTO,,AGGR+CHP+ADP+RUN-EXT+PW+DLK+SLC+TPE+NWS+,BUY,55.0,7.62,0,-1,0.00,0.00,27475.25,27475.75,2,16738,15180,1,4.8,-26.50,-66.50,147.25,-147.50,381.25,G,25,TREND_UP,SIGNAL,
2026-04-30 13:30:07,2877,27475.25,27345.10,27462.27,27442.38,86.86,17.07,36.9,65.5,8.0,65.5,8.0,0.05,1,0.0,0,0,0.00,0.00,0.00,0.00,,0.0,1,0,1515.00,AUTO,,AGGR+CHP+ADP+RUN-EXT+PW+DLK+SLC+TPE+NWS+,BUY,55.0,7.62,0,-1,0.00,0.00,27475.25,27475.75,2,16738,15180,1,4.8,-26.50,-66.50,147.25,-147.50,381.25,G,25,TREND_UP,TREND_CHASE_FIRE,dir=1 adx=36.9 streak=25 bull=65.5
2026-04-30 13:30:07,2877,27475.25,27345.10,27462.27,27442.38,86.86,17.07,36.9,65.5,8.0,65.5,8.0,0.05,1,0.0,0,0,0.00,0.00,0.00,0.00,,0.0,1,0,1515.00,AUTO,,AGGR+CHP+ADP+RUN-EXT+PW+DLK+SLC+TPE+NWS+,BUY,55.0,7.62,0,-1,0.00,0.00,27475.25,27475.75,2,16738,15180,1,4.8,-26.50,-66.50,147.25,-147.50,381.25,G,25,TREND_UP,BLOCK_SL_CLUSTER,cooldown_remaining_sec=757
2026-04-30 13:30:28,2878,27479.25,27345.27,27466.27,27446.04,87.71,16.98,38.4,65.5,8.0,65.5,8.0,0.05,1,0.0,0,0,0.00,0.00,0.00,0.00,,0.0,1,0,1515.00,AUTO,,AGGR+CHP+ADP+RUN-EXT+PW+DLK+SLC+TPE+NWS+,BUY,55.0,7.89,0,-1,0.00,0.00,27479.50,27480.00,2,17392,15698,1,5.7,-22.50,-62.50,151.25,-143.50,385.25,G,26,TREND_UP,BRICK_CLOSE,src=primary color=G streak=26 o=27463.00 c=27479.00 hi=27479.00 lo=27463.00
2026-04-30 13:30:28,2878,27479.25,27345.27,27466.27,27446.04,87.71,16.98,38.4,65.5,8.0,65.5,8.0,0.05,1,0.0,0,0,0.00,0.00,0.00,0.00,,0.0,1,0,1515.00,AUTO,,AGGR+CHP+ADP+RUN-EXT+PW+DLK+SLC+TPE+NWS+,BUY,55.0,7.89,0,-1,0.00,0.00,27479.50,27480.00,2,17392,15698,1,5.7,-22.50,-62.50,151.25,-143.50,385.25,G,26,TREND_UP,SIGNAL,
2026-04-30 13:30:28,2878,27479.25,27345.27,27466.27,27446.04,87.71,16.98,38.4,65.5,8.0,65.5,8.0,0.05,1,0.0,0,0,0.00,0.00,0.00,0.00,,0.0,1,0,1515.00,AUTO,,AGGR+CHP+ADP+RUN-EXT+PW+DLK+SLC+TPE+NWS+,BUY,55.0,7.89,0,-1,0.00,0.00,27479.50,27480.00,2,17392,15698,1,5.7,-22.50,-62.50,151.25,-143.50,385.25,G,26,TREND_UP,TREND_CHASE_FIRE,dir=1 adx=38.4 streak=26 bull=65.5
2026-04-30 13:30:28,2878,27479.25,27345.27,27466.27,27446.04,87.71,16.98,38.4,65.5,8.0,65.5,8.0,0.05,1,0.0,0,0,0.00,0.00,0.00,0.00,,0.0,1,0,1515.00,AUTO,,AGGR+CHP+ADP+RUN-EXT+PW+DLK+SLC+TPE+NWS+,BUY,55.0,7.89,0,-1,0.00,0.00,27479.50,27480.00,2,17392,15698,1,5.7,-22.50,-62.50,151.25,-143.50,385.25,G,26,TREND_UP,BLOCK_SL_CLUSTER,cooldown_remaining_sec=736
2026-04-30 13:30:31,2879,27483.25,27345.32,27470.26,27449.74,88.51,16.89,39.9,65.5,8.0,65.5,8.0,0.05,1,0.0,0,0,0.00,0.00,0.00,0.00,,0.0,1,0,1515.00,AUTO,,AGGR+CHP+ADP+RUN-EXT+PW+DLK+SLC+TPE+NWS+,BUY,55.0,8.17,0,-1,0.00,0.00,27484.75,27485.50,3,17620,15832,1,6.4,-18.50,-58.50,155.25,-139.50,389.25,G,27,TREND_UP,BRICK_CLOSE,src=primary color=G streak=27 o=27467.00 c=27483.00 hi=27483.00 lo=27467.00
2026-04-30 13:30:31,2879,27483.25,27345.32,27470.26,27449.74,88.51,16.89,39.9,65.5,8.0,65.5,8.0,0.05,1,0.0,0,0,0.00,0.00,0.00,0.00,,0.0,1,0,1515.00,AUTO,,AGGR+CHP+ADP+RUN-EXT+PW+DLK+SLC+TPE+NWS+,BUY,55.0,8.17,0,-1,0.00,0.00,27484.75,27485.50,3,17620,15832,1,6.4,-18.50,-58.50,155.25,-139.50,389.25,G,27,TREND_UP,SIGNAL,
2026-04-30 13:30:31,2879,27483.25,27345.32,27470.26,27449.74,88.51,16.89,39.9,65.5,8.0,65.5,8.0,0.05,1,0.0,0,0,0.00,0.00,0.00,0.00,,0.0,1,0,1515.00,AUTO,,AGGR+CHP+ADP+RUN-EXT+PW+DLK+SLC+TPE+NWS+,BUY,55.0,8.17,0,-1,0.00,0.00,27484.75,27485.50,3,17620,15832,1,6.4,-18.50,-58.50,155.25,-139.50,389.25,G,27,TREND_UP,TREND_CHASE_FIRE,dir=1 adx=39.9 streak=27 bull=65.5
2026-04-30 13:30:31,2879,27483.25,27345.32,27470.26,27449.74,88.51,16.89,39.9,65.5,8.0,65.5,8.0,0.05,1,0.0,0,0,0.00,0.00,0.00,0.00,,0.0,1,0,1515.00,AUTO,,AGGR+CHP+ADP+RUN-EXT+PW+DLK+SLC+TPE+NWS+,BUY,55.0,8.17,0,-1,0.00,0.00,27484.75,27485.50,3,17620,15832,1,6.4,-18.50,-58.50,155.25,-139.50,389.25,G,27,TREND_UP,BLOCK_SL_CLUSTER,cooldown_remaining_sec=733
2026-04-30 13:30:39,2880,27487.25,27345.50,27474.26,27453.46,89.26,16.81,41.5,65.5,8.0,65.5,8.0,0.06,1,0.0,0,0,0.00,0.00,0.00,0.00,,0.0,1,0,1515.00,AUTO,,AGGR+CHP+ADP+RUN-EXT+PW+DLK+SLC+TPE+NWS+,BUY,55.0,8.43,0,-1,0.00,0.00,27484.75,27485.25,2,18364,16300,1,7.0,-14.50,-54.50,159.25,-135.50,393.25,G,28,TREND_UP,BRICK_CLOSE,src=primary color=G streak=28 o=27471.00 c=27487.00 hi=27487.00 lo=27471.00
2026-04-30 13:30:39,2880,27487.25,27345.50,27474.26,27453.46,89.26,16.81,41.5,93.5,8.0,93.5,8.0,0.06,1,0.0,0,0,0.00,0.00,0.00,0.00,,0.0,1,0,1515.00,AUTO,,AGGR+CHP+ADP+RUN-EXT+PW+DLK+SLC+TPE+NWS+,BUY,55.0,8.43,0,-1,0.00,0.00,27484.75,27485.25,2,18364,16300,1,7.0,-14.50,-54.50,159.25,-135.50,393.25,G,28,TREND_UP,SIGNAL,
2026-04-30 13:30:39,2880,27487.25,27345.50,27474.26,27453.46,89.26,16.81,41.5,93.5,8.0,93.5,8.0,0.06,1,0.0,0,0,0.00,0.00,0.00,0.00,,0.0,1,0,1515.00,AUTO,,AGGR+CHP+ADP+RUN-EXT+PW+DLK+SLC+TPE+NWS+,BUY,55.0,8.43,0,-1,0.00,0.00,27484.75,27485.25,2,18364,16300,1,7.0,-14.50,-54.50,159.25,-135.50,393.25,G,28,TREND_UP,TREND_CHASE_FIRE,dir=1 adx=41.5 streak=28 bull=93.5
2026-04-30 13:30:39,2880,27487.25,27345.50,27474.26,27453.46,89.26,16.81,41.5,93.5,8.0,93.5,8.0,0.06,1,0.0,0,0,0.00,0.00,0.00,0.00,,0.0,1,0,1515.00,AUTO,,AGGR+CHP+ADP+RUN-EXT+PW+DLK+SLC+TPE+NWS+,BUY,55.0,8.43,0,-1,0.00,0.00,27484.75,27485.25,2,18364,16300,1,7.0,-14.50,-54.50,159.25,-135.50,393.25,G,28,TREND_UP,BLOCK_SL_CLUSTER,cooldown_remaining_sec=725
2026-04-30 13:30:43,2881,27491.25,27345.62,27478.26,27457.20,89.96,16.73,43.2,93.5,8.0,93.5,8.0,0.06,1,0.0,0,0,0.00,0.00,0.00,0.00,,0.0,1,0,1515.00,AUTO,,AGGR+CHP+ADP+RUN-EXT+PW+DLK+SLC+TPE+NWS+,BUY,55.0,8.70,0,-1,0.00,0.00,27498.00,27498.75,3,18782,16678,1,7.5,-10.50,-50.50,163.25,-131.50,397.25,G,29,TREND_UP,BRICK_CLOSE,src=primary color=G streak=29 o=27475.00 c=27491.00 hi=27491.00 lo=27475.00
2026-04-30 13:30:43,2881,27491.25,27345.62,27478.26,27457.20,89.96,16.73,43.2,65.5,8.0,65.5,8.0,0.06,1,0.0,0,0,0.00,0.00,0.00,0.00,,0.0,1,0,1515.00,AUTO,,AGGR+CHP+ADP+RUN-EXT+PW+DLK+SLC+TPE+NWS+,BUY,55.0,8.70,0,-1,0.00,0.00,27498.00,27498.75,3,18782,16678,1,7.5,-10.50,-50.50,163.25,-131.50,397.25,G,29,TREND_UP,SIGNAL,
2026-04-30 13:30:43,2881,27491.25,27345.62,27478.26,27457.20,89.96,16.73,43.2,65.5,8.0,65.5,8.0,0.06,1,0.0,0,0,0.00,0.00,0.00,0.00,,0.0,1,0,1515.00,AUTO,,AGGR+CHP+ADP+RUN-EXT+PW+DLK+SLC+TPE+NWS+,BUY,55.0,8.70,0,-1,0.00,0.00,27498.00,27498.75,3,18782,16678,1,7.5,-10.50,-50.50,163.25,-131.50,397.25,G,29,TREND_UP,TREND_CHASE_FIRE,dir=1 adx=43.2 streak=29 bull=65.5
2026-04-30 13:30:43,2881,27491.25,27345.62,27478.26,27457.20,89.96,16.73,43.2,65.5,8.0,65.5,8.0,0.06,1,0.0,0,0,0.00,0.00,0.00,0.00,,0.0,1,0,1515.00,AUTO,,AGGR+CHP+ADP+RUN-EXT+PW+DLK+SLC+TPE+NWS+,BUY,55.0,8.70,0,-1,0.00,0.00,27498.00,27498.75,3,18782,16678,1,7.5,-10.50,-50.50,163.25,-131.50,397.25,G,29,TREND_UP,BLOCK_SL_CLUSTER,cooldown_remaining_sec=721
2026-04-30 13:30:43,2882,27495.25,27345.65,27482.26,27460.97,90.63,16.66,45.0,65.5,8.0,65.5,8.0,0.06,1,0.0,0,0,0.00,0.00,0.00,0.00,,0.0,1,0,1515.00,AUTO,,AGGR+CHP+ADP+RUN-EXT+PW+DLK+SLC+TPE+NWS+,BUY,55.0,8.98,0,-1,0.00,0.00,27498.00,27498.75,3,18956,16678,1,7.9,-6.50,-46.50,167.25,-127.50,401.25,G,30,TREND_UP,BRICK_CLOSE,src=primary color=G streak=30 o=27479.00 c=27495.00 hi=27495.00 lo=27479.00
2026-04-30 13:30:43,2882,27495.25,27345.65,27482.26,27460.97,90.63,16.66,45.0,65.5,8.0,65.5,8.0,0.06,1,0.0,0,0,0.00,0.00,0.00,0.00,,0.0,1,0,1515.00,AUTO,,AGGR+CHP+ADP+RUN-EXT+PW+DLK+SLC+TPE+NWS+,BUY,55.0,8.98,0,-1,0.00,0.00,27498.00,27498.75,3,18956,16678,1,7.9,-6.50,-46.50,167.25,-127.50,401.25,G,30,TREND_UP,SIGNAL,
2026-04-30 13:30:43,2882,27495.25,27345.65,27482.26,27460.97,90.63,16.66,45.0,65.5,8.0,65.5,8.0,0.06,1,0.0,0,0,0.00,0.00,0.00,0.00,,0.0,1,0,1515.00,AUTO,,AGGR+CHP+ADP+RUN-EXT+PW+DLK+SLC+TPE+NWS+,BUY,55.0,8.98,0,-1,0.00,0.00,27498.00,27498.75,3,18956,16678,1,7.9,-6.50,-46.50,167.25,-127.50,401.25,G,30,TREND_UP,TREND_CHASE_FIRE,dir=1 adx=45.0 streak=30 bull=65.5
2026-04-30 13:30:43,2882,27495.25,27345.65,27482.26,27460.97,90.63,16.66,45.0,65.5,8.0,65.5,8.0,0.06,1,0.0,0,0,0.00,0.00,0.00,0.00,,0.0,1,0,1515.00,AUTO,,AGGR+CHP+ADP+RUN-EXT+PW+DLK+SLC+TPE+NWS+,BUY,55.0,8.98,0,-1,0.00,0.00,27498.00,27498.75,3,18956,16678,1,7.9,-6.50,-46.50,167.25,-127.50,401.25,G,30,TREND_UP,BLOCK_SL_CLUSTER,cooldown_remaining_sec=721
2026-04-30 13:30:43,2883,27499.75,27345.73,27486.36,27464.81,91.33,16.63,46.8,65.5,8.0,65.5,8.0,0.06,1,0.0,0,0,0.00,0.00,0.00,0.00,,0.0,1,0,1515.00,AUTO,,AGGR+CHP+ADP+RUN-EXT+PW+DLK+SLC+TPE+NWS+,BUY,55.0,9.26,0,-1,0.00,0.00,27498.00,27498.75,3,19170,16918,1,8.2,-2.00,-42.00,171.75,-123.00,405.75,G,31,TREND_UP,BRICK_CLOSE,src=primary color=G streak=31 o=27483.00 c=27499.00 hi=27499.00 lo=27483.00
2026-04-30 13:30:43,2883,27499.75,27345.73,27486.36,27464.81,91.33,16.63,46.8,65.5,8.0,65.5,8.0,0.06,1,0.0,0,0,0.00,0.00,0.00,0.00,,0.0,1,0,1515.00,AUTO,,AGGR+CHP+ADP+RUN-EXT+PW+DLK+SLC+TPE+NWS+,BUY,55.0,9.26,0,-1,0.00,0.00,27498.00,27498.75,3,19170,16918,1,8.2,-2.00,-42.00,171.75,-123.00,405.75,G,31,TREND_UP,SIGNAL,
2026-04-30 13:30:43,2883,27499.75,27345.73,27486.36,27464.81,91.33,16.63,46.8,65.5,8.0,65.5,8.0,0.06,1,0.0,0,0,0.00,0.00,0.00,0.00,,0.0,1,0,1515.00,AUTO,,AGGR+CHP+ADP+RUN-EXT+PW+DLK+SLC+TPE+NWS+,BUY,55.0,9.26,0,-1,0.00,0.00,27498.00,27498.75,3,19170,16918,1,8.2,-2.00,-42.00,171.75,-123.00,405.75,G,31,TREND_UP,TREND_CHASE_FIRE,dir=1 adx=46.8 streak=31 bull=65.5
2026-04-30 13:30:43,2883,27499.75,27345.73,27486.36,27464.81,91.33,16.63,46.8,65.5,8.0,65.5,8.0,0.06,1,0.0,0,0,0.00,0.00,0.00,0.00,,0.0,1,0,1515.00,AUTO,,AGGR+CHP+ADP+RUN-EXT+PW+DLK+SLC+TPE+NWS+,BUY,55.0,9.26,0,-1,0.00,0.00,27498.00,27498.75,3,19170,16918,1,8.2,-2.00,-42.00,171.75,-123.00,405.75,G,31,TREND_UP,BLOCK_SL_CLUSTER,cooldown_remaining_sec=721
2026-04-30 13:42:13,2884,27503.25,27348.88,27490.25,27468.57,91.84,17.28,45.6,65.5,8.0,65.5,8.0,0.05,1,0.0,0,0,0.00,0.00,0.00,0.00,,0.0,1,0,1515.00,AUTO,,AGGR+CHP+ADP+RUN-EXT+PW+DLK+SLC+TPE+NWS+,BUY,55.0,8.93,0,-1,0.00,0.00,27503.00,27503.50,2,29308,26618,1,5.5,1.50,-38.50,175.25,-119.50,409.25,G,32,TREND_UP,BRICK_CLOSE,src=primary color=G streak=32 o=27487.00 c=27503.00 hi=27503.00 lo=27475.75
2026-04-30 13:42:13,2884,27503.25,27348.88,27490.25,27468.57,91.84,17.28,45.6,65.5,8.0,65.5,8.0,0.05,1,0.0,0,0,0.00,0.00,0.00,0.00,,0.0,1,0,1515.00,AUTO,,AGGR+CHP+ADP+RUN-EXT+PW+DLK+SLC+TPE+NWS+,BUY,55.0,8.93,0,-1,0.00,0.00,27503.00,27503.50,2,29308,26618,1,5.5,1.50,-38.50,175.25,-119.50,409.25,G,32,TREND_UP,HEARTBEAT,tradesToday=8 openDca=0
2026-04-30 13:42:13,2884,27503.25,27348.88,27490.25,27468.57,91.84,17.28,45.6,107.5,8.0,107.5,8.0,0.05,1,0.0,0,0,0.00,0.00,0.00,0.00,,0.0,1,0,1515.00,AUTO,,AGGR+CHP+ADP+RUN-EXT+PW+DLK+SLC+TPE+NWS+,BUY,55.0,8.93,0,-1,0.00,0.00,27503.00,27503.50,2,29308,26618,1,5.5,1.50,-38.50,175.25,-119.50,409.25,G,32,TREND_UP,SIGNAL,
2026-04-30 13:42:13,2884,27503.25,27348.88,27490.25,27468.57,91.84,17.28,45.6,107.5,8.0,107.5,8.0,0.05,1,0.0,0,0,0.00,0.00,0.00,0.00,,0.0,1,0,1515.00,AUTO,,AGGR+CHP+ADP+RUN-EXT+PW+DLK+SLC+TPE+NWS+,BUY,55.0,8.93,0,-1,0.00,0.00,27503.00,27503.50,2,29308,26618,1,5.5,1.50,-38.50,175.25,-119.50,409.25,G,32,TREND_UP,TREND_CHASE_FIRE,dir=1 adx=45.6 streak=32 bull=107.5
2026-04-30 13:42:13,2884,27503.25,27348.88,27490.25,27468.57,91.84,17.28,45.6,107.5,8.0,107.5,8.0,0.05,1,0.0,0,0,0.00,0.00,0.00,0.00,,0.0,1,0,1515.00,AUTO,,AGGR+CHP+ADP+RUN-EXT+PW+DLK+SLC+TPE+NWS+,BUY,55.0,8.93,0,-1,0.00,0.00,27503.00,27503.50,2,29308,26618,1,5.5,1.50,-38.50,175.25,-119.50,409.25,G,32,TREND_UP,BLOCK_SL_CLUSTER,cooldown_remaining_sec=31
2026-04-30 13:45:18,2885,27507.25,27349.64,27494.25,27472.40,92.38,17.23,46.2,107.5,8.0,107.5,8.0,0.05,1,0.0,0,0,0.00,0.00,0.00,0.00,,0.0,1,0,1515.00,AUTO,,AGGR+CHP+ADP+RUN-EXT+PW+DLK+SLC+TPE+NWS+,BUY,55.0,9.15,0,-1,0.00,0.00,27507.75,27508.25,2,31756,28850,1,4.5,5.50,-34.50,179.25,-115.50,413.25,G,33,TREND_UP,BRICK_CLOSE,src=primary color=G streak=33 o=27491.00 c=27507.00 hi=27507.00 lo=27490.00
2026-04-30 13:45:18,2885,27507.25,27349.64,27494.25,27472.40,92.38,17.23,46.2,93.5,8.0,93.5,8.0,0.05,1,0.0,0,0,0.00,0.00,0.00,0.00,,0.0,1,0,1515.00,AUTO,,AGGR+CHP+ADP+RUN-EXT+PW+DLK+SLC+TPE+NWS+,BUY,55.0,9.15,0,-1,0.00,0.00,27507.75,27508.25,2,31756,28850,1,4.5,5.50,-34.50,179.25,-115.50,413.25,G,33,TREND_UP,SIGNAL,
2026-04-30 13:45:18,2885,27507.25,27349.64,27494.25,27472.40,92.38,17.23,46.2,93.5,8.0,93.5,8.0,0.05,1,0.0,0,0,0.00,0.00,0.00,0.00,,0.0,1,0,1515.00,AUTO,,AGGR+CHP+ADP+RUN-EXT+PW+DLK+SLC+TPE+NWS+,BUY,55.0,9.15,0,-1,0.00,0.00,27507.75,27508.25,2,31756,28850,1,4.5,5.50,-34.50,179.25,-115.50,413.25,G,33,TREND_UP,TREND_CHASE_FIRE,dir=1 adx=46.2 streak=33 bull=93.5
2026-04-30 13:45:18,2885,27507.25,27349.64,27494.25,27472.40,92.38,17.23,46.2,93.5,8.0,93.5,8.0,0.05,1,0.0,1,1,0.00,0.00,0.00,0.00,,0.0,1,0,1515.00,AUTO,Momentum+VWAP,AGGR+CHP+ADP+RUN-EXT+PW+DLK+SLC+TPE+NWS+,BUY,55.0,9.15,0,-1,0.00,0.00,27507.75,27508.25,2,31756,28850,1,4.5,5.50,-34.50,179.25,-115.50,413.25,G,33,TREND_UP,ENTRY_LONG,manual=F bull=93.5 bear=8.0 sig=1 htf=1 tape=0.05 emaXAgo=28 distVwap=157.6 atr=17.2 px=27507.25 sl=0.00 tp=0.00
2026-04-30 13:45:18,2885,27507.25,27349.64,27494.25,27472.40,92.38,17.23,46.2,93.5,8.0,93.5,8.0,0.05,1,0.0,1,1,27508.25,27490.25,28008.25,0.00,,0.0,1,0,1515.00,AUTO,Momentum+VWAP,AGGR+CHP+ADP+RUN-EXT+PW+DLK+SLC+TPE+NWS+,BUY,55.0,9.15,0,-1,-1.00,0.00,27507.75,27508.25,2,31758,28850,1,4.5,5.50,-34.50,179.25,-115.50,413.25,G,33,TREND_UP,CLAMP_SKIP,adx=46.2 thr=28.0
2026-04-30 13:45:18,2885,27507.25,27349.64,27494.25,27472.40,92.38,17.23,46.2,93.5,8.0,93.5,8.0,0.05,1,0.0,1,1,27508.25,27490.25,28008.25,0.00,,0.0,1,0,1515.00,AUTO,Momentum+VWAP,AGGR+CHP+ADP+RUN-EXT+PW+DLK+SLC+TPE+NWS+,BUY,55.0,9.15,0,-1,-1.00,0.00,27507.75,27508.25,2,31758,28850,1,4.5,5.50,-34.50,179.25,-115.50,413.25,G,33,TREND_UP,STOPS_ARMED,dir=1 entry=27508.25 sl=27490.25 tp=28008.25 slPt=18 tpPt=50 RUNNER
2026-04-30 13:45:49,2886,27511.25,27349.83,27498.25,27476.24,92.90,17.13,47.0,93.5,8.0,93.5,8.0,0.10,1,0.0,1,1,27508.25,27490.25,28008.25,27506.00,BrickMode*DORMANT,0.0,1,0,1515.00,AUTO,Momentum+VWAP,AGGR+CHP+ADP+RUN-EXT+PW+DLK+SLC+TPE+NWS+,BUY,55.0,9.43,0,-1,3.00,1.75,27510.00,27510.50,2,132,108,1,3.6,9.50,-30.50,183.25,-111.50,417.25,G,34,TREND_UP,BRICK_CLOSE,src=primary color=G streak=34 o=27495.00 c=27511.00 hi=27511.00 lo=27495.00
2026-04-30 13:45:58,2887,27515.25,27349.91,27502.25,27480.09,93.38,17.03,48.0,93.5,8.0,93.5,8.0,0.41,1,0.0,1,1,27508.25,27490.25,28008.25,27511.25,BrickMode*DORMANT,0.0,1,0,1515.00,AUTO,Momentum+VWAP,AGGR+CHP+ADP+RUN-EXT+PW+DLK+SLC+TPE+NWS+,BUY,55.0,9.71,0,-1,7.00,7.00,27515.25,27515.75,2,516,218,1,2.9,13.50,-26.50,187.25,-107.50,421.25,G,35,TREND_UP,BRICK_CLOSE,src=primary color=G streak=35 o=27499.00 c=27515.00 hi=27515.00 lo=27499.00
2026-04-30 13:46:46,2888,27519.25,27350.24,27506.25,27483.96,93.83,16.93,49.1,93.5,8.0,93.5,8.0,0.21,1,0.0,1,1,27508.25,27490.25,28008.25,27513.50,BrickMode*DORMANT,0.0,1,0,1515.00,AUTO,Momentum+VWAP,AGGR+CHP+ADP+RUN-EXT+PW+DLK+SLC+TPE+NWS+,BUY,55.0,9.98,0,-1,11.00,9.25,27517.50,27518.00,2,1592,1038,1,3.7,17.50,-22.50,191.25,-103.50,425.25,G,36,TREND_UP,BRICK_CLOSE,src=primary color=G streak=36 o=27503.00 c=27519.00 hi=27519.00 lo=27503.00
2026-04-30 13:46:47,2888,27518.00,27350.25,27506.00,27483.85,92.11,16.95,49.1,93.5,8.0,93.5,8.0,0.21,1,0.0,1,1,27508.25,27506.25,28008.25,27513.50,BrickMode*DORMANT,0.0,1,0,1515.00,AUTO,Momentum+VWAP,AGGR+CHP+ADP+RUN-EXT+PW+DLK+SLC+TPE+NWS+,BUY,55.0,9.90,0,-1,9.75,11.50,27519.75,27520.25,2,1608,1060,1,3.7,16.25,-23.75,190.00,-104.75,424.00,G,36,TREND_UP,PROFIT_SAFEGUARD,tier=1 T1_PROFIT_SAFE peak=11.5pt sl=27506.25 offset=-2.0pt entry=27508.25 runner=True
2026-04-30 13:47:10,2888,27516.00,27350.40,27505.60,27483.67,88.92,17.15,49.2,93.5,8.0,93.5,8.0,0.17,1,0.0,1,1,27508.25,27506.25,28008.25,27517.75,BrickMode,0.0,1,0,1515.00,AUTO,Momentum+VWAP,AGGR+CHP+ADP+RUN-EXT+PW+DLK+SLC+TPE+NWS+,BUY,55.0,9.66,0,-1,7.75,13.50,27515.50,27516.00,2,2064,1466,1,3.9,14.25,-25.75,188.00,-106.75,422.00,G,36,TREND_UP,BRICK_TRAIL_HIT,reason=px_stop_extreme peak=13.5pt cur=7.3pt retrace=6.3pt effRetraceMin=6.1pt trail=27517.75 px=27515.50 adxSlope=3.72 streak=36 effPct=25
2026-04-30 13:47:10,2888,27516.00,27350.40,27505.60,27483.67,88.92,17.15,49.2,93.5,8.0,93.5,8.0,0.17,1,0.0,1,0,27508.25,27506.25,28008.25,27517.75,BrickMode,0.0,0,1,1660.00,AUTO,Momentum+VWAP,AGGR+CHP+ADP+RUN-EXT+PW+DLK+SLC+TPE+NWS+,BUY,55.0,9.66,0,-1,7.75,13.50,27515.50,27516.00,2,2064,1466,1,3.9,14.25,-25.75,188.00,-106.75,422.00,G,36,TREND_UP,CAP_REFUND,pnl=145.00 thr=25.00 tradesToday=8/20
2026-04-30 13:47:10,2888,27516.00,27350.40,27505.60,27483.67,88.92,17.15,49.2,93.5,8.0,93.5,8.0,0.17,1,0.0,1,0,27508.25,27506.25,28008.25,27517.75,BrickMode,0.0,0,1,1660.00,AUTO,Momentum+VWAP,AGGR+CHP+ADP+RUN-EXT+PW+DLK+SLC+TPE+NWS+,BUY,55.0,9.66,0,-1,7.75,13.50,27515.50,27516.00,2,2064,1466,1,3.9,14.25,-25.75,188.00,-106.75,422.00,G,36,TREND_UP,BRICK_REENTRY_ARMED,dir=1 reason=TRAIL_BrickTrail_PxStop exitPx=27516.00 windowSec=90 minStreak=3
2026-04-30 13:47:10,2888,27516.00,27350.40,27505.60,27483.67,88.92,17.15,49.2,93.5,8.0,93.5,8.0,0.17,1,0.0,1,0,27508.25,27506.25,28008.25,27517.75,BrickMode,0.0,0,1,1660.00,AUTO,Momentum+VWAP,AGGR+CHP+ADP+RUN-EXT+PW+DLK+SLC+TPE+NWS+,BUY,55.0,9.66,0,-1,7.75,13.50,27515.50,27516.00,2,2064,1466,1,3.9,14.25,-25.75,188.00,-106.75,422.00,G,36,TREND_UP,EXIT_WIN_TRAIL_BrickTrail_PxStop,pnl=145.00 consec=1
2026-04-30 13:47:10,2888,27516.00,27350.40,27505.60,27483.67,88.92,17.15,49.2,93.5,8.0,93.5,8.0,0.17,1,0.0,1,0,27508.25,27506.25,28008.25,27517.75,BrickMode,0.0,0,1,1660.00,AUTO,Momentum+VWAP,AGGR+CHP+ADP+RUN-EXT+PW+DLK+SLC+TPE+NWS+,BUY,55.0,9.66,0,-1,7.75,13.50,27515.50,27516.00,2,2064,1466,1,3.9,14.25,-25.75,188.00,-106.75,422.00,G,36,TREND_UP,REGIME_PNL,regime=TREND_UP tradePnl=145.00 regTotal=-100.00 thresh=-200
2026-04-30 13:53:47,2889,27523.50,27351.96,27510.30,27487.87,94.27,16.87,50.3,0.0,0.0,0.0,0.0,0.06,1,0.0,0,0,0.00,0.00,0.00,0.00,,0.0,0,1,1660.00,AUTO,,AGGR+CHP+ADP+RUN-EXT+PW+DLK+SLC+TPE+NWS+,BUY,55.0,10.17,0,-1,0.00,0.00,27523.00,27523.50,2,6560,5800,1,4.4,21.75,-18.25,195.50,-99.25,429.50,G,37,TREND_UP,BRICK_CLOSE,src=primary color=G streak=37 o=27507.00 c=27523.00 hi=27523.00 lo=27507.00
2026-04-30 13:53:47,2889,27523.50,27351.96,27510.30,27487.87,94.27,16.87,50.3,0.0,0.0,0.0,0.0,0.06,1,0.0,0,0,0.00,0.00,0.00,0.00,,0.0,0,1,1660.00,AUTO,,AGGR+CHP+ADP+RUN-EXT+PW+DLK+SLC+TPE+NWS+,BUY,55.0,10.17,0,-1,0.00,0.00,27523.00,27523.50,2,6560,5800,1,4.4,21.75,-18.25,195.50,-99.25,429.50,G,37,TREND_UP,BRICK_REENTRY_DISARM,why=window_expired
2026-04-30 13:53:47,2889,27523.50,27351.96,27510.30,27487.87,94.27,16.87,50.3,0.0,0.0,0.0,0.0,0.06,1,0.0,0,0,0.00,0.00,0.00,0.00,,0.0,0,1,1660.00,AUTO,,AGGR+CHP+ADP+RUN-EXT+PW+DLK+SLC+TPE+NWS+,BUY,55.0,10.17,0,-1,0.00,0.00,27523.00,27523.50,2,6560,5800,1,4.4,21.75,-18.25,195.50,-99.25,429.50,G,37,TREND_UP,HEARTBEAT,tradesToday=8 openDca=0
2026-04-30 13:53:47,2889,27523.50,27351.96,27510.30,27487.87,94.27,16.87,50.3,107.5,8.0,107.5,8.0,0.06,1,0.0,0,0,0.00,0.00,0.00,0.00,,0.0,0,1,1660.00,AUTO,,AGGR+CHP+ADP+RUN-EXT+PW+DLK+SLC+TPE+NWS+,BUY,55.0,10.17,0,-1,0.00,0.00,27523.00,27523.50,2,6560,5800,1,4.4,21.75,-18.25,195.50,-99.25,429.50,G,37,TREND_UP,SIGNAL,
2026-04-30 13:53:47,2889,27523.50,27351.96,27510.30,27487.87,94.27,16.87,50.3,107.5,8.0,107.5,8.0,0.06,1,0.0,0,0,0.00,0.00,0.00,0.00,,0.0,0,1,1660.00,AUTO,,AGGR+CHP+ADP+RUN-EXT+PW+DLK+SLC+TPE+NWS+,BUY,55.0,10.17,0,-1,0.00,0.00,27523.00,27523.50,2,6560,5800,1,4.4,21.75,-18.25,195.50,-99.25,429.50,G,37,TREND_UP,TREND_CHASE_FIRE,dir=1 adx=50.3 streak=37 bull=107.5
2026-04-30 13:53:47,2889,27523.50,27351.96,27510.30,27487.87,94.27,16.87,50.3,107.5,8.0,107.5,8.0,0.06,1,0.0,1,1,0.00,0.00,0.00,0.00,,0.0,0,1,1660.00,AUTO,Momentum+VWAP,AGGR+CHP+ADP+RUN-EXT+PW+DLK+SLC+TPE+NWS+,BUY,55.0,10.17,0,-1,0.00,0.00,27523.00,27523.50,2,6560,5800,1,4.4,21.75,-18.25,195.50,-99.25,429.50,G,37,TREND_UP,ENTRY_LONG,manual=F bull=107.5 bear=8.0 sig=1 htf=1 tape=0.06 emaXAgo=32 distVwap=171.5 atr=16.9 px=27523.50 sl=0.00 tp=0.00
2026-04-30 13:53:47,2889,27523.50,27351.96,27510.30,27487.87,94.27,16.87,50.3,107.5,8.0,107.5,8.0,0.06,1,0.0,1,1,27523.25,27505.25,28023.25,0.00,,0.0,0,1,1660.00,AUTO,Momentum+VWAP,AGGR+CHP+ADP+RUN-EXT+PW+DLK+SLC+TPE+NWS+,BUY,55.0,10.17,0,-1,0.25,0.00,27523.00,27523.50,2,6564,5800,1,4.4,21.75,-18.25,195.50,-99.25,429.50,G,37,TREND_UP,CLAMP_SKIP,adx=50.3 thr=28.0
2026-04-30 13:53:47,2889,27523.50,27351.96,27510.30,27487.87,94.27,16.87,50.3,107.5,8.0,107.5,8.0,0.06,1,0.0,1,1,27523.25,27505.25,28023.25,0.00,,0.0,0,1,1660.00,AUTO,Momentum+VWAP,AGGR+CHP+ADP+RUN-EXT+PW+DLK+SLC+TPE+NWS+,BUY,55.0,10.17,0,-1,0.25,0.00,27523.00,27523.50,2,6564,5800,1,4.4,21.75,-18.25,195.50,-99.25,429.50,G,37,TREND_UP,STOPS_ARMED,dir=1 entry=27523.25 sl=27505.25 tp=28023.25 slPt=18 tpPt=50 RUNNER
2026-04-30 13:56:32,2890,27527.25,27352.51,27514.25,27491.74,94.64,16.77,51.5,107.5,8.0,107.5,8.0,0.05,1,0.0,1,1,27523.25,27505.25,28023.25,27522.75,BrickMode*DORMANT,0.0,0,1,1660.00,AUTO,Momentum+VWAP,AGGR+CHP+ADP+RUN-EXT+PW+DLK+SLC+TPE+NWS+,BUY,55.0,10.42,0,-1,4.00,3.50,27526.75,27527.25,2,8106,7328,1,5.0,25.50,-14.50,199.25,-95.50,433.25,G,38,TREND_UP,BRICK_CLOSE,src=primary color=G streak=38 o=27511.00 c=27527.00 hi=27527.00 lo=27511.00
2026-04-30 13:57:10,2891,27531.25,27352.66,27518.25,27495.64,95.01,16.69,52.8,107.5,8.0,107.5,8.0,0.05,1,0.0,1,1,27523.25,27505.25,28023.25,27527.75,BrickMode*DORMANT,0.0,0,1,1660.00,AUTO,Momentum+VWAP,AGGR+CHP+ADP+RUN-EXT+PW+DLK+SLC+TPE+NWS+,BUY,55.0,10.70,0,-1,8.00,8.50,27531.75,27532.25,2,8590,7696,1,5.6,29.50,-10.50,203.25,-91.50,437.25,G,39,TREND_UP,BRICK_CLOSE,src=primary color=G streak=39 o=27515.00 c=27531.00 hi=27531.00 lo=27515.00
2026-04-30 13:57:13,2891,27533.25,27352.69,27518.65,27495.82,95.19,16.86,52.9,107.5,8.0,107.5,8.0,0.06,1,0.0,1,1,27523.25,27521.25,28023.25,27528.75,BrickMode*DORMANT,0.0,0,1,1660.00,AUTO,Momentum+VWAP,AGGR+CHP+ADP+RUN-EXT+PW+DLK+SLC+TPE+NWS+,BUY,55.0,10.71,0,-1,10.00,10.75,27534.00,27534.50,2,8712,7732,1,5.6,31.50,-8.50,205.25,-89.50,439.25,G,39,TREND_UP,PROFIT_SAFEGUARD,tier=1 T1_PROFIT_SAFE peak=10.8pt sl=27521.25 offset=-2.0pt entry=27523.25 runner=True
2026-04-30 13:57:15,2892,27535.25,27352.72,27522.25,27499.55,95.35,16.63,54.2,107.5,8.0,107.5,8.0,0.06,1,0.0,1,1,27523.25,27521.25,28023.25,27531.50,BrickMode*DORMANT,0.0,0,1,1660.00,AUTO,Momentum+VWAP,AGGR+CHP+ADP+RUN-EXT+PW+DLK+SLC+TPE+NWS+,BUY,55.0,10.98,0,-1,12.00,12.25,27535.50,27535.75,1,8796,7794,1,6.0,33.50,-6.50,207.25,-87.50,441.25,G,40,TREND_UP,BRICK_CLOSE,src=primary color=G streak=40 o=27519.00 c=27535.00 hi=27535.00 lo=27519.00
2026-04-30 13:58:06,2892,27537.00,27353.01,27522.60,27499.71,95.50,16.86,54.3,107.5,8.0,107.5,8.0,0.06,1,0.0,1,1,27523.25,27521.25,28023.25,27533.75,BrickMode*DORMANT,0.0,0,1,1660.00,AUTO,Momentum+VWAP,AGGR+CHP+ADP+RUN-EXT+PW+DLK+SLC+TPE+NWS+,BUY,55.0,10.91,0,-1,13.75,15.25,27538.50,27539.00,2,9632,8510,1,6.1,35.25,-4.75,209.00,-85.75,443.00,G,40,TREND_UP,PEAKLOCK_T1,peak=15.3pt giveback=12.0pt floor=27526.50 entry=27523.25
2026-04-30 13:58:06,2893,27539.25,27353.02,27526.25,27503.47,95.67,16.56,55.6,107.5,8.0,107.5,8.0,0.06,1,0.0,1,1,27523.25,27521.25,28023.25,27534.50,BrickMode*DORMANT,0.0,0,1,1660.00,AUTO,Momentum+VWAP,AGGR+CHP+ADP+RUN-EXT+PW+DLK+SLC+TPE+NWS+,BUY,55.0,11.24,0,-1,16.00,15.25,27538.50,27539.00,2,9662,8516,1,6.3,37.50,-2.50,211.25,-83.50,445.25,G,41,TREND_UP,BRICK_CLOSE,src=primary color=G streak=41 o=27523.00 c=27539.00 hi=27539.00 lo=27523.00
2026-04-30 13:58:42,2894,27543.25,27353.23,27530.25,27507.40,95.97,16.50,57.0,107.5,8.0,107.5,8.0,0.07,1,0.0,1,1,27523.25,27521.25,28023.25,27539.00,BrickMode*DORMANT,0.0,0,1,1660.00,AUTO,Momentum+VWAP,AGGR+CHP+ADP+RUN-EXT+PW+DLK+SLC+TPE+NWS+,BUY,55.0,11.51,0,-1,20.00,19.75,27543.00,27543.50,2,10280,9014,1,6.6,41.50,1.50,215.25,-79.50,449.25,G,42,TREND_UP,BRICK_CLOSE,src=primary color=G streak=42 o=27527.00 c=27543.00 hi=27543.00 lo=27527.00
2026-04-30 13:58:56,2894,27542.00,27353.31,27530.00,27507.28,94.20,16.57,57.0,107.5,8.0,107.5,8.0,0.07,1,0.0,1,1,27523.25,27524.25,28023.25,27539.00,BrickMode*DORMANT,0.0,0,1,1660.00,AUTO,Momentum+VWAP,AGGR+CHP+ADP+RUN-EXT+PW+DLK+SLC+TPE+NWS+,BUY,55.0,11.38,0,-1,18.75,20.75,27544.00,27544.50,2,10484,9204,1,6.6,40.25,0.25,214.00,-80.75,448.00,G,42,TREND_UP,PROFIT_SAFEGUARD,tier=2 T2_PROFIT_SAFE peak=20.8pt sl=27524.25 offset=1.0pt entry=27523.25 runner=True
2026-04-30 13:59:02,2895,27547.25,27353.36,27534.25,27511.33,96.25,16.45,58.4,107.5,8.0,107.5,8.0,0.07,1,0.0,1,1,27523.25,27524.25,28023.25,27543.25,BrickMode*DORMANT,0.0,0,1,1660.00,AUTO,Momentum+VWAP,AGGR+CHP+ADP+RUN-EXT+PW+DLK+SLC+TPE+NWS+,BUY,55.0,11.79,0,-1,24.00,24.00,27547.25,27547.75,2,10662,9260,1,6.8,45.50,5.50,219.25,-75.50,453.25,G,43,TREND_UP,BRICK_CLOSE,src=primary color=G streak=43 o=27531.00 c=27547.00 hi=27547.00 lo=27531.00
2026-04-30 14:00:14,2895,27548.50,27353.89,27534.50,27511.44,96.34,16.55,58.5,107.5,8.0,107.5,8.0,0.06,1,0.0,1,1,27523.25,27524.25,28023.25,27544.00,BrickMode*DORMANT,0.0,0,1,1660.00,AUTO,Momentum+VWAP,AGGR+CHP+ADP+RUN-EXT+PW+DLK+SLC+TPE+NWS+,BUY,55.0,11.76,0,-1,25.25,25.00,27548.25,27548.50,1,11994,10616,1,6.8,46.75,6.75,220.50,-74.25,454.50,G,43,TREND_UP,PEAKLOCK_T2,peak=25.0pt giveback=14.4pt floor=27533.75 entry=27523.25
2026-04-30 14:00:16,2895,27549.25,27353.92,27534.65,27511.51,96.39,16.63,58.5,107.5,8.0,107.5,8.0,0.06,1,0.0,1,1,27523.25,27531.25,28023.25,27544.75,BrickMode*DORMANT,0.0,0,1,1660.00,AUTO,Momentum+VWAP,AGGR+CHP+ADP+RUN-EXT+PW+DLK+SLC+TPE+NWS+,BUY,55.0,11.75,0,-1,26.00,31.00,27554.25,27554.75,2,12068,10660,1,6.9,47.50,7.50,221.25,-73.50,455.25,G,43,TREND_UP,PROFIT_SAFEGUARD,tier=3 T3_PROFIT_SAFE peak=31.0pt sl=27531.25 offset=8.0pt entry=27523.25 runner=True
2026-04-30 14:00:16,2896,27551.25,27353.95,27538.25,27515.27,96.51,16.40,59.9,107.5,8.0,107.5,8.0,0.07,1,0.0,1,1,27523.25,27531.25,28023.25,27550.25,BrickMode*DORMANT,0.0,0,1,1660.00,AUTO,Momentum+VWAP,AGGR+CHP+ADP+RUN-EXT+PW+DLK+SLC+TPE+NWS+,BUY,55.0,12.03,0,-1,28.00,31.00,27554.25,27554.75,2,12196,10662,1,6.9,49.50,9.50,223.25,-71.50,457.25,G,44,TREND_UP,BRICK_CLOSE,src=primary color=G streak=44 o=27535.00 c=27551.00 hi=27551.00 lo=27535.00
2026-04-30 14:00:16,2897,27555.25,27353.98,27542.25,27519.21,96.75,16.35,61.3,107.5,8.0,107.5,8.0,0.07,1,0.0,1,1,27523.25,27531.25,28023.25,27550.25,BrickMode*DORMANT,0.0,0,1,1660.00,AUTO,Momentum+VWAP,AGGR+CHP+ADP+RUN-EXT+PW+DLK+SLC+TPE+NWS+,BUY,55.0,12.31,0,-1,32.00,31.00,27554.25,27554.75,2,12354,10662,1,7.0,53.50,13.50,227.25,-67.50,461.25,G,45,TREND_UP,BRICK_CLOSE,src=primary color=G streak=45 o=27539.00 c=27555.00 hi=27555.00 lo=27539.00
2026-04-30 14:00:18,2898,27559.25,27354.16,27546.25,27523.16,96.98,16.30,62.8,107.5,8.0,107.5,8.0,0.09,1,0.0,1,1,27523.25,27531.25,28023.25,27554.50,BrickMode*DORMANT,0.0,0,1,1660.00,AUTO,Momentum+VWAP,AGGR+CHP+ADP+RUN-EXT+PW+DLK+SLC+TPE+NWS+,BUY,55.0,12.58,0,-1,36.00,35.25,27558.50,27559.25,3,13002,10866,1,7.1,57.50,17.50,231.25,-63.50,465.25,G,46,TREND_UP,BRICK_CLOSE,src=primary color=G streak=46 o=27543.00 c=27559.00 hi=27559.00 lo=27543.00
2026-04-30 14:00:19,2899,27563.25,27354.19,27550.25,27527.12,97.19,16.26,64.2,107.5,8.0,107.5,8.0,0.09,1,0.0,1,1,27523.25,27531.25,28023.25,27558.25,BrickMode*DORMANT,0.0,0,1,1660.00,AUTO,Momentum+VWAP,AGGR+CHP+ADP+RUN-EXT+PW+DLK+SLC+TPE+NWS+,BUY,55.0,12.85,0,-1,40.00,39.00,27562.25,27563.00,3,13152,10876,1,7.1,61.50,21.50,235.25,-59.50,469.25,G,47,TREND_UP,BRICK_CLOSE,src=primary color=G streak=47 o=27547.00 c=27563.00 hi=27563.00 lo=27547.00
2026-04-30 14:00:23,2899,27561.75,27354.31,27549.95,27526.98,94.95,16.37,64.3,107.5,8.0,107.5,8.0,0.10,1,0.0,1,1,27523.25,27531.25,28023.25,27558.25,BrickMode*DORMANT,0.0,0,1,1660.00,AUTO,Momentum+VWAP,AGGR+CHP+ADP+RUN-EXT+PW+DLK+SLC+TPE+NWS+,BUY,55.0,12.67,0,-1,38.50,40.50,27563.75,27564.50,3,13462,11122,1,7.1,60.00,20.00,233.75,-61.00,467.75,G,47,TREND_UP,PEAKLOCK_T3,peak=40.5pt giveback=18.0pt floor=27545.75 entry=27523.25
2026-04-30 14:00:34,2900,27567.25,27354.51,27554.25,27531.07,97.39,16.23,65.6,107.5,8.0,107.5,8.0,0.10,1,0.0,1,1,27523.25,27531.25,28023.25,27562.25,BrickMode*DORMANT,0.0,0,1,1660.00,AUTO,Momentum+VWAP,AGGR+CHP+ADP+RUN-EXT+PW+DLK+SLC+TPE+NWS+,BUY,55.0,13.11,0,-1,44.00,43.00,27566.25,27566.75,2,14032,11508,1,7.1,65.50,25.50,239.25,-55.50,473.25,G,48,TREND_UP,BRICK_CLOSE,src=primary color=G streak=48 o=27551.00 c=27567.00 hi=27567.00 lo=27551.00
2026-04-30 14:00:48,2901,27571.25,27354.70,27558.25,27535.04,97.57,16.19,67.0,107.5,8.0,107.5,8.0,0.10,1,0.0,1,1,27523.25,27531.25,28023.25,27568.50,BrickMode*DORMANT,0.0,0,1,1660.00,AUTO,Momentum+VWAP,AGGR+CHP+ADP+RUN-EXT+PW+DLK+SLC+TPE+NWS+,BUY,55.0,13.38,0,-1,48.00,49.25,27572.50,27573.00,2,14448,11930,1,7.0,69.50,8.00,243.25,-51.50,477.25,G,49,TREND_UP,BRICK_CLOSE,src=primary color=G streak=49 o=27555.00 c=27571.00 hi=27571.00 lo=27555.00
2026-04-30 14:00:49,2902,27575.25,27354.75,27562.25,27539.00,97.74,16.16,68.4,107.5,8.0,107.5,8.0,0.10,1,0.0,1,1,27523.25,27531.25,28023.25,27569.00,BrickMode*DORMANT,0.0,0,1,1660.00,AUTO,Momentum+VWAP,AGGR+CHP+ADP+RUN-EXT+PW+DLK+SLC+TPE+NWS+,BUY,55.0,13.65,0,-1,52.00,49.75,27573.00,27573.50,2,14610,12004,1,7.0,73.50,12.00,247.25,-47.50,481.25,G,50,TREND_UP,BRICK_CLOSE,src=primary color=G streak=50 o=27559.00 c=27575.00 hi=27575.00 lo=27559.00
2026-04-30 14:00:59,2902,27572.50,27354.88,27561.70,27538.75,93.32,16.16,68.4,107.5,8.0,107.5,8.0,0.09,1,0.0,1,1,27523.25,27538.25,28023.25,27569.00,BrickMode*DORMANT,0.0,0,1,1660.00,AUTO,Momentum+VWAP,AGGR+CHP+ADP+RUN-EXT+PW+DLK+SLC+TPE+NWS+,BUY,55.0,13.47,0,-1,49.25,50.00,27573.25,27573.75,2,14868,12306,1,7.0,70.75,9.25,244.50,-50.25,478.50,G,50,TREND_UP,PROFIT_SAFEGUARD,tier=4 T4_PROFIT_SAFE peak=50.0pt sl=27538.25 offset=15.0pt entry=27523.25 runner=True
2026-04-30 14:01:14,2903,27579.25,27355.10,27566.25,27542.97,97.90,16.13,69.7,107.5,8.0,107.5,8.0,0.09,1,0.0,1,1,27523.25,27538.25,28023.25,27574.50,BrickMode*DORMANT,0.0,0,1,1660.00,AUTO,Momentum+VWAP,AGGR+CHP+ADP+RUN-EXT+PW+DLK+SLC+TPE+NWS+,BUY,55.0,13.90,0,-1,56.00,55.25,27578.25,27578.75,2,15412,12744,1,6.9,77.50,16.00,251.25,-43.50,485.25,G,51,TREND_UP,BRICK_CLOSE,src=primary color=G streak=51 o=27563.00 c=27579.00 hi=27579.00 lo=27563.00
2026-04-30 14:01:35,2903,27568.75,27355.37,27564.15,27542.02,82.00,16.16,69.7,107.5,8.0,107.5,8.0,0.09,1,0.0,1,1,27523.25,27538.25,28023.25,27574.75,BrickMode,0.0,0,1,1660.00,AUTO,Momentum+VWAP,AGGR+CHP+ADP+RUN-EXT+PW+DLK+SLC+TPE+NWS+,BUY,55.0,13.20,0,-1,45.50,55.50,27567.25,27568.00,3,15952,13394,1,6.9,67.00,5.50,240.75,-54.00,474.75,G,51,TREND_UP,BRICK_TRAIL_HIT,reason=px_stop peak=55.5pt cur=44.0pt retrace=11.5pt effRetraceMin=11.3pt trail=27574.75 px=27567.25 adxSlope=6.85 streak=51 effPct=50
2026-04-30 14:01:35,2903,27568.75,27355.37,27564.15,27542.02,82.00,16.16,69.7,107.5,8.0,107.5,8.0,0.09,1,0.0,1,0,27523.25,27538.25,28023.25,27574.75,BrickMode,0.0,0,2,2545.00,AUTO,Momentum+VWAP,AGGR+CHP+ADP+RUN-EXT+PW+DLK+SLC+TPE+NWS+,BUY,55.0,13.20,0,-1,45.50,55.50,27567.25,27568.00,3,15952,13394,1,6.9,67.00,5.50,240.75,-54.00,474.75,G,51,TREND_UP,CAP_REFUND,pnl=885.00 thr=25.00 tradesToday=8/20
2026-04-30 14:01:35,2903,27568.75,27355.37,27564.15,27542.02,82.00,16.16,69.7,107.5,8.0,107.5,8.0,0.09,1,0.0,1,0,27523.25,27538.25,28023.25,27574.75,BrickMode,0.0,0,2,2545.00,AUTO,Momentum+VWAP,AGGR+CHP+ADP+RUN-EXT+PW+DLK+SLC+TPE+NWS+,BUY,55.0,13.20,0,-1,45.50,55.50,27567.25,27568.00,3,15952,13394,1,6.9,67.00,5.50,240.75,-54.00,474.75,G,51,TREND_UP,BRICK_REENTRY_ARMED,dir=1 reason=TRAIL_BrickTrail_PxStop exitPx=27568.75 windowSec=90 minStreak=3
2026-04-30 14:01:35,2903,27568.75,27355.37,27564.15,27542.02,82.00,16.16,69.7,107.5,8.0,107.5,8.0,0.09,1,0.0,1,0,27523.25,27538.25,28023.25,27574.75,BrickMode,0.0,0,2,2545.00,AUTO,Momentum+VWAP,AGGR+CHP+ADP+RUN-EXT+PW+DLK+SLC+TPE+NWS+,BUY,55.0,13.20,0,-1,45.50,55.50,27567.25,27568.00,3,15952,13394,1,6.9,67.00,5.50,240.75,-54.00,474.75,G,51,TREND_UP,EXIT_WIN_TRAIL_BrickTrail_PxStop,pnl=885.00 consec=2
2026-04-30 14:01:35,2903,27568.75,27355.37,27564.15,27542.02,82.00,16.16,69.7,107.5,8.0,107.5,8.0,0.09,1,0.0,1,0,27523.25,27538.25,28023.25,27574.75,BrickMode,0.0,0,2,2545.00,AUTO,Momentum+VWAP,AGGR+CHP+ADP+RUN-EXT+PW+DLK+SLC+TPE+NWS+,BUY,55.0,13.20,0,-1,45.50,55.50,27567.25,27568.00,3,15952,13394,1,6.9,67.00,5.50,240.75,-54.00,474.75,G,51,TREND_UP,REGIME_PNL,regime=TREND_UP tradePnl=885.00 regTotal=785.00 thresh=-200
2026-04-30 14:02:29,2904,27583.25,27356.02,27570.25,27546.94,98.05,16.18,71.0,0.0,0.0,0.0,0.0,0.08,1,0.0,0,0,0.00,0.00,0.00,0.00,,0.0,0,2,2545.00,AUTO,,AGGR+CHP+ADP+RUN-EXT+PW+DLK+SLC+TPE+NWS+,BUY,55.0,14.04,0,-1,0.00,0.00,27582.75,27583.25,2,17440,14718,1,6.7,81.50,20.00,255.25,-39.50,489.25,G,52,TREND_UP,BRICK_CLOSE,src=primary color=G streak=52 o=27567.00 c=27583.00 hi=27583.00 lo=27565.75
2026-04-30 14:02:29,2904,27583.25,27356.02,27570.25,27546.94,98.05,16.18,71.0,0.0,0.0,0.0,0.0,0.08,1,0.0,0,0,0.00,0.00,0.00,0.00,,0.0,0,2,2545.00,AUTO,,AGGR+CHP+ADP+RUN-EXT+PW+DLK+SLC+TPE+NWS+,BUY,55.0,14.04,0,-1,0.00,0.00,27582.75,27583.25,2,17440,14718,1,6.7,81.50,20.00,255.25,-39.50,489.25,G,52,TREND_UP,BRICK_REENTRY_FIRE,dir=1 streak=52 secsArmed=54 exitPx=27568.75 curPx=27583.00 usedCount=1/1
2026-04-30 14:02:29,2904,27583.25,27356.02,27570.25,27546.94,98.05,16.18,71.0,0.0,0.0,0.0,0.0,0.08,1,0.0,0,0,0.00,0.00,0.00,0.00,,0.0,0,2,2545.00,AUTO,,AGGR+CHP+ADP+RUN-EXT+PW+DLK+SLC+TPE+NWS+,BUY,55.0,14.04,0,-1,0.00,0.00,27582.75,27583.25,2,17440,14718,1,6.7,81.50,20.00,255.25,-39.50,489.25,G,52,TREND_UP,BLOCK_NEWS,BUY MKT
2026-04-30 14:02:29,2904,27583.25,27356.02,27570.25,27546.94,98.05,16.18,71.0,0.0,0.0,0.0,0.0,0.08,1,0.0,0,0,0.00,0.00,0.00,0.00,,0.0,0,2,2545.00,AUTO,,AGGR+CHP+ADP+RUN-EXT+PW+DLK+SLC+TPE+NWS+,BUY,55.0,14.04,0,-1,0.00,0.00,27582.75,27583.25,2,17440,14718,1,6.7,81.50,20.00,255.25,-39.50,489.25,G,52,TREND_UP,BRICK_REENTRY_DISARM,why=quota_used_after_fire
2026-04-30 14:02:29,2904,27583.25,27356.02,27570.25,27546.94,98.05,16.18,71.0,107.5,8.0,107.5,8.0,0.08,1,0.0,0,0,0.00,0.00,0.00,0.00,,0.0,0,2,2545.00,AUTO,,AGGR+CHP+ADP+RUN-EXT+PW+DLK+SLC+TPE+NWS+,BUY,55.0,14.04,0,-1,0.00,0.00,27582.75,27583.25,2,17440,14718,1,6.7,81.50,20.00,255.25,-39.50,489.25,G,52,TREND_UP,SIGNAL,
2026-04-30 14:02:29,2904,27583.25,27356.02,27570.25,27546.94,98.05,16.18,71.0,107.5,8.0,107.5,8.0,0.08,1,0.0,0,0,0.00,0.00,0.00,0.00,,0.0,0,2,2545.00,AUTO,,AGGR+CHP+ADP+RUN-EXT+PW+DLK+SLC+TPE+NWS+,BUY,55.0,14.04,0,-1,0.00,0.00,27582.75,27583.25,2,17440,14718,1,6.7,81.50,20.00,255.25,-39.50,489.25,G,52,TREND_UP,TREND_CHASE_FIRE,dir=1 adx=71.0 streak=52 bull=107.5
2026-04-30 14:02:29,2904,27583.25,27356.02,27570.25,27546.94,98.05,16.18,71.0,107.5,8.0,107.5,8.0,0.08,1,0.0,0,0,0.00,0.00,0.00,0.00,,0.0,0,2,2545.00,AUTO,,AGGR+CHP+ADP+RUN-EXT+PW+DLK+SLC+TPE+NWS+,BUY,55.0,14.04,0,-1,0.00,0.00,27582.75,27583.25,2,17440,14718,1,6.7,81.50,20.00,255.25,-39.50,489.25,G,52,TREND_UP,BLOCK_NEWS,BUY MKT
2026-04-30 14:25:04,2905,27554.75,27363.41,27562.63,27545.32,63.86,17.19,67.8,107.5,8.0,107.5,8.0,-0.01,1,0.0,0,0,0.00,0.00,0.00,0.00,,0.0,0,2,2545.00,AUTO,,AGGR+CHP+ADP+RUN-EXT+PW+DLK+SLC+TPE+NWS+,BUY,55.0,11.13,0,-1,0.00,0.00,27555.00,27555.25,1,3348,3390,0,2.1,53.00,-8.50,226.75,-68.00,460.75,R,1,TREND_UP,BRICK_CLOSE,src=primary color=R streak=1 o=27571.00 c=27555.00 hi=27586.75 lo=27555.00
2026-04-30 14:25:04,2905,27554.75,27363.41,27562.63,27545.32,63.86,17.19,67.8,107.5,8.0,107.5,8.0,-0.01,1,0.0,0,0,0.00,0.00,0.00,0.00,,0.0,0,2,2545.00,AUTO,,AGGR+CHP+ADP+RUN-EXT+PW+DLK+SLC+TPE+NWS+,BUY,55.0,11.13,0,-1,0.00,0.00,27555.00,27555.25,1,3348,3390,0,2.1,53.00,-8.50,226.75,-68.00,460.75,R,1,TREND_UP,RUN_END,color=G len=52 pts=192.0 maxFav=220.0 durSec=5088 startPx=27363.00 endPx=27555.00
2026-04-30 14:25:04,2905,27554.75,27363.41,27562.63,27545.32,63.86,17.19,67.8,107.5,8.0,107.5,8.0,-0.01,1,0.0,0,0,0.00,0.00,0.00,0.00,,0.0,0,2,2545.00,AUTO,,AGGR+CHP+ADP+RUN-EXT+PW+DLK+SLC+TPE+NWS+,BUY,55.0,11.13,0,-1,0.00,0.00,27555.00,27555.25,1,3348,3390,0,2.1,53.00,-8.50,226.75,-68.00,460.75,R,1,TREND_UP,PULLBACK_ARM,dir=1 runLen=52 runPts=192.0 maxFav=220.0 extremePx=27555.00 windowSec=900
2026-04-30 14:25:04,2905,27554.75,27363.41,27562.63,27545.32,63.86,17.19,67.8,107.5,8.0,107.5,8.0,-0.01,1,0.0,0,0,0.00,0.00,0.00,0.00,,0.0,0,2,2545.00,AUTO,,AGGR+CHP+ADP+RUN-EXT+PW+DLK+SLC+TPE+NWS+,BUY,55.0,11.13,0,-1,0.00,0.00,27555.00,27555.25,1,3348,3390,0,2.1,53.00,-8.50,226.75,-68.00,460.75,R,1,TREND_UP,HEARTBEAT,tradesToday=8 openDca=0
2026-04-30 14:25:04,2905,27554.75,27363.41,27562.63,27545.32,63.86,17.19,67.8,107.5,8.0,107.5,8.0,-0.01,1,0.0,0,0,0.00,0.00,0.00,0.00,,0.0,0,2,2545.00,AUTO,,AGGR+CHP+ADP+RUN-EXT+PW+DLK+SLC+TPE+NWS+,BUY,55.0,11.13,0,-1,0.00,0.00,27555.00,27555.25,1,3348,3390,0,2.1,53.00,-8.50,226.75,-68.00,460.75,R,1,UNKNOWN,REGIME_CHANGE,from=TREND_UP to=UNKNOWN adx=67.8 slope=2.11 atr/avg=1.02 eStack=0 distVwapAtr=11.13 nr=Rx1 flips4=1
2026-04-30 14:25:04,2905,27554.75,27363.41,27562.63,27545.32,63.86,17.19,67.8,21.2,8.0,21.2,8.0,-0.01,1,0.0,0,0,0.00,0.00,0.00,0.00,,0.0,0,2,2545.00,AUTO,,AGGR+CHP+ADP+RUN-EXT+PW+DLK+SLC+TPE+NWS+,BUY,55.0,11.13,0,-1,0.00,0.00,27555.00,27555.25,1,3348,3390,0,2.1,53.00,-8.50,226.75,-68.00,460.75,R,1,UNKNOWN,SIGNAL,
2026-04-30 14:25:04,2905,27554.75,27363.41,27562.63,27545.32,63.86,17.19,67.8,21.2,8.0,21.2,8.0,-0.01,1,0.0,0,0,0.00,0.00,0.00,0.00,,0.0,0,2,2545.00,AUTO,,AGGR+CHP+ADP+RUN-EXT+PW+DLK+SLC+TPE+NWS+,WAIT,55.0,11.13,0,-1,0.00,0.00,27555.00,27555.25,1,3348,3390,0,2.1,53.00,-8.50,226.75,-68.00,460.75,R,1,UNKNOWN,PULLBACK_DISARM,reason=window dir=1
2026-04-30 14:25:04,2905,27554.75,27363.41,27562.63,27545.32,63.86,17.19,67.8,21.2,8.0,21.2,8.0,-0.01,1,0.0,0,0,0.00,0.00,0.00,0.00,,0.0,0,2,2545.00,AUTO,,AGGR+CHP+ADP+RUN-EXT+PW+DLK+SLC+TPE+NWS+,WAIT,55.0,11.13,0,-1,0.00,0.00,27555.00,27555.25,1,3348,3390,0,2.1,53.00,-8.50,226.75,-68.00,460.75,R,1,UNKNOWN,BLOCK_AUTO,reason=tooSoon consecLoss=0 barsSinceExit=2 barsSinceLoss=34
2026-04-30 14:30:30,2906,27583.25,27364.84,27571.27,27551.10,73.90,18.05,66.2,21.2,8.0,21.2,8.0,0.05,1,0.0,0,0,0.00,0.00,0.00,0.00,,0.0,0,2,2545.00,AUTO,,AGGR+CHP+ADP+RUN-EXT+PW+DLK+SLC+TPE+NWS+,WAIT,55.0,12.10,0,-1,0.00,0.00,27573.75,27575.25,6,7192,6492,1,-0.9,81.50,20.00,255.25,-39.50,489.25,G,1,UNKNOWN,BRICK_CLOSE,src=primary color=G streak=1 o=27567.00 c=27583.00 hi=27583.00 lo=27552.50
2026-04-30 14:30:30,2906,27583.25,27364.84,27571.27,27551.10,73.90,18.05,66.2,21.2,8.0,21.2,8.0,0.05,1,0.0,0,0,0.00,0.00,0.00,0.00,,0.0,0,2,2545.00,AUTO,,AGGR+CHP+ADP+RUN-EXT+PW+DLK+SLC+TPE+NWS+,WAIT,55.0,12.10,0,-1,0.00,0.00,27573.75,27575.25,6,7192,6492,1,-0.9,81.50,20.00,255.25,-39.50,489.25,G,1,UNKNOWN,RUN_END,color=R len=1 pts=12.0 maxFav=0.0 durSec=325 startPx=27571.00 endPx=27583.00
2026-04-30 14:30:30,2906,27583.25,27364.85,27571.27,27551.10,73.90,18.05,66.2,93.5,18.0,93.5,18.0,0.05,1,0.0,0,0,0.00,0.00,0.00,0.00,,0.0,0,2,2545.00,AUTO,,AGGR+CHP+ADP+RUN-EXT+PW+DLK+SLC+TPE+NWS+,WAIT,55.0,12.10,0,-1,0.00,0.00,27573.75,27575.25,6,7192,6492,1,-0.9,81.50,20.00,255.25,-39.50,489.25,G,1,UNKNOWN,SIGNAL,
2026-04-30 14:30:30,2906,27583.25,27364.85,27571.27,27551.10,73.90,18.05,66.2,93.5,18.0,93.5,18.0,0.05,1,0.0,0,0,0.00,0.00,0.00,0.00,,0.0,0,2,2545.00,AUTO,,AGGR+CHP+ADP+RUN-EXT+PW+DLK+SLC+TPE+NWS+,BUY,55.0,12.10,0,-1,0.00,0.00,27573.75,27575.25,6,7192,6492,1,-0.9,81.50,20.00,255.25,-39.50,489.25,G,1,UNKNOWN,BLOCK_AUTO,reason=tooSoon consecLoss=0 barsSinceExit=3 barsSinceLoss=35
2026-04-30 14:36:20,2907,27587.25,27366.35,27575.07,27554.70,74.95,18.28,65.4,93.5,18.0,93.5,18.0,0.06,1,0.0,0,0,0.00,0.00,0.00,0.00,,0.0,0,2,2545.00,AUTO,,AGGR+CHP+ADP+RUN-EXT+PW+DLK+SLC+TPE+NWS+,BUY,55.0,12.08,0,-1,0.00,0.00,27588.75,27589.25,2,11020,9802,1,-3.0,85.50,24.00,259.25,-35.50,493.25,G,2,UNKNOWN,BRICK_CLOSE,src=primary color=G streak=2 o=27571.00 c=27587.00 hi=27587.00 lo=27565.00
2026-04-30 14:36:20,2907,27587.25,27366.35,27575.07,27554.70,74.95,18.28,65.4,93.5,18.0,93.5,18.0,0.06,1,0.0,0,0,0.00,0.00,0.00,0.00,,0.0,0,2,2545.00,AUTO,,AGGR+CHP+ADP+RUN-EXT+PW+DLK+SLC+TPE+NWS+,BUY,55.0,12.08,0,-1,0.00,0.00,27588.75,27589.25,2,11020,9802,1,-3.0,85.50,24.00,259.25,-35.50,493.25,G,2,UNKNOWN,HEARTBEAT,tradesToday=8 openDca=0
2026-04-30 14:36:20,2907,27587.25,27366.35,27575.07,27554.70,74.95,18.28,65.4,93.5,18.0,93.5,18.0,0.06,1,0.0,0,0,0.00,0.00,0.00,0.00,,0.0,0,2,2545.00,AUTO,,AGGR+CHP+ADP+RUN-EXT+PW+DLK+SLC+TPE+NWS+,BUY,55.0,12.08,0,-1,0.00,0.00,27588.75,27589.25,2,11020,9802,1,-3.0,85.50,24.00,259.25,-35.50,493.25,G,2,UNKNOWN,SIGNAL,
2026-04-30 14:36:20,2907,27587.25,27366.35,27575.07,27554.70,74.95,18.28,65.4,93.5,18.0,93.5,18.0,0.06,1,0.0,0,0,0.00,0.00,0.00,0.00,,0.0,0,2,2545.00,AUTO,,AGGR+CHP+ADP+RUN-EXT+PW+DLK+SLC+TPE+NWS+,BUY,55.0,12.08,0,-1,0.00,0.00,27588.75,27589.25,2,11020,9802,1,-3.0,85.50,24.00,259.25,-35.50,493.25,G,2,UNKNOWN,BLOCK_EXTENSION,dir=1 dist=220.9 atr=18.3 ratio=12.08 max=5.00 loose=False
2026-04-30 14:38:03,2908,27591.25,27366.92,27578.91,27558.33,75.99,18.10,65.0,93.5,18.0,93.5,18.0,0.06,1,0.0,0,0,0.00,0.00,0.00,0.00,,0.0,0,2,2545.00,AUTO,,AGGR+CHP+ADP+RUN-EXT+PW+DLK+SLC+TPE+NWS+,BUY,55.0,12.39,0,-1,0.00,0.00,27590.25,27591.00,3,12440,11052,1,-4.8,89.50,28.00,263.25,-31.50,497.25,G,3,UNKNOWN,BRICK_CLOSE,src=primary color=G streak=3 o=27575.00 c=27591.00 hi=27591.00 lo=27575.00
2026-04-30 14:38:03,2908,27591.25,27366.92,27578.91,27558.33,75.99,18.10,65.0,93.5,8.0,93.5,8.0,0.06,1,0.0,0,0,0.00,0.00,0.00,0.00,,0.0,0,2,2545.00,AUTO,,AGGR+CHP+ADP+RUN-EXT+PW+DLK+SLC+TPE+NWS+,BUY,55.0,12.39,0,-1,0.00,0.00,27590.25,27591.00,3,12440,11052,1,-4.8,89.50,28.00,263.25,-31.50,497.25,G,3,UNKNOWN,SIGNAL,
2026-04-30 14:38:03,2908,27591.25,27366.92,27578.91,27558.33,75.99,18.10,65.0,93.5,8.0,93.5,8.0,0.06,1,0.0,0,0,0.00,0.00,0.00,0.00,,0.0,0,2,2545.00,AUTO,,AGGR+CHP+ADP+RUN-EXT+PW+DLK+SLC+TPE+NWS+,BUY,55.0,12.39,0,-1,0.00,0.00,27590.25,27591.00,3,12440,11052,1,-4.8,89.50,28.00,263.25,-31.50,497.25,G,3,UNKNOWN,BLOCK_EXTENSION,dir=1 dist=224.3 atr=18.1 ratio=12.39 max=8.00 loose=True
2026-04-30 14:56:00,2909,27562.75,27370.07,27571.15,27556.40,57.73,18.78,60.5,93.5,8.0,93.5,8.0,0.03,1,0.0,0,0,0.00,0.00,0.00,0.00,,0.0,0,2,2545.00,AUTO,,AGGR+CHP+ADP+RUN-EXT+PW+DLK+SLC+TPE+NWS+,BUY,55.0,10.26,0,-1,0.00,0.00,27563.75,27564.00,1,20232,19126,0,-8.3,61.00,-0.50,234.75,-60.00,468.75,R,1,UNKNOWN,BRICK_CLOSE,src=primary color=R streak=1 o=27579.00 c=27563.00 hi=27591.75 lo=27563.00
2026-04-30 14:56:00,2909,27562.75,27370.07,27571.15,27556.40,57.73,18.78,60.5,93.5,8.0,93.5,8.0,0.03,1,0.0,0,0,0.00,0.00,0.00,0.00,,0.0,0,2,2545.00,AUTO,,AGGR+CHP+ADP+RUN-EXT+PW+DLK+SLC+TPE+NWS+,BUY,55.0,10.26,0,-1,0.00,0.00,27563.75,27564.00,1,20232,19126,0,-8.3,61.00,-0.50,234.75,-60.00,468.75,R,1,UNKNOWN,RUN_END,color=G len=3 pts=4.0 maxFav=24.0 durSec=1531 startPx=27567.00 endPx=27563.00
2026-04-30 14:56:00,2909,27562.75,27370.07,27571.15,27556.40,57.73,18.78,60.5,93.5,8.0,93.5,8.0,0.03,1,0.0,0,0,0.00,0.00,0.00,0.00,,0.0,0,2,2545.00,AUTO,,AGGR+CHP+ADP+RUN-EXT+PW+DLK+SLC+TPE+NWS+,BUY,55.0,10.26,0,-1,0.00,0.00,27563.75,27564.00,1,20232,19126,0,-8.3,61.00,-0.50,234.75,-60.00,468.75,R,1,UNKNOWN,HEARTBEAT,tradesToday=8 openDca=0
2026-04-30 14:56:00,2909,27562.75,27370.07,27571.15,27556.40,57.73,18.78,60.5,25.3,8.0,25.3,8.0,0.03,1,0.0,0,0,0.00,0.00,0.00,0.00,,0.0,0,2,2545.00,AUTO,,AGGR+CHP+ADP+RUN-EXT+PW+DLK+SLC+TPE+NWS+,BUY,55.0,10.26,0,-1,0.00,0.00,27563.75,27564.00,1,20232,19126,0,-8.3,61.00,-0.50,234.75,-60.00,468.75,R,1,UNKNOWN,SIGNAL,
2026-04-30 14:56:00,2909,27562.75,27370.07,27571.15,27556.40,57.73,18.78,60.5,25.3,8.0,25.3,8.0,0.03,1,0.0,0,0,0.00,0.00,0.00,0.00,,0.0,0,2,2545.00,AUTO,,AGGR+CHP+ADP+RUN-EXT+PW+DLK+SLC+TPE+NWS+,WAIT,55.0,10.26,0,-1,0.00,0.00,27563.75,27564.00,1,20232,19126,0,-8.3,61.00,-0.50,234.75,-60.00,468.75,R,1,UNKNOWN,SWEEP_BOOST,bull=False bear=True lookback=30
2026-04-30 14:57:07,2910,27558.75,27370.35,27568.07,27556.30,55.68,18.56,57.2,25.3,8.0,25.3,8.0,0.03,1,0.0,0,0,0.00,0.00,0.00,0.00,,0.0,0,2,2545.00,AUTO,,AGGR+CHP+ADP+RUN-EXT+PW+DLK+SLC+TPE+NWS+,WAIT,55.0,10.15,0,-1,0.00,0.00,27558.50,27559.00,2,20968,19908,0,-10.2,57.00,-4.50,230.75,-64.00,464.75,R,2,UNKNOWN,BRICK_CLOSE,src=primary color=R streak=2 o=27575.00 c=27559.00 hi=27575.00 lo=27559.00
2026-04-30 14:57:07,2910,27558.75,27370.35,27568.07,27556.30,55.68,18.56,57.2,11.2,8.0,11.2,8.0,0.03,1,0.0,0,0,0.00,0.00,0.00,0.00,,0.0,0,2,2545.00,AUTO,,AGGR+CHP+ADP+RUN-EXT+PW+DLK+SLC+TPE+NWS+,WAIT,55.0,10.15,0,-1,0.00,0.00,27558.50,27559.00,2,20968,19908,0,-10.2,57.00,-4.50,230.75,-64.00,464.75,R,2,UNKNOWN,SIGNAL,
2026-04-30 14:57:34,2911,27554.75,27370.48,27564.81,27555.85,53.64,18.36,53.6,11.2,8.0,11.2,8.0,0.03,1,0.0,0,0,0.00,0.00,0.00,0.00,,0.0,0,2,2545.00,AUTO,,AGGR+CHP+ADP+RUN-EXT+PW+DLK+SLC+TPE+NWS+,WAIT,55.0,10.04,0,-1,0.00,0.00,27555.00,27555.50,2,21336,20246,0,-12.7,53.00,-8.50,226.75,-68.00,460.75,R,3,UNKNOWN,BRICK_CLOSE,src=primary color=R streak=3 o=27571.00 c=27555.00 hi=27571.00 lo=27555.00
2026-04-30 14:57:34,2911,27554.75,27370.48,27564.81,27555.85,53.64,18.36,53.6,10.0,8.0,10.0,8.0,0.03,1,0.0,0,0,0.00,0.00,0.00,0.00,,0.0,0,2,2545.00,AUTO,,AGGR+CHP+ADP+RUN-EXT+PW+DLK+SLC+TPE+NWS+,WAIT,55.0,10.04,0,-1,0.00,0.00,27555.00,27555.50,2,21336,20246,0,-12.7,53.00,-8.50,226.75,-68.00,460.75,R,3,UNKNOWN,SIGNAL,
2026-04-30 14:58:19,2912,27550.75,27370.65,27561.40,27555.08,51.60,18.17,49.9,10.0,8.0,10.0,8.0,0.02,1,0.0,0,0,0.00,0.00,0.00,0.00,,0.0,0,2,2545.00,AUTO,,AGGR+CHP+ADP+RUN-EXT+PW+DLK+SLC+TPE+NWS+,WAIT,55.0,9.91,0,-1,0.00,0.00,27551.50,27552.00,2,21788,20762,0,-15.8,49.00,-12.50,222.75,-72.00,456.75,R,4,UNKNOWN,BRICK_CLOSE,src=primary color=R streak=4 o=27567.00 c=27551.00 hi=27567.00 lo=27551.00
2026-04-30 14:58:19,2912,27550.75,27370.65,27561.40,27555.08,51.60,18.17,49.9,10.0,8.0,10.0,8.0,0.02,1,0.0,0,0,0.00,0.00,0.00,0.00,,0.0,0,2,2545.00,AUTO,,AGGR+CHP+ADP+RUN-EXT+PW+DLK+SLC+TPE+NWS+,WAIT,55.0,9.91,0,-1,0.00,0.00,27551.50,27552.00,2,21788,20762,0,-15.8,49.00,-12.50,222.75,-72.00,456.75,R,4,UNKNOWN,SIGNAL,
2026-04-30 15:00:09,2913,27546.50,27371.13,27557.82,27553.99,49.44,18.01,45.9,10.0,8.0,10.0,8.0,0.02,1,0.0,0,0,0.00,0.00,0.00,0.00,,0.0,0,2,2545.00,AUTO,,AGGR+CHP+ADP+RUN-EXT+PW+DLK+SLC+TPE+NWS+,WAIT,55.0,9.73,0,-1,0.00,0.00,27546.50,27547.00,2,23212,22084,0,-17.1,44.75,-16.75,218.50,-76.25,452.50,R,5,UNKNOWN,BRICK_CLOSE,src=primary color=R streak=5 o=27563.00 c=27547.00 hi=27563.00 lo=27547.00
2026-04-30 15:00:09,2913,27546.50,27371.13,27557.82,27553.99,49.44,18.01,45.9,18.6,8.0,18.6,8.0,0.02,1,0.0,0,0,0.00,0.00,0.00,0.00,,0.0,0,2,2545.00,AUTO,,AGGR+CHP+ADP+RUN-EXT+PW+DLK+SLC+TPE+NWS+,WAIT,55.0,9.73,0,-1,0.00,0.00,27546.50,27547.00,2,23212,22084,0,-17.1,44.75,-16.75,218.50,-76.25,452.50,R,5,UNKNOWN,SIGNAL,
2026-04-30 15:00:14,2914,27542.75,27371.18,27554.24,27552.68,47.55,17.84,43.4,18.6,8.0,18.6,8.0,0.02,1,0.0,0,0,0.00,0.00,0.00,0.00,,0.0,0,2,2545.00,AUTO,,AGGR+CHP+ADP+RUN-EXT+PW+DLK+SLC+TPE+NWS+,WAIT,55.0,9.62,0,-1,0.00,0.00,27542.75,27543.50,3,23278,22316,0,-16.6,41.00,-20.50,214.75,-80.00,448.75,R,6,UNKNOWN,BRICK_CLOSE,src=primary color=R streak=6 o=27559.00 c=27543.00 hi=27559.00 lo=27543.00
2026-04-30 15:00:14,2914,27542.75,27371.18,27554.24,27552.68,47.55,17.84,43.4,13.0,8.0,13.0,8.0,0.02,1,0.0,0,0,0.00,0.00,0.00,0.00,,0.0,0,2,2545.00,AUTO,,AGGR+CHP+ADP+RUN-EXT+PW+DLK+SLC+TPE+NWS+,WAIT,55.0,9.62,0,-1,0.00,0.00,27542.75,27543.50,3,23278,22316,0,-16.6,41.00,-20.50,214.75,-80.00,448.75,R,6,UNKNOWN,SIGNAL,
2026-04-30 15:06:26,2915,27571.25,27372.78,27562.17,27556.70,60.03,18.55,41.6,13.0,8.0,13.0,8.0,0.03,1,0.0,0,0,0.00,0.00,0.00,0.00,,0.0,0,2,2545.00,AUTO,,AGGR+CHP+ADP+RUN-EXT+PW+DLK+SLC+TPE+NWS+,WAIT,55.0,10.70,0,-1,0.00,0.00,27571.00,27571.50,2,28074,26388,1,-15.1,69.50,8.00,243.25,-51.50,477.25,G,1,UNKNOWN,BRICK_CLOSE,src=primary color=G streak=1 o=27555.00 c=27571.00 hi=27571.00 lo=27542.00
2026-04-30 15:06:26,2915,27571.25,27372.78,27562.17,27556.70,60.03,18.55,41.6,13.0,8.0,13.0,8.0,0.03,1,0.0,0,0,0.00,0.00,0.00,0.00,,0.0,0,2,2545.00,AUTO,,AGGR+CHP+ADP+RUN-EXT+PW+DLK+SLC+TPE+NWS+,WAIT,55.0,10.70,0,-1,0.00,0.00,27571.00,27571.50,2,28074,26388,1,-15.1,69.50,8.00,243.25,-51.50,477.25,G,1,UNKNOWN,RUN_END,color=R len=6 pts=8.0 maxFav=36.0 durSec=625 startPx=27579.00 endPx=27571.00
2026-04-30 15:06:26,2915,27571.25,27372.78,27562.17,27556.70,60.03,18.55,41.6,13.0,8.0,13.0,8.0,0.03,1,0.0,0,0,0.00,0.00,0.00,0.00,,0.0,0,2,2545.00,AUTO,,AGGR+CHP+ADP+RUN-EXT+PW+DLK+SLC+TPE+NWS+,WAIT,55.0,10.70,0,-1,0.00,0.00,27571.00,27571.50,2,28074,26388,1,-15.1,69.50,8.00,243.25,-51.50,477.25,G,1,UNKNOWN,HEARTBEAT,tradesToday=8 openDca=0
2026-04-30 15:06:26,2915,27571.25,27372.78,27562.17,27556.70,60.03,18.55,41.6,93.5,8.0,93.5,8.0,0.03,1,0.0,0,0,0.00,0.00,0.00,0.00,,0.0,0,2,2545.00,AUTO,,AGGR+CHP+ADP+RUN-EXT+PW+DLK+SLC+TPE+NWS+,WAIT,55.0,10.70,0,-1,0.00,0.00,27571.00,27571.50,2,28074,26388,1,-15.1,69.50,8.00,243.25,-51.50,477.25,G,1,UNKNOWN,SIGNAL,
2026-04-30 15:06:26,2915,27571.25,27372.78,27562.17,27556.70,60.03,18.55,41.6,93.5,8.0,93.5,8.0,0.03,1,0.0,0,0,0.00,0.00,0.00,0.00,,0.0,0,2,2545.00,AUTO,,AGGR+CHP+ADP+RUN-EXT+PW+DLK+SLC+TPE+NWS+,BUY,55.0,10.70,0,-1,0.00,0.00,27571.00,27571.50,2,28074,26388,1,-15.1,69.50,8.00,243.25,-51.50,477.25,G,1,UNKNOWN,BLOCK_EXTENSION,dir=1 dist=198.5 atr=18.5 ratio=10.70 max=5.00 loose=False
2026-04-30 15:06:41,2916,27575.25,27372.88,27565.38,27558.70,61.42,18.35,40.1,93.5,8.0,93.5,8.0,0.03,1,0.0,0,0,0.00,0.00,0.00,0.00,,0.0,0,2,2545.00,AUTO,,AGGR+CHP+ADP+RUN-EXT+PW+DLK+SLC+TPE+NWS+,BUY,55.0,11.03,0,-1,0.00,0.00,27581.25,27583.25,8,28428,26568,1,-13.0,73.50,12.00,247.25,-47.50,481.25,G,2,UNKNOWN,BRICK_CLOSE,src=primary color=G streak=2 o=27559.00 c=27575.00 hi=27575.00 lo=27559.00
2026-04-30 15:06:41,2916,27575.25,27372.88,27565.38,27558.70,61.42,18.35,40.1,65.5,8.0,65.5,8.0,0.03,1,0.0,0,0,0.00,0.00,0.00,0.00,,0.0,0,2,2545.00,AUTO,,AGGR+CHP+ADP+RUN-EXT+PW+DLK+SLC+TPE+NWS+,BUY,55.0,11.03,0,-1,0.00,0.00,27581.25,27583.25,8,28428,26568,1,-13.0,73.50,12.00,247.25,-47.50,481.25,G,2,UNKNOWN,SIGNAL,
2026-04-30 15:06:41,2916,27575.25,27372.88,27565.38,27558.70,61.42,18.35,40.1,65.5,8.0,65.5,8.0,0.03,1,0.0,0,0,0.00,0.00,0.00,0.00,,0.0,0,2,2545.00,AUTO,,AGGR+CHP+ADP+RUN-EXT+PW+DLK+SLC+TPE+NWS+,BUY,55.0,11.03,0,-1,0.00,0.00,27581.25,27583.25,8,28428,26568,1,-13.0,73.50,12.00,247.25,-47.50,481.25,G,2,UNKNOWN,BLOCK_EXTENSION,dir=1 dist=202.4 atr=18.3 ratio=11.03 max=5.00 loose=False
2026-04-30 15:06:41,2917,27579.25,27372.93,27568.76,27560.87,62.82,18.16,39.1,65.5,8.0,65.5,8.0,0.04,1,0.0,0,0,0.00,0.00,0.00,0.00,,0.0,0,2,2545.00,AUTO,,AGGR+CHP+ADP+RUN-EXT+PW+DLK+SLC+TPE+NWS+,BUY,55.0,11.36,0,-1,0.00,0.00,27581.25,27583.25,8,28612,26654,1,-10.3,77.50,16.00,251.25,-43.50,485.25,G,3,UNKNOWN,BRICK_CLOSE,src=primary color=G streak=3 o=27563.00 c=27579.00 hi=27579.00 lo=27563.00
2026-04-30 15:06:41,2917,27579.25,27372.94,27568.76,27560.87,62.82,18.16,39.1,65.5,8.0,65.5,8.0,0.04,1,0.0,0,0,0.00,0.00,0.00,0.00,,0.0,0,2,2545.00,AUTO,,AGGR+CHP+ADP+RUN-EXT+PW+DLK+SLC+TPE+NWS+,BUY,55.0,11.36,0,-1,0.00,0.00,27581.25,27583.25,8,28612,26654,1,-10.3,77.50,16.00,251.25,-43.50,485.25,G,3,UNKNOWN,SIGNAL,
2026-04-30 15:06:41,2917,27579.25,27372.94,27568.76,27560.87,62.82,18.16,39.1,65.5,8.0,65.5,8.0,0.04,1,0.0,0,0,0.00,0.00,0.00,0.00,,0.0,0,2,2545.00,AUTO,,AGGR+CHP+ADP+RUN-EXT+PW+DLK+SLC+TPE+NWS+,BUY,55.0,11.36,0,-1,0.00,0.00,27581.25,27583.25,8,28612,26654,1,-10.3,77.50,16.00,251.25,-43.50,485.25,G,3,UNKNOWN,BLOCK_EXTENSION,dir=1 dist=206.3 atr=18.2 ratio=11.36 max=8.00 loose=True
2026-04-30 15:06:42,2918,27583.25,27372.95,27572.25,27563.22,64.21,17.99,38.5,65.5,8.0,65.5,8.0,0.04,1,0.0,0,0,0.00,0.00,0.00,0.00,,0.0,0,2,2545.00,AUTO,,AGGR+CHP+ADP+RUN-EXT+PW+DLK+SLC+TPE+NWS+,BUY,55.0,11.69,0,-1,0.00,0.00,27581.25,27583.25,8,28682,26670,1,-7.8,81.50,20.00,255.25,-39.50,489.25,G,4,UNKNOWN,BRICK_CLOSE,src=primary color=G streak=4 o=27567.00 c=27583.00 hi=27583.00 lo=27567.00
2026-04-30 15:06:42,2918,27583.25,27372.95,27572.25,27563.22,64.21,17.99,38.5,65.5,8.0,65.5,8.0,0.04,1,0.0,0,0,0.00,0.00,0.00,0.00,,0.0,0,2,2545.00,AUTO,,AGGR+CHP+ADP+RUN-EXT+PW+DLK+SLC+TPE+NWS+,BUY,55.0,11.69,0,-1,0.00,0.00,27581.25,27583.25,8,28682,26670,1,-7.8,81.50,20.00,255.25,-39.50,489.25,G,4,UNKNOWN,SIGNAL,
2026-04-30 15:06:42,2918,27583.25,27372.95,27572.25,27563.22,64.21,17.99,38.5,65.5,8.0,65.5,8.0,0.04,1,0.0,0,0,0.00,0.00,0.00,0.00,,0.0,0,2,2545.00,AUTO,,AGGR+CHP+ADP+RUN-EXT+PW+DLK+SLC+TPE+NWS+,BUY,55.0,11.69,0,-1,0.00,0.00,27581.25,27583.25,8,28682,26670,1,-7.8,81.50,20.00,255.25,-39.50,489.25,G,4,UNKNOWN,BLOCK_EXTENSION,dir=1 dist=210.3 atr=18.0 ratio=11.69 max=8.00 loose=True
2026-04-30 15:06:43,2919,27587.25,27373.03,27575.85,27565.71,65.60,17.83,38.2,65.5,8.0,65.5,8.0,0.04,1,0.0,0,0,0.00,0.00,0.00,0.00,,0.0,0,2,2545.00,AUTO,,AGGR+CHP+ADP+RUN-EXT+PW+DLK+SLC+TPE+NWS+,BUY,55.0,12.02,0,-1,0.00,0.00,27582.50,27583.50,4,28912,26830,1,-5.6,85.50,24.00,259.25,-35.50,493.25,G,5,UNKNOWN,BRICK_CLOSE,src=primary color=G streak=5 o=27571.00 c=27587.00 hi=27587.00 lo=27571.00
2026-04-30 15:06:43,2919,27587.25,27373.03,27575.85,27565.71,65.60,17.83,38.2,65.5,8.0,65.5,8.0,0.04,1,0.0,0,0,0.00,0.00,0.00,0.00,,0.0,0,2,2545.00,AUTO,,AGGR+CHP+ADP+RUN-EXT+PW+DLK+SLC+TPE+NWS+,BUY,55.0,12.02,0,-1,0.00,0.00,27582.50,27583.50,4,28912,26830,1,-5.6,85.50,24.00,259.25,-35.50,493.25,G,5,UNKNOWN,SIGNAL,
2026-04-30 15:06:43,2919,27587.25,27373.03,27575.85,27565.71,65.60,17.83,38.2,65.5,8.0,65.5,8.0,0.04,1,0.0,0,0,0.00,0.00,0.00,0.00,,0.0,0,2,2545.00,AUTO,,AGGR+CHP+ADP+RUN-EXT+PW+DLK+SLC+TPE+NWS+,BUY,55.0,12.02,0,-1,0.00,0.00,27582.50,27583.50,4,28912,26830,1,-5.6,85.50,24.00,259.25,-35.50,493.25,G,5,UNKNOWN,BLOCK_EXTENSION,dir=1 dist=214.2 atr=17.8 ratio=12.02 max=8.00 loose=True
2026-04-30 15:10:36,2920,27591.25,27374.37,27579.53,27568.34,66.98,18.14,38.2,65.5,8.0,65.5,8.0,0.26,1,0.0,0,0,0.00,0.00,0.00,0.00,,0.0,0,2,2545.00,AUTO,,AGGR+CHP+ADP+RUN-EXT+PW+DLK+SLC+TPE+NWS+,BUY,55.0,11.96,0,-1,0.00,0.00,27591.50,27592.25,3,832,492,1,-3.7,89.50,28.00,263.25,-31.50,497.25,G,6,UNKNOWN,BRICK_CLOSE,src=primary color=G streak=6 o=27575.00 c=27591.00 hi=27591.00 lo=27568.00
2026-04-30 15:10:36,2920,27591.25,27374.37,27579.53,27568.34,66.98,18.14,38.2,103.5,3.0,103.5,3.0,0.26,1,0.0,0,0,0.00,0.00,0.00,0.00,,0.0,0,2,2545.00,AUTO,,AGGR+CHP+ADP+RUN-EXT+PW+DLK+SLC+TPE+NWS+,BUY,55.0,11.96,0,-1,0.00,0.00,27591.50,27592.25,3,832,492,1,-3.7,89.50,4.00,263.25,-31.50,497.25,G,6,UNKNOWN,SIGNAL,
2026-04-30 15:10:36,2920,27591.25,27374.37,27579.53,27568.34,66.98,18.14,38.2,103.5,3.0,103.5,3.0,0.26,1,0.0,0,0,0.00,0.00,0.00,0.00,,0.0,0,2,2545.00,AUTO,,AGGR+CHP+ADP+RUN-EXT+PW+DLK+SLC+TPE+NWS+,BUY,55.0,11.96,0,-1,0.00,0.00,27591.50,27592.25,3,832,492,1,-3.7,89.50,4.00,263.25,-31.50,497.25,G,6,UNKNOWN,BLOCK_EXTENSION,dir=1 dist=216.9 atr=18.1 ratio=11.96 max=8.00 loose=True
2026-04-30 15:13:17,2921,27595.25,27375.25,27583.28,27571.10,68.35,17.97,38.5,103.5,3.0,103.5,3.0,0.08,1,0.0,0,0,0.00,0.00,0.00,0.00,,0.0,0,2,2545.00,AUTO,,AGGR+CHP+ADP+RUN-EXT+PW+DLK+SLC+TPE+NWS+,BUY,55.0,12.24,0,-1,0.00,0.00,27595.25,27595.75,2,3062,2602,1,-1.9,93.50,8.00,267.25,-27.50,501.25,G,7,UNKNOWN,BRICK_CLOSE,src=primary color=G streak=7 o=27579.00 c=27595.00 hi=27595.00 lo=27579.00
2026-04-30 15:13:17,2921,27595.25,27375.25,27583.28,27571.10,68.35,17.97,38.5,93.5,8.0,93.5,8.0,0.08,1,0.0,0,0,0.00,0.00,0.00,0.00,,0.0,0,2,2545.00,AUTO,,AGGR+CHP+ADP+RUN-EXT+PW+DLK+SLC+TPE+NWS+,BUY,55.0,12.24,0,-1,0.00,0.00,27595.25,27595.75,2,3062,2602,1,-1.9,93.50,8.00,267.25,-27.50,501.25,G,7,UNKNOWN,SIGNAL,
2026-04-30 15:13:17,2921,27595.25,27375.25,27583.28,27571.10,68.35,17.97,38.5,93.5,8.0,93.5,8.0,0.08,1,0.0,0,0,0.00,0.00,0.00,0.00,,0.0,0,2,2545.00,AUTO,,AGGR+CHP+ADP+RUN-EXT+PW+DLK+SLC+TPE+NWS+,BUY,55.0,12.24,0,-1,0.00,0.00,27595.25,27595.75,2,3062,2602,1,-1.9,93.50,8.00,267.25,-27.50,501.25,G,7,UNKNOWN,BLOCK_EXTENSION,dir=1 dist=220.0 atr=18.0 ratio=12.24 max=8.00 loose=True
2026-04-30 15:16:15,2922,27599.25,27376.06,27587.07,27573.97,69.70,17.81,39.0,93.5,8.0,93.5,8.0,0.08,1,0.0,0,0,0.00,0.00,0.00,0.00,,0.0,0,2,2545.00,AUTO,,AGGR+CHP+ADP+RUN-EXT+PW+DLK+SLC+TPE+NWS+,BUY,55.0,12.53,0,-1,0.00,0.00,27598.75,27599.25,2,5220,4440,1,-0.4,97.50,12.00,271.25,-23.50,505.25,G,8,UNKNOWN,BRICK_CLOSE,src=primary color=G streak=8 o=27583.00 c=27599.00 hi=27599.00 lo=27583.00
2026-04-30 15:16:15,2922,27599.25,27376.06,27587.07,27573.97,69.70,17.81,39.0,93.5,8.0,93.5,8.0,0.08,1,0.0,0,0,0.00,0.00,0.00,0.00,,0.0,0,2,2545.00,AUTO,,AGGR+CHP+ADP+RUN-EXT+PW+DLK+SLC+TPE+NWS+,BUY,55.0,12.53,0,-1,0.00,0.00,27598.75,27599.25,2,5220,4440,1,-0.4,97.50,12.00,271.25,-23.50,505.25,G,8,UNKNOWN,SIGNAL,
2026-04-30 15:16:15,2922,27599.25,27376.06,27587.07,27573.97,69.70,17.81,39.0,93.5,8.0,93.5,8.0,0.08,1,0.0,0,0,0.00,0.00,0.00,0.00,,0.0,0,2,2545.00,AUTO,,AGGR+CHP+ADP+RUN-EXT+PW+DLK+SLC+TPE+NWS+,BUY,55.0,12.53,0,-1,0.00,0.00,27598.75,27599.25,2,5220,4440,1,-0.4,97.50,12.00,271.25,-23.50,505.25,G,8,UNKNOWN,BLOCK_EXTENSION,dir=1 dist=223.2 atr=17.8 ratio=12.53 max=8.00 loose=True
2026-04-30 15:17:32,2923,27603.25,27376.49,27590.91,27576.94,71.03,17.66,39.8,93.5,8.0,93.5,8.0,0.08,1,0.0,0,0,0.00,0.00,0.00,0.00,,0.0,0,2,2545.00,AUTO,,AGGR+CHP+ADP+RUN-EXT+PW+DLK+SLC+TPE+NWS+,BUY,55.0,12.84,0,-1,0.00,0.00,27601.75,27602.00,1,6358,5366,1,1.0,101.50,16.00,275.25,-19.50,509.25,G,9,UNKNOWN,BRICK_CLOSE,src=primary color=G streak=9 o=27587.00 c=27603.00 hi=27603.00 lo=27587.00
2026-04-30 15:17:32,2923,27603.25,27376.49,27590.91,27576.94,71.03,17.66,39.8,93.5,8.0,93.5,8.0,0.08,1,0.0,0,0,0.00,0.00,0.00,0.00,,0.0,0,2,2545.00,AUTO,,AGGR+CHP+ADP+RUN-EXT+PW+DLK+SLC+TPE+NWS+,BUY,55.0,12.84,0,-1,0.00,0.00,27601.75,27602.00,1,6358,5366,1,1.0,101.50,16.00,275.25,-19.50,509.25,G,9,UNKNOWN,HEARTBEAT,tradesToday=8 openDca=0
2026-04-30 15:17:32,2923,27603.25,27376.49,27590.91,27576.94,71.03,17.66,39.8,93.5,8.0,93.5,8.0,0.08,1,0.0,0,0,0.00,0.00,0.00,0.00,,0.0,0,2,2545.00,AUTO,,AGGR+CHP+ADP+RUN-EXT+PW+DLK+SLC+TPE+NWS+,BUY,55.0,12.84,0,-1,0.00,0.00,27601.75,27602.00,1,6358,5366,1,1.0,101.50,16.00,275.25,-19.50,509.25,G,9,TREND_UP,REGIME_CHANGE,from=UNKNOWN to=TREND_UP adx=39.8 slope=0.97 atr/avg=0.95 eStack=1 distVwapAtr=12.84 nr=Gx9 flips4=0
2026-04-30 15:17:32,2923,27603.25,27376.49,27590.91,27576.94,71.03,17.66,39.8,65.5,8.0,65.5,8.0,0.08,1,0.0,0,0,0.00,0.00,0.00,0.00,,0.0,0,2,2545.00,AUTO,,AGGR+CHP+ADP+RUN-EXT+PW+DLK+SLC+TPE+NWS+,BUY,55.0,12.84,0,-1,0.00,0.00,27601.75,27602.00,1,6358,5366,1,1.0,101.50,16.00,275.25,-19.50,509.25,G,9,TREND_UP,SIGNAL,
2026-04-30 15:17:32,2923,27603.25,27376.49,27590.91,27576.94,71.03,17.66,39.8,65.5,8.0,65.5,8.0,0.08,1,0.0,0,0,0.00,0.00,0.00,0.00,,0.0,0,2,2545.00,AUTO,,AGGR+CHP+ADP+RUN-EXT+PW+DLK+SLC+TPE+NWS+,BUY,55.0,12.84,0,-1,0.00,0.00,27601.75,27602.00,1,6358,5366,1,1.0,101.50,16.00,275.25,-19.50,509.25,G,9,TREND_UP,TREND_CHASE_FIRE,dir=1 adx=39.8 streak=9 bull=65.5
2026-04-30 15:17:32,2923,27603.25,27376.49,27590.91,27576.94,71.03,17.66,39.8,65.5,8.0,65.5,8.0,0.08,1,0.0,1,1,0.00,0.00,0.00,0.00,,0.0,0,2,2545.00,AUTO,Momentum+VWAP,AGGR+CHP+ADP+RUN-EXT+PW+DLK+SLC+TPE+NWS+,BUY,55.0,12.84,0,-1,0.00,0.00,27601.75,27602.00,1,6358,5366,1,1.0,101.50,16.00,275.25,-19.50,509.25,G,9,TREND_UP,ENTRY_LONG,manual=F bull=65.5 bear=8.0 sig=1 htf=1 tape=0.08 emaXAgo=66 distVwap=226.8 atr=17.7 px=27603.25 sl=0.00 tp=0.00
2026-04-30 15:17:32,2923,27603.25,27376.49,27590.91,27576.94,71.03,17.66,39.8,65.5,8.0,65.5,8.0,0.08,1,0.0,1,1,27602.25,27584.25,28102.25,0.00,,0.0,0,2,2545.00,AUTO,Momentum+VWAP,AGGR+CHP+ADP+RUN-EXT+PW+DLK+SLC+TPE+NWS+,BUY,55.0,12.84,0,-1,1.00,0.00,27601.75,27602.00,1,6360,5366,1,1.0,101.50,16.00,275.25,-19.50,509.25,G,9,TREND_UP,CLAMP_SKIP,adx=39.8 thr=28.0
2026-04-30 15:17:32,2923,27603.25,27376.49,27590.91,27576.94,71.03,17.66,39.8,65.5,8.0,65.5,8.0,0.08,1,0.0,1,1,27602.25,27584.25,28102.25,0.00,,0.0,0,2,2545.00,AUTO,Momentum+VWAP,AGGR+CHP+ADP+RUN-EXT+PW+DLK+SLC+TPE+NWS+,BUY,55.0,12.84,0,-1,1.00,0.00,27601.75,27602.00,1,6360,5366,1,1.0,101.50,16.00,275.25,-19.50,509.25,G,9,TREND_UP,STOPS_ARMED,dir=1 entry=27602.25 sl=27584.25 tp=28102.25 slPt=18 tpPt=50 RUNNER
2026-04-30 15:25:38,2924,27607.25,27378.23,27594.78,27580.01,72.34,17.79,40.7,65.5,8.0,65.5,8.0,0.06,1,0.0,1,1,27602.25,27584.25,28102.25,27602.25,BrickMode*DORMANT,0.0,0,2,2545.00,AUTO,Momentum+VWAP,AGGR+CHP+ADP+RUN-EXT+PW+DLK+SLC+TPE+NWS+,BUY,55.0,12.88,0,-1,5.00,4.00,27606.25,27606.75,2,10676,9466,1,2.2,105.50,20.00,279.25,-15.50,513.25,G,10,TREND_UP,BRICK_CLOSE,src=primary color=G streak=10 o=27591.00 c=27607.00 hi=27607.00 lo=27587.00
2026-04-30 15:30:43,2924,27585.00,27379.46,27590.33,27577.98,57.02,18.63,40.2,65.5,8.0,65.5,8.0,0.05,1,0.0,1,0,27602.25,27584.25,28102.25,27602.25,BrickMode*DORMANT,0.0,1,0,2170.00,AUTO,Momentum+VWAP,AGGR+CHP+ADP+RUN-EXT+PW+DLK+SLC+TPE+NWS+,BUY,55.0,11.03,0,-1,-17.25,4.00,27583.50,27584.00,2,13764,12568,0,1.7,83.25,-2.25,257.00,-37.75,491.00,G,10,TREND_UP,EXIT_LOSS_SL,pnl=-375.00 consec=1
2026-04-30 15:30:43,2924,27585.00,27379.46,27590.33,27577.98,57.02,18.63,40.2,65.5,8.0,65.5,8.0,0.05,1,0.0,1,0,27602.25,27584.25,28102.25,27602.25,BrickMode*DORMANT,0.0,1,0,2170.00,AUTO,Momentum+VWAP,AGGR+CHP+ADP+RUN-EXT+PW+DLK+SLC+TPE+NWS+,BUY,55.0,11.03,0,-1,-17.25,4.00,27583.50,27584.00,2,13764,12568,0,1.7,83.25,-2.25,257.00,-37.75,491.00,G,10,TREND_UP,REGIME_PNL,regime=TREND_UP tradePnl=-375.00 regTotal=410.00 thresh=-200
2026-04-30 15:43:16,2925,27611.25,27382.45,27598.67,27583.16,73.63,18.50,39.7,0.0,0.0,0.0,0.0,0.05,1,0.0,0,0,0.00,0.00,0.00,0.00,,0.0,1,0,2170.00,AUTO,,AGGR+CHP+ADP+RUN-EXT+PW+DLK+SLC+TPE+NWS+,BUY,55.0,12.37,0,-1,0.00,0.00,27609.75,27610.25,2,21440,19472,1,1.2,109.50,24.00,283.25,-11.50,517.25,G,11,TREND_UP,BRICK_CLOSE,src=primary color=G streak=11 o=27595.00 c=27611.00 hi=27611.00 lo=27582.00
2026-04-30 15:43:16,2925,27611.25,27382.45,27598.67,27583.16,73.63,18.50,39.7,0.0,0.0,0.0,0.0,0.05,1,0.0,0,0,0.00,0.00,0.00,0.00,,0.0,1,0,2170.00,AUTO,,AGGR+CHP+ADP+RUN-EXT+PW+DLK+SLC+TPE+NWS+,BUY,55.0,12.37,0,-1,0.00,0.00,27609.75,27610.25,2,21440,19472,1,1.2,109.50,24.00,283.25,-11.50,517.25,G,11,TREND_UP,HEARTBEAT,tradesToday=9 openDca=0
2026-04-30 15:43:16,2925,27611.25,27382.45,27598.67,27583.16,73.63,18.50,39.7,107.5,8.0,107.5,8.0,0.05,1,0.0,0,0,0.00,0.00,0.00,0.00,,0.0,1,0,2170.00,AUTO,,AGGR+CHP+ADP+RUN-EXT+PW+DLK+SLC+TPE+NWS+,BUY,55.0,12.37,0,-1,0.00,0.00,27609.75,27610.25,2,21440,19472,1,1.2,109.50,24.00,283.25,-11.50,517.25,G,11,TREND_UP,SIGNAL,
2026-04-30 15:43:16,2925,27611.25,27382.45,27598.67,27583.16,73.63,18.50,39.7,107.5,8.0,107.5,8.0,0.05,1,0.0,0,0,0.00,0.00,0.00,0.00,,0.0,1,0,2170.00,AUTO,,AGGR+CHP+ADP+RUN-EXT+PW+DLK+SLC+TPE+NWS+,BUY,55.0,12.37,0,-1,0.00,0.00,27609.75,27610.25,2,21440,19472,1,1.2,109.50,24.00,283.25,-11.50,517.25,G,11,TREND_UP,TREND_CHASE_FIRE,dir=1 adx=39.7 streak=11 bull=107.5
2026-04-30 15:43:16,2925,27611.25,27382.45,27598.67,27583.16,73.63,18.50,39.7,107.5,8.0,107.5,8.0,0.05,1,0.0,1,1,0.00,0.00,0.00,0.00,,0.0,1,0,2170.00,AUTO,Momentum+VWAP,AGGR+CHP+ADP+RUN-EXT+PW+DLK+SLC+TPE+NWS+,BUY,55.0,12.37,0,-1,0.00,0.00,27609.75,27610.25,2,21440,19472,1,1.2,109.50,24.00,283.25,-11.50,517.25,G,11,TREND_UP,ENTRY_LONG,manual=F bull=107.5 bear=8.0 sig=1 htf=1 tape=0.05 emaXAgo=68 distVwap=228.8 atr=18.5 px=27611.25 sl=0.00 tp=0.00
2026-04-30 15:43:16,2925,27611.25,27382.45,27598.67,27583.16,73.63,18.50,39.7,107.5,8.0,107.5,8.0,0.05,1,0.0,1,1,27610.50,27592.50,28110.50,0.00,,0.0,1,0,2170.00,AUTO,Momentum+VWAP,AGGR+CHP+ADP+RUN-EXT+PW+DLK+SLC+TPE+NWS+,BUY,55.0,12.37,0,-1,0.75,0.00,27609.75,27610.25,2,21442,19472,1,1.2,109.50,24.00,283.25,-11.50,517.25,G,11,TREND_UP,CLAMP_SKIP,adx=39.7 thr=28.0
2026-04-30 15:43:16,2925,27611.25,27382.45,27598.67,27583.16,73.63,18.50,39.7,107.5,8.0,107.5,8.0,0.05,1,0.0,1,1,27610.50,27592.50,28110.50,0.00,,0.0,1,0,2170.00,AUTO,Momentum+VWAP,AGGR+CHP+ADP+RUN-EXT+PW+DLK+SLC+TPE+NWS+,BUY,55.0,12.37,0,-1,0.75,0.00,27609.75,27610.25,2,21442,19472,1,1.2,109.50,24.00,283.25,-11.50,517.25,G,11,TREND_UP,STOPS_ARMED,dir=1 entry=27610.50 sl=27592.50 tp=28110.50 slPt=18 tpPt=50 RUNNER
2026-04-30 15:44:14,2926,27615.25,27382.75,27602.59,27586.38,74.89,18.30,40.1,107.5,8.0,107.5,8.0,0.05,1,0.0,1,1,27610.50,27592.50,28110.50,27610.75,BrickMode*DORMANT,0.0,1,0,2170.00,AUTO,Momentum+VWAP,AGGR+CHP+ADP+RUN-EXT+PW+DLK+SLC+TPE+NWS+,BUY,55.0,12.70,0,-1,4.75,4.25,27614.75,27615.25,2,22210,20170,1,1.3,113.50,28.00,287.25,-7.50,521.25,G,12,TREND_UP,BRICK_CLOSE,src=primary color=G streak=12 o=27599.00 c=27615.00 hi=27615.00 lo=27599.00
2026-04-30 15:44:15,2927,27619.25,27382.80,27606.52,27589.68,76.11,18.12,40.7,107.5,8.0,107.5,8.0,0.05,1,0.0,1,1,27610.50,27592.50,28110.50,27613.50,BrickMode*DORMANT,0.0,1,0,2170.00,AUTO,Momentum+VWAP,AGGR+CHP+ADP+RUN-EXT+PW+DLK+SLC+TPE+NWS+,BUY,55.0,13.05,0,-1,8.75,7.00,27617.50,27617.75,1,22428,20188,1,1.4,117.50,32.00,291.25,-3.50,525.25,G,13,TREND_UP,BRICK_CLOSE,src=primary color=G streak=13 o=27603.00 c=27619.00 hi=27619.00 lo=27603.00
2026-04-30 15:45:27,2927,27616.00,27383.16,27605.87,27589.39,73.15,18.16,40.7,107.5,8.0,107.5,8.0,0.05,1,0.0,1,1,27610.50,27592.50,28110.50,27615.25,BrickMode*DORMANT,0.0,1,0,2170.00,AUTO,Momentum+VWAP,AGGR+CHP+ADP+RUN-EXT+PW+DLK+SLC+TPE+NWS+,BUY,55.0,12.82,0,-1,5.50,8.75,27614.50,27615.00,2,23316,21002,1,1.4,114.25,28.75,288.00,-6.75,522.00,G,13,TREND_UP,BRICK_TRAIL_HIT,reason=px_stop peak=8.8pt cur=4.0pt retrace=4.8pt effRetraceMin=3.9pt trail=27615.25 px=27614.50 adxSlope=1.42 streak=13 effPct=50
2026-04-30 15:45:27,2927,27616.00,27383.16,27605.87,27589.39,73.15,18.16,40.7,107.5,8.0,107.5,8.0,0.05,1,0.0,1,0,27610.50,27592.50,28110.50,27615.25,BrickMode*DORMANT,0.0,0,1,2250.00,AUTO,Momentum+VWAP,AGGR+CHP+ADP+RUN-EXT+PW+DLK+SLC+TPE+NWS+,BUY,55.0,12.82,0,-1,5.50,8.75,27614.50,27615.00,2,23316,21002,1,1.4,114.25,28.75,288.00,-6.75,522.00,G,13,TREND_UP,CAP_REFUND,pnl=80.00 thr=25.00 tradesToday=9/20
2026-04-30 15:45:27,2927,27616.00,27383.16,27605.87,27589.39,73.15,18.16,40.7,107.5,8.0,107.5,8.0,0.05,1,0.0,1,0,27610.50,27592.50,28110.50,27615.25,BrickMode*DORMANT,0.0,0,1,2250.00,AUTO,Momentum+VWAP,AGGR+CHP+ADP+RUN-EXT+PW+DLK+SLC+TPE+NWS+,BUY,55.0,12.82,0,-1,5.50,8.75,27614.50,27615.00,2,23316,21002,1,1.4,114.25,28.75,288.00,-6.75,522.00,G,13,TREND_UP,BRICK_REENTRY_ARMED,dir=1 reason=TRAIL_BrickTrail_PxStop exitPx=27616.00 windowSec=90 minStreak=3
2026-04-30 15:45:27,2927,27616.00,27383.16,27605.87,27589.39,73.15,18.16,40.7,107.5,8.0,107.5,8.0,0.05,1,0.0,1,0,27610.50,27592.50,28110.50,27615.25,BrickMode*DORMANT,0.0,0,1,2250.00,AUTO,Momentum+VWAP,AGGR+CHP+ADP+RUN-EXT+PW+DLK+SLC+TPE+NWS+,BUY,55.0,12.82,0,-1,5.50,8.75,27614.50,27615.00,2,23316,21002,1,1.4,114.25,28.75,288.00,-6.75,522.00,G,13,TREND_UP,EXIT_WIN_TRAIL_BrickTrail_PxStop,pnl=80.00 consec=1
2026-04-30 15:45:27,2927,27616.00,27383.16,27605.87,27589.39,73.15,18.16,40.7,107.5,8.0,107.5,8.0,0.05,1,0.0,1,0,27610.50,27592.50,28110.50,27615.25,BrickMode*DORMANT,0.0,0,1,2250.00,AUTO,Momentum+VWAP,AGGR+CHP+ADP+RUN-EXT+PW+DLK+SLC+TPE+NWS+,BUY,55.0,12.82,0,-1,5.50,8.75,27614.50,27615.00,2,23316,21002,1,1.4,114.25,28.75,288.00,-6.75,522.00,G,13,TREND_UP,REGIME_PNL,regime=TREND_UP tradePnl=80.00 regTotal=490.00 thresh=-200
2026-04-30 15:50:34,2928,27590.75,27385.14,27598.85,27587.44,55.47,18.95,37.6,0.0,0.0,0.0,0.0,-0.01,1,0.0,0,0,0.00,0.00,0.00,0.00,,0.0,0,1,2250.00,AUTO,,AGGR+CHP+ADP+RUN-EXT+PW+DLK+SLC+TPE+NWS+,BUY,55.0,10.85,0,-1,0.00,0.00,27590.75,27591.25,2,4136,4244,0,-2.4,89.00,3.50,262.75,-32.00,496.75,R,1,TREND_UP,BRICK_CLOSE,src=primary color=R streak=1 o=27607.00 c=27591.00 hi=27622.00 lo=27591.00
2026-04-30 15:50:34,2928,27590.75,27385.14,27598.85,27587.44,55.47,18.95,37.6,0.0,0.0,0.0,0.0,-0.01,1,0.0,0,0,0.00,0.00,0.00,0.00,,0.0,0,1,2250.00,AUTO,,AGGR+CHP+ADP+RUN-EXT+PW+DLK+SLC+TPE+NWS+,BUY,55.0,10.85,0,-1,0.00,0.00,27590.75,27591.25,2,4136,4244,0,-2.4,89.00,3.50,262.75,-32.00,496.75,R,1,TREND_UP,BRICK_REENTRY_DISARM,why=window_expired
2026-04-30 15:50:34,2928,27590.75,27385.14,27598.85,27587.44,55.47,18.95,37.6,0.0,0.0,0.0,0.0,-0.01,1,0.0,0,0,0.00,0.00,0.00,0.00,,0.0,0,1,2250.00,AUTO,,AGGR+CHP+ADP+RUN-EXT+PW+DLK+SLC+TPE+NWS+,BUY,55.0,10.85,0,-1,0.00,0.00,27590.75,27591.25,2,4136,4244,0,-2.4,89.00,3.50,262.75,-32.00,496.75,R,1,TREND_UP,RUN_END,color=G len=13 pts=36.0 maxFav=64.0 durSec=2649 startPx=27555.00 endPx=27591.00
2026-04-30 15:50:34,2928,27590.75,27385.14,27598.85,27587.44,55.47,18.95,37.6,0.0,0.0,0.0,0.0,-0.01,1,0.0,0,0,0.00,0.00,0.00,0.00,,0.0,0,1,2250.00,AUTO,,AGGR+CHP+ADP+RUN-EXT+PW+DLK+SLC+TPE+NWS+,BUY,55.0,10.85,0,-1,0.00,0.00,27590.75,27591.25,2,4136,4244,0,-2.4,89.00,3.50,262.75,-32.00,496.75,R,1,UNKNOWN,REGIME_CHANGE,from=TREND_UP to=UNKNOWN adx=37.6 slope=-2.40 atr/avg=1.02 eStack=0 distVwapAtr=10.85 nr=Rx1 flips4=1
2026-04-30 15:50:34,2928,27590.75,27385.14,27598.85,27587.44,55.47,18.95,37.6,21.8,8.0,21.8,8.0,-0.01,1,0.0,0,0,0.00,0.00,0.00,0.00,,0.0,0,1,2250.00,AUTO,,AGGR+CHP+ADP+RUN-EXT+PW+DLK+SLC+TPE+NWS+,BUY,55.0,10.85,0,-1,0.00,0.00,27590.75,27591.25,2,4136,4244,0,-2.4,89.00,3.50,262.75,-32.00,496.75,R,1,UNKNOWN,SIGNAL,
2026-04-30 15:50:34,2928,27590.75,27385.14,27598.85,27587.44,55.47,18.95,37.6,21.8,8.0,21.8,8.0,-0.01,1,0.0,0,0,0.00,0.00,0.00,0.00,,0.0,0,1,2250.00,AUTO,,AGGR+CHP+ADP+RUN-EXT+PW+DLK+SLC+TPE+NWS+,WAIT,55.0,10.85,0,-1,0.00,0.00,27590.75,27591.25,2,4136,4244,0,-2.4,89.00,3.50,262.75,-32.00,496.75,R,1,UNKNOWN,BLOCK_AUTO,reason=tooSoon consecLoss=0 barsSinceExit=1 barsSinceLoss=4
2026-04-30 15:51:52,2929,27586.75,27385.74,27595.83,27587.07,53.26,18.72,35.4,21.8,8.0,21.8,8.0,-0.03,1,0.0,0,0,0.00,0.00,0.00,0.00,,0.0,0,1,2250.00,AUTO,,AGGR+CHP+ADP+RUN-EXT+PW+DLK+SLC+TPE+NWS+,WAIT,55.0,10.74,0,-1,0.00,0.00,27586.25,27586.75,2,5654,5966,0,-4.4,85.00,-0.50,258.75,-36.00,492.75,R,2,UNKNOWN,BRICK_CLOSE,src=primary color=R streak=2 o=27603.00 c=27587.00 hi=27603.00 lo=27587.00
2026-04-30 15:51:52,2929,27586.75,27385.74,27595.83,27587.07,53.26,18.72,35.4,16.1,8.0,16.1,8.0,-0.03,1,0.0,0,0,0.00,0.00,0.00,0.00,,0.0,0,1,2250.00,AUTO,,AGGR+CHP+ADP+RUN-EXT+PW+DLK+SLC+TPE+NWS+,WAIT,55.0,10.74,0,-1,0.00,0.00,27586.25,27586.75,2,5654,5966,0,-4.4,85.00,-0.50,258.75,-36.00,492.75,R,2,UNKNOWN,SIGNAL,
2026-04-30 15:51:52,2929,27586.75,27385.74,27595.83,27587.07,53.26,18.72,35.4,16.1,8.0,16.1,8.0,-0.03,1,0.0,0,0,0.00,0.00,0.00,0.00,,0.0,0,1,2250.00,AUTO,,AGGR+CHP+ADP+RUN-EXT+PW+DLK+SLC+TPE+NWS+,WAIT,55.0,10.74,0,-1,0.00,0.00,27586.25,27586.75,2,5654,5966,0,-4.4,85.00,-0.50,258.75,-36.00,492.75,R,2,UNKNOWN,BLOCK_AUTO,reason=tooSoon consecLoss=0 barsSinceExit=2 barsSinceLoss=5
2026-04-30 15:52:00,2930,27582.75,27385.88,27592.61,27586.37,51.07,18.50,33.0,16.1,8.0,16.1,8.0,-0.05,1,0.0,0,0,0.00,0.00,0.00,0.00,,0.0,0,1,2250.00,AUTO,,AGGR+CHP+ADP+RUN-EXT+PW+DLK+SLC+TPE+NWS+,WAIT,55.0,10.64,0,-1,0.00,0.00,27580.25,27580.75,2,5856,6502,0,-7.0,81.00,-4.50,254.75,-40.00,488.75,R,3,UNKNOWN,BRICK_CLOSE,src=primary color=R streak=3 o=27599.00 c=27583.00 hi=27599.00 lo=27583.00
2026-04-30 15:52:00,2930,27582.75,27385.88,27592.61,27586.37,51.07,18.50,33.0,10.0,8.0,10.0,8.0,-0.05,1,0.0,0,0,0.00,0.00,0.00,0.00,,0.0,0,1,2250.00,AUTO,,AGGR+CHP+ADP+RUN-EXT+PW+DLK+SLC+TPE+NWS+,WAIT,55.0,10.64,0,-1,0.00,0.00,27580.25,27580.75,2,5856,6502,0,-7.0,81.00,-4.50,254.75,-40.00,488.75,R,3,UNKNOWN,SIGNAL,
2026-04-30 15:52:00,2930,27582.75,27385.88,27592.61,27586.37,51.07,18.50,33.0,10.0,8.0,10.0,8.0,-0.05,1,0.0,0,0,0.00,0.00,0.00,0.00,,0.0,0,1,2250.00,AUTO,,AGGR+CHP+ADP+RUN-EXT+PW+DLK+SLC+TPE+NWS+,WAIT,55.0,10.64,0,-1,0.00,0.00,27580.25,27580.75,2,5856,6502,0,-7.0,81.00,-4.50,254.75,-40.00,488.75,R,3,UNKNOWN,BLOCK_AUTO,reason=tooSoon consecLoss=0 barsSinceExit=3 barsSinceLoss=6
2026-04-30 15:52:12,2931,27578.75,27386.05,27589.24,27585.37,48.91,18.30,30.3,10.0,8.0,10.0,8.0,-0.06,1,0.0,0,0,0.00,0.00,0.00,0.00,,0.0,0,1,2250.00,AUTO,,AGGR+CHP+ADP+RUN-EXT+PW+DLK+SLC+TPE+NWS+,WAIT,55.0,10.53,0,-1,0.00,0.00,27578.00,27578.50,2,6284,7068,0,-10.1,77.00,-8.50,250.75,-44.00,484.75,R,4,UNKNOWN,BRICK_CLOSE,src=primary color=R streak=4 o=27595.00 c=27579.00 hi=27595.00 lo=27579.00
2026-04-30 15:52:12,2931,27578.75,27386.05,27589.24,27585.37,48.91,18.30,30.3,10.0,8.0,10.0,8.0,-0.06,1,0.0,0,0,0.00,0.00,0.00,0.00,,0.0,0,1,2250.00,AUTO,,AGGR+CHP+ADP+RUN-EXT+PW+DLK+SLC+TPE+NWS+,WAIT,55.0,10.53,0,-1,0.00,0.00,27578.00,27578.50,2,6284,7068,0,-10.1,77.00,-8.50,250.75,-44.00,484.75,R,4,UNKNOWN,SIGNAL,
2026-04-30 15:52:27,2932,27574.75,27386.22,27585.74,27584.09,46.78,18.12,28.8,10.0,8.0,10.0,8.0,-0.05,1,0.0,0,0,0.00,0.00,0.00,0.00,,0.0,0,1,2250.00,AUTO,,AGGR+CHP+ADP+RUN-EXT+PW+DLK+SLC+TPE+NWS+,WAIT,55.0,10.40,0,-1,0.00,0.00,27574.25,27574.75,2,6786,7550,0,-10.1,73.00,-12.50,246.75,-48.00,480.75,R,5,UNKNOWN,BRICK_CLOSE,src=primary color=R streak=5 o=27591.00 c=27575.00 hi=27591.00 lo=27575.00
2026-04-30 15:52:27,2932,27574.75,27386.23,27585.74,27584.09,46.78,18.12,28.8,13.1,8.0,13.1,8.0,-0.05,1,0.0,0,0,0.00,0.00,0.00,0.00,,0.0,0,1,2250.00,AUTO,,AGGR+CHP+ADP+RUN-EXT+PW+DLK+SLC+TPE+NWS+,WAIT,55.0,10.40,0,-1,0.00,0.00,27574.25,27574.75,2,6786,7550,0,-10.1,73.00,-12.50,246.75,-48.00,480.75,R,5,UNKNOWN,SIGNAL,
2026-04-30 15:54:20,2933,27603.25,27387.41,27593.76,27588.17,60.13,18.93,28.0,13.1,8.0,13.1,8.0,-0.02,1,0.0,0,0,0.00,0.00,0.00,0.00,,0.0,0,1,2250.00,AUTO,,AGGR+CHP+ADP+RUN-EXT+PW+DLK+SLC+TPE+NWS+,WAIT,55.0,11.40,0,-1,0.00,0.00,27601.75,27602.25,2,10150,10658,1,-9.1,101.50,16.00,275.25,-19.50,509.25,G,1,UNKNOWN,BRICK_CLOSE,src=primary color=G streak=1 o=27587.00 c=27603.00 hi=27603.00 lo=27572.25
2026-04-30 15:54:20,2933,27603.25,27387.41,27593.76,27588.17,60.13,18.93,28.0,13.1,8.0,13.1,8.0,-0.02,1,0.0,0,0,0.00,0.00,0.00,0.00,,0.0,0,1,2250.00,AUTO,,AGGR+CHP+ADP+RUN-EXT+PW+DLK+SLC+TPE+NWS+,WAIT,55.0,11.40,0,-1,0.00,0.00,27601.75,27602.25,2,10150,10658,1,-9.1,101.50,16.00,275.25,-19.50,509.25,G,1,UNKNOWN,RUN_END,color=R len=5 pts=4.0 maxFav=32.0 durSec=225 startPx=27607.00 endPx=27603.00
2026-04-30 15:54:20,2933,27603.25,27387.41,27593.76,27588.17,60.13,18.93,28.0,13.1,8.0,13.1,8.0,-0.02,1,0.0,0,0,0.00,0.00,0.00,0.00,,0.0,0,1,2250.00,AUTO,,AGGR+CHP+ADP+RUN-EXT+PW+DLK+SLC+TPE+NWS+,WAIT,55.0,11.40,0,-1,0.00,0.00,27601.75,27602.25,2,10150,10658,1,-9.1,101.50,16.00,275.25,-19.50,509.25,G,1,UNKNOWN,HEARTBEAT,tradesToday=9 openDca=0
2026-04-30 15:54:20,2933,27603.25,27387.41,27593.76,27588.17,60.13,18.93,28.0,93.5,8.0,93.5,8.0,-0.02,1,0.0,0,0,0.00,0.00,0.00,0.00,,0.0,0,1,2250.00,AUTO,,AGGR+CHP+ADP+RUN-EXT+PW+DLK+SLC+TPE+NWS+,WAIT,55.0,11.40,0,-1,0.00,0.00,27601.75,27602.25,2,10150,10658,1,-9.1,101.50,16.00,275.25,-19.50,509.25,G,1,UNKNOWN,SIGNAL,
2026-04-30 15:54:20,2933,27603.25,27387.41,27593.76,27588.17,60.13,18.93,28.0,93.5,8.0,93.5,8.0,-0.02,1,0.0,0,0,0.00,0.00,0.00,0.00,,0.0,0,1,2250.00,AUTO,,AGGR+CHP+ADP+RUN-EXT+PW+DLK+SLC+TPE+NWS+,BUY,55.0,11.40,0,-1,0.00,0.00,27601.75,27602.25,2,10150,10658,1,-9.1,101.50,16.00,275.25,-19.50,509.25,G,1,UNKNOWN,BLOCK_EXTENSION,dir=1 dist=215.8 atr=18.9 ratio=11.40 max=5.00 loose=False
